"","baseMean","log2FoldChange","lfcSE","stat","pvalue","padj"
"Os05g0111300",979.104312737037,5.11047556576354,0.348129210047748,14.6798240948026,8.68153751884595e-49,1.92217922204768e-44
"Os11g0127800",1124.16409200854,2.17813793439163,0.214827338950255,10.1390165005767,3.70813984290569e-24,2.73673080872583e-20
"Os06g0642500",788.747619089756,1.64003897297463,0.1627826533476,10.0750229784777,7.124413900805e-24,3.94354120444309e-20
"Os12g0124000",1458.46193235613,2.01622266064808,0.206547750400997,9.76153289848826,1.64647475435831e-22,7.29091950724949e-19
"Os12g0267900",756.022738879742,2.48887568645531,0.270447280143548,9.20281278160485,3.48700099579146e-20,1.28676148413031e-16
"Os11g0182900",278.308572828944,4.75221011669272,0.519867067641009,9.14120245826829,6.17617216167124e-20,1.95352325473661e-16
"Os08g0109400",2502.39031282016,1.44052459555177,0.166056851426868,8.67488804691798,4.13957518846104e-18,1.14567917809645e-14
"Os12g0406000",1944.94601541575,1.25407717848996,0.147921771701877,8.4779756493009,2.29145910175382e-17,5.07351959719313e-14
"Os09g0403300",234.46431753293,4.26933118933298,0.503534964865139,8.4787184351268,2.27687947623055e-17,5.07351959719313e-14
"Os02g0530100",1150.36592216373,2.42414941781647,0.29448032879785,8.23195704688498,1.84179301303049e-16,2.91279565010772e-13
"Os03g0787200",135.582754438403,1.95514347699312,0.241429866344477,8.09818398442668,5.57856576761419e-16,7.32300539472451e-13
"Os05g0589700",195.092129484261,2.70910670399916,0.334572193083445,8.09722612937977,5.62264991239405e-16,7.32300539472451e-13
"Os04g0532400",695.806052919646,1.86425130977095,0.230484046106427,8.08841801098079,6.04446537311675e-16,7.43502821256545e-13
"Os12g0169600",1093.23472140032,1.57254534110782,0.195040365186605,8.06266610300535,7.46482128666177e-16,8.69887411094622e-13
"Os07g0209100",820.434678740476,2.35475348112064,0.294023641663317,8.00872157014174,1.15906986792493e-15,1.16649845207845e-12
"Os04g0191400",1347.30655685043,1.0542818042622,0.1367930419457,7.70713034278961,1.28678359924911e-14,1.0957952181144e-11
"Os02g0197600",1100.16315419062,2.26132126847675,0.293592156236496,7.70225368914556,1.33687140125913e-14,1.09628406278809e-11
"Os01g0117300",445.680311750887,3.77427047720585,0.492153093768326,7.66889515680365,1.7348416412171e-14,1.37182602779242e-11
"Os06g0699500",1003.70475523611,1.22286385257452,0.160509067873086,7.61865898779898,2.56324639192257e-14,1.95699442632957e-11
"Os11g0707000",129864.958934002,1.2185039589595,0.161984896027534,7.52233071626861,5.38082644741486e-14,3.84312510878104e-11
"Os08g0499300",1715.0882419122,1.53633212348238,0.206286344939888,7.44757062776048,9.50746546503205e-14,6.37893311700832e-11
"Os01g0881300",1269.8993304754,2.63890629155805,0.357076771826258,7.39030511019086,1.46492270891453e-13,9.26710105659329e-11
"Os01g0974200",885.600092924475,1.16297809363403,0.157944741069949,7.36319605044011,1.79558359526822e-13,1.10433378841205e-10
"Os02g0762100",1777.53814559962,1.10764983108183,0.150865696640224,7.34195947620413,2.10489134122288e-13,1.2595783563788e-10
"Os09g0491820",2736.55030364069,1.47936641650554,0.20167313459228,7.33546597317664,2.20951373656193e-13,1.28739062213731e-10
"Os01g0286600",1795.99081055563,1.07722142609186,0.147640966310149,7.2962230809906,2.95958051147689e-13,1.68020697704128e-10
"Os10g0209700",812.759460255995,2.01747047441496,0.277660962364369,7.2659492974294,3.70427521077675e-13,2.00039896199532e-10
"Os01g0117266",94.5397821568522,3.92201093403809,0.541977391215667,7.23648439511642,4.60464618832768e-13,2.42741598228007e-10
"Os07g0518500",160.792211290999,2.17209696133512,0.303424088645558,7.15861740256369,8.14947788222325e-13,4.19622301837919e-10
"Os02g0704000",547.640254130136,1.89365640822359,0.26529643292599,7.13788869054214,9.47753265292683e-13,4.76913751064666e-10
"Os04g0191500",1105.83959312991,1.50230917132631,0.210650500245655,7.13176170754094,9.90923229114385e-13,4.8755624924048e-10
"Os01g0633400",335.003851680488,1.75413143181318,0.246849961171369,7.10606322759526,1.19399731153533e-12,5.74702053797907e-10
"Os07g0119300",2457.20748853185,1.13945166879897,0.16070316078895,7.09041230555136,1.3371302561345e-12,6.29902148959021e-10
"Os01g0101200",2840.92159628496,1.78483867773039,0.252360226601414,7.07258311568019,1.52075839166205e-12,7.01481490620615e-10
"Os01g0198900",258.697493590409,1.46086685499865,0.206857398295165,7.06219292632764,1.63895214299044e-12,7.11530184273555e-10
"Os12g0105300",1698.91103232751,1.08042613808114,0.152929053622577,7.06488474549509,1.60749357692254e-12,7.11530184273555e-10
"Os04g0403200",1761.57025070163,1.45282934814723,0.205949234284839,7.0543080832138,1.73461675521825e-12,7.38579799563215e-10
"Os02g0277700",530.710542715135,1.31139970421937,0.186080187418569,7.0474977611104,1.82163756763464e-12,7.60997686509406e-10
"Os03g0323200",7045.0008291886,1.15237119620564,0.163661002834262,7.04120820628623,1.90579975330983e-12,7.81413191445054e-10
"Os08g0248800",254.580101209531,1.57520686617227,0.227619691047227,6.92034533095577,4.50543988811598e-12,1.71991283728924e-09
"Os01g0110100",85.3908179485787,2.8415850920897,0.410826651251822,6.91674963985702,4.62123722508431e-12,1.73421717628122e-09
"Os09g0460500",594.194685484429,2.5863468991216,0.374634987591661,6.90364484040296,5.06849265177485e-12,1.87035826338245e-09
"Os03g0389100",363.871638213376,2.18035951786825,0.317872636647994,6.85922368424161,6.92357568196472e-12,2.51303097007182e-09
"Os04g0444800",1321.02717553364,1.604076065472,0.234313979595547,6.84584021935366,7.60283001757918e-12,2.67913879400102e-09
"Os06g0118700",157.838221417045,3.37167252834213,0.493677366510211,6.82970854462374,8.50873216301747e-12,2.9436224815839e-09
"Os03g0826800",1014.27559327866,1.88909410059132,0.277297013990958,6.81252954513577,9.58973527092457e-12,3.26655890205448e-09
"Os05g0586050",780.766740244835,1.5808475039686,0.232284848949502,6.8056419138739,1.0059965500849e-11,3.37481357809541e-09
"Os05g0304600",3969.57343153699,1.43432983492405,0.212975405603517,6.73472052258585,1.64245324800462e-11,5.3478760829515e-09
"Os04g0470901",336.722356904045,1.614779812447,0.240990754284768,6.70058823310245,2.07582214255712e-11,6.66098232729815e-09
"Os10g0322300",346.244704961035,1.13609168814913,0.171453380401577,6.62624257094369,3.44339159221579e-11,1.04438538689383e-08
"Os03g0279200",507.928305949577,1.49141275832981,0.227463613285391,6.55670916674742,5.50081446675101e-11,1.62391377477779e-08
"Os05g0568300",259.785361803808,1.87162610913078,0.288551963454588,6.4862705722858,8.79870956325604e-11,2.49759267230836e-08
"Os07g0464200",1126.03242132334,1.1455225668402,0.177348130025019,6.45917476930036,1.05275476233231e-10,2.87765965343207e-08
"Os03g0839200",77.4802461398275,1.98378332264864,0.308286389902008,6.43487155978311,1.23577783398515e-10,3.25730440741251e-08
"Os08g0427700",218.228155495332,1.54220642699029,0.242179975594179,6.36801793049385,1.91486536679505e-10,4.65901473474827e-08
"Os03g0736900",306.187155414252,2.10975020534141,0.332868513908433,6.33808881642008,2.32632721379071e-10,5.47949051495108e-08
"Os05g0215000",103.720981263452,5.51542962152953,0.871075362556736,6.33174792745937,2.42399274709861e-10,5.55435115388759e-08
"Os01g0814800",869.159309105085,1.0722644211739,0.171296981232089,6.25968078048674,3.85766303952299e-10,8.21274205366139e-08
"Os01g0919800",897.829664173265,1.5133840165193,0.242131904991436,6.25024618945954,4.09806195754379e-10,8.64144664780735e-08
"Os01g0647200",572.102282577817,6.04800853099147,0.968062154547888,6.24754154738759,4.16963392401398e-10,8.70942119920694e-08
"Os01g0603300",1128.86391094848,1.27801903674397,0.20527376534415,6.22592485016936,4.78723506369913e-10,9.90599734068808e-08
"Os11g0444400",210.41326203788,1.26559784619296,0.203497281680379,6.21923711089545,4.99577878890308e-10,1.00555943786457e-07
"Os04g0578600",49.5040070774921,9.06579892670034,1.46037376956787,6.20786206628658,5.37102597324386e-10,1.06178469708565e-07
"Os07g0100900",165.897995314402,1.2480503080749,0.2019156779728,6.18104706184838,6.36778282549551e-10,1.2476909693743e-07
"Os08g0278750",199.750808422175,1.43001836697819,0.231912078482257,6.16620909241512,6.99465809906703e-10,1.3584975874688e-07
"Os07g0509700",1221.91380192924,1.02172937420559,0.165875873992801,6.15960205430438,7.292797077663e-10,1.39198120772876e-07
"Os01g0309800",4903.57494661192,1.27446053115418,0.207561331664795,6.14016358891161,8.24365409557681e-10,1.53380458260644e-07
"Os06g0349800",141.293214641138,2.09859156540398,0.342051308501954,6.13531219802947,8.49921167882778e-10,1.56817538150772e-07
"Os01g0221900",788.524568735439,1.18729845691188,0.194331855124665,6.10964402182146,9.98536110306407e-10,1.75464984272176e-07
"Os05g0113400",2295.37097170426,1.12162359606814,0.183761551274221,6.10369028934883,1.03647036565929e-09,1.79285080984861e-07
"Os01g0363300",478.823718531974,1.85662932994173,0.30487725800994,6.08975999738622,1.13080080487714e-09,1.93684108987505e-07
"Os03g0728500",366.509398961372,1.91627086542102,0.315252065168756,6.07853548681824,1.21285143569571e-09,2.03437451801051e-07
"Os01g0520800",272.694485766698,1.09993301878233,0.181240409667434,6.06891708532683,1.28775604391068e-09,2.12777660956914e-07
"Os06g0272700",318.325973314984,1.51302731891685,0.249787071930928,6.05726832546096,1.38452534556866e-09,2.23757486687851e-07
"Os06g0608700",35920.622729599,1.75077441485949,0.289642793399638,6.04459857022523,1.49782459603996e-09,2.40314017253049e-07
"Os03g0229500",668.708012628146,1.67788806173089,0.278940946366504,6.01520889488307,1.79654875834001e-09,2.82109120981604e-07
"Os02g0617800",807.756167518032,1.89329487798046,0.315114910995488,6.00826813304169,1.87515543054543e-09,2.90334380333611e-07
"Os11g0417800",574.746964889464,1.46519337680493,0.244361866182074,5.99599847430047,2.0223891902833e-09,3.08811855600431e-07
"Os01g0910900",51925.7573475663,1.30078294401977,0.218583424691222,5.95096790096183,2.66561365424995e-09,3.85038356471743e-07
"Os06g0475400",817.349317152435,1.36094538458691,0.228722520473019,5.95020281243994,2.67810428149806e-09,3.85038356471743e-07
"Os08g0553700",195.744963526452,1.34040740120565,0.226576631931823,5.91591193574179,3.30041773992565e-09,4.65442988405693e-07
"Os02g0199200",344.254910030299,1.27188377642249,0.21511548499558,5.91256262397208,3.36825719423708e-09,4.72003686946856e-07
"Os05g0365600",1126.20143711463,1.19049994543779,0.203346272541009,5.85454520784344,4.78317093583226e-09,6.45125207236231e-07
"Os11g0267000",744.583818197895,1.5808989840688,0.270074247652662,5.85357174113828,4.81126571686337e-09,6.45125207236231e-07
"Os11g0435500",260.547409958219,1.59878414425186,0.273170681650427,5.852693029107,4.83676366926581e-09,6.45125207236231e-07
"Os10g0158700",225.894128228451,1.72484875405369,0.294919575505044,5.84853938942479,4.95908217426037e-09,6.53565704882732e-07
"Os02g0107350",80.3243862419189,2.07584549641753,0.355315862516145,5.84225393630774,5.14992228187862e-09,6.70731936723968e-07
"Os03g0764000",688.371295289023,1.85486369254409,0.318315911927236,5.82711584009063,5.63934697067346e-09,7.21738620102203e-07
"Os08g0269700",210.39701655005,2.54700819717803,0.438837146622523,5.80399407110562,6.47535673569645e-09,8.12386990317914e-07
"Os12g0438400",1878.25830978725,1.59501113467608,0.27476610817902,5.80497771448898,6.43745656183187e-09,8.12386990317914e-07
"Os12g0199000",404.45375892921,1.93127443832738,0.333753516177984,5.78652911419057,7.18556377106208e-09,8.83864263639364e-07
"Os12g0280801",635.164673602189,1.35715065306776,0.234607867768904,5.78476189214846,7.26151114192899e-09,8.84310923829508e-07
"Os01g0880200",267.497219367079,1.97717254466654,0.342365231402084,5.77503894472418,7.693528822271e-09,9.30832905212581e-07
"Os02g0751600",5471.70171148785,1.02329560033944,0.177232508148577,5.77374665082094,7.75279800591565e-09,9.32905981787927e-07
"Os11g0216100",3310.99788148186,1.18200220117545,0.204982700070238,5.76635101777094,8.10062527437613e-09,9.64279269892268e-07
"Os11g0120100",264.393105144463,1.35077155016277,0.234372026966559,5.76336505531655,8.2453183086536e-09,9.76254506266842e-07
"Os09g0439500",3118.50188972129,1.41499971068914,0.245966414760911,5.75281674965491,8.7768609281156e-09,1.02278146215478e-06
"Os10g0189100",3159.41582955689,1.17010205617986,0.203725400471811,5.74352561570622,9.27253290173356e-09,1.06928724467335e-06
"Os11g0701700",676.677094971627,1.45379629732725,0.25365629774575,5.73136291212628,9.96268503620945e-09,1.13119902249597e-06
"Os04g0608600",1381.36720468086,1.6162055513937,0.282798134794205,5.71505025155072,1.09671610274167e-08,1.21411956154017e-06
"Os12g0527301",293.941125012943,1.39027357976216,0.244053660861284,5.69658973709215,1.22227571267756e-08,1.33972309675217e-06
"Os02g0160500",769.274065105334,1.10555166909824,0.194743753290337,5.67695574527623,1.37112926418715e-08,1.45952754992152e-06
"Os09g0553900",12184.3638729247,1.04734900229648,0.18464290102704,5.67229498925119,1.40897085464835e-08,1.49263271257268e-06
"Os04g0539000",4539.62110912211,1.01589076699373,0.17927359582312,5.66670603291771,1.45568768389774e-08,1.53478004805618e-06
"Os01g0678100",387.626830484258,1.89027720313475,0.335170740860921,5.63974408469957,1.70303084146166e-08,1.72177195711427e-06
"Os04g0310400",826.60603556298,2.34775576637863,0.416811198633449,5.63266000068124,1.77451083294093e-08,1.78588383418841e-06
"Os04g0652400",787.902795183672,1.06267943434911,0.189337708613735,5.612613790088,1.99293070572223e-08,1.96988744443732e-06
"Os01g0102300",5624.4816498804,1.21868748358739,0.217266969702513,5.60917052995238,2.03298627693242e-08,2.00054885144714e-06
"Os09g0560800",2002.71154360579,1.00012378900245,0.179091871550866,5.58441754135332,2.34484737934531e-08,2.28710422141342e-06
"Os10g0181100",63.9869286927149,2.46023613256159,0.440813983684005,5.58112088913494,2.38973465990402e-08,2.3206629431989e-06
"Os06g0320500",1037.73185871698,1.88518920109333,0.337935016546653,5.578555369485,2.42524279868308e-08,2.33466525241923e-06
"Os05g0365300",5082.59709118865,1.07393346077822,0.192905547013055,5.5671466031277,2.58944529059703e-08,2.47878248203308e-06
"Os02g0197125",1407.03100626161,1.32087951482465,0.237713293002136,5.55660770225747,2.75068021255894e-08,2.61385453159946e-06
"Os02g0814400",1690.19265626806,1.58801244371237,0.286105706002382,5.55043961164182,2.84952131349659e-08,2.67335811025966e-06
"Os05g0401300",443.841511941726,1.04518463397558,0.188896628967203,5.53310368581033,3.1461336116024e-08,2.9024393456037e-06
"Os01g0238500",1258.82536919177,2.1076994777276,0.383789571170909,5.49181018988398,3.97834834363928e-08,3.53753456532198e-06
"Os08g0139700",657.365396003865,2.18261622487932,0.397683085106496,5.48833054917292,4.05750246110539e-08,3.59348647965338e-06
"Os05g0131500",1426.73620586389,1.2822100597069,0.234010817932852,5.47927686007587,4.27067661502246e-08,3.73743284320997e-06
"Os07g0626700",164.879599873956,1.71566223342747,0.313238514542028,5.47717523158308,4.32169198414654e-08,3.76718827641687e-06
"Os04g0657900",870.504380833567,1.01372732447686,0.185106910517046,5.47644235239669,4.3396206048296e-08,3.76798195339342e-06
"Os08g0249900",86.5745407984986,2.26608683794668,0.413915308683099,5.47475966800164,4.38105784391994e-08,3.78910162977466e-06
"Os02g0489500",394.309897894351,1.06889491643195,0.19580686059717,5.45892474437332,4.79026731069674e-08,4.0481415467991e-06
"Os03g0115300",507.102009234247,1.19403013144649,0.219889044742086,5.43014834070975,5.63072287802674e-08,4.67483548029605e-06
"Os11g0459400",185.090892449337,1.33632187770908,0.2464768261856,5.42169378918736,5.90369490675852e-08,4.82308500790314e-06
"Os05g0230700",7896.55741567436,1.1060875458112,0.204165214257566,5.41761019296761,6.04009238804244e-08,4.89866980086622e-06
"Os05g0129800",771.9320311336,1.65999153226235,0.307404682517342,5.40002032066867,6.66333488180724e-08,5.30693876324079e-06
"Os04g0493100",3487.53359762601,2.03232463688426,0.377176190759599,5.3882633280519,7.11417662512279e-08,5.61922772312074e-06
"Os12g0596300",102.01496579139,1.88830942113133,0.350477184007839,5.3878241075148,7.13157937851465e-08,5.61922772312074e-06
"Os05g0501200",186.558652646551,1.3283288679439,0.246757584733932,5.38313288070225,7.32004580709104e-08,5.68677663911588e-06
"Os12g0529800",221.970465985756,1.08386775656888,0.201491658916427,5.37921898304703,7.48096683759152e-08,5.77129222129316e-06
"Os08g0332100",106.941160821477,1.71496129145177,0.319378091556874,5.36968983405168,7.88721743850778e-08,5.98262305245689e-06
"Os07g0413800",302.94959100633,2.37475470152721,0.442495633713408,5.36673024680119,8.01768307117881e-08,6.03626800828927e-06
"Os09g0526700",974.460645528986,1.37473901523331,0.256475092098615,5.36012680211738,8.31635582507125e-08,6.19974526339739e-06
"Os10g0545200",1185.12601005231,1.2770906792193,0.239439314900626,5.33367162259603,9.62465096513902e-08,7.03298339997171e-06
"Os10g0100700",6389.22573864959,1.17979178120471,0.221494732460012,5.32650040071589,1.00123059513485e-07,7.22092723351164e-06
"Os09g0433800",439.703577275457,2.1104338529051,0.396542929426661,5.32208166201944,1.02586498297504e-07,7.32717815587781e-06
"Os01g0618900",340.560930193855,1.10527371633796,0.208027615437633,5.31311054069801,1.07769618343117e-07,7.59913095456992e-06
"Os03g0655400",8829.76146528518,1.27129896026691,0.240117306575655,5.29449117348966,1.19348253310962e-07,8.28366669767403e-06
"Os01g0302250",135.565501062721,2.05595285441727,0.38958600734834,5.27727591761012,1.31118388260664e-07,8.81009975576424e-06
"Os10g0493600",3875.63846961276,1.28324592284368,0.243146181866666,5.27767252190441,1.3083500752335e-07,8.81009975576424e-06
"Os03g0417700",78.6600141789543,3.21975786347831,0.611361761459462,5.26653458958899,1.39023062307722e-07,9.2994248415567e-06
"Os05g0214300",13.5710834190207,7.19884894349146,1.36707567741028,5.26587449579133,1.39523581773437e-07,9.3047940483303e-06
"Os04g0208450",355.07156719283,1.3980287321875,0.265760961809117,5.26047438521702,1.4368422000106e-07,9.48056177843557e-06
"Os04g0432000",411.321258238976,1.16729337911393,0.222028931553333,5.25739312866773,1.46111752004138e-07,9.59958546327487e-06
"Os06g0120200",128.284741901559,2.05911242757665,0.392039468275635,5.25230899999317,1.5020419326296e-07,9.81023906500058e-06
"Os05g0548900",107.713653303661,1.99465691549691,0.380712595189656,5.23927219823987,1.61211108638337e-07,1.02568251619581e-05
"Os03g0786400",719.436461234341,1.54749547978362,0.295775539957094,5.23199274695976,1.67692332187007e-07,1.05479429742969e-05
"Os01g0963600",29960.7139120729,1.39690159507468,0.267868641570539,5.21487542134276,1.83940812722735e-07,1.13760713254024e-05
"Os04g0423400",185.216569311029,1.47598046717326,0.283032247033521,5.21488446155201,1.8393184245858e-07,1.13760713254024e-05
"Os05g0579300",241.314474430374,1.8450368292816,0.354354129892657,5.20675977401619,1.92166607521446e-07,1.18283545918418e-05
"Os06g0191300",674.950236064288,1.20523400702369,0.231846273485894,5.19841871470503,2.00990980681311e-07,1.21921679541504e-05
"Os03g0575700",457.590337848417,1.35620157365422,0.260928635208045,5.19759578159326,2.01882525034542e-07,1.21984571847567e-05
"Os05g0428700",1257.77069359838,1.04641961921546,0.20133882170304,5.19730676063484,2.02196548792092e-07,1.21984571847567e-05
"Os10g0530750",279.934151854365,1.74695332835254,0.336204048601133,5.19611032532538,2.03501515431132e-07,1.22438235140236e-05
"Os03g0279950",3987.60546745733,1.20262025185821,0.231563053626535,5.19348934566134,2.06388758649855e-07,1.23838848381204e-05
"Os06g0201500",59.9911401090767,2.30028634868944,0.444026588751077,5.18051487673183,2.21274278865214e-07,1.30646234889459e-05
"Os08g0323400",3041.31780807786,1.04056535167201,0.20114847728282,5.17312070033198,2.30216191317441e-07,1.34491205592598e-05
"Os10g0573700",1649.74273462585,1.56700837993473,0.303120025124843,5.16959702444383,2.3459931225121e-07,1.35975480956912e-05
"Os07g0658000",335.477945573463,1.32128005782091,0.256147750482909,5.15827312685721,2.49237869050456e-07,1.43334432692108e-05
"Os01g0207400",278.45924539313,1.56843807862478,0.304212579360227,5.15573051556012,2.52644023169201e-07,1.44916873497132e-05
"Os06g0294000",313.741169960702,1.46068114603646,0.283882552988888,5.14537131872855,2.66992168390147e-07,1.51965902322012e-05
"Os10g0176700",248.537896491985,1.02830232313378,0.199870223991156,5.14485000616842,2.67734642064534e-07,1.51997761793612e-05
"Os06g0524400",529.141072699813,2.58385717762521,0.502660292667666,5.14036460670573,2.74205852273542e-07,1.54483251277061e-05
"Os06g0708832",433.909452485571,1.06054753203083,0.206397505190386,5.13837379503477,2.77126215324323e-07,1.55732272423752e-05
"Os06g0687600",228.656604985641,1.7758669404289,0.345681104961334,5.13729826403888,2.78716408313206e-07,1.56229366999055e-05
"Os05g0560900",40.8610216989042,3.47235740295223,0.676810964641091,5.1304686010718,2.8902176949349e-07,1.61180971641642e-05
"Os07g0626800",1068.64670804963,1.38688424936702,0.271033276065198,5.11702573758286,3.10391280395013e-07,1.7010825097094e-05
"Os02g0744000",14864.1686776768,1.01433606918401,0.198300775360424,5.11513919872675,3.13509670526464e-07,1.71393027533986e-05
"Os01g0332800",2611.92549379999,1.44340387223902,0.282728795370769,5.10525951325949,3.30340853395094e-07,1.795304321322e-05
"Os12g0555400",514.189002620241,1.54009272062878,0.302026090987487,5.09920422965241,3.4108438248924e-07,1.83299740599375e-05
"Os03g0781400",808.844663053306,1.21916147363493,0.239794662457593,5.08418936910464,3.69199448672649e-07,1.92793513987291e-05
"Os05g0565400",3082.60655188012,1.21577486070869,0.239181468872713,5.08306461382133,3.71393290589395e-07,1.93482796398584e-05
"Os07g0541200",249.937786854794,2.01749012625822,0.397084735429567,5.08075467588976,3.75938358003959e-07,1.94679603473336e-05
"Os06g0593800",620.35365708562,1.7218745533737,0.339152018683289,5.07699927619077,3.83442332632172e-07,1.97328275700977e-05
"Os06g0132400",565.643666825707,1.01156227132346,0.199257338478495,5.07666256634579,3.84122157206636e-07,1.97328275700977e-05
"Os07g0102100",869.585450517426,1.80579209018493,0.355780331414312,5.07558156182067,3.86312599603645e-07,1.97708146775696e-05
"Os01g0762300",1368.50953000721,1.27517483588682,0.251396344588406,5.07236824773478,3.92895148326258e-07,1.99586468918301e-05
"Os01g0662700",1346.438419614,1.05975379657618,0.209040420967515,5.06961185626807,3.98627806685978e-07,2.01048252114675e-05
"Os01g0915600",3158.02063762769,1.4475005096833,0.285641576369785,5.06754138553485,4.02986904546819e-07,2.01188068848863e-05
"Os05g0103300",989.41213794857,1.19537518996481,0.235859246475735,5.0681718347972,4.01654731199072e-07,2.01188068848863e-05
"Os01g0546400",29.2343616599869,3.19832776665963,0.631978892547254,5.06081422081748,4.17469839131286e-07,2.05923252105177e-05
"Os04g0608100",4305.1625250383,1.60273641816263,0.317398219203908,5.0496074684432,4.42718821254917e-07,2.168636597656e-05
"Os05g0560000",13812.7948085065,1.2485568149539,0.247453312056246,5.04562579736295,4.52039357268263e-07,2.20940472610963e-05
"Os03g0178200",1480.79289121252,1.10566455832011,0.219307123906489,5.04162627563142,4.61592101643107e-07,2.24617818076484e-05
"Os03g0400901",107.180567447001,1.41756553779424,0.2812829271758,5.03964301007244,4.66401005465183e-07,2.26460189956241e-05
"Os03g0375200",138.303322115298,1.77197998655499,0.351895186577552,5.03553346037165,4.76519877574222e-07,2.30867103049691e-05
"Os10g0530500",1758.4031596837,1.77354680907248,0.352293083739311,5.03429357808473,4.796141727097e-07,2.31858895152084e-05
"Os06g0699050",294.857002545872,2.20352925189352,0.437797753878335,5.03321278460896,4.82327241300765e-07,2.32662471669722e-05
"Os04g0691600",3521.53654678512,1.00963694575332,0.200863998326836,5.02647041860877,4.99589505596296e-07,2.40465461813209e-05
"Os12g0583300",356.362437853466,2.43129043076427,0.48422548202329,5.02098819873204,5.14063182015885e-07,2.45596641185699e-05
"Os06g0101600",15324.5016725588,1.11988267533958,0.224187160814181,4.99530245743108,5.87436276248649e-07,2.75559885432655e-05
"Os03g0785200",487.189243305374,1.17201109081447,0.234900485470668,4.9893940766709,6.05689746337903e-07,2.82327929971948e-05
"Os03g0684700",354.466092620588,1.96183325244561,0.394348193191295,4.97487572231361,6.52895132469509e-07,2.99911849128784e-05
"Os08g0479300",220.090492678754,1.29592847018608,0.260589010317801,4.9730741469321,6.58994411575426e-07,3.01462712121725e-05
"Os01g0931100",1810.41930259945,1.15682087460894,0.232729536528402,4.97066634456931,6.67231875443924e-07,3.04601669158844e-05
"Os03g0859900",146.783193397139,2.4681500420274,0.496643752445512,4.9696588950813,6.70707881158979e-07,3.05558501990554e-05
"Os08g0502700",274377.584944639,1.06284660862177,0.214098980766783,4.96427682567774,6.89575286707416e-07,3.13508961457678e-05
"Os02g0187700",160.998262978188,1.72807840645161,0.348772180284327,4.95474841210915,7.24239366863102e-07,3.26586228548186e-05
"Os07g0508500",219.335050130959,1.17376217993345,0.237072236877689,4.95107396543873,7.38050435926497e-07,3.29802775738257e-05
"Os08g0560900",12349.2532111909,1.17090503013868,0.236542265158337,4.95008800797143,7.41799296859454e-07,3.29802775738257e-05
"Os09g0369400",806.578075668368,1.34235315138509,0.271106372772813,4.95138914535948,7.36855896470282e-07,3.29802775738257e-05
"Os09g0466400",136.582270023733,1.9062841488198,0.385550430802138,4.94431855478356,7.64106707021028e-07,3.35770328485358e-05
"Os07g0670300",78.8733839517441,2.27445447027465,0.460751318383226,4.93640360760269,7.95763397539769e-07,3.43460764388688e-05
"Os01g0729200",192.803166464319,1.18750166703264,0.240797598443668,4.93153451158875,8.15861496293574e-07,3.4940018161385e-05
"Os08g0247600",304.866749383249,1.95288831698132,0.396330273755388,4.9274265588569,8.33197252481902e-07,3.54084843900226e-05
"Os01g0232000",378.351548754512,2.27176796296526,0.461116722249468,4.92666575153225,8.36446595146178e-07,3.54784752167271e-05
"Os03g0232600",2350.98991428197,1.03367118990293,0.209911986562908,4.92430759590352,8.46595795389325e-07,3.56514076912152e-05
"Os10g0378100",2227.56196074429,1.011567158057,0.205761608013472,4.91620943198874,8.82360019232808e-07,3.69048147349577e-05
"Os05g0594500",10884.2450961369,1.01304699355973,0.206902906402759,4.89624341761406,9.76860513161589e-07,3.9979054753994e-05
"Os02g0798200",1427.22124506429,1.03687143062095,0.212316664351834,4.8836083299742,1.04161880521278e-06,4.24723424792193e-05
"Os01g0871500",1520.73878878304,1.30192437094641,0.266695565944167,4.88168735140866,1.05181926171904e-06,4.27308812361857e-05
"Os07g0683900",15685.4874403061,1.21233897943899,0.248338739329971,4.88179565826072,1.05124160049588e-06,4.27308812361857e-05
"Os01g0881800",1145.36933084961,1.05287620179898,0.216430182323098,4.86473832114225,1.14608336194025e-06,4.58040283695288e-05
"Os03g0635000",78.3973742673066,1.82985160150228,0.376973598282004,4.85405771078276,1.2096050969953e-06,4.78247615224517e-05
"Os07g0196200",2990.82417672487,1.28441355968589,0.264664394714651,4.85298961755203,1.21614060009574e-06,4.78921284538665e-05
"Os01g0171000",310.262083058563,1.65825485037272,0.341768160136149,4.85198752777945,1.22230311567111e-06,4.78991385558834e-05
"Os02g0731600",1810.45182808503,1.10279317893587,0.227440395905226,4.84871288825666,1.24265123504109e-06,4.84393327377548e-05
"Os05g0566700",186.350358383379,1.13628814390356,0.234715597640493,4.84112754042013,1.29104474003776e-06,5.00613337813942e-05
"Os09g0116900",132.299109112561,1.84818942047188,0.381897516053135,4.83949055121567,1.30172379757153e-06,5.02992436335623e-05
"Os06g0593200",169.470776379836,1.72635054752677,0.356975597173983,4.83604638858656,1.32447025011239e-06,5.09625010265206e-05
"Os03g0388900",3534.65174234542,1.20043005279778,0.248455519105944,4.83156927693728,1.35461066384511e-06,5.16615377628094e-05
"Os07g0282401",71.9845250266377,1.52693493984692,0.316684725758786,4.82162483898881,1.42393561511669e-06,5.37092988999977e-05
"Os04g0118700",1945.38610205721,1.14343043695985,0.237189859850064,4.82073912300742,1.43027298059835e-06,5.3765151211253e-05
"Os05g0155200",208.597522532899,1.40854780795377,0.29229849171872,4.81886786233991,1.44375129363821e-06,5.40881512562497e-05
"Os02g0756100",158.018942399438,1.69769737449374,0.352351303663829,4.81819524105828,1.44862582333561e-06,5.41790951933678e-05
"Os01g0200700",128649.846599492,1.04741322419321,0.217829369103138,4.8084114116737,1.52134419978306e-06,5.66355517426013e-05
"Os06g0606401",420.826625924029,1.38729025738206,0.288689661275204,4.8054726007648,1.5438638097068e-06,5.72574348588246e-05
"Os01g0117200",1156.53698149791,3.32984015560949,0.69384106423464,4.79913964054947,1.59348667940798e-06,5.89004817508715e-05
"Os11g0695000",475.898535984558,1.36388091996761,0.284544757679926,4.7932034703018,1.64139000371084e-06,6.03370781665284e-05
"Os12g0191901",161.431733052585,1.15879326760951,0.242045850120194,4.78749487766093,1.68876046819545e-06,6.18030504567197e-05
"Os03g0778100",7900.47257742189,1.28783801861936,0.269108309402173,4.78557507748573,1.70498436277492e-06,6.22938263633654e-05
"Os12g0530000",208.521676017882,1.00701969974918,0.211064856957527,4.77113866450931,1.83187369239727e-06,6.61656042795562e-05
"Os06g0717200",698.266195842051,1.19942930474161,0.251673583946313,4.76581326468285,1.88093404243203e-06,6.78269717157776e-05
"Os01g0364400",341.130384161112,1.36294032799829,0.286511992403334,4.75700970338311,1.96481728466535e-06,7.01661604835088e-05
"Os06g0109000",2004.63722849037,1.17460124621892,0.247066527022092,4.75419013808329,1.99243462328944e-06,7.08024876421101e-05
"Os06g0184600",144.830838572486,1.47213183652209,0.310024744170252,4.74843335638287,2.04998415069818e-06,7.26219185289734e-05
"Os07g0567700",177.968820664558,1.48492942569859,0.312991748095081,4.74430854722566,2.09219746240628e-06,7.38809314436005e-05
"Os01g0763700",536.970219401538,2.01028446452481,0.425390678363379,4.72573699136769,2.2928225349168e-06,8.00715831949413e-05
"Os03g0371300",78.4702349288988,2.83972722023256,0.601445609566342,4.72150295066594,2.34108234357621e-06,8.1371906073973e-05
"Os01g0620301",396.710399033794,1.33783412421851,0.283429000556237,4.72017373519637,2.35643290944852e-06,8.1777086282288e-05
"Os01g0221400",245.321614417533,1.86256324779867,0.395248492325538,4.71238545867648,2.44833703031278e-06,8.41748915965143e-05
"Os07g0281700",710.874167602239,1.60989135365008,0.342247200913505,4.70388464639902,2.55257503812224e-06,8.70825330031812e-05
"Os05g0483801",263.101766869885,1.29708200029298,0.275765759758707,4.70356436356682,2.5565844972979e-06,8.70851343918045e-05
"Os09g0508000",183.875344107237,1.3653704737535,0.290672586567037,4.69727981533824,2.63649153795941e-06,8.9121464338869e-05
"Os05g0410900",317.04963817392,1.74403703390347,0.371733712147126,4.69162999457313,2.71036972237725e-06,9.12010577859494e-05
"Os03g0751600",120.333740764536,1.24932043060753,0.266463065134483,4.68853133539164,2.75172784257191e-06,9.23121305490677e-05
"Os01g0208700",5324.37913020306,1.0871822207812,0.232308901995619,4.6798990974599,2.87016137784349e-06,9.48481239803473e-05
"Os03g0323100",101.967903508742,1.348142950391,0.288250075578649,4.67699079587286,2.9111531870361e-06,9.54901373543204e-05
"Os01g0966200",702.7142908278,1.26539506645527,0.271747924401657,4.65650315174055,3.21625358427747e-06,0.000103806225378262
"Os04g0282400",109.535445001058,2.26940432760309,0.488098029422806,4.6494847157788,3.32765340412277e-06,0.00010631684562869
"Os07g0532500",823.684208768319,1.47192380150312,0.316609947677249,4.64901312261859,3.33526995042834e-06,0.000106406645493421
"Os06g0188700",188.462705226476,1.97807006642434,0.42591417540515,4.64429263135632,3.41243601012018e-06,0.00010808976495003
"Os07g0695700",63.5581331112798,2.38512414994746,0.516217096331444,4.62038969049576,3.83019946320654e-06,0.000119274889331724
"Os06g0638700",315.952053143569,1.07215028396098,0.232160136399565,4.61814978483527,3.87176746781498e-06,0.0001204000049226
"Os07g0244400",201.181983442308,1.05912766101541,0.229389882048407,4.61715072852216,3.89044701088462e-06,0.000120641998974785
"Os02g0814800",620.770459123429,1.098120957325,0.238049656991598,4.61299113471842,3.96915238297714e-06,0.000122738830881979
"Os05g0167300",10.4582848092802,6.82302678678462,1.48080435249694,4.60764906267301,4.07247240535993e-06,0.000124887273583205
"Os05g0373500",133.92637402529,1.13953176069695,0.247497420855706,4.60421670964126,4.14021169043366e-06,0.00012626505101638
"Os07g0252800",611.48625667571,1.44085521004186,0.312916330090305,4.60460216194548,4.1325511051695e-06,0.00012626505101638
"Os01g0930800",4361.6453421138,1.04720830778676,0.227530073999577,4.60250502001202,4.17439498337558e-06,0.000126783647910725
"Os07g0498400",153.397929735768,1.95395463700937,0.424892947232834,4.59869868336186,4.25138146916989e-06,0.000128592673646025
"Os03g0293100",6959.85608227843,1.13355649976306,0.246611387126199,4.59652943431595,4.2958631164131e-06,0.000129203818791818
"Os02g0132200",408.006991164767,1.09568011850844,0.238722920127776,4.58975668495503,4.43762987275592e-06,0.00013188397719824
"Os03g0385400",1829.65052159295,1.38844696522933,0.302651708571544,4.58760656525787,4.48356577769748e-06,0.000132892409483266
"Os03g0362200",599.11031048477,1.26480601434833,0.275934033364757,4.58372604105848,4.5676260691919e-06,0.000134842411730637
"Os02g0745100",324.757747222122,1.64769959569184,0.359456461510838,4.58386417305274,4.5646080978677e-06,0.000134842411730637
"Os06g0727300",121.800122046583,1.35523705998695,0.295863242468798,4.58061991303255,4.63599712612656e-06,0.000136249380082931
"Os03g0826900",114.822028287393,2.5709919130342,0.561337573199378,4.58011726950803,4.64715289933895e-06,0.000136281605753992
"Os01g0854000",660.562161933773,1.20550429436334,0.263719961723267,4.57115300065276,4.85047960238577e-06,0.000141681357356759
"Os01g0238200",97.3177105048864,1.41643187952997,0.310123987758567,4.56730835227318,4.94027009622895e-06,0.00014345716351961
"Os06g0634700",139.552312156415,1.27842874876132,0.279976668281366,4.56619744998373,4.96650988081857e-06,0.00014393127653299
"Os08g0276100",13675.0171385783,1.11443872171011,0.244157051117507,4.56443390272499,5.00843962385742e-06,0.000144390444937275
"Os01g0681800",357.004397694355,1.63247092645715,0.357690391318035,4.56392166544296,5.02068186891424e-06,0.000144555158985215
"Os02g0220400",567.070708081225,1.2027557096492,0.263648629269951,4.56196458513611,5.06771964895245e-06,0.000145342462108104
"Os06g0339500",121.566467063359,1.39761324397295,0.306412108521754,4.56122067341123,5.08570977588752e-06,0.000145666271130517
"Os06g0473000",259.648296344443,1.86140697273461,0.40814724994373,4.56062603139244,5.10013405563415e-06,0.000145705894355866
"Os02g0606200",8369.2215250124,1.13513062231421,0.249095493805409,4.55700986385953,5.1886988316657e-06,0.000147854544185213
"Os07g0489800",7069.58906067897,1.17440240614894,0.257797175756481,4.55552859608632,5.2254005908623e-06,0.000148520768706496
"Os09g0519200",1402.00327337596,1.13069814449518,0.248234194947648,4.5549653009475,5.23942263289625e-06,0.000148725713480713
"Os03g0775000",1666.05406145427,1.48335561034918,0.326678260507591,4.54072336507594,5.60615500453237e-06,0.00015766017067173
"Os05g0568800",92.1331532997871,2.28371161251516,0.502954639800196,4.54059159971639,5.60966004307166e-06,0.00015766017067173
"Os07g0692300",220.734777829971,1.1340018724557,0.249750659458806,4.54053604868558,5.61113836273535e-06,0.00015766017067173
"Os11g0471200",57.1451417087659,1.78995913849173,0.394283376597833,4.53977835417972,5.63133933967285e-06,0.000158027229809501
"Os12g0283300",254.02342633227,1.0366321612639,0.22849939982951,4.53669533503092,5.7142562890628e-06,0.000160151074045746
"Os07g0691200",12839.819543089,1.67438147255352,0.369300589909292,4.53392580002317,5.78973751229555e-06,0.000161453001012994
"Os09g0418000",633.854188739332,1.21879050172982,0.268816017250219,4.53392068745425,5.78987772929483e-06,0.000161453001012994
"Os12g0290200",424.869327815041,1.31817061989854,0.290852878853582,4.53208723631757,5.84037198300815e-06,0.00016265619632174
"Os06g0604300",31.5440489034072,3.22552925970957,0.712726349269082,4.52562089645968,6.02184443421775e-06,0.000166870660347954
"Os02g0646200",927.561327869404,1.07022926421609,0.237494834053907,4.50632649960364,6.59595702297248e-06,0.000181192412463565
"Os03g0195475",712.267325944424,1.55483993421666,0.345540684709357,4.49973043123555,6.803968912883e-06,0.000185297264083816
"Os02g0199600",434.894687591187,1.30438067565615,0.290077884885331,4.49665673814388,6.903029713975e-06,0.000187303898158236
"Os08g0248100",46.5958614538331,1.97476699379673,0.439873828418125,4.48939415399727,7.14260273313094e-06,0.000192389741014905
"Os12g0420200",34160.674791894,1.02728609397427,0.229027039582792,4.48543585004476,7.27650372191078e-06,0.000195047298918676
"Os01g0882500",4721.41202976325,1.40640026576209,0.313745443837319,4.48261574275267,7.37336276875798e-06,0.000196928377639409
"Os01g0102900",46508.5242846908,1.0122925401743,0.225872504736748,4.48169882985146,7.40511967150012e-06,0.000197538258610463
"Os01g0893400",1738.26872975107,1.02782486544558,0.229425842654129,4.47998731771065,7.46474744599556e-06,0.000198530717898543
"Os05g0217700",231.307939529137,5.68602397575281,1.26914382424974,4.48020458131618,7.45715278504605e-06,0.000198530717898543
"Os02g0823400",1081.99062884432,1.59626608653497,0.356572088374641,4.47669949100955,7.58058336908885e-06,0.000200767579395928
"Os05g0190000",485.137973814477,1.41033449231516,0.315248993830462,4.47371607813481,7.68717998969157e-06,0.000203104835503295
"Os12g0420400",25517.266236753,1.23268732666866,0.27555952562633,4.47339762204493,7.69864263095328e-06,0.000203165252076206
"Os01g0170700",81.16482323224,1.2164850428227,0.272010120469477,4.47220508091059,7.74171280775524e-06,0.000204058646757749
"Os03g0360600",445.411533094314,1.29993249508587,0.291026587573331,4.4667138694272,7.94302521142097e-06,0.000208126060598902
"Os04g0605300",653.100142235611,1.5640264892316,0.350224360688147,4.46578440791064,7.97759151519018e-06,0.000208538198037575
"Os05g0164200",347.949655369057,1.24058243000391,0.278018098651152,4.46223622139273,8.11087412002082e-06,0.000210849717222057
"Os07g0435300",5853.92383740066,1.08604001902222,0.243457562549743,4.46090073213609,8.16158911789534e-06,0.000211847297373178
"Os06g0498800",263.548548382854,1.54364420085617,0.346549690488884,4.45432283802799,8.41583871799559e-06,0.000217173758805525
"Os08g0190300",78.8206480885541,1.45052137101895,0.325670386561746,4.45395538210513,8.43026266483109e-06,0.000217292719047759
"Os01g0866400",24104.1824628167,1.08943255092929,0.245303451070595,4.44116275647408,8.94740870374041e-06,0.000228494320772222
"Os12g0637200",163.12400675001,1.66757681947421,0.37562675461975,4.4394516603651,9.01883682168601e-06,0.000229524213872356
"Os06g0194400",32.7872580828999,2.15909396746866,0.486611758593021,4.43699505682193,9.12233875987638e-06,0.000231891736489579
"Os01g0236300",317.895907084521,1.35193249561729,0.304875238700212,4.43437945758089,9.23378663941484e-06,0.00023311889393761
"Os10g0566200",742.952948478612,1.01119017634396,0.228015511279055,4.43474292898617,9.21822205397353e-06,0.00023311889393761
"Os01g0862200",2938.22128866065,1.4578915552477,0.328864329275897,4.43310941766694,9.28836971798924e-06,0.000233988744870419
"Os02g0507600",26.5844329907479,2.63246602139582,0.594331304005624,4.42929053821286,9.45435862320388e-06,0.000237334415279316
"Os11g0287000",247.450522507212,1.02655511268436,0.231954732176818,4.42567005661181,9.61433809876757e-06,0.000240260789892565
"Os04g0623800",10730.7338428929,1.32116920380211,0.298582658416506,4.42480219986238,9.65306884573997e-06,0.000240685357335055
"Os04g0638300",617.560014774961,1.14563209081251,0.259422754822881,4.41608174115137,1.00506090949807e-05,0.000248359973182999
"Os07g0628900",764.484968180097,1.88727933302787,0.427774160036078,4.41185912881857,1.0248678878243e-05,0.00025269042209708
"Os04g0629600",73.6553065619501,1.76614132617448,0.40266035709678,4.38618129410239,1.1535798373484e-05,0.000277624034551424
"Os04g0534600",2926.63528647646,1.09824317338491,0.25060967254222,4.38228565659167,1.17440686170284e-05,0.000281108565675271
"Os04g0269600",6408.2118897881,1.19613373657032,0.27355047963562,4.37262525791811,1.22761341184034e-05,0.000291950467793309
"Os01g0873200",2460.85621456572,1.61819231805572,0.370176237775572,4.3714105685973,1.23446412837293e-05,0.000292950377988264
"Os01g0933200",2817.22249300115,1.24001700659673,0.284070756571056,4.36516951468238,1.27024214266987e-05,0.000299514710126237
"Os06g0477400",247.76339039007,1.13011471778957,0.25972186027719,4.35124989703773,1.35363666613449e-05,0.000313104325995933
"Os11g0444700",9916.4158544717,1.16087011932699,0.266873986091354,4.34988114176706,1.36211341601693e-05,0.000313434283621643
"Os12g0144200",61.6864907661415,2.57888246914532,0.592910578850411,4.34953020090398,1.36429494705143e-05,0.000313434283621643
"Os01g0719100",2526.99992177047,1.26827873015564,0.291765537184031,4.3469106817632,1.38068409648248e-05,0.000316038584692932
"Os08g0525700",2245.06035672723,1.32379355745095,0.304651767027955,4.34526794433291,1.39105759132703e-05,0.000317847328478552
"Os05g0369900",881.34389239666,1.00328482510568,0.231234661426639,4.338816762659,1.4325189754319e-05,0.000324973387654074
"Os06g0107100",424.09716449545,2.1188259216279,0.489083862723499,4.33223437352659,1.47603690532979e-05,0.000333064347814963
"Os07g0160300",1660.45581980884,1.37771437538965,0.318459527462258,4.32618356991354,1.51715001781567e-05,0.000340681729659806
"Os03g0272900",250.029219474898,1.15852511425322,0.267959018659177,4.3235160363338,1.53561970290554e-05,0.000344271657540052
"Os09g0540000",114.329850618735,1.49092536197026,0.344899659760934,4.32278003116527,1.54075332726698e-05,0.000344932451152863
"Os05g0203900",3148.78738748815,1.24935698941366,0.289123348116473,4.32119023784395,1.55189800715455e-05,0.000346027933297169
"Os02g0161601",144.064565255914,1.07292273940417,0.248454694681521,4.31838384370029,1.5717590527475e-05,0.000349563496796467
"Os02g0677600",2450.86924908711,1.58450126968583,0.366947528501534,4.3180595224508,1.5740698536926e-05,0.000349563496796467
"Os11g0166201",109.619373161493,1.29503399836475,0.300136348242878,4.31481893461559,1.59733770799583e-05,0.000351907006892892
"Os06g0352900",271.299050721998,1.3441612378984,0.311635351266264,4.31325018948167,1.60871893038939e-05,0.000353359581723724
"Os04g0470801",185.295524649559,1.22134592152607,0.283227439864005,4.31224432954841,1.61605705437867e-05,0.000354619615867178
"Os08g0485900",2920.47885247429,1.39539693217965,0.323958694156947,4.30732978415953,1.65237161628734e-05,0.000360800394045542
"Os08g0435900",324.93051062316,1.65506185853226,0.385140359605866,4.2972953035251,1.7289479588943e-05,0.000373558850736822
"Os05g0111200",173.625982599741,1.45753733307242,0.339574916168802,4.29224086842706,1.76878918949892e-05,0.000380960714442563
"Os06g0731300",1525.62760205222,1.07743426757528,0.251215295035621,4.28888801305871,1.79569878648212e-05,0.000383869728880454
"Os09g0482860",89.452474230402,1.24772383292864,0.290924041227078,4.28883026533633,1.79616566153358e-05,0.000383869728880454
"Os01g0352100",189.954735871045,1.05737899786824,0.24663097439352,4.28729197728873,1.80864496909195e-05,0.000385186400596753
"Os08g0266225",167.953339220325,1.65411639708466,0.385844761950136,4.28699974757835,1.8110249899337e-05,0.000385186400596753
"Os06g0664200",1894.89403968208,1.09514812104799,0.255895055965293,4.27967674841095,1.87164951804869e-05,0.000395561243473274
"Os07g0489200",300.211358152132,1.10655016269054,0.258687617890069,4.27755364449169,1.88958430969718e-05,0.000397692834610317
"Os03g0713200",136.941079956413,1.14794972617572,0.268586148414275,4.27404664370512,1.91956851425294e-05,0.000402092398051791
"Os12g0242800",98.4436401013689,1.29885436885473,0.30393043535566,4.27352518129618,1.92406543644423e-05,0.000402653429379128
"Os02g0755500",389.625339174405,3.46643512190524,0.812591635067746,4.26590057331348,1.99097438581364e-05,0.000411400190634129
"Os05g0331900",103.094848058092,2.40774941275048,0.564349372710242,4.26641638881861,1.98637890180242e-05,0.000411400190634129
"Os12g0152100",116.195699260118,1.87854237903197,0.440601075806765,4.26359008677465,2.01168341288549e-05,0.000414331929718117
"Os03g0846900",239.198194852275,1.125116722679,0.263992427199417,4.26192802049242,2.02670728320304e-05,0.000417038345328982
"Os06g0355300",52.2559501303555,2.83187314857021,0.665798815607125,4.25334662992438,2.10599195683942e-05,0.000429471854677264
"Os04g0432400",1479.98875886653,1.14289080108528,0.269073379115993,4.24750603289001,2.16163346060512e-05,0.000438285040762435
"Os03g0209500",153.060942884455,1.28420159201084,0.302847787405433,4.24041926478277,2.23102671234742e-05,0.000450704036843834
"Os07g0190800",272.584945531876,1.05034883990157,0.247804250561175,4.23862317745948,2.24894777832833e-05,0.000453496837522474
"Os03g0210200",115.931096858312,1.51344591854654,0.357509967853817,4.23329712352349,2.30289928154398e-05,0.000461434325725477
"Os06g0654900",5726.44381752139,1.05634140302705,0.249515326791897,4.2335732101462,2.30007259018077e-05,0.000461434325725477
"Os10g0368100",220.944023969519,1.08235145472612,0.255819270248274,4.23092229790076,2.32735064054482e-05,0.000464804300987939
"Os02g0700100",506.002148659511,1.28165973370743,0.303028686860178,4.22949967868491,2.34211613089646e-05,0.000466338068832542
"Os02g0592700",216.003923435295,1.03198242272092,0.24418077006396,4.22630505445047,2.37559891997632e-05,0.000472217101440259
"Os06g0646801",39.3177647326221,1.8785186861061,0.444651674267502,4.22469720641597,2.39262255521439e-05,0.000475112609820643
"Os02g0508100",62.1790246013268,1.46806993053786,0.347651170944233,4.22282463928004,2.41259530223745e-05,0.000477366153591058
"Os05g0202800",767.374574188922,3.50754134089522,0.832214509971967,4.21470822590365,2.50101311642865e-05,0.000490912512507507
"Os06g0288300",545.935530148857,1.33529458146707,0.316917628938246,4.2133805744434,2.51576634288651e-05,0.000492934359273011
"Os07g0628700",1818.16836533138,1.70826063493362,0.405542860935223,4.21228136279898,2.52804368926456e-05,0.0004949019922547
"Os01g0293000",73.5548881516289,3.2469726115598,0.771358035874643,4.20942345907897,2.56023154350695e-05,0.000499543145486478
"Os06g0612900",281.144779466067,1.59465920771203,0.379418081644452,4.20290778130697,2.63507960889715e-05,0.000512232639337943
"Os11g0181700",831.313428295706,1.01550416921365,0.241852147916745,4.19886355346005,2.68257895305269e-05,0.000519641125105333
"Os07g0420000",1112.93064589791,1.2183743795365,0.290323635187873,4.19660761945224,2.70942744601313e-05,0.000523359634610893
"Os08g0507701",301.429128896454,1.09035838177452,0.260120522222525,4.1917430138086,2.76819458456407e-05,0.000532961706928983
"Os12g0549700",444.781507323109,1.16228899055794,0.277435337063267,4.18940500824841,2.79686829970959e-05,0.00053708118841171
"Os04g0396800",17.8156208362005,2.9941812463837,0.715171399356508,4.18666245473153,2.83086336768909e-05,0.000541729868833226
"Os07g0530400",879.162130779168,1.10188106864668,0.263294926146637,4.18496886655919,2.85205188018421e-05,0.000544842801373241
"Os04g0164900",147.778559844566,1.15007591587041,0.274839128536857,4.18454214286368,2.85741435915223e-05,0.000545396649361978
"Os02g0197200",214.865732735154,1.04657018226445,0.250612951617754,4.17604188254695,2.96625228355945e-05,0.000560254165643542
"Os02g0110200",26.5723783748967,2.42708622851404,0.581596775749169,4.17314250992477,3.0042689342631e-05,0.000563230469716506
"Os11g0173800",26.7387956438983,2.11974757517207,0.508299477204074,4.17027297929136,3.04234993391434e-05,0.000569405493548582
"Os07g0468100",9229.77456167816,1.14356968615555,0.274420690527449,4.16721379119612,3.08345286131927e-05,0.000573390878283106
"Os07g0577600",5402.99586858639,1.27034408923872,0.304895869554984,4.16648507273279,3.09332137806178e-05,0.000573613045810752
"Os05g0203912",204.804994519481,1.55214427824108,0.372685066709629,4.16476112645106,3.1167871828496e-05,0.000577479372514418
"Os01g0847100",95.8009314452189,1.54555041851952,0.371389738020113,4.1615323750163,3.16119170355963e-05,0.00058472803265258
"Os03g0153400",170.533985187103,1.16313519798405,0.279673109491788,4.15890966456395,3.19770321622121e-05,0.000588531562014578
"Os03g0371350",58.0090067656223,3.03916258410303,0.732054234877111,4.15155385941209,3.30225527354755e-05,0.000603869774898993
"Os04g0635700",3444.10443201002,1.18193637460838,0.284798339892505,4.15008168606073,3.32356644178938e-05,0.000605925922568082
"Os08g0171700",251.771602210977,1.4983593680011,0.361133934656368,4.14904063066474,3.33871553905361e-05,0.000607643155759251
"Os02g0106100",48.9605285172672,2.60604689253181,0.629129423393282,4.1423064883467,3.43830441996201e-05,0.00062195668433316
"Os09g0367900",5286.71358162784,1.00343595349319,0.24232908776233,4.14079862536904,3.46098706857152e-05,0.000624529052039463
"Os04g0505200",54.9108692001432,3.09762952526817,0.748329790746177,4.13939089900384,3.48229158354963e-05,0.000627861709701729
"Os05g0480000",4502.12961402399,1.09596802229625,0.264851029989539,4.13805459748273,3.5026303360841e-05,0.000630003067243679
"Os05g0291700",3345.03789464719,1.11495164119727,0.269496358659554,4.13716774038403,3.51619068660756e-05,0.000631915405780665
"Os05g0319100",14.3609769914277,3.76155786464241,0.909449900214626,4.13608035335943,3.53288525209706e-05,0.000634400749121501
"Os06g0476200",9206.83257017773,1.09348714769009,0.265028108439063,4.12592895949945,3.6924124421004e-05,0.000656129244627167
"Os02g0595200",205.866173616269,1.1236238448769,0.272628570036333,4.12144568974247,3.76502236395515e-05,0.000666357795046611
"Os02g0695700",192.177722407876,1.17963395426771,0.28656533602062,4.11645724723255,3.84740657502782e-05,0.000677688376910827
"Os03g0251350",2662.87354794594,1.27717320483794,0.310822138898987,4.10901620252026,3.97348200784036e-05,0.000693823857536225
"Os04g0459500",18964.4009344232,1.28629880619367,0.313072418325235,4.10863024304301,3.98012722370296e-05,0.000694436539479963
"Os05g0165800",452.650941467884,1.10413533995927,0.269012956543221,4.10439465127352,4.05374943634728e-05,0.000706168892762905
"Os03g0694000",39.9825266936887,2.75110618269055,0.671102638806954,4.09938215647804,4.14254531124144e-05,0.00071880952771314
"Os02g0199300",762.935956436114,1.05670461121354,0.257858874132735,4.09799590868296,4.16742645290432e-05,0.000721995219825935
"Os04g0499200",164.814251275499,1.13442516479192,0.276906341194971,4.09678290463259,4.18931437701965e-05,0.000725219778120344
"Os02g0445300",113.810113344274,1.43476926622091,0.350370702628161,4.09500353613639,4.22161944370116e-05,0.000730241219554589
"Os02g0815400",1135.27858284652,1.1138401181639,0.272044707942938,4.09432746031411,4.23395568769121e-05,0.000731716500882174
"Os04g0412500",133.724608621868,1.75399958355189,0.428413525828888,4.09417415138394,4.23675784350728e-05,0.000731716500882174
"Os07g0201500",107.453159312112,1.90196849484225,0.465120996058427,4.08919079327765,4.3288068998619e-05,0.000740680939488735
"Os02g0815200",1086.77678501564,1.11594745289732,0.272978097230248,4.08804759143755,4.35018922120932e-05,0.00074376478414514
"Os09g0471100",2684.72616342293,1.09157194959195,0.267133436650367,4.08624230376907,4.38415927228708e-05,0.000748416888571381
"Os04g0453200",321.257685888656,1.19511354549157,0.293043768327109,4.07827660801007,4.53707679155324e-05,0.000770954852200923
"Os04g0306400",9212.44925273922,1.00077155686622,0.245702784883602,4.07309814310945,4.639186358752e-05,0.000786494832841716
"Os12g0159600",592.94129286303,1.04464221142817,0.256676066245565,4.0698855437061,4.70362402153009e-05,0.00079498427069235
"Os09g0463300",121.098764780915,1.49452114872918,0.367300296016554,4.06893532332417,4.72284539226608e-05,0.000797016157242098
"Os06g0291800",148.259194880817,1.00685146803206,0.247486132424689,4.0683146896663,4.73543995694469e-05,0.000798532948109005
"Os07g0235200",342.303186076954,1.26435208850818,0.311366802764532,4.06065154435984,4.89359614810062e-05,0.000820205240840998
"Os03g0604566",106.69619249201,1.80814894417269,0.445418336407259,4.05943984874357,4.91905771780384e-05,0.000821983825885999
"Os06g0612001",30.0098482919399,2.21391405243381,0.54531927748143,4.05984923668722,4.91044116361375e-05,0.000821983825885999
"Os02g0775300",411.91057381184,1.00714358587028,0.248196069061745,4.05785470204094,4.95255632424261e-05,0.000826334209307125
"Os10g0100300",8253.31406537817,1.05481679440081,0.260395828785356,4.05082062689374,5.10383220683484e-05,0.00084901539362532
"Os02g0460200",594.924439865283,1.50633411829525,0.372109075297924,4.04809830851136,5.16354592270562e-05,0.000856375058236892
"Os01g0508000",182.982566044263,1.50184179564284,0.371265743008622,4.04519356801515,5.2279909067426e-05,0.000864473089366602
"Os05g0508400",388.715702033717,1.07643996051003,0.26661896327307,4.03737208822446,5.40532997014372e-05,0.000884548491270895
"Os02g0129800",1048.6924331377,1.48666536184891,0.368606525785538,4.03320412920166,5.50214445188119e-05,0.000898399559801633
"Os03g0587250",39.6882276426479,2.62849970425863,0.65208847803218,4.03089426175833,5.55650383743237e-05,0.000903942332583322
"Os10g0443800",21.6176926569458,3.30399040083417,0.820157924699144,4.02848073686072,5.61384595741211e-05,0.000911930765539703
"Os09g0455300",81.4144158704065,1.38791455174043,0.34480258682662,4.02524402300475,5.69162632181805e-05,0.000919170666603745
"Os11g0121600",842.299389173651,1.11912093003396,0.278186197450339,4.0229204047183,5.74809263736307e-05,0.000925589229700769
"Os04g0221000",101.672707294436,1.14293954809592,0.284599647188816,4.01595560425147,5.92054012451191e-05,0.000945791334031878
"Os01g0834900",124.212932607875,1.30240707806933,0.324659733395779,4.01160644237215,6.03069751049892e-05,0.000961307945140075
"Os03g0685100",255.626438212485,1.04327155229798,0.260668935789885,4.00228569291017,6.27334828213652e-05,0.000993549387087159
"Os03g0753600",768.37233733768,1.18326159698983,0.295997916701119,3.99753353056406,6.4005926660498e-05,0.00100507462566673
"Os06g0230100",112.031022838954,1.99863147728768,0.500041611175244,3.99693032063934,6.41691791291407e-05,0.00100549879341706
"Os02g0696900",39.6360944877926,1.96226971386321,0.491700592813827,3.99078167189882,6.58558841916579e-05,0.00102756527969521
"Os01g0337160",152.372428950532,1.27863502364092,0.320618163102786,3.98803053222846,6.66240907375274e-05,0.00103662965075165
"Os05g0137200",572.179409836853,1.06811432735157,0.267983515428731,3.98574638310403,6.72683339004527e-05,0.00104225904890827
"Os05g0459300",115.809867263863,1.10818572155917,0.278127553939844,3.98445139958647,6.763619728277e-05,0.00104576329890909
"Os04g0136700",220.578593981445,1.13763541826956,0.285792930931793,3.98062826312898,6.87333653440825e-05,0.00105755763869585
"Os02g0815300",530.64825402238,1.42313663038587,0.357586517431302,3.97983861530593,6.89620678936548e-05,0.00106033968418987
"Os10g0516100",5359.42894642019,1.13327814690352,0.28521380496483,3.97343370894428,7.08438814689922e-05,0.00108176164110687
"Os10g0466800",140.058675245456,1.17682690794618,0.296214903439144,3.97288216859743,7.10081803320238e-05,0.00108352317073145
"Os01g0144100",552.758106399007,1.04703240515121,0.263654011033432,3.9712363982145,7.15005855494027e-05,0.00108953507546409
"Os07g0566500",27.3224206247781,3.43257875933198,0.864506365231911,3.97056505004583,7.17023751969214e-05,0.00109185852079439
"Os11g0699532",40.4520384226649,2.45710021790406,0.618880018848447,3.97023678753758,7.18012382789388e-05,0.00109209964544376
"Os07g0212200",9264.6888520325,1.27267576592197,0.320618785579076,3.9694360504278,7.20429380679056e-05,0.0010925360902476
"Os02g0107300",27.0381367445153,2.3882375212979,0.602001295341322,3.96716342602523,7.27331207097873e-05,0.00109940358779197
"Os02g0104500",115.311227259343,1.67094969868877,0.421580347163951,3.96353793512805,7.38471224229528e-05,0.00111227832487524
"Os03g0665200",102.744987715938,1.74095166386693,0.43946662083599,3.96151057059839,7.44770842239182e-05,0.00111948209219401
"Os01g0585300",1793.71937067741,1.00164562850705,0.252974717072399,3.95946931020934,7.51164961738579e-05,0.00112539307552406
"Os07g0182400",2195.8895966355,1.01708847601829,0.256876594157213,3.95944394760937,7.51244734033943e-05,0.00112539307552406
"Os01g0978400",325.341646911219,1.07276265702097,0.271050143214029,3.95780147651087,7.56427846071603e-05,0.00113239140905148
"Os02g0755600",143.425056499035,1.34636939934334,0.341233717933183,3.94559308938802,7.96026980543758e-05,0.0011812891002828
"Os12g0117600",40.908910661767,2.83119939452838,0.718234574925222,3.94188680602455,8.08431297416898e-05,0.00119489167931292
"Os12g0147200",61.3053124818492,2.02425630823546,0.513595791020564,3.94134131086445,8.10272331030692e-05,0.00119681385465981
"Os03g0154100",883.323498230173,1.00438773271183,0.255681112556384,3.92828286246736,8.55545481434042e-05,0.00125433514645589
"Os10g0148400",30.6154011783494,3.75724513941642,0.956491986645572,3.92815119402423,8.56013913687208e-05,0.00125433514645589
"Os01g0882200",190.94346833609,1.26699619855921,0.322698837527138,3.92624965205417,8.62806044652856e-05,0.00126204528091254
"Os09g0541000",1070.51427872857,1.377322323787,0.350780761874138,3.92644772315419,8.6209618442263e-05,0.00126204528091254
"Os03g0210500",49.4782532340951,3.22854349869457,0.823381084587747,3.92108048038418,8.81528127484529e-05,0.00127818692014636
"Os03g0229801",28.1558217590708,1.86587910433781,0.476031091426116,3.91965806003957,8.86746901503209e-05,0.00128155764661766
"Os03g0765900",15292.1018771757,1.07287242084555,0.274282521450058,3.91155956702441,9.17020318207922e-05,0.00131400715342
"Os04g0212450",22.7054487221779,2.93284773470094,0.749894281208464,3.91101493663162,9.19090874518298e-05,0.00131400715342
"Os02g0773500",584.063993982574,1.01052936699985,0.25920361137952,3.89859293094591,9.67532684882241e-05,0.00137674429151528
"Os10g0415200",227.258276010675,1.22074213626236,0.313113508448296,3.89872076203936,9.67022130971556e-05,0.00137674429151528
"Os06g0678500",292.600810383689,1.34961160058454,0.346432074961547,3.89574666472307,9.78966733558787e-05,0.00138855236692666
"Os07g0509800",16058.4218489257,1.20786977199777,0.310273151392866,3.89292391744324,9.90432212229636e-05,0.00139712470011616
"Os07g0491900",414.706205009496,1.06905591027242,0.274732198367472,3.89126544549573,9.97227618265678e-05,0.00140295430577894
"Os10g0475000",98.5472378959782,1.21489744210209,0.312238665116245,3.89092568548419,9.98625168649836e-05,0.00140295430577894
"Os01g0179600",1646.49582793175,1.23377815510537,0.317547577446205,3.88533323109473,0.000102189622409978,0.00142479875930688
"Os07g0562700",311.69409080147,1.0255312648333,0.264212007974247,3.88147106823874,0.000103826505537671,0.00144398448585958
"Os07g0189700",322.111409844021,1.07516472454342,0.277052731208906,3.88072234426995,0.000104146684089857,0.00144661965648276
"Os05g0147300",86.0097169583682,1.71855142580369,0.44290553368249,3.88017600844807,0.000104380902730559,0.00144805611989807
"Os05g0382900",325.239958370101,1.72383754811593,0.444377739791997,3.87921669731436,0.000104793370483368,0.00145257805002887
"Os07g0105600",5151.82363894648,1.16992705052905,0.301908306815406,3.87510719022506,0.000106577774585325,0.00147024206049451
"Os01g0339500",584.363659827352,1.18268846406202,0.305429380087692,3.87221577610661,0.000107850407427587,0.0014834025557468
"Os01g0785300",1089.91559160526,1.04100302831516,0.269009182104243,3.86976764202705,0.000108939130097915,0.00149258742543189
"Os08g0351200",859.452384881611,1.01295659050818,0.261753664733226,3.86988503691271,0.00010888668696874,0.00149258742543189
"Os01g0890600",345.229252665447,1.68555290882249,0.435690210785217,3.86869584649313,0.000109419030237537,0.00149671429986198
"Os05g0461600",19.4544743349934,2.67165501152458,0.690592441132239,3.86864212869801,0.000109443134974777,0.00149671429986198
"Os04g0480500",49.346441442436,1.62191397051058,0.419279362058778,3.86833724070398,0.000109580042025896,0.00149673763756654
"Os11g0116000",869.350406503736,1.39750357965322,0.361393377566464,3.86698723995352,0.000110188190961008,0.0015028727319516
"Os10g0544600",162.345038684953,1.27566073499473,0.330277567575646,3.8623898812097,0.000112283182084248,0.00152238942714473
"Os01g0631700",374.022968653366,1.86231301746226,0.482282716484643,3.86145502172802,0.000112713764244234,0.00152729219959093
"Os09g0481200",10519.3702538467,1.00878855745149,0.261642395191982,3.85560052953682,0.000115445875667109,0.00155954065475623
"Os06g0317200",20.4356226078364,3.02919870280285,0.786556521417963,3.8512155456317,0.000117532993787831,0.00158386975986388
"Os03g0366350",97.7462097663509,1.99857235380837,0.519895786917145,3.84417878371244,0.000120956803157066,0.00161819007776471
"Os01g0710200",61.5925031571023,1.54082690602063,0.401614159626738,3.83658511306642,0.000124756971227779,0.00165502941878625
"Os02g0257300",979.025473816506,1.59241141609455,0.415143121014959,3.83581308586147,0.000125149563771885,0.00165924340806785
"Os12g0115300",134.757460772158,1.74161019281994,0.454204924946603,3.8344150341934,0.000125863468840716,0.0016657161169171
"Os01g0495701",93.1783082738421,2.5334998048635,0.66192429918222,3.82747665857491,0.000129463656624316,0.00170622310792796
"Os01g0870500",246.581969826736,1.50221512748312,0.392682010284425,3.82552571327382,0.000130493312300941,0.00171468986804459
"Os04g0481300",415.116182299613,1.14241417239093,0.299018799667077,3.82054296807718,0.000133158203444094,0.00174349839293654
"Os01g0117100",339.051026639174,1.30482937945791,0.341870556761837,3.81673517549192,0.000135229178626008,0.00176435429814876
"Os01g0369900",278.456432531236,1.91885607950391,0.503168140241859,3.8135484464131,0.000136985657502639,0.0017820208241868
"Os04g0399600",86.1518596975642,1.33139667052296,0.349226417844988,3.81241682327118,0.000137614546427945,0.00178810074674949
"Os08g0510800",596.586105953564,1.00118313461319,0.263066017917543,3.80582464637072,0.000141332493409592,0.00182569587898587
"Os08g0547500",28.0735804110042,2.45059006443584,0.644085385875831,3.80475961444695,0.000141941969986173,0.00182929985882645
"Os11g0116200",557.29379089853,1.19985105631331,0.315697492627204,3.80063536877747,0.000144325547449157,0.00185104734134043
"Os08g0327100",856.414763103716,1.25605285998388,0.330763780578615,3.79743168307797,0.000146203052384541,0.00187006457703415
"Os09g0410700",128.65902133629,1.36063742650031,0.358400123578706,3.79642008187396,0.000146800658056438,0.00187445984430657
"Os07g0148900",4372.28433873075,1.32818289108812,0.35019474769195,3.79269791977708,0.000149019393389779,0.00189731937265273
"Os02g0757700",36.0958655065954,1.66736412424292,0.440030780535055,3.78919884244345,0.000151133907917254,0.00191542979690665
"Os05g0449900",254.534940577416,1.36174745080482,0.359603140620912,3.78680633448736,0.000152595940247468,0.0019295412410161
"Os04g0545100",381.022094419762,1.43342279540221,0.378733363811182,3.78478088377987,0.000153844064501103,0.00193886409219821
"Os01g0252600",987.087071179158,1.2873623430406,0.340803300182346,3.77743508455405,0.000158451786742293,0.00198631381817759
"Os11g0236100",4044.23387234259,1.10789381328057,0.293301079669727,3.77732606551642,0.000158521138011824,0.00198631381817759
"Os02g0199666",384.152509102453,1.38131128538639,0.366072198946845,3.77333020469813,0.000161082862114708,0.00201271763548632
"Os03g0361500",39.2223409636917,1.78111456909222,0.472723497848353,3.76777244456673,0.000164710738517828,0.00204305908208585
"Os10g0550775",86.9216054714627,1.25286542641972,0.332566780918271,3.76725968528893,0.000165049291944038,0.00204611219089191
"Os06g0141200",63.2945735759728,2.9195233602409,0.77586187958096,3.76294213838387,0.000167926064763552,0.00207712346364793
"Os09g0513200",41.3001553164954,1.48149804885328,0.393692873663757,3.7630806853735,0.00016783302322567,0.00207712346364793
"Os07g0469200",1301.02646897774,1.04153217662527,0.276850676888253,3.76207198888545,0.00016851152582357,0.00208203889132794
"Os01g0205300",435.539254287379,1.47640153469529,0.392541558505082,3.7611343377702,0.000169144552879317,0.00208753040429262
"Os03g0605300",1095.3714451409,1.20726564818351,0.320979826046977,3.76118855521724,0.000169107888746401,0.00208753040429262
"Os08g0405700",45.7859930017323,1.76369884624046,0.469092159877218,3.75981309664628,0.000170040346822583,0.00209508253700546
"Os03g0333400",1112.7649605511,1.00426660798968,0.267180149638471,3.75876205379996,0.000170756132745146,0.00210156283219027
"Os01g0617650",11.4631065266511,3.38088809812735,0.899559934784364,3.75838003383043,0.000171016999235168,0.00210360410003659
"Os06g0114366",149.43882383741,1.45675484107872,0.387931522314395,3.75518553477619,0.000173213117425532,0.00212471558610454
"Os02g0578400",118.764108959393,1.19388960070394,0.318180905154653,3.75223522644655,0.000175264897092135,0.00214869329264505
"Os02g0439200",60.4848705771399,1.25716303347653,0.335716356387557,3.74471785350021,0.000180596613455386,0.00219823508439566
"Os11g0220300",433.969718108962,1.01990135821138,0.272549561961399,3.74207667358432,0.000182505808914062,0.00221538438331483
"Os03g0651900",205.964070777656,1.41344530997537,0.377833750401247,3.74091861426973,0.000183348890067968,0.00222196375204975
"Os05g0587600",127.975507659015,1.12341699329552,0.300400936898704,3.73972533139715,0.000184221443568702,0.00223009676438197
"Os03g0760300",263.227239977511,1.06304045935333,0.284450590624558,3.73717086337999,0.000186102463893223,0.00224917830407197
"Os03g0223100",632.71140317499,1.18881166587186,0.318364846142087,3.73411725659338,0.0001883747220804,0.00227044350657711
"Os07g0537000",1001.12176207668,1.12991661592544,0.302750210308336,3.73217450377549,0.000189833914032353,0.0022805820350463
"Os03g0231800",112.320441612013,1.54371807845208,0.413857359101147,3.73007280045682,0.000191424452425364,0.00229595276335319
"Os03g0348200",55.7783030216149,3.35328647672354,0.89978813404615,3.72675116490428,0.000193963779713662,0.00231762118005407
"Os01g0375500",203.098402485493,1.77999412547388,0.477795891473208,3.72542785997082,0.000194984211322768,0.00232354436108579
"Os02g0255900",80.7412206201609,1.35499066894693,0.363978660684873,3.72272008034026,0.000197087986353743,0.00234735078314052
"Os02g0764100",55.7320080072012,1.935829893604,0.520284755659003,3.72071230715196,0.000198661650282231,0.00236101320391781
"Os09g0469300",83.0543493009159,1.35835092405364,0.365469317640389,3.71673040249639,0.000201817596639551,0.00239082044258764
"Os12g0638300",518.777857038936,1.15873734984237,0.312032937758769,3.71350972806011,0.000204404603873682,0.00241629596068724
"Os10g0578950",481.76308091035,1.46684647017561,0.395504891352055,3.70879476398159,0.000208248135192799,0.00245339922546518
"Os01g0362100",1795.75778590072,1.00562116652757,0.27158072114548,3.70284445186696,0.000213195607999135,0.0024988692200682
"Os02g0198000",39.9937759978882,1.87955274628682,0.50758686871753,3.70291838131215,0.00021313346676703,0.0024988692200682
"Os05g0487300",270.991826630105,1.35852566600861,0.367121879447521,3.70047589659609,0.000215195519743362,0.00252097566277131
"Os06g0624850",82.9588712910413,1.12994522200845,0.305402136637004,3.69986023821268,0.00021571823375967,0.00252374234137592
"Os03g0343900",956.494267766692,1.37814558175758,0.372700260690331,3.69773173542976,0.000217534602404521,0.00253870911375004
"Os03g0170500",410.061819492519,1.09481117403261,0.296229619674727,3.69581939589554,0.000219178744037631,0.00255278094252351
"Os08g0528100",143.423357738072,1.28304432054011,0.347228312029262,3.69510283606132,0.000219797808570121,0.00255864525738751
"Os03g0751100",49.3551013489792,1.40943774123166,0.3824065304857,3.68570520864672,0.000228070225277174,0.00264520841166155
"Os03g0100040",562.415192490371,1.2580788304116,0.34151834833938,3.68378108095497,0.000229799621879426,0.00265739835240525
"Os02g0223700",1102.22569017497,1.02443680033622,0.278099633557463,3.6837042438049,0.000229868937631024,0.00265739835240525
"Os05g0439100",834.806412240239,1.12933657780277,0.306618052544419,3.68320315268836,0.000230321459657002,0.00265739835240525
"Os11g0432400",669.896321364797,1.22661017982294,0.332983143131791,3.68370052695868,0.000229872291141874,0.00265739835240525
"Os08g0504500",1054.96826254539,1.32209828873914,0.358943099242228,3.68330883510576,0.000230225951170392,0.00265739835240525
"Os04g0267250",111.257424849954,1.42773306384777,0.387761119868623,3.68199128456072,0.000231419323832663,0.00266589763214307
"Os05g0217800",204.439526595252,6.40456891486969,1.73996369792528,3.68086352750143,0.000232445399481174,0.00267493429829141
"Os12g0261250",150.250125972119,1.12637571763927,0.306261388539626,3.67782475946534,0.000235231475801251,0.00270278158054775
"Os03g0839800",14.7355705713929,3.32621330294513,0.904553360556735,3.67718859714137,0.000235818690324581,0.00270646165265165
"Os04g0171800",23.7675153557415,4.08284936816608,1.11255202180792,3.66980535573641,0.000242735226174617,0.00276745656165406
"Os07g0578333",189.410985840181,1.28751347391317,0.351205197511569,3.66598638925539,0.000246387030056413,0.00279470042647492
"Os08g0546700",840.47411051656,1.17596453939443,0.320854003223247,3.66510789200346,0.000247234333752717,0.00280144083092063
"Os05g0166900",9.97139369926518,4.86973992747738,1.32930427630706,3.66337490540992,0.000248913805389564,0.00281681805742268
"Os09g0549450",215.00484333692,1.2285060830508,0.335363325244556,3.66320939284265,0.000249074765469358,0.00281681805742268
"Os06g0165500",51.3008404044466,1.45926639861848,0.398581679136529,3.66114770197109,0.000251087947812874,0.00283495066421461
"Os01g0786800",429.754913569424,1.05591659100806,0.288559576664172,3.65926718917024,0.000252937513757008,0.00284857044358796
"Os05g0224700",103.62072764016,1.13119244797244,0.309261244095289,3.65772455996425,0.000254464288286566,0.00286285254418336
"Os01g0302000",54.3300623297507,1.47305678435663,0.402990931827367,3.65531000332199,0.000256871389725151,0.00288553497712053
"Os03g0839700",18.1065835509533,3.09886576097127,0.849431229502969,3.64816556460318,0.000264119421782079,0.00294751417221624
"Os06g0493600",244.42256685736,1.46792325194634,0.402708327273471,3.64512763340378,0.000267259129473485,0.00297206649205045
"Os08g0507702",309.621862165634,1.08404675283917,0.297388969778099,3.64521506513186,0.000267168281718274,0.00297206649205045
"Os11g0173900",252.597984257307,1.32451319812272,0.363682127482407,3.64195295295833,0.000270577530762284,0.00299842698128516
"Os01g0621200",48.012902847261,1.47573166888468,0.405306318157335,3.64102803922198,0.000271551557078483,0.00300771537032251
"Os06g0335900",122.597167745721,1.32025755717168,0.362719042823627,3.63989038704444,0.000272754125464449,0.00301854805039967
"Os01g0117050",78.6119573844268,1.47222442644388,0.404751383890467,3.63735489250925,0.000275452281388192,0.00304059263138068
"Os07g0243150",1816.43750485883,1.06981506348144,0.294290748227028,3.6352317221204,0.000277730883512786,0.00305932313027691
"Os01g0307500",12.408938696297,3.29596795617521,0.907070852873441,3.6336389221792,0.000279451871605445,0.00307522062088278
"Os01g0107400",284.276946877422,1.1241147132141,0.309609999281021,3.63074421312144,0.000282605157338502,0.003102211595752
"Os08g0226666",137.112004536224,1.13485836335918,0.313607842957315,3.61871805455337,0.000296065978586338,0.00320704345982392
"Os01g0829400",98.7142065389045,1.16376007489662,0.321662026534452,3.61795915866984,0.000296935238062709,0.00321488660437478
"Os11g0438700",1774.45985237049,1.18411261499901,0.327412831057969,3.6165736424342,0.000298528414193297,0.00322740118098329
"Os03g0361100",12.1096825149985,3.22685078141742,0.893020890047206,3.61341018713106,0.000302196062128738,0.00326068372884619
"Os03g0347900",35.6207643072154,2.67469175728302,0.74181024847496,3.60562793892609,0.000311399026216497,0.00333076610601907
"Os11g0177400",110.790642491425,1.26150061133667,0.349884184776149,3.60548051677088,0.00031157586766631,0.00333104842394967
"Os02g0528550",84.9024161242021,1.36654754035471,0.379206829200907,3.60369970982432,0.000313719490200635,0.00335072997227799
"Os03g0628800",1344.69971783997,2.25205707355703,0.62520745990165,3.60209565303538,0.000315662164002903,0.00336822938466905
"Os05g0390932",1147.02213940303,1.09812475913141,0.304931240599172,3.60122090794521,0.000316726307622606,0.00337470509002508
"Os01g0368700",65.6663951646455,1.56543956553005,0.43524089567269,3.5967198420327,0.000322255237995646,0.00342701883979904
"Os07g0575500",13.0589225683669,3.16735395419098,0.881214078752137,3.59430702545764,0.000325256110742474,0.00344564749524669
"Os03g0588100",87.6347939516967,1.4279398115942,0.397785565667048,3.58972254108738,0.000331030121170961,0.00349849065052327
"Os07g0544800",3974.22613778323,1.01191682311022,0.282255072803142,3.5851147441236,0.000336930036671709,0.00354729811790219
"Os08g0469600",207.600327075072,1.3589678788411,0.379881391101987,3.57734785296775,0.000347098131071771,0.00362098841052637
"Os02g0828800",143.813546166719,1.06521890281731,0.298084064963614,3.5735519875822,0.000352171283233606,0.00365732850941617
"Os11g0246250",13.9390486330562,2.87917196521521,0.806572167210681,3.56963962093072,0.000357472654954341,0.00370196541316373
"Os02g0715300",501.850415520553,1.52184835506425,0.426596308242994,3.5674203589155,0.000360512899348329,0.00372996079648194
"Os08g0265000",592.736492780915,1.06081010788437,0.297380176818266,3.56718500619039,0.000360836731420502,0.00373156752469936
"Os02g0660100",204.184859475872,1.30379958654072,0.365546204266971,3.56671624905866,0.00036148252533511,0.00373475715979686
"Os07g0142900",2296.55841503122,1.48594544855932,0.417465553531041,3.55944445234051,0.000371640126459827,0.00380595931542416
"Os01g0221000",647.33013279583,1.24080652916255,0.349090341249492,3.55439948501971,0.000378843291464147,0.00386463350565335
"Os12g0180900",267.011123251628,1.10185064581091,0.310416626637075,3.54958643081687,0.000385836783479351,0.00392110151829069
"Os05g0197200",50.9937740415142,1.67182068455616,0.471192001207617,3.54806677590335,0.000388069821925807,0.0039323816600729
"Os03g0769800",599.88002453382,1.1259351390182,0.317685295030858,3.54418399790533,0.000393830294087297,0.00397800937107064
"Os03g0163200",463.451310846536,1.17225814603828,0.331931590511052,3.53162573117382,0.000413013464264142,0.00412473212100693
"Os07g0565400",106.669965003426,1.72652749968082,0.488941373293203,3.53115443688476,0.00041375009651478,0.00412836452768533
"Os12g0257450",375.202226844581,1.11425937136847,0.315737157166369,3.52907266717849,0.000417018604160203,0.00415349029001847
"Os07g0559100",28.8322903440504,1.7576218981198,0.498614216720576,3.52501360606967,0.00042346104080128,0.00419501159032713
"Os06g0559400",395.824006487947,1.08687609670365,0.308733145372885,3.52043864739866,0.000430833651373957,0.00424714509130489
"Os01g0910500",1624.46163542305,1.21810408562664,0.346054716325262,3.51997539164219,0.000431586839166668,0.00424854331401144
"Os08g0167000",91.4685683772502,1.16776678082102,0.331879074841263,3.51865142862522,0.000433746196923867,0.00426446471851303
"Os01g0917500",280.897394322523,1.15004549601022,0.327029499052218,3.51664146305831,0.000437043698794748,0.00429116830821043
"Os01g0234300",40.5594736742778,1.87698177148665,0.534223967136145,3.51347353722959,0.000442288467386685,0.00432158382895348
"Os09g0460300",85.7935419773831,1.69093221095065,0.482145233345226,3.50710137528189,0.000453016528858985,0.00440502370024892
"Os05g0226300",607.979360688633,1.1058495420575,0.315424111926269,3.50591315072321,0.000455043673503084,0.00442279278974179
"Os09g0527500",29.0161393408213,2.78489375594784,0.794453247053034,3.50542183102429,0.000455884349894322,0.00442707692588166
"Os02g0186800",95.578169372584,1.25541966716494,0.358186604995621,3.50493192558188,0.000456724049287826,0.00443093054908863
"Os02g0129300",1753.26643025594,1.23659131412666,0.352928816632063,3.50379809143167,0.000458672983015615,0.00443858326789718
"Os10g0509401",89.1372944215372,2.22753630112648,0.6360446793061,3.50216953871328,0.000461485863622015,0.00446190327792797
"Os07g0459000",74.8077974950684,1.63167036822195,0.466121076958579,3.50052904466053,0.000464335636234077,0.004475775063935
"Os08g0300300",321.804065481791,1.01452007789303,0.290325287926323,3.49442546028058,0.000475083252611313,0.00456149969473854
"Os01g0669100",822.014589765608,1.4336121586202,0.410342403161403,3.49369733075405,0.000476380773364344,0.00457197516387514
"Os03g0371400",50.1291465118787,2.7193634150369,0.778562470582243,3.49280053661364,0.000477983395791142,0.00458097676504507
"Os11g0286800",95.3877492028822,1.07613783300355,0.308424479798664,3.48914532888582,0.000484567623650472,0.00461851560707925
"Os07g0115500",79.1140580717332,1.40869141755345,0.403942731033864,3.48735429388221,0.000487824653570954,0.00463559040974871
"Os03g0429000",1322.49841217965,1.08025294839039,0.309826074073017,3.48664311621429,0.000489123596992261,0.00464334622539482
"Os07g0282300",129.870487763555,1.24467636253624,0.357218135244669,3.48435938641169,0.000493316598581919,0.00467173772848686
"Os02g0589700",91.3388134518377,1.15160570785404,0.330683070565704,3.48250578986089,0.00049674447879206,0.00469647252495886
"Os09g0299300",8.48657257904109,4.01639055134279,1.15561057982298,3.47555709636895,0.000509793459565866,0.00479292441114558
"Os07g0113500",321.33946231868,1.17206434468844,0.33740373342195,3.47377408305878,0.000513192930176956,0.00480855043040541
"Os03g0356582",143.584417390223,1.57722288069981,0.454282180923461,3.47190126958897,0.000516786358132662,0.00483199609603685
"Os06g0284500",345.59398309949,1.16074966718677,0.334801296832179,3.4669807977733,0.000526339489003835,0.00490115592750282
"Os07g0626500",119.93325148481,1.2286055145116,0.354711787382814,3.46367264413927,0.000532854536650432,0.00494202914903724
"Os03g0183200",13318.8233761664,1.03964546781795,0.300223203137495,3.46290845262155,0.000534370174902944,0.00495041424373476
"Os08g0392700",78.9099650663977,1.63141938590832,0.471429295727398,3.46058125936171,0.000539010528700744,0.00498505936339314
"Os02g0128000",236.226606300464,1.30183745012854,0.376408438831076,3.45857668380485,0.000543037661983176,0.00501811221785037
"Os08g0409100",147.426352655286,1.71214310213309,0.495173003126295,3.45766649498945,0.000544875442549379,0.00503057089670291
"Os10g0136400",93.1235264154385,1.9842778897852,0.574581153647184,3.45343364847575,0.000553498447675053,0.00508850610679038
"Os07g0677100",122.496182336582,1.04190810877388,0.301885685080311,3.45133327039571,0.000557824292794173,0.00511419779161731
"Os07g0622700",21.7211811291225,2.3471732969729,0.680971850508794,3.44679929900067,0.000567269830071199,0.00518576437143122
"Os03g0858800",87.4863028316456,1.10164488758886,0.319956207844241,3.44311146519511,0.000575062242802557,0.00523753727597344
"Os09g0426100",20.660775060927,2.21334240726769,0.643693161060183,3.43850539536919,0.000584934881294986,0.00531433605115378
"Os03g0275300",1668.49119131178,1.01627973560376,0.296022082338232,3.43312136573164,0.000596674945469334,0.00539443853313047
"Os05g0440300",290.925657241881,1.26774313116764,0.369346599405506,3.43239421510359,0.000598277228503323,0.00540230673584506
"Os11g0692400",406.213048978389,1.13958660874704,0.332048532080064,3.43198809405445,0.000599173862013181,0.00540379164107285
"Os12g0189400",4144.27778265158,1.02724390303694,0.299763073210427,3.42685272083475,0.000610620157135782,0.00549359646450359
"Os04g0685900",359.631009640891,1.27328949042736,0.371693516188742,3.42564353417667,0.000613344764728723,0.00550692069580643
"Os02g0706600",108.720387698454,1.21197424871854,0.354212882156819,3.42159845045378,0.00062254181798444,0.00556917106747211
"Os08g0235550",847.527114552989,1.10430274868006,0.323107496939134,3.41775650253045,0.000631395673287013,0.00563471648619418
"Os02g0665250",288.366089854675,1.29621375990824,0.379364424885883,3.41680367182072,0.00063360954901526,0.00564991905950337
"Os01g0234700",21.7313177741963,2.41067405920109,0.705775838164252,3.41563698960188,0.000636330136564421,0.0056673312766182
"Os03g0718800",33.2987255869965,2.52600952198063,0.740205830381743,3.41257717556467,0.000643517027330878,0.00571066553191702
"Os11g0439600",28.3935827520454,1.71993904816247,0.504469543118439,3.40940116529227,0.000651056638513967,0.00576140888622612
"Os04g0597000",1215.78650488635,1.12184108640637,0.329361550204364,3.40610822881506,0.000658960507594463,0.00581508353872021
"Os11g0576400",27.2365801982052,2.76437066457021,0.811707530372505,3.40562402236381,0.000660130220204408,0.00582308494244853
"Os05g0535900",164.412264154672,1.07784764575387,0.31682656000597,3.4020116423748,0.00066891788135876,0.00587252609483121
"Os01g0360200",195.216667582565,1.11366104709007,0.327692620952207,3.3984929042772,0.000677582206564524,0.00592534819461387
"Os01g0933500",134.115940999019,1.30985700862279,0.385406840442798,3.39863456268156,0.000677231389548298,0.00592534819461387
"Os04g0518800",49.3732854905307,1.40387191846578,0.413803091249749,3.39260858159825,0.000692304874391487,0.00602585378124681
"Os11g0141800",2304.83234755554,1.07738536967425,0.318452000214788,3.38319548612534,0.000716476135480141,0.00620152389197256
"Os01g0731201",182.085711340935,1.51989607028384,0.450759727785322,3.37185417550812,0.000746639695653255,0.0064071574269816
"Os01g0906000",90.100829069388,1.34258707989315,0.398185582738191,3.37176215839012,0.000746889179307145,0.0064071574269816
"Os05g0215300",1193.52750992986,1.12426695849596,0.333958262765582,3.36648942052119,0.000761315024050662,0.00650319288098214
"Os03g0118200",246.916401681915,1.64258195107476,0.488340830762199,3.36359740493342,0.000769336822429031,0.00656073263674741
"Os06g0228500",174.330395528922,1.93892446123155,0.577025943048719,3.36020327090881,0.000778851452154751,0.00661724865777373
"Os04g0387000",50.4525494293834,1.47438031610081,0.43887955473991,3.35941900272517,0.000781065438144672,0.00663351356576954
"Os01g0221600",481.147239515542,1.36552032757341,0.406935103303523,3.35562185834555,0.000791867615085113,0.00669699803880805
"Os08g0536341",70.471567424809,1.42933679942109,0.42610521433851,3.35442222090618,0.000795309080851242,0.00671328187538214
"Os01g0515300",30.7960682416651,3.24122798036537,0.966343058365789,3.35411731093376,0.000796186002541289,0.00671812282098577
"Os08g0463100",37.3387618182889,2.2723625046442,0.67970353467075,3.34316711438751,0.000828280032305467,0.00693292772889251
"Os03g0752400",26.5527835093704,2.24753415659405,0.673549666708402,3.33684992760462,0.000847336876884516,0.00704407328567332
"Os07g0287000",77.6738388109252,1.24432887684714,0.373172278686341,3.33446225220021,0.000854644995105122,0.00708980698262364
"Os03g0678100",47.103172403282,1.18436773159272,0.356019404113816,3.32669432594773,0.000878827191315808,0.00726048986676243
"Os05g0304501",89.6374928350745,1.14200766195085,0.343348993058386,3.32608420306814,0.000880753174173327,0.00727097540245027
"Os01g0388700",11.0251647547725,3.88598138435074,1.16923640786046,3.32352068258081,0.000888888310850256,0.00732447937868832
"Os11g0606500",126.796440732933,1.02896656285535,0.309679542580379,3.3226817447532,0.000891565706914813,0.00734380815357175
"Os01g0229600",120.902153563388,1.86066430648727,0.560714073896458,3.31838345621919,0.000905400964023518,0.00742187439631422
"Os12g0120400",190.38940224184,1.03475082940167,0.312239960768568,3.31396028507904,0.000919845714059619,0.00751246918295611
"Os03g0247600",192.117111311375,1.25986876884486,0.380650882806339,3.30977498214771,0.000933710006934189,0.0076088602368531
"Os01g0740350",8.1948144834862,3.93455623362101,1.18979410059034,3.30692195537767,0.000943271682300485,0.00766140070352716
"Os02g0599400",44.096185450236,2.49681284894192,0.755446941646781,3.30508035878626,0.000949491722765115,0.00770344310507233
"Os02g0194700",1077.49239461079,3.02207894424175,0.91642433238302,3.29768518518414,0.000974853671035071,0.00785695545328528
"Os02g0583000",134.112185003359,1.44445999337136,0.438060789889685,3.29739622150412,0.00097585729994582,0.00785975135616602
"Os03g0176900",85.6952285213816,1.01939396517981,0.309631151070573,3.29228490626729,0.000993768822797068,0.00798078908434888
"Os01g0305900",189.924287541997,1.31142702966702,0.399724815816559,3.2808246517996,0.00103504069967873,0.00825534442780503
"Os01g0341750",18.2426397043007,2.42959673146552,0.744932440599471,3.26149943142541,0.00110824654816414,0.00874242203937602
"Os07g0591100",45.5699153551988,1.9480703565165,0.597390318816692,3.26096740297905,0.00111032803823775,0.00874867369915372
"Os11g0416900",2019.93849640308,2.42822838732142,0.74487592890325,3.25990986297103,0.00111447626019865,0.00876264874895536
"Os09g0517000",773.348838538022,1.15488603288463,0.354253752776795,3.26005306600742,0.00111391370581115,0.00876264874895536
"Os05g0520600",374.171474123691,1.1248977973322,0.345094306554435,3.25968228384771,0.00111537081547761,0.00876656912512951
"Os07g0579100",48.8236449862433,1.28504985370059,0.394363136420181,3.2585445621657,0.00111985287220227,0.0087829699183743
"Os10g0195250",30.8647095314034,2.90128979866226,0.891249438655316,3.25530617224244,0.00113270183342993,0.00884314220520877
"Os11g0481500",507.056376974093,1.10682860449821,0.340692959572533,3.24875690383195,0.00115910489120225,0.00900482154249439
"Os06g0558300",141.336258241243,1.21699313702464,0.37475944830068,3.24739814444442,0.00116465342064821,0.00904475320469028
"Os10g0560400",37.6130878396896,1.73064914651035,0.533647531746028,3.24305659364316,0.00118254719204291,0.00913246507813818
"Os10g0377000",13.0757317905836,2.78527800403468,0.860072658612053,3.23842174977337,0.00120192986955687,0.00923704590137403
"Os04g0201800",62.7918475818048,2.24794891768352,0.694193649401012,3.23821590650271,0.00120279746418208,0.00923914881972896
"Os06g0306600",217.618673507209,3.1309233185091,0.967245532007384,3.23694782235003,0.00120815499723325,0.00926238220004895
"Os04g0269100",120.591113733685,1.26850120072686,0.392780500075623,3.229542201007,0.0012398858102921,0.0094761172680971
"Os03g0621700",25.5745804610669,2.24007136442823,0.694291985441761,3.22641109417808,0.00125353169128146,0.00956719930253803
"Os09g0475800",96.5201605412569,1.44427072280758,0.448024646417826,3.22364123124747,0.00126571866790703,0.00964027417479515
"Os07g0613800",49.4365878741839,1.2345036028925,0.383034421373589,3.22295734797275,0.00126874444190911,0.00965335762484867
"Os06g0686600",492.456959153481,1.16242192118569,0.360873578553191,3.22113335602471,0.00127684720056791,0.00970167256958615
"Os04g0470700",100.818729681717,1.03061097161182,0.320545920862147,3.21517419045567,0.00130365388787116,0.00986810281413857
"Os07g0556300",754.989518950519,1.02110646817083,0.317635979132774,3.21470656743201,0.00130577926737964,0.00987406378382947
"Os10g0154500",49.9022305624561,1.14246606474784,0.355442043251331,3.21421195505565,0.00130803079504708,0.00988167449599536
"Os08g0393900",193.102684191838,1.07203333616269,0.333931867654039,3.21033552051805,0.00132580119724085,0.0099981486063044
"Os09g0278700",313.081852793826,1.24798524606884,0.390221284014065,3.198147556769,0.00138313487821137,0.0103215333125979
"Os11g0233201",11.1795935909352,2.85498206394792,0.893712663078828,3.1945189789664,0.00140064075401082,0.0104240628351441
"Os02g0535901",77.6399197276643,1.07355492622491,0.336160027041492,3.1935829362972,0.00140518967147874,0.010447382309003
"Os12g0139300",241.542425566069,1.41845227890852,0.444829231527591,3.18875689449951,0.00142885986861662,0.0105595415056878
"Os09g0536400",165.511337136078,1.05958242501076,0.333287330736766,3.17918602746899,0.00147689273389596,0.0108529313047429
"Os03g0210000",47.6347277764028,1.35954025230067,0.428318534503122,3.17413360100755,0.0015028449868144,0.0109853056629441
"Os05g0280700",23.7288295574037,1.7094006002917,0.539087242101867,3.17091644318433,0.00151958846187719,0.0110784353422531
"Os05g0150733",22.0131725639436,2.16616093176055,0.683094263419959,3.17110104382302,0.00151862309279631,0.0110784353422531
"Os08g0485000",28.0098848571287,3.18638584294556,1.0079394160683,3.16128706958876,0.0015707361248588,0.0113684855302508
"Os02g0534000",23.8227090824477,1.67840835552861,0.531060039997985,3.1604870054523,0.00157505630607771,0.0113904578376071
"Os11g0153500",154.147296976521,1.03667270711267,0.328014125097235,3.16045141899106,0.0015752487195137,0.0113904578376071
"Os06g0233800",140.322154459002,1.00925232851742,0.319517444058431,3.15867677112756,0.00158487160807824,0.0114525594890536
"Os02g0131000",26.1267986806034,1.49522095644016,0.473541766374658,3.15752709182821,0.00159113450940895,0.0114903161033345
"Os10g0413700",91.9284237428471,1.00647027670998,0.318915873909574,3.15591150848563,0.00159997394144801,0.011535338012895
"Os10g0543400",30.3456847774871,1.62721738838411,0.515694888030281,3.15538785850552,0.00160284870311236,0.0115447863160737
"Os08g0139500",131.770997011711,1.13047622377351,0.359191436525879,3.1472805552035,0.00164796754958377,0.0117943303528905
"Os07g0645300",27.6937254151001,2.41846317667789,0.769897251217363,3.14128044080403,0.00168210878375788,0.0119831308176265
"Os03g0125600",3891.38105292258,1.11865252253274,0.356210251055858,3.14042765253638,0.001687013700607,0.0120103441624243
"Os11g0149100",15.084399666831,2.11560087951378,0.673827027262767,3.13967946359738,0.00169132783292198,0.0120300554846962
"Os11g0521000",96.7538565635068,1.30510935628497,0.41594870725803,3.13766898060187,0.00170297080182641,0.0120812164444852
"Os09g0428750",29.6431717936707,1.70576879504578,0.543799872160697,3.1367583597771,0.00170826854407292,0.0120993239797564
"Os05g0585400",17.3282154045671,2.03433632566709,0.648722923674912,3.13590941744882,0.00171322110616622,0.0121189867449286
"Os02g0690000",154.814750144264,1.11633186706653,0.356105833965415,3.13483172863421,0.00171952715181564,0.0121558271610313
"Os07g0676900",236.126244043295,1.7330206627718,0.553173187756208,3.13287176806474,0.00173105051209139,0.0122255787522219
"Os11g0590900",39.4144383018851,1.49489491696804,0.477661400095433,3.12961214087924,0.0017503724777184,0.0123227335545828
"Os01g0734600",1753.53568861881,1.31713129383671,0.421138307190829,3.12755043021978,0.00176269576944541,0.0123859684734536
"Os09g0479000",346.318970468735,1.00268880264558,0.321232179100973,3.12138343503376,0.00180003493237698,0.0125856501515341
"Os12g0152200",25.3683138864221,1.77969178192217,0.570490717472493,3.11958061264684,0.00181108696665588,0.0126296933948749
"Os05g0430900",111.096314252377,1.10515809628133,0.355110709453375,3.11215085003352,0.00185729567335925,0.01290721390579
"Os01g0201700",18.8710188130641,1.89812382851507,0.610596039110276,3.10864091303458,0.00187949995634403,0.0130410556356669
"Os03g0770800",226.180054519641,1.43943078869269,0.4632203339409,3.10744300978018,0.00188713367246657,0.0130718344368549
"Os06g0696900",19.316563784143,2.57724161877451,0.82936132180001,3.10750158107323,0.00188675976191907,0.0130718344368549
"Os11g0543500",1458.50898951599,2.1550276549352,0.693799375865463,3.10612509883995,0.00189556503876261,0.0131073408879584
"Os07g0180100",42.7932326343246,2.37826480651804,0.765818691954993,3.10551940231019,0.00189945158900919,0.0131219212581131
"Os01g0215100",220.773273909623,1.02811545919696,0.331131535873792,3.10485516422941,0.00190372219363061,0.0131428907471634
"Os02g0828900",42.9890528298863,1.62991952509158,0.525127811658293,3.10385298379928,0.00191018223186109,0.0131754968210705
"Os03g0342850",293.498317282667,1.33453677630718,0.430134482429567,3.1026035596337,0.00191826419181858,0.013210664843252
"Os06g0535400",813.015167863404,1.0145123006466,0.327992062675475,3.09310015727543,0.00198077272543309,0.0135651991691352
"Os02g0661600",17.6174849029043,1.82861400428284,0.591293006589381,3.09256829339216,0.00198432569792114,0.0135771378277095
"Os06g0289300",55.2498918539462,1.26011242881065,0.407818578700159,3.08988480325494,0.00200234140412289,0.0136832842681126
"Os12g0143800",311.022118545517,1.43195524839573,0.463524747533285,3.08927464178793,0.00200645863562166,0.013698735939346
"Os09g0457100",64.8424673654879,1.18169474894727,0.383026718555607,3.08514965588676,0.00203449754455867,0.0138730551691018
"Os04g0231800",386.843612898259,1.42801764349151,0.463160026124421,3.08320572360426,0.00204783534479367,0.0139425345538366
"Os02g0282600",121.999525675774,1.06524199257421,0.345594410165562,3.08234728699429,0.00205375078701383,0.013978259937158
"Os05g0239350",40.2243345164867,1.41761570395613,0.459987349212939,3.08185802583863,0.00205712926986239,0.013988605394356
"Os01g0857500",587.180447354189,1.2407264834153,0.402854001694036,3.07984152620536,0.00207110763584279,0.0140577541892076
"Os11g0697600",14.9565845254804,2.41281119487248,0.785592884026755,3.07132516591165,0.00213110928721456,0.0143812528888198
"Os06g0612951",304.350061451448,1.62692287091188,0.529980629447192,3.0697779890727,0.00214217944663678,0.014429569555213
"Os01g0191200",7194.04336464191,3.21076559112975,1.04612937718672,3.06918595457498,0.00214642942498774,0.0144537998475223
"Os10g0508900",32.0839640470773,3.04750068900062,0.993161298595453,3.06848514265553,0.0021514702640822,0.0144792227652212
"Os10g0377300",17.286076897361,2.63263225867715,0.859474045794265,3.0630735989756,0.00219076171612378,0.0146897804835544
"Os06g0140700",60.1023852097716,1.48688998230213,0.485912720885426,3.05999394210699,0.00221341468468302,0.0148147565095425
"Os04g0457000",25.5177738689912,1.90554719936719,0.622960363869706,3.05885785016933,0.0022218254730989,0.0148620658005688
"Os06g0222100",18.3983991959259,2.00298253388529,0.655008927081423,3.05794692418949,0.00222859044425317,0.0148938186013309
"Os05g0390800",198.400492809463,1.01607334505243,0.332410208279238,3.05668514307145,0.00223799221570512,0.0149279963837877
"Os11g0119100",394.634141565013,1.12652547096762,0.368551792911769,3.05662729807235,0.00223842409982273,0.0149279963837877
"Os02g0223300",41.8501154806222,1.55695740391573,0.509730184106712,3.05447362636423,0.00225455836658657,0.0150129855021333
"Os09g0243200",22.6155674571414,2.01653649040535,0.660567756214516,3.05273224651688,0.00226768177248958,0.0150731738591089
"Os06g0622000",118.871880852289,1.03101202233539,0.337905170974153,3.05118746588894,0.0022793821040862,0.0151327733632901
"Os01g0111100",878.284458864333,1.04834150822205,0.344486797945028,3.0431979236236,0.00234078320547993,0.0154339728864
"Os11g0151700",647.351186656938,1.39214936889864,0.457607823947672,3.04223244456116,0.00234830478033508,0.015455950101486
"Os06g0119100",111.219278436521,1.28700322190866,0.423988793074475,3.03546518901171,0.00240164945714413,0.0157555320387046
"Os06g0246200",109.311673368062,1.19151475896136,0.393362610351677,3.0290493493932,0.00245324605724625,0.0160228085408523
"Os05g0568600",23.8018519275272,1.74994606629696,0.580537406138431,3.01435540206979,0.00257525936385514,0.0166235619752527
"Os05g0149500",142.400574389658,1.50935471371205,0.500852539957627,3.01357104795704,0.00258192577920407,0.0166520299089302
"Os11g0118600",44.3696074812088,1.27175708483767,0.422056144892008,3.01324148511822,0.00258473151849389,0.0166604354729713
"Os11g0125900",58.2621281507771,1.17996209894678,0.39221318074337,3.00847130305609,0.00262565597866538,0.01688978763034
"Os08g0518900",12.641727609532,2.40032062902104,0.799412629456902,3.00260533868692,0.00267679316968652,0.0171440201243938
"Os01g0945300",43.5682760053934,1.33531590412551,0.444906771755073,3.00133868238945,0.00268795418664077,0.0171856753238271
"Os12g0267800",17.5097966222482,2.0440910758661,0.681290848491867,3.00032075932179,0.00269695431742116,0.0172151242714988
"Os11g0471300",62.749778671855,1.8690550821786,0.623334732540195,2.99847735832381,0.00271332316409829,0.017287967820518
"Os06g0476900",190.091926282061,1.02191994794011,0.34212476725048,2.9869803234442,0.00281747855781165,0.0177808504862118
"Os12g0289833",6.36595830814743,4.19870767417932,1.4061808385455,2.98589453012481,0.00282750144255784,0.0178206274543406
"Os06g0165900",33.7574661229544,2.0504567052871,0.686867614019981,2.9852283954495,0.00283366658989253,0.0178391276561873
"Os03g0684800",40.4005830456342,1.48805435670701,0.498587085976515,2.98454251736697,0.00284002728775496,0.0178690094282986
"Os06g0146100",73.8247624125872,1.16324437214922,0.39021670612021,2.98102145270754,0.00287288666709958,0.0180161789397595
"Os03g0416400",12.032449641139,2.29347200615558,0.769522364130589,2.98038382386295,0.00287887414958626,0.0180416508763061
"Os09g0463232",38.5685135891813,1.2527392467899,0.420386434397747,2.97997067527785,0.00288275978988178,0.0180506743517456
"Os07g0241050",8.81037127300826,3.64620006932027,1.22764427093425,2.97007867478214,0.0029772349010583,0.0184698677344723
"Os09g0560200",103.923481012343,1.04332421759778,0.351278087709573,2.97008055469823,0.00297721668133674,0.0184698677344723
"Os01g0757600",73.7892121295797,1.36954631944343,0.461545437556149,2.96730550884673,0.00300422282936985,0.0185852186826146
"Os05g0549800",578.857027969263,1.01274147453197,0.341293172721726,2.96736517304349,0.0030036398472388,0.0185852186826146
"Os06g0548500",35.0938079699123,1.37168950152581,0.462367323784524,2.96666617852314,0.00301047624328516,0.0186187023750214
"Os11g0444900",129.540522505812,1.09771541634029,0.37018025738482,2.96535375520895,0.00302335053214261,0.0186604404916426
"Os05g0178300",159.313132885017,1.14024885277556,0.384950665725399,2.96206489376211,0.0030558337114116,0.018841329491608
"Os02g0176300",48.0096850141353,1.4311480673058,0.483242457349958,2.96155283034119,0.00306091976066439,0.0188548865720161
"Os03g0386800",13.3621942472185,2.20662818686481,0.745281850994336,2.96079689035871,0.00306844221561075,0.0188770155865067
"Os01g0888200",69.8963724361284,1.27713993864031,0.4320613230163,2.95592285309029,0.00311735054101754,0.0191088755062761
"Os09g0449400",51.1634825366914,1.22839675620675,0.415591023250787,2.95578269857257,0.00311876737012169,0.0191122691231288
"Os04g0219800",30.6911758690423,1.63309754844588,0.552758064812198,2.95445268446826,0.00313224179934685,0.0191842228711864
"Os07g0677400",54.737556844741,2.36829749513851,0.802468030007002,2.95126709922368,0.0031647311525624,0.0193297413652094
"Os04g0412200",46.1146276289338,1.1932006578433,0.404413122755042,2.95044990062312,0.00317311500954449,0.0193542532854888
"Os07g0226200",280.865008962655,1.11881915589818,0.379562889504707,2.94765159301568,0.00320197716082433,0.0194659462706786
"Os11g0160550",62.6694205899777,1.00814448677634,0.342135753254866,2.94662126710081,0.00321266421236194,0.0194946527479939
"Os03g0730100",85.0888851163288,1.10367986657061,0.375554212753855,2.93880305183523,0.00329482369830525,0.0198613371914447
"Os06g0233000",242.026208329701,1.29901685493108,0.442274385324033,2.93712884588456,0.0033126643891857,0.0199441524301704
"Os01g0598600",59.1146830317822,1.36403403235581,0.464554555627157,2.9362192574225,0.00332239400027442,0.0199731538311365
"Os07g0195350",110.717562603466,1.06764935522186,0.364275057798879,2.93088788914918,0.003379947363132,0.0202696139130838
"Os11g0171700",246.217785435168,1.07884618186504,0.368883301862872,2.92462731822457,0.00344868970792182,0.0205870689736039
"Os01g0976200",12.1847377147331,2.31759459314113,0.794177478893001,2.91823257991602,0.00352021676535287,0.0209125622220762
"Os05g0541800",57.6625059664761,1.26458269827483,0.433790851371021,2.91518987613051,0.00355472200380413,0.0210875600646518
"Os01g0388000",182.843044943442,1.5266601864018,0.524237541860654,2.91215348863283,0.00358946207995204,0.0212554907494566
"Os08g0193100",62.079700193435,1.17903678566246,0.405196633064452,2.90978919727332,0.00361672607387596,0.0213712121701862
"Os09g0482000",46.9136602261238,1.08606032646266,0.373525164502055,2.9075961399026,0.00364218370462875,0.021504423841116
"Os07g0576600",62.7531675221292,1.0877089927537,0.374487338306179,2.90452808811494,0.00367807199627995,0.0216519975559559
"Os01g0666400",12.8164167209151,2.03500689250522,0.701322072378517,2.90167238798508,0.00371176492538978,0.0217989886506777
"Os02g0762200",92.0763006863638,1.40774563267537,0.485174361240413,2.90152519411018,0.00371350916983061,0.0218034490928718
"Os11g0236200",291.681514871579,1.01512296120354,0.350761614938638,2.89405373327729,0.00380303075611372,0.0221824239877062
"Os07g0297500",20.7535816251379,1.63853501839144,0.566593905210074,2.89190371326697,0.00382915279992404,0.0222756889498471
"Os09g0458500",11.801955442921,2.44008580168912,0.844045683345015,2.89094044296143,0.00384090901658886,0.0223264811069294
"Os03g0785800",82.0869926102184,1.37540808382048,0.475840007762028,2.89048432537084,0.00384648712830791,0.02233268718151
"Os08g0199200",29.2491687115178,1.58931620756732,0.550043813826518,2.88943565515416,0.00385933981398708,0.0223865975429625
"Os11g0267400",37.8514778257489,1.47064282261511,0.510394846317022,2.88138258688773,0.00395934719498069,0.0228100128224044
"Os05g0101600",82.2784620506066,1.66352587132435,0.578055991394084,2.87779366720594,0.00400466976677654,0.0229982158656176
"Os09g0556700",15.3516823033024,2.67505737834944,0.929571388606569,2.87773205063826,0.00400545198611228,0.0229982158656176
"Os06g0161900",66.2157692341653,1.14780730809605,0.399218498060713,2.87513558031945,0.00403854039959202,0.0231369979536704
"Os12g0605100",62.2757527384623,1.13837809573339,0.396873812814386,2.86836283719681,0.00412602057586709,0.0235085490402144
"Os11g0506150",7.41632010055973,3.7216884870876,1.2978237157332,2.86763790950226,0.00413548526228137,0.0235442990980128
"Os01g0770200",133.473213941371,1.29982372085158,0.453463019287185,2.86643820017523,0.00415119200441369,0.0236215734180734
"Os02g0652000",129.82527964273,1.14783822230203,0.400902829608034,2.86313325207577,0.00419474111793002,0.0238142982287407
"Os12g0274700",3261.29118464406,1.04384253401364,0.364982673972481,2.8599783180183,0.00423669973174,0.0239909894528019
"Os03g0780200",8.4759309655037,2.93721161652652,1.02740939176664,2.85885221613165,0.00425176811133784,0.0240640076056061
"Os06g0180666",34.6390666681073,1.94146295234061,0.679296220327517,2.85805057387859,0.00426252449159062,0.0241063996853916
"Os12g0160500",143.584056674315,1.03795224824819,0.363569554667627,2.85489319697597,0.00430513038867234,0.0242667749326869
"Os11g0592900",56.0649457607894,2.38726530383594,0.836357341608797,2.85436043311805,0.00431235750340702,0.0242951418531641
"Os09g0376400",13.8290131140995,3.1910239688484,1.11801263152752,2.85419312703879,0.00431462933331094,0.0242955768232038
"Os01g0813100",53.9435469541622,1.1811225176827,0.413894330453106,2.85368131616997,0.00432158589298811,0.0243038438548767
"Os07g0222900",40.9019936123687,1.08051871743562,0.378631626394726,2.85374660253334,0.00432069795187141,0.0243038438548767
"Os05g0382600",271.393788678761,1.59599697663968,0.559757395161394,2.85122981926752,0.00435504798274734,0.024446788046454
"Os04g0610900",24.105513213325,1.55000378617588,0.543686658607196,2.85091377843747,0.00435937888065798,0.0244570835024557
"Os04g0345100",110.716799236889,1.11465820316472,0.391142752495514,2.84974781215589,0.00437539061225022,0.0245140309518569
"Os02g0577900",22.2609448490296,1.93335442107359,0.679397061579003,2.84569146734346,0.00443151090674223,0.0247772936833787
"Os02g0438601",159.920239620788,1.31931736135827,0.463730382961902,2.84500953535033,0.0044410093601212,0.0248181426341955
"Os12g0572500",51.7420796871767,1.40881986375251,0.495491726956407,2.84327625893228,0.00446523481426963,0.024921795821211
"Os04g0106500",26.3873011564222,1.67026160227348,0.588113839083606,2.84003111519373,0.00451091336492978,0.0251008124686882
"Os07g0617600",61.4336258416419,1.13180500560201,0.398665864933968,2.83898147585191,0.00452577841568103,0.0251582374847084
"Os10g0513200",80.3339218832131,1.11829679526371,0.395302047553,2.82896787959029,0.00466983855722552,0.0257453268882009
"Os08g0221300",184.624571130636,1.22477719830215,0.433145384921517,2.82763534124707,0.00468931888445862,0.0258209921464308
"Os04g0295400",280.95085838516,1.14744168642632,0.406198092261445,2.82483278057294,0.00473052968023068,0.0260091029674665
"Os01g0873300",116.829889553166,1.27967395513289,0.454524548687436,2.81541219022889,0.00487147076673134,0.026664829232682
"Os03g0642450",101.611939413767,1.18384760998136,0.420634004938953,2.81443629397764,0.00488628614863008,0.0267327061074422
"Os06g0531751",22.2700085105405,1.82259480097237,0.647641826260734,2.81420181197286,0.00488985196007946,0.0267456057925196
"Os08g0216600",98.8814409573052,1.01833577493328,0.362077368904085,2.81248115013519,0.00491609048220392,0.0268442609243783
"Os02g0318450",176.090585853667,1.11492248153899,0.396795129685233,2.80981896734325,0.00495693734511579,0.027019091520977
"Os11g0235200",48.6125724553777,1.18047254877894,0.420383144256378,2.80808725303935,0.00498367219209116,0.027138092967312
"Os11g0673900",15.1198082058306,2.5709344867283,0.91703369188179,2.80353329380149,0.00505460132400428,0.0274097300795442
"Os03g0221700",17.5238032043918,2.01559243745925,0.720558161611026,2.79726543233205,0.00515371744014676,0.0278894374559621
"Os02g0575200",42.7990885533132,1.11713842715677,0.399605310058744,2.79560456039122,0.00518027416739129,0.0279985242487823
"Os02g0590700",23.9796960962534,1.430721780634,0.513528929624533,2.78605877507247,0.00533531968435321,0.0286445408051606
"Os03g0197900",28.4283160218292,1.3102426510347,0.47094245631485,2.78217143828446,0.00539965083722248,0.0288567871559119
"Os01g0227800",1422.83893913023,1.94241853510993,0.698253877382595,2.78182276966522,0.00540545500762613,0.0288669028759889
"Os06g0484950",97.7803527439732,2.01120670374498,0.722976737619203,2.78184151590822,0.00540514280193104,0.0288669028759889
"Os08g0536350",53.2770578112799,2.05765172157584,0.740336189120139,2.7793477501367,0.00544681800661718,0.0290330856172861
"Os05g0552000",17.8340786592895,3.01308760541123,1.08645665424767,2.77331598424207,0.00554882124852041,0.0294478550487753
"Os03g0292700",38.518498025532,1.3478434912376,0.486839502793457,2.76855818704882,0.00563049305409942,0.0297884699428472
"Os06g0696600",1065.36007708537,3.84345941687844,1.38960833524027,2.76585806187892,0.00567732397453493,0.0299717763758173
"Os01g0635200",296.102350503195,1.15600899763466,0.417970749479742,2.76576530552333,0.00567893896287656,0.0299731555606794
"Os01g0318202",116.780956538003,1.43268858633562,0.519304159948125,2.75886214059739,0.00580029983610899,0.0304901326380079
"Os04g0604250",34.8115443050054,1.68261652242862,0.611244148438779,2.75277321954951,0.00590928148058536,0.0309099101073469
"Os03g0606100",79.9685654140449,1.25226876895953,0.456674343041116,2.74214829022437,0.00610387784585764,0.0316649389374728
"Os01g0873100",54.1197737620172,1.25638067804995,0.45849977604964,2.74019910952787,0.00614019744292583,0.0317899578538519
"Os04g0579200",41.4075085139179,1.05206183323703,0.384079394367483,2.73917801544549,0.00615930133678949,0.0318628717051065
"Os06g0654400",124.562617688472,1.05584256306477,0.385855106363785,2.73637058484156,0.00621210241913179,0.0320536377678856
"Os07g0539950",85.348236951375,1.32678545675436,0.485105954451705,2.73504261198766,0.00623722011760175,0.0321457845958614
"Os06g0313000",58.7122667015772,1.25735522076956,0.461118808340753,2.72674893764128,0.00639616852461237,0.0328046252729772
"Os09g0414701",39.2077507136251,1.76401119316067,0.647435515145487,2.72461295664986,0.00643769050179172,0.0329260580734975
"Os02g0629200",38.3244397051642,1.34181411409299,0.493624487152097,2.71828920367063,0.00656204538851733,0.0334231071882131
"Os11g0114150",64.0368194320959,1.77326038786123,0.655113062467495,2.70680053483015,0.00679350613304445,0.0343178232470311
"Os01g0123900",2526.44316818413,1.06338644897746,0.393536355796205,2.70213014201956,0.00688967892246033,0.0346849433884025
"Os12g0620100",19.9777778138028,1.93367069619906,0.716490205106344,2.69880967306743,0.00695879614772339,0.0349613581816981
"Os06g0201000",86.9004312405721,1.17151983946539,0.434672480734192,2.69517830410292,0.00703509735711375,0.0352806547188801
"Os03g0431600",70.8574226871783,2.1285659431433,0.79029210565086,2.69339137759737,0.00707291880950906,0.0354457723814334
"Os03g0365250",19.4932432143509,2.5653438561435,0.953039561894912,2.69174959646257,0.00710782898767773,0.035543403633754
"Os03g0843800",341.2719285456,2.83827299585372,1.05702252126348,2.68515848882868,0.00724954200983196,0.0360944703484797
"Os08g0436500",10.6340854004796,2.12476944434561,0.791492983379561,2.68450825081626,0.00726365904327234,0.0361403763768748
"Os01g0206700",8.55714578590483,2.64055352614582,0.984083323932599,2.68326214043911,0.00729078175526123,0.0362135031097895
"Os06g0537600",21.1952423382307,1.51481386058513,0.565576168609256,2.67835517948013,0.00739847182731885,0.0366100886893304
"Os07g0173601",39.0633233578952,1.61395057210702,0.603525562051848,2.67420416563627,0.00749068329599734,0.0369571374268686
"Os05g0459600",12.8240877216543,2.14610770632061,0.802852728255056,2.67310258879611,0.00751532636515432,0.0370511781453756
"Os01g0329900",40.3158058292314,1.8265653355044,0.683485451978691,2.6724275260234,0.0075304639077245,0.0370919033937082
"Os01g0104900",44.0296456758207,1.1563032445669,0.432777258238586,2.67182071736643,0.00754409425323508,0.0371186201913062
"Os05g0532500",47.3018978552459,1.67867663075973,0.628768996630258,2.66978276562014,0.00759003347578893,0.0372701111526819
"Os06g0507900",90.0911606936101,1.33524727589821,0.500267412903385,2.6690670658496,0.0076062260839517,0.037341341845848
"Os11g0644500",59.0602738996269,2.05965690842289,0.773462143246538,2.66290590484192,0.00774690735622653,0.0378390195839867
"Os08g0540400",30.5804969001582,2.31870138198817,0.871636245836303,2.66017090622874,0.00781010098017951,0.0380553357839248
"Os01g0639900",58196.1619086976,1.68891069676121,0.635245948516398,2.65867212645058,0.00784492663733632,0.0381998066147489
"Os02g0179450",25.1930170401923,1.32174648466275,0.497543004059361,2.65654722080074,0.00789453938845095,0.0383738741162881
"Os02g0554100",38.523042465622,1.28684920047288,0.485040734969218,2.65307448982517,0.00797622663884529,0.0386521413899482
"Os02g0760600",41.5689193276004,1.09099087092341,0.411737445365693,2.64972468062608,0.008055738821756,0.0389777345394448
"Os02g0297200",69.7337145356516,1.77698485567309,0.670720771913051,2.64936607018256,0.00806429283035657,0.0390105981116287
"Os04g0519700",79.2729674510316,1.00079773852427,0.37824289214116,2.6459128758744,0.00814707967866869,0.0392310768084827
"Os09g0107900",117.625994936639,1.05030877326091,0.39694749701149,2.64596396543219,0.00814584933478207,0.0392310768084827
"Os12g0287800",39.2650692013836,1.10147262145078,0.416385279137776,2.64532075613153,0.00816135130579463,0.0392656408651888
"Os01g0897300",25.9460084495969,1.48682538568709,0.562097165628141,2.64513944671037,0.00816572580738766,0.0392732788708583
"Os09g0391800",39.229324067007,1.11319681222974,0.421179484788761,2.64304614168957,0.00821638374000019,0.0394276012976472
"Os01g0973200",34.1768327856317,1.7150494565817,0.649978441712463,2.63862513972486,0.00832429710293128,0.0398676378990782
"Os10g0570001",69.5134356189454,1.12951448533363,0.428868291343365,2.63370948175161,0.00844577186070701,0.0402656365533364
"Os03g0389000",54.6644499619614,1.09917621978409,0.417624876176807,2.63197017822938,0.00848913139633398,0.0404036668629043
"Os02g0810200",42.5508632078645,1.14770733595742,0.43617255842539,2.63131486332086,0.00850551946371467,0.0404729650647123
"Os12g0610300",89.146893866953,1.65789196051219,0.630220684869859,2.63065303998161,0.00852209899931536,0.0405083284550969
"Os08g0132700",43.2164527679651,1.22767098813804,0.467205935057914,2.627687056214,0.00859675622350993,0.0407687152617986
"Os06g0119800",99.9981106534453,1.04241062820489,0.396732797958175,2.62748790513354,0.00860178996935522,0.040782062464988
"Os07g0241500",81.7368911818024,1.3722147167476,0.522770992167373,2.6248868764858,0.00866777596176629,0.0410293686619396
"Os07g0605600",35.7795708537111,1.15478020155899,0.440939990501141,2.61890557997824,0.0088212359881851,0.0416175124684437
"Os03g0567100",24.8160987316743,1.74826900042293,0.669089033698413,2.61290936238981,0.00897751072619246,0.0421929664590591
"Os08g0487100",18.9086879590488,1.60667301738042,0.61574909282751,2.60929822893055,0.00907281334332092,0.042547420782885
"Os04g0337000",394.25765654529,1.12203501540619,0.430950820414775,2.60362659090954,0.00922431953799521,0.043105879884076
"Os04g0414700",1410.61994167666,1.75552559727605,0.674906283512219,2.60113980290756,0.0092914580736281,0.0433373021293869
"Os06g0542200",22.6897784496175,1.69686378186505,0.652967575791917,2.59869531776842,0.00935787913687735,0.0435667853435539
"Os11g0220100",78.6171398152523,1.28690420877987,0.495802362345045,2.59559918733156,0.00944261444544112,0.0438667491474007
"Os10g0516400",11.5791880694803,2.15174449865347,0.830293693047476,2.59154624041018,0.00955457004790987,0.0443217547518903
"Os02g0598800",36.2577065445522,1.73759969510812,0.670671589299761,2.59083539966606,0.00957432733225349,0.0443855070065797
"Os07g0532600",23.4660457996777,1.77347064557088,0.685298517706403,2.58788046340219,0.00965684858215637,0.04470322366178
"Os01g0625900",15.3833263093441,1.99680828384481,0.772479147668446,2.58493486830256,0.00973973942071702,0.0449537986044381
"Os11g0294800",14.818152802364,1.7635895784896,0.683343304081818,2.5808251400945,0.0098564491909014,0.0452876923187294
"Os06g0683300",302.735134218369,1.14474229128981,0.443840673836873,2.57917392156479,0.00990369100052418,0.0454084950181416
"Os10g0498300",789.736561643244,2.17110417033439,0.841922649971202,2.5787454113613,0.0099159837149015,0.0454350112267722
"Os06g0691400",62.5596088988704,1.01909068569032,0.395557803806108,2.57633821374399,0.0099852922214137,0.0455468387050516
"Os08g0476300",398.195262256331,1.14007133842662,0.44251350855146,2.57635375281213,0.009984843437284,0.0455468387050516
"Os08g0506400",35.1028236169996,1.34635265128575,0.522990439441481,2.57433511160082,0.0100432945092603,0.0457184616632624
"Os01g0909400",161.183841364038,1.38578465744192,0.538756308555557,2.57219198260026,0.0101056835275973,0.0459068401691693
"Os08g0500600",42.321586711891,1.00963762241214,0.393924355250337,2.56302411606542,0.0103764840761086,0.0468225061108016
"Os01g0117700",47.4058541029789,1.0385630589425,0.405373319614493,2.56199164742802,0.0104073821399029,0.0469200022595917
"Os03g0684300",79.8096440626991,1.06039853990453,0.413895345500107,2.56199677390248,0.0104072285209902,0.0469200022595917
"Os12g0442700",22.7821373223263,1.34039473051536,0.524362160459326,2.5562384771266,0.0105810574787841,0.0475203232530953
"Os12g0596201",35.378844591548,1.69584164889092,0.664070430767406,2.55370751402255,0.0106582746456895,0.0477798864001239
"Os03g0248400",11.0211450264794,1.8831657685868,0.73747535460285,2.55353044252026,0.0106636956295889,0.0477945111203904
"Os02g0805100",29.5763065923602,1.31716544967667,0.515947746410203,2.55290474440693,0.0106828708090302,0.047870763526156
"Os06g0318533",182.991153577319,1.39952913822717,0.548447986833546,2.55179920762828,0.0107168261069329,0.0479743725906997
"Os12g0566600",35.4592899280448,1.04541638197998,0.41111865790951,2.54285803348308,0.0109949891912603,0.0488051434810935
"Os10g0554200",2933.71097666802,2.03525517373407,0.800759635644784,2.54165555197503,0.0110328841011872,0.0489258225180879
"Os02g0675700",24.1371901515373,1.83645682702008,0.722853609938255,2.54056533960859,0.0110673412178844,0.0490189107667524
"Os07g0563400",873.212718475867,1.88021271435355,0.740155966205088,2.54029258724176,0.0110759767325103,0.0490270293551601
"Os11g0498600",97.1412391119008,1.18097630652577,0.465178192888506,2.53876111258042,0.0111245754552904,0.049202801669114
"Os05g0555100",8.07743157669476,2.30795882581472,0.910401683654952,2.53509947010319,0.0112415400316295,0.0496097292431827
"Os10g0436900",76.197346950577,1.25255524236328,0.494609234148109,2.53241378422832,0.011328022384027,0.0498812343771206
