"","baseMean","log2FoldChange","lfcSE","stat","pvalue","padj"
"Os10g0517500",7808.68655324466,-2.4400057647276,0.232346531343781,-10.5015803361289,8.49459327606482e-26,9.40393948626756e-22
"Os03g0277700",229.012756773283,-4.29208982789246,0.513664667469201,-8.35582063496671,6.49793806136354e-17,1.19892372180542e-13
"Os07g0538000",100.989290539399,-5.42909100567133,0.649376632345749,-8.36046561463072,6.24712048745719e-17,1.19892372180542e-13
"Os09g0396900",62.9774366334837,-5.75688891750452,0.702389173219682,-8.19615269853251,2.48203007651287e-16,3.66364186160476e-13
"Os02g0173200",4139.15998196038,-1.13093103565543,0.14041449456922,-8.05423285626623,7.99788312076158e-16,8.85405650883911e-13
"Os04g0486950",2942.56129667265,-1.66594985267536,0.212345610392454,-7.84546405078199,4.31355403408336e-15,4.15245216820172e-12
"Os04g0654400",248.528996776379,-1.82322230644405,0.232685531612309,-7.83556370613464,4.66743925844444e-15,4.30590719255076e-12
"Os04g0659800",209.20321237521,-2.13831228656556,0.273974172092697,-7.80479513901801,5.95982759362428e-15,5.27826171001741e-12
"Os06g0203600",643.706848796847,-1.41958805595479,0.188380737273932,-7.53573893221636,4.85577197943776e-14,3.58372157989105e-11
"Os03g0738600",490.015234186191,-3.75325633198732,0.500982325390263,-7.49179390523117,6.79385463820453e-14,4.70071048576521e-11
"Os12g0547600",12272.4965726076,-1.08128054360124,0.145717627162797,-7.42038258963154,1.16782493721109e-13,7.60494468670316e-11
"Os07g0628500",132.60586076546,-2.08321780432926,0.286404154665927,-7.27369966667979,3.49773169646093e-13,1.93608193728354e-10
"Os03g0701200",816.636452716092,-1.68317578383669,0.238207609870932,-7.06600341084269,1.59459497891296e-12,7.11530184273555e-10
"Os10g0418100",173.467660064763,-1.86177021366882,0.26615114239231,-6.99516145951592,2.64953620898743e-12,1.0666069309671e-09
"Os01g0714800",188.085415094232,-3.76167184533203,0.540064877594386,-6.96522214532384,3.2788595016908e-12,1.296379075481e-09
"Os02g0191300",2499.49417710197,-1.60950236562046,0.235119789497,-6.84545681613496,7.62322135504559e-12,2.67913879400102e-09
"Os02g0526400",26123.9106382701,-1.4485212083187,0.214255920223851,-6.76070564027036,1.37321268973831e-11,4.53795554679043e-09
"Os08g0206400",206.050623698319,-1.60422006655051,0.240878872527358,-6.65986206975588,2.74084685489039e-11,8.42848475196223e-09
"Os05g0542800",365.778186882729,-1.04055408265334,0.157958277217504,-6.5875248893765,4.47219033553252e-11,1.33809143539224e-08
"Os01g0837000",3073.26597249604,-1.20772507331849,0.184907431736693,-6.53151180553024,6.51090890219042e-11,1.89681623688682e-08
"Os08g0542700",143.492919200563,-2.07887257588901,0.318914999446101,-6.51857886740871,7.09766162931048e-11,2.04090033940991e-08
"Os09g0450300",923.731285638876,-1.24160875977225,0.191720388124821,-6.47614357511053,9.40965164882144e-11,2.63720376147539e-08
"Os11g0112200",484.136920762976,-2.27234759309938,0.352149659912129,-6.45278940114949,1.0980991081478e-10,2.96500150652444e-08
"Os12g0131100",891.269942344074,-1.03643623798477,0.160792196035759,-6.44581182132912,1.14983257308754e-10,3.06728228924473e-08
"Os03g0388500",4658.31815623482,-1.21734396294098,0.189709283918867,-6.4168918768446,1.39084629286205e-10,3.6229091494422e-08
"Os11g0106700",9135.86079917414,-1.84415520705808,0.288078766323322,-6.40156590016881,1.53791406585846e-10,3.86942674229228e-08
"Os12g0106000",6374.50386185364,-2.01369732939131,0.314676924693114,-6.39925323839728,1.56138695964384e-10,3.8843447947724e-08
"Os01g0124401",224.104988381211,-3.02514468042749,0.476257657208829,-6.35190770087928,2.12660917360608e-10,5.11796236008829e-08
"Os06g0561000",142.594851113832,-3.36982688245895,0.532261216027923,-6.33115241348369,2.43336823958763e-10,5.55435115388759e-08
"Os09g0492700",1296.35708014099,-1.58931067614429,0.250994337158518,-6.3320579027269,2.41912661347877e-10,5.55435115388759e-08
"Os05g0363500",466.85355267248,-1.02611317241561,0.16255536443082,-6.31239194109958,2.74755302642893e-10,6.14480520789525e-08
"Os07g0204100",953.239528455071,-1.06293912651329,0.168510664982871,-6.30784482763352,2.82947675172032e-10,6.26474447598397e-08
"Os05g0401500",540.378251468863,-1.06675140412291,0.169559840302299,-6.29129752788788,3.14823255398075e-10,6.83382519389097e-08
"Os09g0364400",99.4487432861878,-1.85289555102309,0.294483618915317,-6.29201569122225,3.13369797293756e-10,6.83382519389097e-08
"Os01g0885700",54.3356862435702,-3.23202295036417,0.515588014223744,-6.26861536963815,3.64272681041032e-10,7.83044799119367e-08
"Os08g0190100",641.969639855025,-2.0998081940565,0.337395782537748,-6.22357570169559,4.8595017439513e-10,9.96242852896535e-08
"Os03g0277600",270.185812473995,-1.67481114561791,0.269276153119062,-6.21967866897366,4.98174053617951e-10,1.00555943786457e-07
"Os01g0214500",376.427494518049,-1.50504764506155,0.244286008024928,-6.16100634346594,7.2284095501715e-10,1.39168883348128e-07
"Os04g0301700",990.436332897749,-1.05783680340309,0.172084001286845,-6.14721180058918,7.88568011267146e-10,1.49228071260392e-07
"Os03g0834050",463.740240256935,-1.19364054364776,0.194999177595409,-6.12125937333114,9.28386378234068e-10,1.67117095938866e-07
"Os09g0452900",1028.33271237624,-1.20494157134934,0.19681233396933,-6.12228688643623,9.22417467920556e-10,1.67117095938866e-07
"Os02g0551100",2229.56953292841,-1.10534007764398,0.180791816315442,-6.11388336137632,9.7235386587075e-10,1.72231095553954e-07
"Os01g0838600",79.2156456422876,-2.21186713485533,0.363264855502993,-6.08885528381952,1.13720853477149e-09,1.93684108987505e-07
"Os05g0142600",340.782436336755,-2.72340595483958,0.448241180456871,-6.07576026830855,1.23401650902385e-09,2.05431274633813e-07
"Os08g0189600",403.105164260294,-1.94294814932053,0.320528481535383,-6.06170203662868,1.34688560665182e-09,2.19274957477044e-07
"Os03g0322200",273.781355676725,-1.96870402482343,0.327615809811608,-6.00918504499376,1.86458210602553e-09,2.90334380333611e-07
"Os06g0665800",1592.20811696039,-1.01310036099117,0.168809225187785,-6.00145140091835,1.9556147853331e-09,3.00689353903195e-07
"Os10g0577600",1469.97753173332,-1.30314423767321,0.21747343498293,-5.99219963475307,2.07021566675368e-09,3.13949623819132e-07
"Os08g0112300",460.260090093318,-2.38355692804464,0.398248557133379,-5.98509871624308,2.16258660429814e-09,3.23525878417332e-07
"Os01g0159800",775.574409576546,-1.62641776895711,0.272105055059059,-5.97716851899022,2.2704929666144e-09,3.35139898492064e-07
"Os10g0457600",3977.42468839028,-1.07560224343293,0.180031334147639,-5.97452798161708,2.30757326767696e-09,3.38357481586991e-07
"Os02g0740600",254.907709917199,-1.83130381159514,0.308175658086885,-5.94240253420286,2.80874660717329e-09,3.98643965573229e-07
"Os09g0502500",541.390160226085,-1.53044393663867,0.260034326062712,-5.88554580393966,3.96742486750498e-09,5.49017212446423e-07
"Os07g0245100",922.867856398789,-1.11390046013978,0.189365160028023,-5.88228827295867,4.04632785033832e-09,5.56458043070439e-07
"Os06g0663900",760.127151558933,-1.17980295500904,0.200850422648399,-5.87403770155043,4.25306580176899e-09,5.81278579734365e-07
"Os01g0373800",107.534859348177,-1.8612271071803,0.317355089326915,-5.8648093878936,4.49648940075287e-09,6.1077774123969e-07
"Os11g0684000",1675.89060869382,-1.53603554298456,0.262553255209228,-5.85037706639932,4.90459852526315e-09,6.5025578411887e-07
"Os01g0959200",1217.70465301122,-2.16999962766564,0.371170909636974,-5.84636233962412,5.02438993590332e-09,6.58254541839262e-07
"Os01g0816100",1045.35044283572,-2.25607114298847,0.386236477670876,-5.84116538291069,5.18369116978135e-09,6.71181907544613e-07
"Os07g0123800",249.531670340587,-1.32750078564747,0.227885864156781,-5.82528798159317,5.70141988795902e-09,7.25489297352302e-07
"Os08g0346900",130.369999220452,-3.30903288870056,0.570178646027538,-5.8035019581227,6.49439940771739e-09,8.12386990317914e-07
"Os02g0209400",64.0615337736351,-2.52793777381877,0.437012673217164,-5.78458687527026,7.26907493505129e-09,8.84310923829508e-07
"Os05g0522600",8266.18944979411,-1.60633640934175,0.278378789648666,-5.7703261493775,7.91182521238295e-09,9.46895794742546e-07
"Os10g0558700",2916.02185940547,-1.34854826975235,0.234295760966806,-5.75575189319541,8.62569949732916e-09,1.01048472259452e-06
"Os05g0406300",515.066145189535,-2.03777134018819,0.354750494928762,-5.7442381880183,9.23357383092855e-09,1.06928724467335e-06
"Os08g0191100",11504.1370335314,-1.04420335167865,0.181939929249859,-5.73927535304602,9.50825170088380e-09,1.0907886057475e-06
"Os10g0392400",2240.69513474942,-1.04778561317136,0.182606899294523,-5.73793004108464,9.58406868729026e-09,1.09381889074894e-06
"Os01g0342750",131.747829290913,-2.45823622338074,0.429120503502421,-5.72854525317939,1.0129553272922e-08,1.13846923358257e-06
"Os02g0803300",1306.61991717591,-1.83999948740967,0.3215038536216,-5.72310243464544,1.04596155686075e-08,1.16375049399266e-06
"Os10g0469600",2143.39182345245,-1.17449470083682,0.205189683598773,-5.72394615673479,1.04077747352234e-08,1.16375049399266e-06
"Os01g0874700",2423.58552517936,-1.21376755182232,0.212799509385502,-5.70380803662233,1.17160016561099e-08,1.29056712770114e-06
"Os01g0668901",596.606926247714,-1.17499967450538,0.206391084146836,-5.69307380385399,1.24772419545097e-08,1.35420889271961e-06
"Os03g0289800",454.996457239326,-2.37865885819004,0.417771844518679,-5.69367919212107,1.24330597662605e-08,1.35420889271961e-06
"Os03g0805400",1390.09194283413,-1.25213982003349,0.220135931223622,-5.68803017787003,1.28513116124617e-08,1.38800434347081e-06
"Os02g0180000",1151.24178029913,-1.17953008284993,0.207461515325855,-5.685536813887,1.30402388838911e-08,1.40157247149627e-06
"Os03g0240600",113.375822676141,-2.63787179994631,0.464222826924646,-5.68233970186584,1.32864424423388e-08,1.421135855632e-06
"Os11g0668300",62.8858531046859,-2.52280041119048,0.452151462626989,-5.57954716442378,2.41145553563583e-08,2.33153000063375e-06
"Os04g0618200",2963.24495715983,-1.10821426630188,0.199082226820429,-5.56661578485096,2.59734219697247e-08,2.47878248203308e-06
"Os08g0241400",71.2243994354593,-1.84134702128507,0.331495358602207,-5.55466908812646,2.78138161793385e-08,2.63173377789202e-06
"Os12g0138050",925.135444819163,-1.83380553050791,0.330185432110122,-5.55386565297136,2.79420266832953e-08,2.63261452253124e-06
"Os02g0600400",2918.26343849355,-1.1184698321264,0.202036275443587,-5.53598520696697,3.09483688905276e-08,2.86706207366181e-06
"Os11g0663100",41.6613036451191,-4.21772796822016,0.763475981678064,-5.52437544786924,3.30659705558488e-08,3.01281339126357e-06
"Os07g0192000",1179.74638017019,-1.57336002491599,0.285306183592503,-5.5146369598606,3.49500646873151e-08,3.15848727445651e-06
"Os01g0305300",59.2164516729976,-1.9859252910996,0.360525867585545,-5.50841276494086,3.62083596170246e-08,3.25889955398595e-06
"Os01g0926700",597.207107177979,-1.58565895445402,0.28831641280354,-5.49971796275951,3.80399215408375e-08,3.40988624629831e-06
"Os05g0565900",414.184266256781,-1.43048981532951,0.260198425875967,-5.49768819897245,3.8480254489601e-08,3.43544884941232e-06
"Os08g0490000",1554.89893787297,-1.23338755813961,0.225419456800595,-5.47152218200338,4.46186482379148e-08,3.84357387977706e-06
"Os04g0206700",318.563406658312,-1.25645598064805,0.230100974685892,-5.46045483885161,4.74916290233229e-08,4.02878221534633e-06
"Os10g0574750",183.186110573239,-1.13820333769944,0.208596237275911,-5.45649026350336,4.85637892499815e-08,4.08840630336061e-06
"Os08g0364900",3773.08838343966,-1.05939445393015,0.194289458850558,-5.45266047987198,4.96217559332163e-08,4.16164885650508e-06
"Os02g0606800",2024.58526079229,-1.21545733584486,0.223614070764424,-5.43551365837499,5.46387994582114e-08,4.56512324077079e-06
"Os05g0537100",3628.06893257748,-1.14182947115938,0.210284140594772,-5.42993621834631,5.63741959820715e-08,4.67483548029605e-06
"Os04g0126900",1043.09990136923,-1.0577370383556,0.195010394388708,-5.42400338028776,5.82787788608235e-08,4.79545544039951e-06
"Os07g0187400",3252.48017503224,-1.03986954573548,0.191719644573353,-5.42390712255687,5.83101881355391e-08,4.79545544039951e-06
"Os07g0538300",920.308137191728,-1.2021841459605,0.221762372312538,-5.42104656179553,5.92511233525881e-08,4.82308500790314e-06
"Os04g0634700",1147.74553490695,-1.7076451341334,0.317067652166599,-5.3857437757042,7.2145678111337e-08,5.66377529550959e-06
"Os11g0581900",45.891916757585,-2.35218958412535,0.437206356369752,-5.38004434257599,7.44674939348192e-08,5.76498175947843e-06
"Os04g0209200",1464.54335974208,-2.03325151592721,0.378482804747808,-5.37211067562769,7.78203181253507e-08,5.96200575644772e-06
"Os06g0354700",5441.67386508348,-1.09402382201897,0.203683003038324,-5.37120822896118,7.82108334093184e-08,5.97126228453696e-06
"Os07g0194800",697.032532913526,-1.42644502942299,0.265650717489936,-5.36962611244228,7.89000465795317e-08,5.98262305245689e-06
"Os04g0395800",338.822620566057,-2.13125747726249,0.399531288216805,-5.33439442696656,9.58639424783845e-08,7.02822367686726e-06
"Os08g0331900",1118.46834999222,-2.25726669362157,0.42352532499089,-5.32970889915525,9.83703122448841e-08,7.14103961775075e-06
"Os09g0133600",4748.89691550254,-1.12353190289128,0.211008391020564,-5.32458400093573,1.01184335385545e-07,7.2737739278291e-06
"Os03g0326100",653.396001208117,-1.33998448178032,0.251870834347768,-5.32012563205373,1.03695619996385e-07,7.35873308442298e-06
"Os03g0624300",1146.29938532262,-1.78338701448047,0.336406696406509,-5.30128274356778,1.14991834867985e-07,8.06317826249752e-06
"Os03g0439000",122.755620091304,-1.71820994005568,0.324120568107119,-5.30114441699923,1.15079008669401e-07,8.06317826249752e-06
"Os12g0583700",103.86653112217,-1.85157059655321,0.349619532356227,-5.29595867849468,1.18393610657628e-07,8.26925215637391e-06
"Os07g0597200",2084.14224169525,-1.48316686916219,0.280119214757581,-5.29477019434652,1.19166172830755e-07,8.28366669767403e-06
"Os07g0603600",467.270087173492,-1.65003242862513,0.311727191336906,-5.2931937748152,1.20198437950793e-07,8.31660504583909e-06
"Os01g0644000",3494.97074713284,-1.99430112377964,0.377145997377994,-5.28787561751809,1.23745072700648e-07,8.50881880330759e-06
"Os08g0398300",785.670150198802,-1.59969024589642,0.302892946373468,-5.28137173562304,1.2822023301874e-07,8.73515132082439e-06
"Os10g0189600",939.568275873024,-1.05766754963665,0.201020947670531,-5.26147927314592,1.42901000468805e-07,9.47296721970003e-06
"Os05g0117798",41.9842490086656,-2.43856755723237,0.463585348268532,-5.2602343157313,1.43871946052769e-07,9.48056177843557e-06
"Os02g0806900",1211.46131774453,-1.32597978841236,0.252487627321361,-5.25166243779811,1.50732518497678e-07,9.81579027075616e-06
"Os04g0664500",106.32589933095,-2.91782428816922,0.555761965437452,-5.25013309587052,1.51989352228392e-07,9.86861069703465e-06
"Os09g0532000",1315.13905387423,-2.21286133211232,0.421624292831703,-5.24841990780549,1.53409309181811e-07,9.93168279121191e-06
"Os06g0726100",233.415147281797,-2.10664628155731,0.401716111089222,-5.24411698561282,1.5703254584106e-07,1.00734666816215e-05
"Os06g0585950",80.4773712308655,-2.24231121953312,0.429137151874007,-5.22516218822147,1.7400252173748e-07,1.0883022129349e-05
"Os06g0318800",920.195925129956,-1.22354749347545,0.234253418602479,-5.2231788153827,1.75877399845396e-07,1.0969300028104e-05
"Os04g0434800",3699.2692872019,-1.07875542168775,0.207189617978942,-5.20660944409573,1.92322282329752e-07,1.18283545918418e-05
"Os03g0812400",191.645333429224,-1.11762786011994,0.214782477516296,-5.2035337009051,1.95534273390649e-07,1.19265133530093e-05
"Os06g0545900",256.749170331178,-1.28942669604328,0.247786474135573,-5.20378160487399,1.95273478500511e-07,1.19265133530093e-05
"Os05g0339200",342.968695001142,-1.19404127097522,0.230039780087383,-5.19058603916964,2.09633224985557e-07,1.25445654983925e-05
"Os03g0570100",39.7871537425992,-3.25955160989004,0.629106613156274,-5.18123882617705,2.20417055211333e-07,1.30488075385939e-05
"Os06g0207000",4049.2666441589,-1.59176137845597,0.307480103523621,-5.17679472660151,2.25730340529724e-07,1.32922751852889e-05
"Os08g0347000",83.409566368764,-2.30311859955191,0.446048262853673,-5.16338430468779,2.42524503053086e-07,1.39836849533812e-05
"Os10g0580900",1893.64727512855,-1.41893839158345,0.275487914528587,-5.15063752982244,2.59602483870125e-07,1.48523477916497e-05
"Os10g0468500",662.157283292719,-1.52725521722466,0.296637136909624,-5.14856377436641,2.62488541801342e-07,1.49787598041843e-05
"Os01g0740700",54.9040555770145,-2.00704986309194,0.391309369617975,-5.12906160425285,2.91190048582524e-07,1.61180971641642e-05
"Os07g0442900",366.229442732869,-2.09002631875124,0.408244745928722,-5.11954247934435,3.06277777872574e-07,1.6910963291463e-05
"Os11g0621000",747.216409051803,-1.09905837445153,0.214712589921379,-5.11874210475489,3.07580212822461e-07,1.69406305773684e-05
"Os08g0114300",568.860121990417,-1.74228909657059,0.340445285146339,-5.11767726735199,3.09321295789857e-07,1.69942501490899e-05
"Os12g0150200",250.611554106015,-2.98524065874382,0.583911275248485,-5.1124901766513,3.17939525175589e-07,1.73386675539722e-05
"Os05g0183100",1759.99245043903,-1.5206383551449,0.297977232357848,-5.10320316459187,3.33952149563931e-07,1.8078324067225e-05
"Os01g0750500",162.893195213081,-1.24894608721625,0.245120454160408,-5.09523406153179,3.48310649219816e-07,1.86278890926955e-05
"Os01g0818600",587.913462644979,-1.61513510960118,0.317118823711559,-5.09315432839224,3.5215481278568e-07,1.87880956864765e-05
"Os01g0948600",3026.09352815736,-1.3240585576703,0.26014153530137,-5.0897622178496,3.5851278687597e-07,1.89447055232001e-05
"Os04g0631800",511.612328269488,-1.65826504711647,0.325989833821277,-5.08686123023582,3.64037995840979e-07,1.91908696807503e-05
"Os03g0422800",571.726657473433,-1.274522034298,0.250658082134266,-5.08470352699537,3.68200751066567e-07,1.92726544429429e-05
"Os08g0141400",1478.24901269948,-2.0570786290691,0.40510504412217,-5.07788944846792,3.81650642948333e-07,1.96972654674104e-05
"Os06g0649000",1328.21334861494,-1.68577163242601,0.332201115620343,-5.07455138817956,3.88411257007593e-07,1.98152388050809e-05
"Os03g0734300",1102.70777153703,-2.0816005421611,0.410464540903076,-5.07132854297549,3.95048087645547e-07,2.00154684406409e-05
"Os06g0661900",1626.03388888431,-1.29354580141885,0.255144814530187,-5.06984946490378,3.98130473741412e-07,2.01048252114675e-05
"Os04g0380300",705.292976758664,-1.01098561969822,0.199475577264894,-5.06821754101597,4.0155831686569e-07,2.01188068848863e-05
"Os04g0543900",8034.66125742593,-1.87099533170684,0.369451044514245,-5.06425779406533,4.09994528845718e-07,2.03993008161192e-05
"Os03g0397400",616.336130966721,-1.15233060686037,0.22757766445676,-5.06346090514219,4.11712843782092e-07,2.04388656371733e-05
"Os06g0586150",2460.34183082262,-1.90060673529914,0.375557762905363,-5.06075742009912,4.17594237817734e-07,2.05923252105177e-05
"Os10g0442900",3147.30330995856,-1.04562488894531,0.206720643570208,-5.0581541876353,4.23334090606853e-07,2.08289780002808e-05
"Os08g0189700",43.6675665238853,-2.34136039647171,0.46293147916799,-5.05768240405633,4.24382438795599e-07,2.08342607037103e-05
"Os11g0607900",50.9910079430018,-4.21068251868525,0.835148085409955,-5.0418393962052,4.61078194632033e-07,2.24617818076484e-05
"Os10g0419400",592.63947206312,-1.64528938671686,0.327433410765639,-5.02480606016861,5.03941533304999e-07,2.42034045312494e-05
"Os02g0682300",221.363090586505,-1.3259357281575,0.26408784041243,-5.02081324943536,5.14531662007913e-07,2.45596641185699e-05
"Os02g0669366",257.836715013412,-1.32570802923946,0.26437636493663,-5.01447256662761,5.31791391103263e-07,2.52504050370122e-05
"Os01g0927300",83.019127869512,-1.95948191656752,0.392306161287793,-4.99477731916134,5.89036933068705e-07,2.75726569451886e-05
"Os01g0548600",158.443504958966,-1.80209433141299,0.361271522748604,-4.98819922949478,6.09447017332349e-07,2.83482487620915e-05
"Os05g0530400",2576.38670380608,-1.22998021935363,0.246603033145915,-4.98769298845508,6.11045690327701e-07,2.83630243805988e-05
"Os02g0282000",2905.34146627551,-1.04119073771541,0.208791590966444,-4.98674651069998,6.1404544908201e-07,2.84426365860351e-05
"Os01g0305200",986.423896143508,-1.38576886281305,0.278343347606584,-4.97863115727028,6.4035542904532e-07,2.9476319240109e-05
"Os03g0634400",148.301762509191,-1.77838359498046,0.357519673267726,-4.97422583413677,6.55089045966753e-07,3.00296616288817e-05
"Os02g0639300",55.5607927885057,-4.33941647856347,0.874564674563926,-4.96180168805376,6.98422848391611e-07,3.16232725689952e-05
"Os02g0117200",130.170820849799,-1.15384253412111,0.232989661766126,-4.95233361589807,7.33287473590085e-07,3.29802775738257e-05
"Os04g0122000",2008.40129728841,-1.07185464231417,0.216524181802732,-4.95027683924328,7.41079895010401e-07,3.29802775738257e-05
"Os08g0352100",245.283216899565,-2.07920758174465,0.420432957720037,-4.94539627202389,7.59891249807037e-07,3.35703951910483e-05
"Os08g0360300",642.916895486679,-1.05200591149334,0.212773005577574,-4.94426399926845,7.64320697152887e-07,3.35770328485358e-05
"Os02g0139100",297.547622395795,-1.15219788140298,0.233161106200696,-4.94163842408267,7.74687851639075e-07,3.38808238680248e-05
"Os11g0210201",1105.439774174,-1.52798500884152,0.309349687943233,-4.93934556391702,7.83851952588745e-07,3.40967899455155e-05
"Os04g0527700",614.326285258146,-1.20340931126526,0.243677413449989,-4.93853449208679,7.87118576104932e-07,3.41717497912535e-05
"Os02g0738100",130.634374554231,-1.34339484998544,0.272138549038564,-4.93643717412147,7.95626514727605e-07,3.43460764388688e-05
"Os02g0566300",419.434948696068,-1.27092329450154,0.257459667945267,-4.93639762936277,7.9578777892325e-07,3.43460764388688e-05
"Os02g0551700",274.861115761335,-1.31563311071404,0.26666043697845,-4.93373942389647,8.06700472484293e-07,3.46766530088869e-05
"Os03g0241600",1788.45501805308,-1.08904185409912,0.221013401789257,-4.92749238409332,8.32916690664074e-07,3.54084843900226e-05
"Os10g0485800",458.358363763249,-1.71743147878752,0.348531699620418,-4.92761915389031,8.32376625874975e-07,3.54084843900226e-05
"Os09g0323000",743.359976017466,-1.24301410027575,0.252213378504378,-4.92842254303401,8.28961859702336e-07,3.54084843900226e-05
"Os04g0103500",680.630433931748,-1.11504655922543,0.226364836145299,-4.92588238620997,8.39805031769653e-07,3.55528168420877e-05
"Os01g0778800",11594.3863833321,-1.33015862738228,0.270871522945191,-4.91066249017039,9.07692037856757e-07,3.78478519965847e-05
"Os03g0301200",252.625877695052,-1.67771981650295,0.342029087618327,-4.90519630416679,9.33339473224004e-07,3.87712369167967e-05
"Os03g0331700",837.862897057478,-1.15478561890574,0.235575434861222,-4.90197808437042,9.48764230172675e-07,3.93381813113356e-05
"Os11g0490900",1809.64985267302,-1.55320618346071,0.316980354059469,-4.90000772467215,9.58328873549458e-07,3.95864917710048e-05
"Os06g0547400",174.82019617634,-3.08003036372403,0.62866029752563,-4.89935562313518,9.61514740221481e-07,3.963054991042e-05
"Os05g0142900",62.1840229301154,-1.93160694285524,0.394351621165682,-4.89818435929214,9.67262614984313e-07,3.97331383272127e-05
"Os06g0200600",132.682564307125,-1.7803595499863,0.363762376705677,-4.89429271413302,9.86599023807724e-07,4.03031162105661e-05
"Os07g0570100",1813.55827776404,-1.10750447628162,0.227129230186289,-4.87609840165994,1.08204646902893e-06,4.37981551568e-05
"Os03g0374400",917.392487619279,-1.25689049780916,0.25784491528866,-4.87459873467763,1.09029844414794e-06,4.40516384158387e-05
"Os07g0683200",6410.71737764067,-1.56166396431858,0.320747302479117,-4.868829612122,1.12261149619794e-06,4.51922566133065e-05
"Os07g0127700",67.7717456019883,-3.30965543787493,0.679854328007292,-4.86818322915704,1.12628879731424e-06,4.52580041040557e-05
"Os07g0218200",155.992942081106,-8.30821981845728,1.70693757307262,-4.86732493883877,1.13118956625919e-06,4.5372587294465e-05
"Os03g0136900",4551.68984144362,-1.01282526846088,0.208426729140045,-4.85938282791141,1.17752246856148e-06,4.68912319719781e-05
"Os01g0693300",985.125462481305,-1.22081569519988,0.251327186434591,-4.85747567749737,1.1889173633264e-06,4.71894240954371e-05
"Os02g0511400",131.294360941591,-2.00692100875154,0.413166350921255,-4.85741639965749,1.18927323270195e-06,4.71894240954371e-05
"Os06g0133900",4466.9088276958,-1.32966129051841,0.274003321482382,-4.85271960691872,1.21779812653118e-06,4.78921284538665e-05
"Os08g0458200",469.345351671551,-1.44607136601074,0.297978356042716,-4.85294094918573,1.21643920235255e-06,4.78921284538665e-05
"Os12g0443000",385.521776486547,-2.31324801568304,0.476986675955108,-4.84971201984007,1.23640848600716e-06,4.82809881634648e-05
"Os05g0462301",918.857240241538,-1.02020814577848,0.210967797388049,-4.83584773794613,1.32579380295722e-06,5.09625010265206e-05
"Os09g0543900",18.2851832551053,-7.6600934104765,1.58731185514776,-4.82582763156105,1.39423055515713e-06,5.29496719069195e-05
"Os03g0156700",863.826682026598,-1.1428610707535,0.236891631246644,-4.82440458001486,1.40422122768301e-06,5.32377777433723e-05
"Os01g0959100",661.5007840734,-2.00259177721209,0.415970012502271,-4.81426957959176,1.47739259634562e-06,5.51618035003178e-05
"Os11g0133700",421.710659069477,-1.18229799604401,0.246715378695825,-4.79215362371739,1.65000479316459e-06,6.04846955719489e-05
"Os02g0313700",3220.80307622709,-1.03818913906783,0.217019219529709,-4.78385804408309,1.71962152491761e-06,6.27251073858333e-05
"Os01g0684900",3429.76593853957,-1.03178262044133,0.215823085959841,-4.78068699579858,1.74697176654099e-06,6.36179307285921e-05
"Os06g0294600",83.1797565886248,-2.60162725251631,0.544284276057383,-4.77990522041468,1.75377852839654e-06,6.37609366128535e-05
"Os01g0850100",1776.54702125465,-1.08420096661178,0.226938170058037,-4.77751700533458,1.77473045707159e-06,6.43114681669755e-05
"Os06g0354500",2532.84213769026,-1.13662915868994,0.238146924637983,-4.77280636908404,1.81676441348517e-06,6.57270929395019e-05
"Os06g0282000",360.004453170141,-1.30689034106385,0.274690210235906,-4.75768808776069,1.9582276748384e-06,7.00438109024185e-05
"Os03g0806600",3997.46780330939,-1.02515948406909,0.215528567411328,-4.75649003926524,1.96987954037409e-06,7.0233660069924e-05
"Os07g0564500",430.720192892502,-2.24775176885335,0.473516549809117,-4.74693391341752,2.06523392887848e-06,7.30452786250773e-05
"Os04g0373400",2860.47138060834,-1.84043415612596,0.388246465286934,-4.74037581968913,2.13322163942435e-06,7.50900799976067e-05
"Os05g0324700",669.791895426085,-1.41443549922635,0.298706976243385,-4.73519405878849,2.18845599120614e-06,7.69120700020558e-05
"Os07g0541500",2573.88078911433,-1.14435180534664,0.241949429509257,-4.72971483201146,2.24835424920459e-06,7.8767106695631e-05
"Os06g0700500",1908.59919028085,-1.05714929828138,0.223735807280713,-4.72498931275232,2.30127458639819e-06,8.02401899487281e-05
"Os05g0462400",2446.15835987473,-1.06858313788787,0.226512466346341,-4.71754669897058,2.38705619689367e-06,8.27101897580951e-05
"Os05g0312000",7351.28865615179,-1.05410507739289,0.223642988663582,-4.71333835990962,2.43691044938928e-06,8.39123394400124e-05
"Os01g0644900",35.8117222378155,-3.09154683080749,0.656156610140242,-4.71159900400413,2.45780641724664e-06,8.42388419260959e-05
"Os09g0509500",686.716526779484,-1.17761968378452,0.250032517448124,-4.70986612382869,2.47879557648847e-06,8.48269132287963e-05
"Os06g0584400",223.982684809831,-2.20046762427029,0.467987391477649,-4.70198057542195,2.57650016014501e-06,8.74943098861512e-05
"Os03g0582200",4605.72642488028,-1.06882101790471,0.227772296911546,-4.6924978691319,2.6988934710026e-06,9.09531207632704e-05
"Os05g0534800",2537.0611377905,-1.08978299080182,0.232634216813748,-4.68453439793995,2.80597043484991e-06,9.35647460813432e-05
"Os02g0760200",90.0208175692238,-1.60826686926642,0.343410616965832,-4.68321825188776,2.824055379624e-06,9.40261806921128e-05
"Os04g0647900",647.211798852278,-1.22005223911373,0.260548390253777,-4.68263203593537,2.83214642964744e-06,9.41539851333692e-05
"Os08g0327400",498.355973359525,-1.01113509755614,0.215973793102882,-4.68174903551598,2.84437574754439e-06,9.42793454900866e-05
"Os09g0129800",238.878665628868,-2.52710555314682,0.5398723351927,-4.68093174703016,2.85574011405419e-06,9.45126186326963e-05
"Os04g0514600",1295.06130428842,-1.53480245166563,0.328088951538086,-4.67800712114947,2.89676488809767e-06,9.5159156361084e-05
"Os06g0106800",1343.11968176857,-1.24582671477488,0.266299158659933,-4.67829759975252,2.89266508411304e-06,9.5159156361084e-05
"Os07g0617000",2334.31045626225,-1.13307778311093,0.24242663504978,-4.67389972590372,2.95533665165198e-06,9.67960189411633e-05
"Os07g0539900",10050.7791596,-1.29100923316931,0.276405870021235,-4.67070121582487,3.00173284150664e-06,9.81704089273243e-05
"Os01g0175400",331.930435408628,-1.1061976529036,0.236881968246153,-4.66982633204949,3.01454473322835e-06,9.84440043339364e-05
"Os01g0561600",22.7709268671336,-3.85505989142712,0.826081418250705,-4.66668273399797,3.06101420586062e-06,9.95211681820264e-05
"Os01g0185900",88.4733917473304,-1.82748362694669,0.391688943982541,-4.66565026923032,3.07642570825756e-06,9.98755742031241e-05
"Os07g0613000",937.738314402736,-1.31373267000315,0.281782908287974,-4.662215597053,3.12823221160159e-06,0.000101260510814431
"Os12g0437800",137.506106180277,-2.61590701395849,0.562359754104517,-4.65166113838279,3.29271832268731e-06,0.000105505175662257
"Os09g0517100",842.365809452649,-1.00366879349145,0.215844436001339,-4.64996370573675,3.31993447115417e-06,0.000106223510297434
"Os01g0201100",702.209172523407,-1.37942020655532,0.296909240098094,-4.64593222528065,3.38544144973795e-06,0.000107731146506174
"Os03g0180900",1633.02800482485,-1.68162303502132,0.361961107248559,-4.64586664518779,3.38651722904553e-06,0.000107731146506174
"Os09g0484200",207.576831071063,-1.76979060201977,0.381165903377396,-4.64309789080868,3.43223630115508e-06,0.000108406767394971
"Os01g0289600",2496.57115983782,-1.06406181010633,0.229244849395173,-4.64159527646398,3.45729539338445e-06,0.000109042702713569
"Os06g0133300",261.222038523928,-1.92539970669329,0.415305300377878,-4.63610675072389,3.55032662685675e-06,0.000111817612866622
"Os02g0654700",801.002304470884,-1.49250568916909,0.322055156055232,-4.6343170140494,3.58117844988398e-06,0.000112629079629092
"Os08g0485400",703.661311124469,-1.4656005440791,0.31659229123936,-4.62929952697754,3.66904735226653e-06,0.00011500740781797
"Os01g0925700",4497.6147334541,-1.05553308336773,0.228955299137012,-4.61021468970707,4.02253346112734e-06,0.000123641977327228
"Os08g0320400",1166.47480255641,-1.70430538739027,0.370216641136375,-4.60353533044578,4.15378691062148e-06,0.000126331038445152
"Os04g0458600",192.751648491968,-1.76575183296873,0.383715157879654,-4.60172551620318,4.19005153622076e-06,0.000127084837073238
"Os11g0668650",833.032513795039,-1.94214477667812,0.422411742526016,-4.59775281118872,4.27072256408008e-06,0.000129001457423325
"Os10g0112850",179.158543254416,-1.23461121893459,0.268634180108309,-4.59588284125577,4.3092079055103e-06,0.000129203818791818
"Os11g0666200",1353.61200128038,-1.74093660094689,0.379072386876036,-4.59262310107596,4.37709156967135e-06,0.000130434972333908
"Os05g0323800",6695.71687989518,-1.04804962421994,0.228709520298726,-4.58244861364338,4.5956266167038e-06,0.000135488374061836
"Os05g0508300",885.621968694478,-1.14230974663144,0.249388436446881,-4.58044391675211,4.63990030181699e-06,0.000136249380082931
"Os02g0657600",181.152077328376,-1.67658886189492,0.366246455642224,-4.57776133001744,4.69978471776377e-06,0.000137642769095248
"Os01g0597800",342.76596140302,-1.47758618737536,0.323072924829142,-4.57353765610902,4.79557442377811e-06,0.000140262633179486
"Os08g0369800",53.5694216754443,-2.61153746514389,0.571456633813285,-4.56996613674306,4.8780302886664e-06,0.00014223077305111
"Os06g0168500",5235.04505378902,-1.10983187266804,0.243277187667322,-4.56200551851874,5.06673152185412e-06,0.000145342462108104
"Os01g0727500",239.738884187698,-1.07520202491533,0.235782101199008,-4.56015117113503,5.11168090457641e-06,0.000145847586221941
"Os07g0147900",6307.60239746575,-1.42392611453424,0.312571256679298,-4.55552480948432,5.22549473024528e-06,0.000148520768706496
"Os01g0375200",805.926833669398,-1.42564004598002,0.313168171159653,-4.55231462603914,5.30589064522979e-06,0.000150227269534569
"Os04g0598800",2739.56418098643,-1.02566600939568,0.225463243426936,-4.54914953677607,5.38631583655633e-06,0.000152115330277033
"Os08g0448100",97.6614413097195,-1.36731275805526,0.30083261735631,-4.54509477752473,5.49105405123044e-06,0.000154875704137953
"Os01g0314800",11943.7873521039,-1.45415183758979,0.321194500208584,-4.52732483478224,5.97350800553207e-06,0.000165738647556999
"Os01g0818700",533.807408703186,-1.52900167686734,0.338204045852489,-4.52094436958401,6.15643667417124e-06,0.000169962175065867
"Os11g0133001",344.956920050484,-2.33659586730945,0.519172953880161,-4.5006116937455,6.77581882987977e-06,0.000184757887576808
"Os03g0203700",864.53499388405,-1.24712061324412,0.277741987360593,-4.49021275139427,7.11520694390847e-06,0.000191885258154784
"Os03g0803500",218.853073243832,-1.56660884023836,0.349111160043554,-4.48742125586278,7.20904437812304e-06,0.000193708072300998
"Os01g0787600",136.460379515368,-1.76305913688124,0.39324221786662,-4.48339231338389,7.34656846153702e-06,0.000196449725008323
"Os07g0182100",2851.50261836831,-1.38859617745286,0.310080499046337,-4.47817963955662,7.52822400133071e-06,0.000199859001934608
"Os10g0569600",1231.24516446759,-1.11562665562866,0.249172303283028,-4.4773301082402,7.55823322976377e-06,0.000200415379569101
"Os09g0344400",14.1866364438532,-4.36991016786053,0.977590906667952,-4.4700806217143,7.81901179488482e-06,0.000205851058442978
"Os08g0186200",75.4064773827903,-1.9081324211448,0.427008357741428,-4.46860672994194,7.87307267619318e-06,0.00020678256479667
"Os02g0194900",147.50193469775,-1.53027267726914,0.342648226038918,-4.46601663449245,7.96894164964394e-06,0.000208538198037575
"Os02g0224800",95.035760919719,-1.26182364462997,0.282608741470098,-4.46491371097054,8.01010280425306e-06,0.000208894801164861
"Os08g0508800",21190.9221840722,-1.54384155739438,0.345860354179404,-4.46377140004189,8.05294812117575e-06,0.000209765087471708
"Os03g0244700",485.126463751626,-1.12994843124656,0.253228835834054,-4.46216335325664,8.11363348869484e-06,0.000210849717222057
"Os06g0587100",149.153705564561,-2.42895256098154,0.546970077522566,-4.44074120468012,8.96495564185077e-06,0.000228678666896564
"Os03g0215000",1524.40172707148,-1.10729877787874,0.24937486245514,-4.44029830022638,8.98342679655546e-06,0.000228886136596702
"Os01g0681200",722.20506212375,-1.23264598993206,0.277843897391661,-4.4364695482027,9.14462643791442e-06,0.000232191713259017
"Os11g0475200",389.534355861703,-1.75406745994113,0.395473756501175,-4.43535741906029,9.19196533353115e-06,0.000232859616075187
"Os04g0406600",1051.99821188139,-1.59053447083193,0.359342435483425,-4.42623612959093,9.58915541033169e-06,0.000239902248519948
"Os04g0659300",36.718155755378,-3.52324980859293,0.796211890053484,-4.42501531640813,9.64354408899777e-06,0.000240685357335055
"Os10g0528100",1406.83120400228,-1.09642016069824,0.24781993224626,-4.42426140125292,9.67727895488259e-06,0.000240807208480424
"Os03g0734100",235.505199763392,-2.50418985821111,0.566629472361733,-4.41944865270343,9.89530281694039e-06,0.00024534367264264
"Os01g0307686",429.919619915617,-1.12963477626601,0.255626074140023,-4.41909058012306,9.91171013992108e-06,0.000245475586362408
"Os03g0817200",1034.78199509689,-1.02853245097764,0.232880514766249,-4.41656723410293,1.00280718812219e-05,0.000248079932426965
"Os01g0670100",610.202184956703,-1.16665314996495,0.264491118489269,-4.41093506893043,1.02925181172773e-05,0.000253207381816262
"Os03g0638900",134.750377304467,-1.80714624427738,0.409843061496045,-4.40936156801284,1.03675805372596e-05,0.000254206645266296
"Os02g0327500",1033.91662400277,-1.72304265028458,0.391089998374455,-4.40574460468514,1.05421114644572e-05,0.000257914795507788
"Os02g0661900",173.693986168404,-1.00781767560717,0.229046448752328,-4.40005807161386,1.08221912863558e-05,0.000263892221664322
"Os02g0523100",44.8761815425659,-2.27506636095971,0.517283744012726,-4.39810140429183,1.09201958007188e-05,0.000265733129607186
"Os10g0544950",89.5748183661423,-1.26651845723159,0.28809981707621,-4.39610989720468,1.10208151789418e-05,0.00026677763278016
"Os01g0876800",153.573446707025,-2.2315008865874,0.508490341634531,-4.3884823444518,1.14144399096019e-05,0.000275301867144332
"Os03g0233900",15.830121279754,-5.5685871173636,1.26948967456886,-4.38647688824629,1.15201399357708e-05,0.000277548877386183
"Os04g0182200",347.810690890509,-1.14928691118099,0.262126506404789,-4.38447422561001,1.16266247020433e-05,0.000279202925735293
"Os10g0478300",119.116070433281,-2.20345193878204,0.502539717024101,-4.38463242632893,1.16181788569889e-05,0.000279202925735293
"Os04g0615200",635.887337391776,-1.86053272642277,0.424457316233521,-4.38332113799442,1.16883617374177e-05,0.000280381383779162
"Os06g0133400",934.40453850634,-1.31111912091644,0.29924494473197,-4.38142446179265,1.17905921530316e-05,0.000281917387538092
"Os04g0527000",26.6249312090765,-2.33275889672495,0.533013950306708,-4.37654379474051,1.20575973570295e-05,0.000287370573823455
"Os02g0209300",466.034810202352,-1.08599023901503,0.249231060307658,-4.35736315399232,1.31638751694725e-05,0.000308424719711418
"Os03g0326000",777.598123104977,-1.42941682717587,0.328101546460873,-4.35662935025615,1.32080651360476e-05,0.000309132949447389
"Os12g0636400",590.610849096794,-1.77049245628553,0.406503672735061,-4.355415645751,1.3281465695978e-05,0.000310195075922625
"Os02g0232900",313.190111420927,-1.99112238344214,0.457616659838532,-4.35107057541282,1.35474433993091e-05,0.000313104325995933
"Os02g0206400",52.9909515185151,-1.51448626960055,0.348200139542294,-4.34947059926895,1.36466577576109e-05,0.000313434283621643
"Os04g0474900",5557.52839426794,-1.48948120626905,0.342450704138563,-4.34947625532222,1.36463058087073e-05,0.000313434283621643
"Os03g0194100",969.345021150551,-1.21449988748453,0.27930875541849,-4.34823421723691,1.37238000068726e-05,0.000314879436219862
"Os05g0144900",156.464179935009,-1.16709056766292,0.268497467495463,-4.34674702353625,1.38171424047133e-05,0.000316038584692932
"Os02g0194100",2679.84106780174,-1.07924177570254,0.248567947076995,-4.34183807040994,1.41295657020811e-05,0.000321193751755418
"Os06g0244000",712.295515439149,-3.62503740740523,0.834883661733594,-4.34196711896125,1.41212670461295e-05,0.000321193751755418
"Os12g0467300",1331.54574636652,-1.30875795754342,0.301410575287842,-4.34211028028322,1.41120662867013e-05,0.000321193751755418
"Os03g0375900",63.4116115569991,-1.56555820858942,0.36122418135551,-4.33403489964207,1.46400950349677e-05,0.000331437979723129
"Os10g0550900",2772.87349476463,-1.38643122626523,0.320148163399364,-4.33059247176049,1.48708679200115e-05,0.000334609640870909
"Os01g0373700",78.9413408819281,-2.37790737638876,0.550205111363534,-4.32185620830705,1.5472201366029e-05,0.000345681140711653
"Os08g0538200",23.6940367471622,-2.72996328847858,0.631661629161592,-4.32187608435561,1.54708073123066e-05,0.000345681140711653
"Os06g0530600",271.4595698048,-1.54933496588678,0.358516569731978,-4.32151564722669,1.54961060369641e-05,0.0003458662134722
"Os08g0137900",145.719896744264,-2.48619238989225,0.575890738558975,-4.31712514792881,1.58074542662819e-05,0.000350343188097845
"Os01g0642700",346.200928973632,-1.92786655877395,0.446788473808715,-4.31494246559129,1.59644476000745e-05,0.000351907006892892
"Os07g0680000",801.07215881234,-1.13010885228889,0.261944968265686,-4.31429876195459,1.6011030202774e-05,0.000352385904293856
"Os03g0159100",2021.70925931515,-1.60080895172861,0.371251978265272,-4.31192032755924,1.6184275559385e-05,0.000354788163525093
"Os10g0491400",1386.22555521134,-1.74761426407877,0.405858160581251,-4.30597295758675,1.66253367462543e-05,0.000361692317151309
"Os04g0121800",1896.8552530297,-1.01520562915418,0.235889145367245,-4.30374033350984,1.67938484299718e-05,0.000364899507446522
"Os04g0476100",1067.02809510287,-1.24918349383407,0.29041086881017,-4.3014350631987,1.69695506399452e-05,0.000367994927246842
"Os01g0231800",249.489281874092,-1.34598626564633,0.313378327738898,-4.29508407731304,1.74627142404569e-05,0.000376477074973666
"Os04g0405300",905.695284618022,-1.89803842747747,0.442550631422877,-4.28886164137863,1.79591198019042e-05,0.000383869728880454
"Os03g0192300",35.9419586596893,-2.03945694108938,0.475620031484946,-4.2879963123545,1.80292085825533e-05,0.000384941858463174
"Os03g0860100",24.7229818065094,-2.7150129041586,0.633298795337459,-4.28709627137673,1.81023853659373e-05,0.000385186400596753
"Os02g0612200",244.610714327369,-1.32001374794595,0.308456683950025,-4.27941366366961,1.8738630767416e-05,0.000395561243473274
"Os04g0119800",803.030906469203,-1.49841846610266,0.350408657019955,-4.27620275950353,1.90108091469539e-05,0.000399638923856414
"Os05g0576600",1832.56958560858,-1.65797700919339,0.388051462105738,-4.27256993233958,1.93232923018032e-05,0.000403239410795687
"Os03g0642900",129.92328190266,-1.51449335760588,0.354494440545148,-4.27226264896246,1.93499469589687e-05,0.000403415419603132
"Os12g0432600",146.539827503894,-1.28425881600991,0.301173242027869,-4.26418631138245,2.0063198672503e-05,0.000413997466736151
"Os12g0634000",380.682548865864,-1.2450714687846,0.292275315744017,-4.2599268625034,2.04493806825583e-05,0.000419897714540994
"Os07g0217800",18.1850574699645,-3.69358757792336,0.8684125594023,-4.25326365669508,2.10677278087146e-05,0.000429471854677264
"Os11g0213700",668.572280840722,-1.10100969737159,0.258873278126585,-4.25308361426632,2.10846802779543e-05,0.000429471854677264
"Os04g0379600",4182.7034519986,-1.08012260121606,0.254667982887425,-4.24129719397637,2.22231641382987e-05,0.000449354408389106
"Os05g0529700",2103.34315386701,-1.1860911035333,0.279937371979376,-4.2369873488013,2.26538895202182e-05,0.00045639651307293
"Os06g0222400",1384.41454303979,-1.3809788257035,0.326153905933694,-4.23413241595289,2.29435731865388e-05,0.000460974277607219
"Os08g0499000",318.400874543398,-1.24106532787709,0.293215587647005,-4.23260351823852,2.31001529747096e-05,0.000462441669993713
"Os05g0171900",196.931233185128,-2.02901508534642,0.47957640609629,-4.23084843114454,2.32811512486168e-05,0.000464804300987939
"Os12g0105600",3069.84433454486,-1.41447275608096,0.334685392877659,-4.22627573889371,2.37590827426245e-05,0.000472217101440259
"Os07g0569800",142.071722619686,-2.23926234400039,0.530110880587951,-4.22413956400366,2.39855384460028e-05,0.000475824109644606
"Os06g0662200",385.746036937639,-1.09634741135667,0.259782737659829,-4.2202473545116,2.44034408877308e-05,0.000481565583507352
"Os11g0141400",379.331187543822,-1.53741409626881,0.364675910131005,-4.21583672943055,2.48853762025607e-05,0.000489331362789428
"Os09g0475500",1146.20724023892,-1.38136640933205,0.328035801430261,-4.21102331912915,2.54216500438984e-05,0.00049722681415367
"Os07g0187900",613.158636405494,-1.04327816536499,0.247910967385095,-4.2082775779113,2.57324647927288e-05,0.00050153389346462
"Os01g0575200",2643.04029184271,-1.19348882087241,0.283830536117208,-4.20493452607072,2.61157747140652e-05,0.000508110165153002
"Os12g0635400",292.732617795186,-1.63585950231203,0.389340753338346,-4.20161385183954,2.65018906797072e-05,0.000514266749815423
"Os05g0541100",199.405835510435,-1.50383810329049,0.357988600838183,-4.20079885160996,2.65974823205356e-05,0.000515669751365131
"Os08g0111200",5097.17231569693,-1.56212794592136,0.37221394748052,-4.19685494456952,2.70647153799859e-05,0.000523353592339099
"Os04g0619300",692.879641040229,-1.08200804307229,0.258185467840169,-4.19081698177572,2.77951801696152e-05,0.000534676875877888
"Os03g0181100",628.426842142623,-1.5021545862543,0.358739729251971,-4.18731036394138,2.82279700948359e-05,0.000540860937260911
"Os10g0504200",215.734767706832,-1.25313326854998,0.29949367944282,-4.18417267062635,2.86206512114376e-05,0.000545813814360414
"Os11g0106083",156.198931501604,-1.78509941682858,0.426958987704753,-4.18096226624699,2.90278037401279e-05,0.000551204633456409
"Os11g0156600",4178.20070363159,-1.31303965557736,0.314073745706152,-4.18067308563207,2.90647475173352e-05,0.000551433226033692
"Os01g0558100",209.828902762407,-1.50254781360925,0.359724167632761,-4.17694430568031,2.9545132953854e-05,0.000558632612067704
"Os02g0525900",1120.27610005426,-1.33381980606985,0.319442069349558,-4.17546695958284,2.97375415581563e-05,0.000560254165643542
"Os03g0254800",5872.95243779727,-1.11176854075245,0.266365386380783,-4.17384764536604,2.99498079264644e-05,0.00056307996213759
"Os08g0566900",2586.64105316867,-1.13341961236532,0.271876541583361,-4.16887608531609,3.06105343513017e-05,0.00057145686431043
"Os04g0630800",1951.89558213111,-1.20650771983166,0.289516906910546,-4.16731351790948,3.08210466284833e-05,0.000573390878283106
"Os01g0128000",93.1707587274917,-2.18097842879394,0.523426390116433,-4.16673379481076,3.08994974265992e-05,0.000573613045810752
"Os02g0119600",82.6550494280959,-1.27029340154342,0.304883745168694,-4.16648450982705,3.09332901268253e-05,0.000573613045810752
"Os01g0670300",468.662872006906,-1.29526988367741,0.311360240584417,-4.16003623727363,3.18197105058356e-05,0.000587100175258088
"Os03g0772600",4798.11727735901,-1.5228948539281,0.36609670956557,-4.15981573758269,3.1850444463071e-05,0.000587177927441177
"Os11g0704000",211.051538125882,-1.01708719884301,0.244676624598922,-4.15686296355541,3.2264738983698e-05,0.000592349573663398
"Os12g0131150",355.489280360985,-1.17342310345052,0.282665951039166,-4.15127148896661,3.30633277795685e-05,0.000604005891392266
"Os03g0830500",100.312298769131,-8.25997397840772,1.98998922908367,-4.150763158759,3.31368525925613e-05,0.000604850002680874
"Os08g0404500",234.443859234687,-1.94931591906641,0.469832992784563,-4.14895494569971,3.33996531574458e-05,0.000607643155759251
"Os03g0397700",436.620012791546,-1.49608786850217,0.361249293252858,-4.14142780745866,3.45150511403654e-05,0.000623834895754148
"Os11g0208651",24.9354076583458,-2.57094511868253,0.620817461094109,-4.14122552892049,3.45455081545028e-05,0.000623876097919124
"Os03g0321800",57.0092021960588,-1.67863061148738,0.405623087404311,-4.1384000655125,3.49736146409581e-05,0.000630003067243679
"Os07g0162400",911.77651035209,-1.13854238073914,0.276240327069415,-4.12156469990367,3.76307751330988e-05,0.000666357795046611
"Os05g0571200",272.074250523809,-1.20276836375793,0.292152191164766,-4.11692398733234,3.8396263852562e-05,0.000676856431496476
"Os03g0815200",7702.51892941078,-1.36160399663439,0.33084124062268,-4.11558121977691,3.86204968052703e-05,0.000679726883756352
"Os02g0626400",9352.23435718337,-1.47293873925097,0.358171189933191,-4.11238754162698,3.91588234425367e-05,0.000687561863474389
"Os12g0639800",691.49638275368,-1.28989557941369,0.31371192597734,-4.11171993348721,3.92722519372429e-05,0.000688461544055815
"Os07g0680400",3454.4884509672,-1.61356035184172,0.392448953509897,-4.11151651039128,3.93068760305724e-05,0.000688523371988057
"Os12g0149900",3514.60234928164,-1.04473451483544,0.254377703389866,-4.10702078410645,4.007951771878e-05,0.000698740631347643
"Os09g0322000",233.458154634233,-1.1397875735932,0.278059823816363,-4.09907320644042,4.14807828088384e-05,0.000719205960979241
"Os09g0468300",292.816367468504,-1.26637006228322,0.309384766590164,-4.09318815609546,4.25482179556899e-05,0.000734263518126992
"Os03g0182800",669.824175725328,-1.4719377710693,0.359799222088692,-4.09099764731138,4.29521489404336e-05,0.000737783964073033
"Os07g0218700",10.3204890158819,-5.8535861954563,1.43137639505451,-4.0894807373384,4.32339968905118e-05,0.000740423243446567
"Os06g0229200",2826.25285675546,-1.18605503127257,0.290245716582918,-4.08638254936568,4.38151128623783e-05,0.000748416888571381
"Os07g0585900",258.599862730779,-1.55380632239223,0.381217546316167,-4.07590452592536,4.58358236272881e-05,0.000777663579258074
"Os08g0475400",637.263378704728,-1.25717685049273,0.309190687937632,-4.06602430001489,4.78219516333186e-05,0.000804578899022269
"Os05g0268400",48.8004702286087,-1.73531290603253,0.427473394826477,-4.05946411410456,4.91854659556436e-05,0.000821983825885999
"Os06g0598800",27.5088969956335,-2.26695506034012,0.560562364775764,-4.04407288606853,5.25305768330331e-05,0.000865971182265326
"Os12g0158600",335.389752387821,-1.66384220109693,0.411443453421062,-4.04391463094733,5.25660660749107e-05,0.000865971182265326
"Os04g0450600",223.379286054979,-1.58916027885472,0.393001091323797,-4.04365360284814,5.26246521498397e-05,0.000866291764497845
"Os10g0573800",210.333892865003,-1.25391378657642,0.310219392881356,-4.04202256644858,5.2992131327479e-05,0.000871045864678331
"Os03g0682100",1306.96822306986,-1.55480216860735,0.384824424040967,-4.04028973078339,5.33852096139044e-05,0.000876206023766833
"Os01g0690600",606.208317887125,-1.20306196560375,0.297791061267554,-4.03995324937858,5.34618570425674e-05,0.000876814056873692
"Os05g0237800",18.8197461641998,-3.95020064604362,0.978301143205182,-4.03781665132444,5.39509933346928e-05,0.000883527325017333
"Os06g0589600",1213.03149894729,-1.15821131973728,0.286939226050496,-4.03643425013441,5.42697255981669e-05,0.000887434264748164
"Os01g0831250",450.401030781546,-1.89728467775937,0.470596390111401,-4.03166007565471,5.53842538807468e-05,0.000902327273858437
"Os01g0674800",880.218454701899,-1.06370873309753,0.264141171580755,-4.02704632046474,5.64819087230919e-05,0.000914156389647645
"Os06g0200700",219.713997054938,-1.7992480399598,0.446779318278031,-4.02715158547274,5.64566371037481e-05,0.000914156389647645
"Os12g0615300",1210.98463632728,-1.1344730279028,0.281700683093789,-4.02722853009587,5.64381713100314e-05,0.000914156389647645
"Os02g0710500",558.278859077495,-1.13068843124057,0.28143822307253,-4.01753684661796,5.88096418224205e-05,0.000942188335448779
"Os01g0960200",344.460542237547,-1.54422556704042,0.384488555821057,-4.01631087235563,5.91162643229009e-05,0.00094515510415821
"Os09g0561500",162.176484778115,-1.78656583548659,0.444926875867033,-4.01541451503709,5.93414053452649e-05,0.000947280501621853
"Os05g0370700",185.402731654815,-2.04780669674792,0.511488269525125,-4.00362397098401,6.23794886665274e-05,0.000990067568864217
"Os08g0519700",339.885455519874,-1.47539406231569,0.368808217560556,-4.00043706204414,6.32256016450413e-05,0.000997203773400835
"Os11g0570000",239.415117963335,-1.10695814351767,0.277008564195846,-3.99611523467211,6.43903998131769e-05,0.00100767826421132
"Os01g0223900",561.952406403941,-1.08076553747858,0.271031256617157,-3.98760479129979,6.67437263068629e-05,0.00103764186498603
"Os03g0320600",234.429466565692,-1.33099003267868,0.33379348107625,-3.98746562810982,6.67828760040238e-05,0.00103764186498603
"Os02g0120100",174.667458970886,-1.28301325438585,0.321996865217956,-3.98455200337864,6.76075509056957e-05,0.00104576329890909
"Os06g0549600",12.5147025336544,-5.21829757797535,1.30999414936559,-3.98345105625279,6.79216651309539e-05,0.00104871240422905
"Os09g0454600",920.774305467623,-1.22972820790939,0.309060713315356,-3.97892114697416,6.9228694817152e-05,0.00106251510289581
"Os06g0111500",444.814145555173,-1.15304899558927,0.289958292037279,-3.97660293653899,6.99067458927577e-05,0.00106966500401627
"Os01g0976300",240.035246744138,-1.43820633605768,0.361884633885695,-3.97421222508154,7.06125805521717e-05,0.00107897387578029
"Os03g0661600",299.076459561137,-2.16777169704884,0.546012772602614,-3.97018495870707,7.18168593905479e-05,0.00109209964544376
"Os08g0501200",23.2441016725669,-4.06833055250217,1.02736732239888,-3.9599571290653,7.49632196215575e-05,0.00112506887394841
"Os02g0202900",256.413882791708,-1.53775332256225,0.388567924537269,-3.9574890912406,7.57417453422371e-05,0.00113310674569086
"Os04g0206500",1368.0701978167,-1.08056500591906,0.273111162625198,-3.95650253007771,7.60550831671807e-05,0.00113654523054148
"Os11g0441500",717.815673950821,-1.2022462439615,0.304399235503783,-3.94957051049018,7.82915460406989e-05,0.00116573848075798
"Os01g0730700",361.982321442817,-1.80472763735008,0.457255256250971,-3.94687127742831,7.91790981211188e-05,0.0011765801419461
"Os07g0418600",39.2931576979169,-2.75738135130137,0.698685998784753,-3.94652441310885,7.92938400777498e-05,0.0011774949115771
"Os02g0572200",26.7709509248931,-2.68753987442741,0.68208751276811,-3.94016870873443,8.1424326033962e-05,0.0012018773351453
"Os01g0812900",769.1844265931,-1.39469488719142,0.354172970207747,-3.93789194690192,8.22005930574085e-05,0.00121178180202888
"Os10g0553300",174.173403505166,-1.71305742707384,0.435893680088058,-3.92998913571717,8.49496998250106e-05,0.00124891852843663
"Os01g0124200",16563.1954975711,-2.71315190527624,0.690669291727203,-3.92829381264553,8.55506535276554e-05,0.00125433514645589
"Os05g0143700",215.496901617776,-1.04670466166993,0.266453515412331,-3.92828242498576,8.55547037446016e-05,0.00125433514645589
"Os02g0582600",2541.63132311964,-1.25614258967662,0.320122844502837,-3.92393923535029,8.71127165201777e-05,0.00127059463535788
"Os01g0183000",414.280099547557,-1.3614294510299,0.34697050909119,-3.92376128621378,8.71771195880862e-05,0.00127069690901897
"Os02g0306401",3973.32993458413,-1.17592621012364,0.299757261324583,-3.92292818838615,8.74792317828174e-05,0.00127342384674777
"Os05g0560300",1808.83137685902,-1.07207162453618,0.273438983162251,-3.92069781761893,8.8292923367615e-05,0.00127854389554112
"Os02g0813083",61.1424826971045,-1.99639225170716,0.509289880815425,-3.91995271634051,8.85663434327127e-05,0.00128082783144591
"Os07g0127600",37.5712871593513,-3.6452707175316,0.9302675474955,-3.91851863191996,8.90948434892668e-05,0.0012867899084774
"Os01g0248500",3108.79722824089,-1.27514097530347,0.325968819385972,-3.91184953734363,9.15919717521985e-05,0.00131400715342
"Os03g0142500",198.539904698842,-1.92617575383151,0.494615316006705,-3.89429055570409,9.84865440161219e-05,0.00139513152339153
"Os06g0603300",31.326404499011,-1.74769348101375,0.448966158534999,-3.892706494219,9.91320583479739e-05,0.00139712470011616
"Os11g0261900",455.509799047541,-1.40487841417225,0.361369409652817,-3.88765173986912,0.000101218711557568,0.00141661409140082
"Os07g0526600",461.132190274485,-3.47225599638813,0.893349238689371,-3.88678452503331,0.000101580847148445,0.00142030405485775
"Os08g0374600",114.079840772903,-1.53278492149599,0.394393407748029,-3.88643646517353,0.000101726535229194,0.00142102663502182
"Os05g0556000",631.95241837539,-1.00114215432812,0.257643719391665,-3.8857619222854,0.000102009441595172,0.00142318276393114
"Os06g0225800",350.549896560063,-1.24058620555822,0.319595254997834,-3.88174162838126,0.000103711033955306,0.00144398448585958
"Os07g0593400",39.7433748144892,-2.30351547308026,0.593498789318131,-3.8812471306416,0.000103922170982497,0.00144440727415158
"Os03g0646400",118.671163082605,-1.16365928122295,0.300128122912106,-3.87720840663685,0.000105661845845314,0.00146033641002566
"Os02g0712700",1504.12889293206,-1.38172495140832,0.3564113775189,-3.87677004316464,0.000105852314897406,0.00146205620969649
"Os03g0126000",2542.7864860164,-1.41183499841733,0.364535655890896,-3.8729681873421,0.000107517866494938,0.00148136470570282
"Os01g0954000",709.414308410223,-1.53018836912971,0.395257964043349,-3.87136631853393,0.000108227005834457,0.00148655834988782
"Os12g0443500",1075.91310213355,-1.04255487675935,0.269485365549591,-3.86868828529207,0.000109422422865477,0.00149671429986198
"Os07g0540500",191.147923847952,-1.21045419889945,0.31290270687898,-3.86846828834757,0.000109521176541781,0.00149673763756654
"Os10g0489900",109.039315187764,-1.32683605589489,0.343015535201694,-3.86815149673822,0.000109663527770633,0.00149695448111565
"Os01g0118000",882.397646171597,-1.07225374362518,0.277312635833547,-3.86658812138941,0.000110368595011666,0.0015028727319516
"Os02g0807800",1357.59468338177,-1.29344257499877,0.334845273918389,-3.8628067222296,0.000112091691984518,0.00152165674569542
"Os12g0556300",537.273904248355,-1.00634809990805,0.260656042413525,-3.86082781964249,0.000113003516542248,0.00153028187141402
"Os08g0447000",4068.87585235943,-1.39305028197235,0.360861869987852,-3.86034213595149,0.000113228373273197,0.00153238961652926
"Os10g0394000",128.16148861016,-1.90733350799234,0.494639066683741,-3.85601064788486,0.000115252469701914,0.00155787846866305
"Os06g0505700",45.3925623283279,-1.79759189623441,0.466756262620174,-3.85124322948231,0.000117519706214511,0.00158386975986388
"Os05g0575000",105.010499367694,-2.50995311998564,0.653066571650746,-3.84333424637135,0.000121373984588398,0.00162181134144341
"Os01g0376600",19.9244085510507,-3.64857079239782,0.950645650656331,-3.83799241060939,0.000124044315077708,0.00164889472596674
"Os01g0224000",140.681622497227,-1.1598009593913,0.302219461285101,-3.83761176219289,0.000124236696069825,0.00165010479165086
"Os01g0764400",2051.51366324609,-1.27027298304361,0.331554035135925,-3.83126986381826,0.000127483583642116,0.00168614935807652
"Os04g0506800",56.0543650969708,-2.42165807748771,0.633229338169221,-3.8242986095514,0.000131144892334915,0.00172120869068604
"Os10g0535600",84.3546252782971,-1.10192724502026,0.288150597145301,-3.82413660057282,0.000131231146259116,0.00172132038467008
"Os01g0721300",155.051599431796,-1.97818096477298,0.518238065749266,-3.81712787136339,0.000135014204788529,0.00176362802845004
"Os06g0671150",42.1030522044545,-1.59638379453378,0.41838034787567,-3.81562805862997,0.000135836986019839,0.00177124069933171
"Os06g0625500",948.495099960968,-1.1588980780115,0.303784596239896,-3.81486781211358,0.000136255850986613,0.00177461223334976
"Os08g0205800",416.310466177616,-1.69986845311246,0.446094578713865,-3.81055617849773,0.000138654498143266,0.00179739417060307
"Os02g0629400",429.55625562005,-1.24426952134383,0.326654953950922,-3.80912490777889,0.000139459496745517,0.00180465968290034
"Os04g0688300",5981.47849638083,-2.26637462453221,0.595334834545651,-3.80689066558968,0.000140724920674867,0.0018189086215191
"Os11g0621300",2250.86124948631,-1.12512254532315,0.295697877691693,-3.8049733535668,0.000141819457166283,0.00182916569507069
"Os02g0182850",396.636446201307,-1.1579779767649,0.304687852159707,-3.80053871054213,0.00014438185982995,0.00185104734134043
"Os01g0871300",682.979040018351,-1.14933778426956,0.302525658807438,-3.79914149695691,0.000145198180983859,0.0018604357205808
"Os04g0444300",424.076833886418,-1.94367839914883,0.511733575828683,-3.79822331571914,0.000145736992158333,0.00186518077651888
"Os07g0654450",210.386499283657,-1.87337712191254,0.493538461238618,-3.79580776179223,0.000147163504178133,0.00187692807949773
"Os06g0328400",179.796196172601,-2.14444365337124,0.565690863126103,-3.79084017995391,0.000150138544192946,0.00190944159233776
"Os07g0619500",928.798854989788,-1.09327447535621,0.288448929610264,-3.79018385276514,0.000150535820855573,0.00191205706073605
"Os01g0940800",7688.92763758681,-1.28369156185425,0.339096652217713,-3.78562145470569,0.00015332492548169,0.00193654716205939
"Os01g0249200",108.384223267979,-1.37975778123411,0.364488703730062,-3.78546102283585,0.000153423881161464,0.00193669221938197
"Os03g0835900",386.138836298219,-1.75455740292118,0.463585180141108,-3.78475731771046,0.000153858642789046,0.00193886409219821
"Os10g0439924",34.086657365338,-3.08442797584123,0.815659545775953,-3.78151398069761,0.000155877466121334,0.0019609562371548
"Os06g0686400",732.430257206329,-1.20828544257534,0.32011309827621,-3.77455795805258,0.000160291639762829,0.00200396227893213
"Os07g0232850",49.4760584672526,-1.42870263246369,0.378757858762738,-3.77207389737268,0.000161896289301545,0.00201718949995807
"Os11g0117900",96.7907720449215,-1.34905459971431,0.358538545196919,-3.7626487243467,0.000168123267822124,0.00207840160404782
"Os07g0274700",1004.62420174976,-1.28167211657827,0.340922458437743,-3.75942412961427,0.00017030491329691,0.00209717524210617
"Os08g0527100",143.239520389364,-1.03153929228611,0.27456248965572,-3.75702920518962,0.000171942436561753,0.00211264011537946
"Os01g0694100",133.437027226065,-1.03009199314763,0.274292132799117,-3.75545584423319,0.000173026265835525,0.00212360008418202
"Os12g0604700",42.4063784197145,-1.82866155331057,0.487512583188972,-3.75100380250438,0.000176128028300545,0.00215688643506768
"Os04g0627900",114.442467016445,-2.10272006353707,0.561009561132827,-3.74810022718885,0.000178179056448071,0.00217959253525786
"Os07g0492966",787.397207831356,-1.21676486607076,0.324818042241392,-3.74598916265405,0.000179684348169218,0.0021931594006696
"Os02g0713700",212.506500494781,-1.12364029337364,0.29998862972735,-3.74560960658701,0.000179956255092742,0.00219526801322777
"Os11g0704800",317.999202536577,-1.61411272437535,0.431283641817438,-3.74257812694552,0.000182141876752228,0.00221339368450663
"Os10g0535800",1057.65124267081,-1.49944888144228,0.401675705918355,-3.73298374621407,0.000189224809824543,0.00227573411967692
"Os10g0491450",453.643726323767,-1.54336686346937,0.414054594658155,-3.72744774090379,0.000193428651738275,0.00231497501520927
"Os08g0275200",122.552227546179,-1.3040744378504,0.349873084634501,-3.72727853362232,0.000193558513491011,0.00231527771323851
"Os03g0759000",1396.77504263473,-1.17968960263236,0.316517191619791,-3.7270948746741,0.000193699559208601,0.00231571379073307
"Os07g0631700",837.598694987813,-1.34478811335862,0.360873128226666,-3.72648448491281,0.000194169018305259,0.00231882213284614
"Os04g0654500",333.424515165689,-1.70381297773856,0.457730078659995,-3.7223094071652,0.000197408910153693,0.002347384897805
"Os01g0289732",26.0671530080741,-2.49777011909269,0.671616018268845,-3.71904488748039,0.00019997751542005,0.00237463477437466
"Os08g0342300",429.33319335113,-1.04551898495297,0.281129946340269,-3.71898831328169,0.000200022304964037,0.00237463477437466
"Os01g0297200",667.446878882274,-1.65203833517665,0.444294217903961,-3.71834309023971,0.000200533792341036,0.002379431241277
"Os04g0419100",82.5640752523359,-2.70950551437438,0.729853059645111,-3.71239865143796,0.000205304280082418,0.00242563610741986
"Os02g0633600",48.0121704581806,-1.90096635476496,0.512668388698722,-3.70798433582005,0.000208915575828416,0.00245781071435545
"Os06g0614100",390.856697389468,-1.56267546095815,0.421570975042199,-3.7067909165277,0.000209902093262655,0.00246679524783887
"Os01g0695800",3166.71432624335,-1.18796679253597,0.320747626690221,-3.703743048061,0.000212441447042134,0.00249266882827763
"Os08g0535900",412.30028435031,-1.19090263779431,0.322550295987521,-3.69214554321905,0.000222370140815258,0.00258451301196358
"Os04g0266900",553.790886811337,-1.17231524410175,0.31774196994479,-3.68951965742973,0.000224677868129547,0.00260859605571908
"Os08g0514000",116.98501346936,-2.65584448056276,0.721024335990961,-3.68343251121008,0.000230114228430808,0.00265739835240525
"Os04g0301500",296.284302303059,-1.32294319896917,0.359615116856979,-3.67877527099428,0.000234356654893811,0.00269412808722942
"Os03g0726800",468.355116234067,-1.19215171773512,0.32436852114861,-3.67530028349739,0.000237569823963907,0.00272258461303564
"Os02g0553000",140.230863314916,-1.86472695283395,0.507773755727543,-3.67235787946966,0.000240322807699464,0.0027484438456993
"Os02g0720500",139.170819524198,-1.33278514892438,0.363207946382805,-3.66948235080652,0.000243042115924296,0.0027695293302521
"Os07g0538700",255.693250805305,-1.60662171744651,0.437886219752698,-3.66903922748214,0.000243463723419402,0.0027729065330396
"Os03g0448200",27.7436567296479,-2.74870781544872,0.749447382543455,-3.66764616098895,0.00024479362281887,0.00278324048113715
"Os12g0547500",13.052211883787,-2.80675397102348,0.765778376217942,-3.66523012165164,0.000247116280756134,0.00280144083092063
"Os12g0478200",259.510393993047,-1.45065026380728,0.396391800952506,-3.6596374100611,0.000252572378350927,0.00284590586721012
"Os01g0389700",523.044435515452,-1.34793151167347,0.369009863733969,-3.65283328210772,0.000259362635490704,0.00290709780546716
"Os09g0498500",50.5920185451462,-1.85240609068249,0.507224093477971,-3.65204672747459,0.000260158530623018,0.00291211831472408
"Os04g0578000",269.265669080093,-2.08684190740053,0.572325069154528,-3.64625283754097,0.000266092171427084,0.0029650461839794
"Os04g0556400",2764.4476840994,-1.21904314980442,0.334345640530044,-3.64605666121995,0.000266295283024656,0.00296581683171475
"Os09g0467300",293.752088841801,-1.51767932013054,0.416347416926979,-3.64522333615611,0.000267159689037496,0.00297206649205045
"Os01g0609200",83.013648797431,-1.93919127469549,0.532222943397695,-3.64356948296095,0.00026888302265759,0.00298712443786337
"Os06g0210900",94.299031973695,-2.20262941343531,0.604770576607684,-3.64209089964403,0.000270432540098134,0.00299832091653119
"Os04g0678400",160.847003827904,-1.47037134130624,0.404313353542884,-3.63671228867853,0.000276140072981346,0.0030463464653114
"Os07g0127500",236.554053316733,-4.13381985359626,1.13680815003855,-3.63633903702754,0.00027654031019629,0.00304924253389245
"Os12g0518200",291.967600412994,-1.58662462163226,0.436399769856482,-3.63571369928551,0.000277212077590831,0.00305512822794355
"Os02g0813000",31.5367345698662,-1.93609256926216,0.533270671193011,-3.63060013206955,0.000282762976483584,0.0031024058782572
"Os01g0895000",57.8435614866262,-2.10014764522548,0.578714687473564,-3.62898625295632,0.000284536390666729,0.00312031710042202
"Os03g0432000",228.461183570943,-1.27381913158737,0.351214973068796,-3.62689301215484,0.000286852078226996,0.00313794064428059
"Os08g0558100",418.28869934342,-1.1673079977455,0.321921408526854,-3.62606514144935,0.000287772789059289,0.0031449048976119
"Os10g0570200",1788.40304511231,-1.29277010401652,0.356637915832566,-3.62488127769187,0.000289094226479746,0.00315778750295415
"Os02g0121700",45.5646995718324,-2.0552317430827,0.567191268436851,-3.62352500373782,0.000290615095437053,0.00316814811820374
"Os03g0326200",330.994261649599,-1.64783288087497,0.455246824872869,-3.61964716906074,0.000295004991504944,0.00320181642985832
"Os08g0387050",45.1479126981671,-1.97447397219363,0.545577124665714,-3.61905564388065,0.000295680061278245,0.00320517430786209
"Os03g0574900",2822.50946803157,-1.17870207454619,0.32609535603181,-3.61459325545013,0.000300819524002753,0.00325058325082721
"Os06g0253350",37.1552604420078,-1.86543820639004,0.51666464470753,-3.61053969049114,0.000305560536152374,0.00328737406751686
"Os04g0339800",604.558240316713,-1.14855708081245,0.318175632639626,-3.6098210013252,0.000306408376263791,0.00329329507711485
"Os03g0183500",145.272114268679,-1.28042831895261,0.354988750074299,-3.6069546392234,0.000309811794792071,0.003320204718534
"Os06g0218300",592.648950546753,-1.13515843936662,0.314780521851927,-3.60619022005625,0.000310725399653786,0.0033251672661839
"Os05g0135700",1073.04680677377,-1.06503602240466,0.295686323501174,-3.60191168057333,0.000315885691585612,0.00336899089469992
"Os01g0947000",22.4620849367743,-4.45282958429197,1.23709084251029,-3.59943621865015,0.000318907838718276,0.00339468195051026
"Os03g0828600",12.3277043128235,-3.53507719345319,0.98302815023227,-3.59610982922302,0.000323011466989961,0.00343176434291014
"Os04g0677300",215.594865800492,-2.10970194290419,0.586966205227127,-3.59424771667704,0.000325330202655018,0.00344564749524669
"Os07g0493800",543.547325940246,-1.27149726669746,0.353741827954224,-3.59442159851674,0.000325113024260075,0.00344564749524669
"Os05g0162000",73.1898670551653,-1.25803724575745,0.350211044647579,-3.59222607334792,0.000327865221251394,0.00347001140713533
"Os03g0394900",194.123951006014,-1.18825459430686,0.331276302173317,-3.58689887115799,0.000334634027837124,0.00352845041852885
"Os02g0467600",93.144055681809,-2.53141156677178,0.705742456231331,-3.58687725872343,0.000334661753259139,0.00352845041852885
"Os03g0791200",21.1960173070277,-2.54575373240853,0.710141044561729,-3.58485648999442,0.00033726360479725,0.00354743632960376
"Os10g0559500",159.401551993505,-1.4226647010015,0.396841876527623,-3.58496616700297,0.000337121905232337,0.00354743632960376
"Os09g0353400",85.0819836378032,-2.01884802059685,0.563314157803,-3.58387587571139,0.000338533009243316,0.00355909751075796
"Os12g0169100",157.56972637023,-1.32474584471502,0.369676087813183,-3.58353133563911,0.000338980076310607,0.00356210625040017
"Os04g0662600",24.5356385952045,-3.28459098311746,0.916938865659317,-3.58212647116415,0.000340808719496232,0.00357115279619786
"Os05g0500200",169.244110601914,-1.20802759915661,0.337389707721385,-3.58051111670007,0.00034292275244898,0.00358821014270929
"Os12g0623900",6903.29989145436,-1.07738793652442,0.300960727317997,-3.57982899006635,0.000343819138042605,0.00359419241520364
"Os01g0805400",669.092213597621,-1.01450053450728,0.283633239001602,-3.5768041082856,0.000347820623968529,0.00362234075037027
"Os09g0129500",1222.93177840761,-1.2155637866982,0.340024007196967,-3.57493518389736,0.00035031467136371,0.00364488587343229
"Os05g0153000",72.6511762869545,-1.55262711514009,0.43432675973056,-3.57479036314337,0.000350508628814702,0.00364519095847173
"Os05g0104200",79.8740240102129,-2.80818851814945,0.786638832717864,-3.56985747633011,0.000357175503149254,0.00370061900572187
"Os10g0134250",460.483261320582,-1.19082572398365,0.333652571745474,-3.56905902973848,0.000358265702890927,0.00370844363146705
"Os01g0829800",214.164786696309,-1.1195239103726,0.31395605681879,-3.56586180154114,0.000362662455647657,0.00373664149347092
"Os08g0138200",83.7155783302567,-2.412969282655,0.677485826497956,-3.56165278782003,0.000368527545986739,0.00378634264301271
"Os03g0838800",55.6138372922586,-1.87313154159162,0.526030228630277,-3.56088194107978,0.000369611251164057,0.00378911425470627
"Os11g0161133",145.946843901878,-1.33870298853015,0.376077082017306,-3.55965054118494,0.000371348614184565,0.00380473376522927
"Os04g0495900",124.495604224162,-1.75767996517564,0.493890355511105,-3.55884650421386,0.000372487134204143,0.00381286992067219
"Os01g0660300",588.473823581088,-1.70764754925456,0.480953715534808,-3.5505444580165,0.000384435199612065,0.00391095715425399
"Os03g0386500",137.145734396011,-1.51853186947015,0.427698704287936,-3.55047105414619,0.000384542420162185,0.00391095715425399
"Os04g0142400",2470.4171225297,-1.33854513030694,0.377376253807355,-3.54697762989149,0.00038967767777823,0.00394326026676773
"Os05g0139100",103.742377285003,-1.38229321200958,0.390073258059246,-3.54367592099747,0.000394589958749119,0.00398386515123769
"Os05g0451300",125.600578739897,-1.70977434401579,0.482613071727713,-3.54274354379782,0.000395987590105494,0.00399325237777036
"Os12g0260500",34.1076962676125,-1.66886301781488,0.471232438137599,-3.54148586292265,0.000397880179329296,0.00400288282272942
"Os07g0416600",213.384010137697,-1.65317406636273,0.466969396745969,-3.54021929034903,0.000399794687393547,0.00401809086408558
"Os11g0702100",27.3196726908375,-3.97585509480865,1.12432403661286,-3.53621817673337,0.000405899323091326,0.00407020693503852
"Os04g0582700",83.0180066403395,-1.82212270591115,0.515807852949395,-3.53256100211006,0.00041155526316966,0.00411388039812164
"Os02g0739400",561.456105144111,-1.22823573110575,0.347947670777112,-3.52994382276678,0.000415647912633256,0.00414356615651189
"Os11g0155100",119.596456464353,-1.1338663469914,0.321292822461288,-3.52907462515138,0.000417015518723437,0.00415349029001847
"Os06g0249350",41.5022455864907,-1.85208564666936,0.524885865778795,-3.52854928551247,0.000417844130825236,0.00415797164071979
"Os08g0470200",300.858259697445,-3.16173478515939,0.89603587780059,-3.52858056634984,0.000417794748903816,0.00415797164071979
"Os02g0530300",287.064617555103,-1.30996618823697,0.371279760631687,-3.52824561728929,0.000418323804206759,0.00416048169380801
"Os09g0478100",2973.63592989761,-1.14483022918688,0.324484407692537,-3.52815174488033,0.000418472188795016,0.00416048169380801
"Os10g0134500",356.298377840536,-1.20127119433781,0.340613147381984,-3.52679044708345,0.000420629531317443,0.00417630423896838
"Os10g0521900",196.977510354319,-1.04642142282267,0.296936223023729,-3.52406120131408,0.000424986075605002,0.00420635525255715
"Os01g0389200",90.7959413362604,-1.93605425444757,0.549911294583742,-3.52066646660363,0.00043046370015681,0.00424540965073604
"Os11g0514000",221.508702491566,-1.23919575183498,0.351957874030628,-3.52086383987858,0.000430143429306409,0.00424540965073604
"Os01g0740600",54.7822858224042,-1.44609371464147,0.411450456489965,-3.51462415907355,0.000440376758726035,0.00431623807656181
"Os12g0570700",1358.75363673313,-2.34687576561484,0.667842281016208,-3.51411677925477,0.000441218795782568,0.00431875568409453
"Os07g0607400",9.80046221771844,-3.8079488985478,1.08427045409938,-3.51199175828393,0.00044476179138117,0.0043400047699297
"Os01g0802100",3429.76547641273,-1.04214538443079,0.29683867554861,-3.51081402214425,0.000446736821251572,0.0043535211088605
"Os04g0571200",375.143766642758,-1.20063795484237,0.342565683792604,-3.50484012744621,0.000456881552033302,0.00443093054908863
"Os08g0434300",1000.98446121617,-1.49264126978074,0.425918072198856,-3.50452673227691,0.000457419642078645,0.00443420678426588
"Os01g0264400",89.8764362199795,-1.57587301532559,0.449728764192105,-3.50405208827701,0.00045823571763633,0.00443629078451508
"Os02g0770500",97.5863972555943,-2.08263702232229,0.594717749475255,-3.50189148408617,0.000461967732821106,0.00446266473490057
"Os08g0203600",13079.2049984874,-1.08179906645297,0.309035968197898,-3.5005603805969,0.000464281047755238,0.004475775063935
"Os07g0580800",37.2012795400732,-2.41368238908872,0.689693528364346,-3.4996448274829,0.000465878449340212,0.00448869223100158
"Os10g0481500",70.891305726803,-1.46888939272492,0.419751599147908,-3.49942536420767,0.00046626211669473,0.00449043476543629
"Os11g0211300",170.667734376903,-1.45590120528441,0.416832023443934,-3.49277676234067,0.000478025950124011,0.00458097676504507
"Os08g0203201",682.808807910729,-1.59205265768296,0.456324563611394,-3.48886030829308,0.000485084578253901,0.00461893029577512
"Os10g0147200",140.522799009158,-2.12921414524282,0.610281060389042,-3.4889074615645,0.000484999018762828,0.00461893029577512
"Os04g0630600",199.788213304886,-1.69218267722275,0.485225762368237,-3.48741309398687,0.000487717401158824,0.00463559040974871
"Os04g0401700",6687.84988643897,-1.00786093803426,0.289549057176382,-3.48079509518246,0.000499927783626529,0.00472222741351322
"Os04g0491100",282.522496208695,-1.5818387305442,0.455402883361366,-3.47349300660664,0.000513730751109101,0.00481155353650872
"Os08g0138700",112.657144890263,-1.54398030690356,0.444571897806713,-3.4729597496395,0.000514752546701446,0.00481501315442193
"Os06g0128800",229.01126432237,-1.70549070933135,0.491829750888799,-3.46764445674405,0.000525041457561935,0.00489265274068973
"Os06g0200250",263.272910126449,-1.22360948840625,0.352935267506604,-3.466951594412,0.000526396675651584,0.00490115592750282
"Os07g0542600",2604.59250583038,-1.22465484102063,0.353372787624044,-3.46561728551535,0.000529015732604888,0.00491520660327521
"Os05g0526700",206.175633237652,-1.38154443953097,0.398870483924566,-3.46364169626612,0.000532915838358598,0.00494202914903724
"Os04g0675101",200.02294877455,-1.1339661019336,0.328059597954178,-3.45658566006044,0.000547065303231516,0.00504060461042405
"Os09g0419600",43.5195656848922,-2.04257397524552,0.590917770798861,-3.45661287607609,0.000547010060858405,0.00504060461042405
"Os03g0180800",94.0512896348326,-2.43008257251493,0.703844891135495,-3.45258252652021,0.000555247601211941,0.00509901996616905
"Os03g0415200",348.670378039891,-1.30671803835607,0.378585627664872,-3.45157856735331,0.000557317470963953,0.00511166782295479
"Os01g0311800",16.512668299182,-3.54097283983802,1.02668223825222,-3.44894720869626,0.000562776715334186,0.00515320068412499
"Os02g0620400",151.044163325683,-1.16420440097306,0.337857555394454,-3.44584391375778,0.000569279071814129,0.00519983825455306
"Os05g0574600",224.61413725702,-1.34487859607056,0.390429266091639,-3.44461522962498,0.000571872822566934,0.00521922348081388
"Os01g0820400",17.272692401212,-3.4242479537477,0.994577973810428,-3.44291553193031,0.000575479026378108,0.00523917809335431
"Os07g0687000",113.612163109842,-1.68420522259473,0.489838975178012,-3.43828341136529,0.000585414643817536,0.00531433605115378
"Os06g0109300",52.6098198474166,-1.23495584973259,0.359468752637531,-3.43550264291776,0.00059145569406855,0.0053581917030981
"Os03g0231600",1289.73137616996,-2.34756986448872,0.684025109678603,-3.43199369624274,0.000599161485006366,0.00540379164107285
"Os03g0235000",167.396923059965,-2.1911076461208,0.638595275688934,-3.4311366362004,0.000601057770955225,0.0054185749620194
"Os11g0127600",347.519191223678,-1.13953317798807,0.332630456545511,-3.42582332905572,0.000612938926021096,0.00550692069580643
"Os11g0128300",190.686555362256,-1.37881301421403,0.402664331813871,-3.42422436077944,0.000616556955353472,0.00552376490973138
"Os09g0365900",39.624763956563,-1.87033965805561,0.546686936582933,-3.42122617698928,0.000623394649136362,0.00557454803171575
"Os11g0602750",89.5569610075704,-1.6256771960032,0.475909200231477,-3.4159398372893,0.000635622883373606,0.00566331036650905
"Os11g0664800",344.424441559929,-1.74544384552516,0.511244278628518,-3.41410929860682,0.000639908992255124,0.00568776595645151
"Os03g0280400",15.3955488065727,-2.29104493204915,0.671170224727251,-3.41350800086547,0.000641322754318228,0.00569644036830971
"Os01g0124100",17.7050084517726,-2.22919096335423,0.653495177445296,-3.41118196475266,0.000646819096233968,0.00573078095626902
"Os01g0284500",18.2884975705506,-2.38479961937868,0.699268989095442,-3.41041810314454,0.000648633609214895,0.0057445586966508
"Os02g0656600",118.905514865075,-2.35403605941677,0.691517366268652,-3.40416043651786,0.000663677598449674,0.00584041562292298
"Os07g0575900",1276.53007583518,-1.09655366305013,0.322116731989099,-3.40421205778047,0.000663552180020735,0.00584041562292298
"Os01g0684800",41.1707048436667,-1.58632669643525,0.466055489482591,-3.40372923875732,0.000664726092950506,0.00584731840445656
"Os01g0926800",6736.92009334873,-1.06177023941928,0.312086551032402,-3.40216595654917,0.00066854027568702,0.00587153916857846
"Os06g0569300",51.816758649286,-2.96476797052627,0.871992466463446,-3.39999264276964,0.00067387666302108,0.00590903096869296
"Os01g0337500",533.470606401696,-1.46315270953767,0.430432395276832,-3.39926252204286,0.000675678280628177,0.00591779778931506
"Os11g0258900",105.480129516681,-1.404003012605,0.413209118063788,-3.39780259250779,0.000679294182347387,0.00593537983084195
"Os02g0154000",299.022335241591,-1.35584408590569,0.39909589036794,-3.39728901907683,0.000680570453969227,0.00594184164879048
"Os07g0251900",1419.64010493605,-1.31759215892465,0.388316712112214,-3.39308641072315,0.000691098336670335,0.00602425522528263
"Os03g0321700",45.9862044745409,-1.43511983249262,0.423365132043833,-3.38979222394732,0.000699456157151976,0.00607821581077645
"Os01g0498300",182.715910604357,-1.59475733209735,0.470925523498905,-3.38643214801471,0.000708077840385593,0.00614083488600761
"Os02g0156400",74.3153878749843,-1.08123688692274,0.319399828452232,-3.38521436333348,0.000711226882722681,0.0061645851188984
"Os09g0517200",545.68459563574,-1.5164169680383,0.44796048498,-3.38515788531214,0.00071137324324942,0.0061645851188984
"Os02g0695200",51.7190545340851,-1.71083127205657,0.506252492119314,-3.37940316085073,0.000726433943615682,0.0062607917265842
"Os04g0639000",16.6178670129635,-2.41620159047127,0.715352971309745,-3.37763549936395,0.000731119226662436,0.00629382223854315
"Os09g0319800",898.855929410295,-3.5837284971246,1.06172244176237,-3.37539111556868,0.000737108535721308,0.00633356216048731
"Os09g0503000",65.9078877954171,-1.02211525678421,0.303184861568511,-3.37126085879206,0.000748249700358149,0.00641634260868698
"Os08g0203150",1080.69777741932,-1.46219944069984,0.433856749028551,-3.37023555349515,0.00075103953706048,0.00643777250873251
"Os02g0582800",559.594014723461,-1.13689206436022,0.338111331171306,-3.36247844880481,0.000772461554799593,0.00657810434031454
"Os05g0311801",80.2011299139401,-2.92581934523013,0.870603229465952,-3.3606805559691,0.000777506931254898,0.00661089898806248
"Os04g0538900",99.0099206872463,-2.20348779173112,0.656250164995214,-3.35769483844197,0.000785953301981367,0.00666990879998829
"Os05g0583000",179.843941412604,-1.40905938710238,0.419684035510774,-3.35742908444799,0.000786709213129445,0.00667120976173843
"Os08g0412800",81.2687410956838,-1.73107937077827,0.515595616941549,-3.35743616488989,0.000786689064760657,0.00667120976173843
"Os04g0460300",225.996286520459,-1.98899701644658,0.59254859766742,-3.35668167012176,0.000788838779055328,0.00668159120392656
"Os08g0498400",1784.76949273583,-1.41140999849797,0.42067388052805,-3.35511678720414,0.000793314852348997,0.00670155823954947
"Os01g0587400",571.551551856011,-1.25852737113606,0.375163877660114,-3.35460700263964,0.000794778084521082,0.00671135834072512
"Os04g0450000",207.712877953817,-1.54014566318351,0.459278177171375,-3.35340484206986,0.00079823856377653,0.00672775030094257
"Os12g0597650",55.567005019804,-1.22175915639422,0.364687970929745,-3.35014931608365,0.000807680088721287,0.00680214714506581
"Os12g0283400",13.0935310730105,-2.80755342789237,0.838272606979622,-3.34921289866343,0.000810414971565118,0.00682258474730923
"Os01g0955100",584.854410610682,-1.34488157915251,0.401608975921464,-3.34873386748087,0.000811817340747327,0.00683179313625487
"Os03g0122300",10728.3149513025,-1.26105732468162,0.376705421160939,-3.34759537252016,0.000815159337627684,0.0068475727842473
"Os06g0243900",12.743871188413,-3.34356558141855,0.998738405595164,-3.34778913345789,0.000814589661870818,0.0068475727842473
"Os03g0277500",62.5681070230456,-1.87538820594248,0.560709449916699,-3.34467023200893,0.000823804567543135,0.00690903671589869
"Os05g0149000",35.4024189806077,-1.93394322060273,0.578251861817212,-3.3444651860266,0.000824413758405856,0.00691152783978192
"Os03g0387300",275.106506605078,-1.79258056995534,0.536217757173955,-3.34300859300675,0.000828753335041122,0.00693292772889251
"Os04g0674700",652.46942946311,-1.12440290079902,0.336336428869286,-3.34308984780238,0.00082851069847123,0.00693292772889251
"Os01g0758200",151.093064659579,-1.06495325549027,0.318844764012244,-3.34003683199695,0.000837672794604364,0.00698565474400573
"Os04g0598900",133.367569181663,-1.12829838713621,0.337945536136691,-3.33869889223759,0.000841717492096245,0.00701002086057723
"Os05g0115100",198.268858690743,-1.8237414357741,0.546513426746004,-3.3370478135054,0.000846733802427681,0.0070426495565557
"Os06g0637400",77.8199928110025,-1.78562141477472,0.536423798668181,-3.32875129553911,0.000872362663469345,0.00721785565466172
"Os01g0323600",54.5928745534537,-1.52615925764056,0.458586202145553,-3.32796593203248,0.000874825638673469,0.0072301285800184
"Os01g0143900",516.09612886645,-1.15689247175257,0.347771617981808,-3.32658679413306,0.000879166354709132,0.00726058271526106
"Os07g0130200",52.0441932496745,-1.82748163418584,0.549705540242352,-3.3244737416693,0.000885855750693725,0.00730492818477087
"Os09g0357400",243.034538553508,-1.05162609082041,0.316608142295249,-3.3215383634693,0.000895226745150456,0.00736574335354004
"Os08g0357300",186.291327583936,-1.5496981277597,0.466723961791534,-3.32037404253069,0.000898969146485005,0.00738555690995343
"Os07g0550900",170.716530897933,-1.1909500522041,0.358763521793396,-3.31959627960711,0.000901477132175904,0.0074034143855737
"Os10g0344000",346.983584896506,-1.41351907226834,0.42621156895226,-3.3164727924752,0.000911614632508004,0.00746175954837697
"Os11g0579900",81.6455779255151,-1.07407217384717,0.323945380137622,-3.31559651627343,0.00091447756770936,0.00747966303164128
"Os08g0371200",179.682448501846,-1.68352694718225,0.507950274701901,-3.31435384727422,0.000918551854971379,0.00750467033982336
"Os04g0500700",8461.56619404508,-1.06436775111635,0.321568400890528,-3.30992643608256,0.00093320494069072,0.0076075444005277
"Os01g0888800",74.3874421352846,-1.73580946171852,0.524484119348871,-3.3095558048039,0.00093444136460442,0.00760925236358193
"Os11g0207400",939.59037480057,-1.05865909584704,0.319940225433625,-3.30892776740469,0.000936539959301872,0.00762350413194954
"Os08g0498100",9222.32141630044,-1.00343780605472,0.303458334525698,-3.3066740698458,0.000944106718000306,0.00766537104629438
"Os02g0503500",126.19166432594,-1.96830102092801,0.595749281729042,-3.30390834079633,0.000953470004817505,0.00773005469669146
"Os10g0521000",153.968469566797,-1.49182304743478,0.451946074623911,-3.30088727659867,0.00096379596574513,0.0077937934541866
"Os07g0526400",3673.30179173276,-2.60821510835569,0.79225661205738,-3.29213422603381,0.000994301439457487,0.00798217120051785
"Os09g0551201",17.5265620054542,-2.51266080569197,0.763458682517538,-3.29115492852392,0.000997769454917359,0.00800450997084867
"Os02g0556000",89.1083805379421,-2.6703859651028,0.811639986366094,-3.29011139170059,0.00100147728495604,0.00802905561630388
"Os12g0538600",24.6485258147372,-4.15542038256876,1.26528411234482,-3.28417968899328,0.00102279688215179,0.00817535948293241
"Os06g0683400",516.475816116835,-1.15686239523655,0.352470606627055,-3.28215281922957,0.00103017757775143,0.00822841332936308
"Os03g0790500",283.602505431405,-1.4910166783949,0.454299465963748,-3.28201283537032,0.00103068913383089,0.00822953051285605
"Os09g0448200",8167.99853820911,-1.05271371095557,0.321162036634592,-3.27782736087613,0.00104609353411053,0.00833449332088564
"Os08g0348300",52.1138374380395,-2.07657656019614,0.63401664711972,-3.27527135072847,0.00105560526857073,0.00838914438313877
"Os09g0442100",25.1112557549521,-2.04312358152004,0.624081568401306,-3.27380856120116,0.00106108471500102,0.00842362017742475
"Os06g0625700",104.30465961569,-1.14142316868207,0.349485300803203,-3.26601194974095,0.00109073646502753,0.00863424957889685
"Os08g0138100",21.9156293301429,-2.34737317179694,0.719035455084438,-3.26461394246725,0.00109613365391652,0.0086676768683449
"Os01g0257300",41.5591953304218,-2.55411234314546,0.782891643536685,-3.26240848811126,0.0011046983333265,0.00872294072688372
"Os03g0818100",592.069885396328,-1.14619145175592,0.351365813901389,-3.26210293206725,0.00110588980082308,0.00872923567915287
"Os08g0109800",65.3314009760912,-1.50556288978705,0.461680547400204,-3.26104900512944,0.00111000854621998,0.00874867369915372
"Os05g0473000",65.6641446269187,-2.65944926468952,0.816170554814895,-3.25844794203911,0.00112023427349664,0.0087829699183743
"Os03g0676400",79.7346770086134,-1.42893206067861,0.439683022786186,-3.24991411227058,0.00115439867409165,0.00897771023641142
"Os08g0343000",607.950126015154,-1.37852956798077,0.424621898749685,-3.24648722084258,0.00116838693366124,0.00906420991527456
"Os12g0175400",79.0235694614771,-2.10915147819659,0.649671644179033,-3.24648843318667,0.00116838195740393,0.00906420991527456
"Os01g0121500",149.823045189702,-1.39988305124053,0.431854784481996,-3.2415596666821,0.00118877545903736,0.00916560411472829
"Os02g0774200",110.358524642576,-1.62716420934803,0.501974464136555,-3.24152785769075,0.00118890813502099,0.00916560411472829
"Os04g0629300",596.265713965991,-1.15600637896773,0.356672214905692,-3.24108896251813,0.0011907401734027,0.00917356480906983
"Os02g0134000",467.329356163915,-1.00208558250396,0.30920780953707,-3.24081589014271,0.00119188134931582,0.00917483977134879
"Os11g0488400",127.188270563456,-1.09540399489508,0.337990914387359,-3.24092733936533,0.00119141547839384,0.00917483977134879
"Os08g0201100",33.5935555101451,-1.45224235117757,0.448254684873977,-3.2397706040392,0.00119625896769057,0.00919665618181836
"Os04g0167800",300.038319010078,-1.33881871862852,0.41349571281724,-3.23780556153013,0.00120452872538087,0.00924335789202595
"Os01g0864500",1837.06130084566,-1.00576716008389,0.31115113649028,-3.2324071556631,0.00122752017853904,0.00939133527057116
"Os02g0624300",77.6537481538627,-1.83511490853295,0.568346591857547,-3.22886586252797,0.00124282173699945,0.00949466791709462
"Os08g0538100",45.2236906923392,-2.18102414530059,0.676279950328836,-3.22503150395053,0.0012595880711558,0.00960482047654125
"Os11g0161166",30.9579001572883,-1.99394052908137,0.618771128406749,-3.22242011228852,0.0012711260699946,0.00966815606861918
"Os08g0540900",87.0970466197119,-1.50174910962836,0.466370792810511,-3.22007538374841,0.00128156891631364,0.00973087015641297
"Os12g0236400",285.849696151821,-1.41821836102193,0.441120012042109,-3.21503972231155,0.00130426472776615,0.00986935247350316
"Os11g0608300",36.5221786918849,-2.74558160045779,0.854148410010494,-3.21440813830475,0.00130713731985439,0.00988095848374735
"Os03g0734200",33.4314930805621,-1.78304817351209,0.5556471235754,-3.20895780408038,0.00133217041197811,0.0100325119359209
"Os04g0606200",252.25815132211,-1.15711659995323,0.360621329646726,-3.2086748753513,0.00133348188710211,0.01003897397563
"Os10g0558725",56.4855626657267,-1.25610861928483,0.391497339935119,-3.20847293494511,0.00133441868102461,0.0100426118343188
"Os05g0143000",21.2184672015118,-2.637844132256,0.822249879673465,-3.20808089786958,0.00133623906005241,0.0100494799689608
"Os02g0671800",55.9921464316306,-2.01216807942283,0.628184808062509,-3.20314667530547,0.0013593472844149,0.0101852142890796
"Os07g0541000",72.32644809945,-1.63176750048604,0.509676801015857,-3.20157303066119,0.00136679423719398,0.0102375477691853
"Os05g0321900",25.6119278925137,-2.07408329235978,0.648195265744288,-3.19978161207059,0.00137531755193589,0.0102874682153421
"Os06g0710001",184.984128817784,-1.18217997405455,0.370126942505618,-3.19398519343565,0.00140323314261578,0.0104363402790245
"Os03g0691800",384.511849174165,-1.01721211120255,0.318584272546677,-3.19291377151557,0.00140844997936397,0.010457575785747
"Os03g0724100",1194.91653768435,-1.21757540831554,0.382043051152256,-3.18701100476318,0.00143751305269831,0.0106093254999311
"Os06g0247900",52.4981997518843,-1.68664960116537,0.529255110974166,-3.18683668082271,0.0014383797046386,0.0106121842853726
"Os07g0438700",143.196885285318,-1.21249968241638,0.38091560185272,-3.18311898099986,0.00145697730297054,0.0107386599417679
"Os02g0540400",55.7618376495095,-1.56941030192479,0.493167325689609,-3.18230795142448,0.0014610637705109,0.0107580355646431
"Os07g0580900",5726.72323832627,-1.11864338634056,0.35192500414916,-3.17864139561516,0.00147967029331707,0.010865986705821
"Os01g0878300",256.501734730549,-1.13265896262256,0.356574384866593,-3.17650120337816,0.00149063171113581,0.0109176568694204
"Os04g0371100",131.693816533525,-2.21210928701624,0.696385377975779,-3.1765590676908,0.00149033436618687,0.0109176568694204
"Os01g0609300",10571.1237380024,-2.16388835728393,0.681253981744336,-3.17633131735002,0.00149150501328224,0.0109204406412308
"Os06g0185100",17.2823052316917,-2.96843846454098,0.935093592642688,-3.17448273402432,0.00150103820816356,0.0109757222480017
"Os06g0196200",9.20707917468111,-3.3573662863049,1.05787952555293,-3.17367545661693,0.00150521894372505,0.0109953984272571
"Os03g0660400",23.3214017457384,-2.7039912119057,0.852630713269207,-3.17135093754469,0.00151731717348865,0.0110728146137812
"Os07g0121000",158.103000015914,-1.4885446760152,0.469738508750309,-3.16887938350067,0.0015302788660934,0.0111380356259612
"Os11g0229700",37.0677249016609,-1.85946460242065,0.587319061673138,-3.16602120340426,0.00154539528370971,0.0112185563857759
"Os10g0441900",193.768151709627,-1.13981561866962,0.360058505645646,-3.16564003015493,0.00154742160291802,0.0112259048853892
"Os08g0104900",1512.32207877973,-1.10114918359545,0.347983346431125,-3.16437322328412,0.00155417354726711,0.0112638155515683
"Os04g0517100",1421.26976768865,-1.97563906878694,0.624539566044477,-3.16335293422586,0.00155963129119411,0.0112959752758681
"Os10g0555900",13.366427630472,-2.68071714415242,0.847572040316877,-3.16281922554948,0.00156249323807291,0.011313002872522
"Os01g0571000",295.475474716632,-1.02380884526685,0.323866723760299,-3.16120419344037,0.0015711831318625,0.0113684855302508
"Os11g0536000",157.431058830325,-1.18686891544565,0.375727569666988,-3.15885500895658,0.00158390268837708,0.0114492946207499
"Os05g0227600",1138.55695320884,-1.07401511300375,0.340592401243004,-3.15337367799192,0.00161395063173906,0.0116042830457023
"Os11g0130900",55.2533505469109,-1.78510481391765,0.566201654591188,-3.15277216066516,0.00161727982398497,0.0116184920774988
"Os05g0320700",1150.84155001088,-1.24951118305412,0.396994871409812,-3.14742399219629,0.00164715923878968,0.0117943303528905
"Os10g0146901",106.351923644526,-1.73763139380493,0.552338469320759,-3.14595395816226,0.00165546064171379,0.0118390032519978
"Os12g0123800",353.984990916724,-1.35614306254191,0.431413636946079,-3.14348677557314,0.00166947959100735,0.0119084882810869
"Os02g0205500",47.3774672449349,-1.36745261664139,0.435792457404663,-3.13785287791618,0.00170190277339363,0.0120812164444852
"Os01g0369700",282.805994661897,-1.14445864767224,0.364802913043736,-3.13719711863986,0.00170571407596583,0.0120902345897144
"Os07g0685500",806.927341402008,-1.26098592440236,0.401949548808073,-3.13717462338656,0.00170584495855485,0.0120902345897144
"Os07g0561300",112.093357347503,-1.75266132943617,0.559312565182257,-3.13359906167145,0.00172676621278663,0.0121992120986946
"Os12g0174700",545.206341686983,-1.27764978055208,0.408059012357973,-3.13104169215421,0.00174187429812786,0.0122785223925021
"Os01g0777900",49.6259280418667,-1.79096716690902,0.572327978651229,-3.12926719244041,0.00175242877582493,0.0123332884696566
"Os09g0484800",69.8558838924895,-1.12938717804849,0.3609860406637,-3.1286173170908,0.00175630883172159,0.0123527426439478
"Os10g0109600",559.353984972623,-2.20397632609613,0.705029233511087,-3.12607792888274,0.00177154600262913,0.0124298286561552
"Os07g0117400",91.3054189347886,-1.96359753125914,0.628404594883284,-3.12473452175162,0.00177965595156086,0.0124773155235937
"Os08g0154900",23.4023601608856,-1.62573179030887,0.520889685689637,-3.12106734875441,0.00180196817734668,0.0125898950503732
"Os09g0421700",41.1013332797465,-1.49350245886545,0.478512812017705,-3.1211336903769,0.00180156226096102,0.0125898950503732
"Os03g0405400",360.030956775108,-1.36417081108638,0.437169000250583,-3.12046556435714,0.00180565408342445,0.0126116678426186
"Os05g0119100",103.447670377645,-1.66081054811292,0.532345649125279,-3.11979735504905,0.00180975495736355,0.012625448128713
"Os01g0725400",326.099101390659,-1.7305345268063,0.555372629949996,-3.11598813748187,0.00183329647135832,0.0127684860561008
"Os05g0199800",14.5638590708843,-2.98472859524214,0.958150583486544,-3.11509343800766,0.00183886649677234,0.0127992276344031
"Os08g0395800",34.6091198623658,-2.01263923932567,0.646547764456117,-3.11290108785501,0.00185258095043782,0.0128784913104062
"Os07g0540600",117.518793118355,-1.11682188737579,0.359598752899097,-3.10574460665377,0.00189800567482388,0.0131160248583881
"Os11g0514500",1607.18120024249,-2.4688670961303,0.795053551013968,-3.1052840314739,0.00190096385782894,0.0131282722321243
"Os04g0513400",411.359516042031,-1.01007975780054,0.325331547196768,-3.10477039962443,0.00190426780709544,0.0131428907471634
"Os04g0679000",120.401988805647,-1.45390151710366,0.468463810827774,-3.10355140247573,0.00191213015692814,0.013180720362561
"Os03g0291500",7811.17981902514,-1.20722397808657,0.389084318744659,-3.10273100180844,0.00191743839023181,0.01320908630931
"Os01g0223800",47.7200635549893,-1.98157920977728,0.638940992923787,-3.10134931350952,0.00192640891519593,0.0132585078617821
"Os12g0448900",3294.88412177452,-3.42160896256138,1.10420374693151,-3.09871160288102,0.00194364117774251,0.0133584971605934
"Os09g0542900",118.276361587853,-1.87534724565302,0.605727996386914,-3.0960220706971,0.00196135761956291,0.01345304183852
"Os08g0200750",27.7959279566684,-1.42993220089349,0.461986021840097,-3.0951849910914,0.0019669017925392,0.0134806222502235
"Os11g0614400",88.1625001348739,-1.75937171685235,0.568903932569569,-3.0925638163649,0.00198435563029981,0.0135771378277095
"Os05g0261700",2812.11510114252,-1.21634815166625,0.39429850635197,-3.08484088088449,0.00203661078736319,0.0138831894836849
"Os07g0151800",53.5671807799822,-1.29392481534891,0.419490050264472,-3.08451848746626,0.00203881938310529,0.0138896922957951
"Os04g0526800",31.3566160900241,-2.01625726787737,0.654331340924236,-3.081401029988,0.00206028955658631,0.0140052468202615
"Os05g0545400",61.7842302053522,-1.593140012925,0.517660891640768,-3.07757460270065,0.00208692593899129,0.0141521063446267
"Os05g0499400",70.7327425505473,-1.62371356377582,0.527909823267888,-3.07574038634979,0.00209980588820096,0.0142220257481363
"Os01g0795900",9.97403370651015,-2.53155349852128,0.823221995857526,-3.07517718338445,0.00210377532992213,0.0142401985875285
"Os03g0581701",27.2328643684895,-1.47715969463052,0.480616723948287,-3.07346711220449,0.00211587008165322,0.0142914824520695
"Os02g0740700",457.962448587307,-1.22117044255322,0.397746172050254,-3.07022550652965,0.00213897202014764,0.0144167365290986
"Os10g0580500",63.8626837678797,-1.06846020459937,0.348343242731343,-3.06726261207658,0.0021602897390605,0.0145250455853442
"Os10g0491801",41.4118970997684,-1.78798342986671,0.584895750030996,-3.05692669124705,0.00223618958626664,0.0149279963837877
"Os12g0624300",28.8555948856523,-2.17556357147512,0.712520994395355,-3.05333258751386,0.00226314959219599,0.0150611346921585
"Os01g0615100",4172.73747223903,-3.06062438856158,1.00263177425756,-3.05259065904622,0.00226875187599189,0.015075760890257
"Os05g0533301",40.993845872967,-1.83073433148295,0.60031802278115,-3.04960747805227,0.00229140628346065,0.0151784610258037
"Os03g0278200",67.1951755217216,-1.12790282696743,0.370719665370422,-3.04246829161447,0.00234646537137782,0.0154488411318925
"Os04g0674400",466.348059924595,-1.07239450264205,0.352476076278978,-3.04246039607316,0.00234652692861906,0.0154488411318925
"Os05g0582600",239.199375609925,-1.48022968534203,0.486482248592422,-3.04272085903421,0.0023444970206141,0.0154488411318925
"Os01g0823100",26.8834585308802,-3.31657086790957,1.09078961586379,-3.04052295665026,0.00236167686941716,0.0155255010587189
"Os02g0536500",1272.33049927661,-1.24111917175567,0.4089050492286,-3.03522584056383,0.00240355633619524,0.0157587032394725
"Os12g0616500",89.1984888019571,-1.40074219485609,0.461564380887606,-3.03477099372877,0.00240718390168077,0.015773145536287
"Os05g0546400",124.548796786474,-1.21714382786241,0.401155644008668,-3.03409373902791,0.00241259453598814,0.0157992474478892
"Os09g0555150",42.0973971900084,-1.62879779131171,0.537207271341724,-3.03197271928884,0.00242961160943914,0.0159012801195956
"Os03g0829200",91.7491784870206,-1.75795797745255,0.579866742760137,-3.03165856535375,0.00243214140562728,0.0159083613340062
"Os01g0508100",151.30480593453,-1.34684874988483,0.445092751377724,-3.02599569576418,0.00247815830528268,0.0161474111351571
"Os05g0366600",7929.62861549596,-1.0022121741859,0.331264046786734,-3.02541789218411,0.0024828980910755,0.0161640242971193
"Os07g0653900",24.7497147725243,-1.68016537021562,0.555534073158982,-3.02441461540163,0.00249114778848843,0.016203438068426
"Os11g0180000",7.37424491808448,-3.36140919455781,1.11272256338185,-3.02088706131889,0.00252035348674458,0.0163620902030798
"Os04g0109400",30.6907285270805,-2.51071389386772,0.831535009922333,-3.01937244242095,0.00253298932014521,0.016427333490725
"Os12g0111800",657.326512345055,-3.18617117179869,1.05605462748869,-3.0170514752399,0.00255246464007894,0.016534265534227
"Os02g0156000",141.384958387602,-1.58747298425589,0.526193241890949,-3.01690112657298,0.00255373093176604,0.0165376298801497
"Os06g0270200",93.3100997502624,-1.17829357271138,0.390614658127313,-3.01651140886613,0.00255701595260047,0.0165492225099465
"Os08g0244750",14.5268155489648,-2.18996501006562,0.728404620308296,-3.00652267847878,0.00264254341449102,0.0169650798938371
"Os09g0255400",1448.0631351018,-2.00327101797582,0.667906865732214,-2.9993268833667,0.00270576839265604,0.0172497604324208
"Os04g0516600",23.9794363392066,-1.6741099204861,0.55862287211862,-2.99685172957009,0.00272783352752145,0.0173554488887507
"Os01g0186600",612.779521774986,-1.01814035936221,0.33994076436989,-2.99505227403199,0.00274397811647447,0.0174481388503335
"Os01g0609900",8138.59541888787,-1.95235142386712,0.651989016345421,-2.99445446920347,0.00274936086549784,0.0174723303452892
"Os05g0494000",271.179009114407,-1.11095229291923,0.371367933160295,-2.99151378920943,0.00277598000906656,0.0176039716080162
"Os09g0399800",65.0517114184272,-2.55375922864418,0.854920684423769,-2.98713000535887,0.00281609940162833,0.0177808504862118
"Os01g0327000",58.5011146042265,-1.98815413977693,0.665941414997619,-2.985479045156,0.00283134536127238,0.0178346565132096
"Os01g0699600",143.010575644751,-2.05069064212969,0.687316993974403,-2.98361696292652,0.00284863136281097,0.0179129642158471
"Os10g0520100",111.8478161999,-1.65387168779546,0.554806194077827,-2.98098994829078,0.00287318223369724,0.0180161789397595
"Os07g0148200",53.4859629666835,-2.12562756119996,0.713088510825382,-2.98087478472988,0.00287426290578542,0.0180178524906554
"Os05g0125400",121.251140089119,-1.02866279458527,0.345250296119732,-2.97946969530921,0.00288747790158159,0.0180699966701295
"Os03g0351700",38.3406820085502,-2.11246429136488,0.710982427677963,-2.97119057958168,0.00296647631794059,0.0184237733956585
"Os05g0553400",1199.0622315199,-1.06434271544629,0.358839157179367,-2.96607182954193,0.00301630033399181,0.0186339022586252
"Os03g0230300",583.495507185031,-1.27522116470863,0.430606742492723,-2.96145192090247,0.00306192294969717,0.0188548865720161
"Os02g0807900",47.9135844951421,-1.24169921645766,0.419587957941041,-2.95932996397417,0.00308308790705456,0.0189460586594769
"Os01g0949700",246.107238679052,-1.2350720690948,0.417380652800137,-2.95910234652447,0.00308536612812229,0.0189531974501594
"Os02g0810500",27.378119628702,-1.57937561288663,0.533971906604891,-2.95778784117809,0.00309855305868504,0.0190186812203194
"Os05g0349400",12.2367400935964,-2.70014937895046,0.912892209313707,-2.95779649711369,0.00309846605574162,0.0190186812203194
"Os02g0626200",30.1476406994807,-2.48214745659987,0.840234214881119,-2.95411376094827,0.00313568392251674,0.0191946855760142
"Os09g0345600",18.6407374298501,-1.83297884121006,0.620567690618791,-2.95371297751954,0.00313975874753718,0.0191983977987354
"Os12g0603800",32.1648532540266,-1.79708020869521,0.608805576794211,-2.95181298791331,0.00315914198970645,0.0193062552564423
"Os10g0503250",2206.65773745951,-1.00679890955773,0.341657567117726,-2.94680699757725,0.00321073532538446,0.0194946527479939
"Os12g0183200",45.8371886742004,-1.56171056727346,0.530192905006684,-2.9455516143766,0.00322379356136483,0.0195449105263359
"Os09g0375000",130.672064023256,-1.13607930458482,0.385770770226865,-2.9449595258778,0.00322996912211233,0.0195662780663992
"Os07g0539100",403.773068223973,-1.29644174611537,0.440474650645662,-2.94328344256588,0.00324750938327807,0.0196456571735409
"Os01g0795700",153.666966837664,-1.9161168946039,0.651315094833106,-2.9419199858939,0.00326184196289866,0.0197108195689245
"Os11g0600500",36.7503471231584,-1.92015312203924,0.653760115820576,-2.93709125958095,0.00331306592467218,0.0199441524301704
"Os02g0562600",3054.55579181163,-2.24604379449052,0.764834401345647,-2.93664065128195,0.00331788323783374,0.0199568738845088
"Os03g0638400",47.1287702908406,-1.28482200615168,0.438410478234738,-2.93063708542055,0.00338267707200723,0.0202804909426786
"Os08g0113000",73.549454513957,-1.69905849014078,0.57990751471398,-2.92987838065659,0.00339094692191391,0.0203136132803037
"Os12g0630800",20.0353971903241,-2.73759391922322,0.934500118652885,-2.92947412694774,0.00339536078326429,0.0203345099005287
"Os12g0258700",578.705491858832,-3.59248121119583,1.22723679233901,-2.92729262488037,0.00341927001122512,0.0204477814896561
"Os12g0240900",46.4837811740759,-5.80344457183564,1.9830207889535,-2.9265676911528,0.00342724913799802,0.0204811668459957
"Os03g0179400",502.071064315354,-1.37770177984445,0.470857825226933,-2.92594007369519,0.00343417081939259,0.0205169930146172
"Os03g0157900",2038.60608961858,-1.07783994478324,0.368788090100208,-2.92265388638329,0.00347062072728439,0.0206900951865384
"Os04g0367201",55.6984587641424,-1.95277943497192,0.668306933446761,-2.92197991258381,0.00347813971860851,0.0207197354606778
"Os02g0598200",91.6042867395555,-2.27379171364014,0.778586961654018,-2.92040815686116,0.0034957321838086,0.0207838362732831
"Os08g0320500",31.6736318568747,-1.29741302725559,0.444890989383221,-2.91624927952411,0.00354267326654923,0.0210346818972021
"Os02g0654300",29.5516302747814,-1.50664111737559,0.516881048658153,-2.91487010654947,0.00355836610384009,0.0210995671947304
"Os04g0172400",182.82605281856,-1.68772791325038,0.57983887354684,-2.91068431291377,0.00360638190643587,0.0213214691029097
"Os04g0154800",506.382166128964,-1.25885495607868,0.433287383710382,-2.90535797580509,0.00366833286200802,0.0216069587384197
"Os02g0534400",275.703156576533,-1.12141317609683,0.386041598733462,-2.90490242444337,0.00367367607118102,0.0216326760351114
"Os06g0203000",45.8775328642718,-1.17720024951386,0.405438665509028,-2.90352240587584,0.0036899056688829,0.0217051544672519
"Os07g0622200",893.633967553882,-1.91145321523489,0.660066926216174,-2.89584758653531,0.0037813600539279,0.0220846987480922
"Os09g0562600",146.703873482156,-1.04665018745525,0.361666480139822,-2.89396514449062,0.00380410387432005,0.0221824239877062
"Os07g0673900",145.800524341643,-1.00186006370176,0.346204239684963,-2.89384111706266,0.00380560673997365,0.0221853446102571
"Os04g0686000",96.3870800940638,-2.09258628525478,0.723489812765441,-2.8923507260678,0.00382370835389019,0.0222585203761191
"Os07g0122100",463.265679951221,-1.25359825467316,0.433698484193284,-2.89048336658349,0.00384649886159113,0.02233268718151
"Os10g0559050",42.0113637049056,-1.06895973466658,0.369825854663728,-2.89044078770142,0.00384701995891238,0.02233268718151
"Os01g0103900",23.1998973386952,-1.90147476378463,0.657896715523496,-2.89023294830042,0.00384956450104764,0.022341600948282
"Os01g0773800",59.9345708000268,-1.79376731026243,0.621173577143162,-2.88770703755968,0.00388061123935275,0.0224805372711955
"Os03g0737300",368.293898891651,-1.00969130338293,0.349712326724952,-2.88720535772548,0.00388680454648009,0.0225000142357619
"Os08g0457400",161.89093184599,-1.36447568491851,0.474319323873116,-2.87670271111179,0.00401853993244526,0.0230353158241864
"Os03g0405500",4048.43173380662,-1.04971437461499,0.365198597990025,-2.87436583927867,0.00404839725459541,0.0231556609697745
"Os06g0570900",81.4727509878177,-1.45843281589179,0.507897861976975,-2.8715080827765,0.00408518334813607,0.0233238897656216
"Os11g0207600",45.9613537691309,-1.23220130599676,0.429339502023028,-2.86999286157152,0.00410481065728719,0.0234238692688133
"Os03g0803600",25.8999587779606,-1.61720444952079,0.564626716226099,-2.86420107842221,0.00418062532012169,0.0237688417572202
"Os11g0530600",45.7693904702077,-2.62777978562801,0.917483652611343,-2.86411619231451,0.00418174586689183,0.0237688417572202
"Os12g0226700",327.014001846913,-1.36326925367577,0.476249283051456,-2.86251192850296,0.00420297439539099,0.0238365922357459
"Os07g0121100",24.0370505543225,-1.52365684877985,0.533074137710446,-2.8582456754026,0.0042599043630796,0.0240977369706043
"Os01g0585100",188.264062010737,-1.02090685721996,0.35726629351499,-2.85755156797943,0.00426923257419939,0.0241381712015702
"Os01g0595600",1675.60137189939,-1.7360211504561,0.607660620694887,-2.85689263271804,0.00427810523743795,0.0241636551178861
"Os10g0112100",57.7016355110866,-1.3202813492174,0.462596076372922,-2.85406949312958,0.00431630884105011,0.0242988543223215
"Os01g0642801",82.0080034859228,-1.67031117335062,0.585481833977412,-2.85288300407807,0.00433245689532232,0.0243402507280719
"Os03g0739700",595.918953557567,-1.24750270558059,0.437504065478465,-2.85140825883821,0.00435260444098218,0.0244410385310135
"Os03g0221200",193.894280843114,-1.30914725309745,0.459317849012638,-2.85019895462722,0.00436918894755454,0.0244968884496847
"Os12g0639500",650.731491168876,-2.15909058837272,0.757548204405804,-2.85010323543204,0.00437050409248488,0.0244980585092931
"Os04g0648200",140.50717887456,-1.04351522561186,0.366391963330303,-2.84808437425012,0.0043983262006325,0.0246352998755892
"Os12g0209200",217.324585760747,-1.08933423965635,0.382791375371284,-2.84576484671257,0.00443048992250718,0.0247772936833787
"Os12g0191601",98.7686367369697,-1.43603345308537,0.505439465630445,-2.84115814204215,0.00449500160528623,0.0250613775474829
"Os06g0698300",180.12633279578,-1.35988887191994,0.478846196405103,-2.83992831545743,0.00451236726412376,0.0251025938680815
"Os06g0671600",126.763161644261,-1.54453181401096,0.543937836432274,-2.83953737092763,0.00451790028017212,0.0251207509048948
"Os01g0934400",481.562764060006,-1.06154449719469,0.373956132744332,-2.83868722623799,0.00452995355142179,0.0251688084271091
"Os01g0631800",32.6917735275481,-1.50824292256345,0.531372862078606,-2.83838906763804,0.00453418771085393,0.0251860135740133
"Os08g0201600",18.069785893591,-1.70115717183205,0.599366241565131,-2.83825990497864,0.00453602306644099,0.0251898888171733
"Os01g0727700",49.5012917432218,-1.06351653298886,0.374719662124775,-2.83816580896341,0.00453736056114316,0.0251909980401883
"Os12g0168100",15.5222345348643,-2.52900192789582,0.891407092102677,-2.83708975427864,0.00455268118424273,0.0252570569031116
"Os11g0548600",182.133231683736,-1.10948312482207,0.391163254034303,-2.83636848139312,0.00456297671921899,0.0252888279199569
"Os03g0718000",468.495043624564,-1.12897919080051,0.398606729091657,-2.83231342675328,0.00462125261669328,0.0255478537293898
"Os07g0132500",147.444635892223,-2.0235830926408,0.715362172838434,-2.82875327977096,0.00467297082590424,0.0257501859274131
"Os06g0158000",438.265183253578,-1.13313299957318,0.40093580613825,-2.82622051267343,0.00471008270617505,0.0259031150515206
"Os08g0185900",277.226996421303,-1.07120374372934,0.379982567841909,-2.81908654339905,0.00481605312752888,0.0264071897713267
"Os09g0561600",38.3879922953493,-1.99839316919667,0.710759166463744,-2.8116319331333,0.00492908714490163,0.0268975556469289
"Os01g0794800",179.852893269312,-1.59301611264481,0.567168814360392,-2.80871598069312,0.00497395062216909,0.0270984844304739
"Os06g0215100",37.5823298284246,-1.40851466778814,0.501495852082725,-2.80862675521351,0.00497532920752331,0.0270993269332776
"Os02g0811200",223.050422063452,-3.36143576038536,1.19810839061893,-2.805619079797,0.00502200214390992,0.0272797226369748
"Os01g0821300",155.691609958224,-1.18900938601925,0.42405838776018,-2.80388130582545,0.00504914891025035,0.0273935814804835
"Os01g0654100",89.1884287368961,-1.25760779583401,0.448603286715594,-2.80338515805684,0.00505692382793674,0.0274156098125239
"Os03g0226200",81.0962212134716,-2.35641828241305,0.842181409918768,-2.79799370380348,0.0051421114996692,0.0278433579638483
"Os12g0283100",75.8131451694375,-1.25592693682611,0.449293844536448,-2.79533528468856,0.00518459141639933,0.0280117224378959
"Os01g0945150",14.8393827468985,-2.34059546444132,0.837445904479484,-2.79492138169345,0.0051912337884186,0.0280407678237073
"Os10g0529500",342.567006644697,-1.39754321286837,0.501295066404657,-2.787865483879,0.00530565691381342,0.0285473996910676
"Os10g0391400",15.7754085570022,-2.5584283907347,0.917908772585041,-2.78723601641761,0.00531597463921928,0.0285959656187935
"Os09g0341500",83.9423738816908,-1.54460925489911,0.554356566972158,-2.78631001583622,0.0053311858366525,0.0286360469697533
"Os11g0121300",208.968125384169,-1.11494338773425,0.40025409076299,-2.78558898825711,0.00534305719773255,0.0286748673353163
"Os09g0569700",32.3810372934505,-1.23620522660998,0.444108961152946,-2.78356289726892,0.00537654367876505,0.0287945654462493
"Os10g0488400",194.597794921571,-1.12181459304295,0.40310692110489,-2.782920695006,0.00538719724422123,0.0288306867718951
"Os04g0583000",51.6647675700527,-1.44190902150945,0.518963892581599,-2.77843804187732,0.00546209289151093,0.029099181595511
"Os07g0522500",30851.4970798327,-1.73214207274312,0.623739040935796,-2.77703007037108,0.0054858103461153,0.0292044546461503
"Os07g0225000",35.0665784395989,-1.26519261112678,0.455748829364965,-2.77607429708526,0.0055019633918851,0.0292693348053167
"Os01g0847300",118.228355828553,-1.26050188752713,0.454286379304933,-2.77468562772171,0.00552550909847141,0.0293593225220195
"Os02g0514326",25.8356583539889,-1.46882745217166,0.529619420467004,-2.77336403351011,0.0055480019213934,0.0294478550487753
"Os01g0728300",122.632134122195,-1.97466855842674,0.712543306409694,-2.77129620145692,0.00558336112512147,0.0296011791343783
"Os06g0470000",173.884921657658,-1.17252006556701,0.423103676482647,-2.7712358240761,0.00558439660558684,0.0296011791343783
"Os07g0116900",231.090728772424,-1.52299016546937,0.550778549216523,-2.76515882406061,0.00568950867640203,0.0300076752771979
"Os09g0272000",119.590092841204,-2.02702903388372,0.734494682586587,-2.75975998457247,0.00578438413034595,0.0304353728683436
"Os03g0225900",5225.88666413259,-1.64100951725503,0.595852197298682,-2.7540546543163,0.00588619376728395,0.0308391424991562
"Os09g0563700",60.8642610640344,-1.56625820607882,0.569640329182517,-2.74955638819768,0.00596759941636942,0.0311624100655272
"Os03g0713600",44.7273649469538,-1.22487404125648,0.446560294346209,-2.74290853164582,0.00608976459963695,0.0316139456038832
"Os11g0178800",243.285433736024,-1.18760590983698,0.433746269316077,-2.73801988362823,0.00618103387058201,0.0319362571310975
"Os02g0640500",43.3194805252804,-2.03454857661235,0.744876768153106,-2.73138949098512,0.00630678879325865,0.032466545145673
"Os10g0112700",57.1985708272152,-1.14365325550983,0.419274514726742,-2.72769561549714,0.00637784295966118,0.0327257986025164
"Os03g0363950",9.85764601255757,-2.92549474553667,1.07354290793427,-2.72508413395972,0.00642851035324011,0.0329019065490266
"Os01g0548750",33.3937950110656,-1.23275934448523,0.452446856536182,-2.72465003718429,0.00643696761857498,0.0329260580734975
"Os08g0509100",17097.5629002007,-2.06196184019204,0.756855543301661,-2.72437965004135,0.00644224047849737,0.0329341136999331
"Os03g0820400",107.441431002306,-1.30720550844854,0.480402636778476,-2.72106230976272,0.00650724946022387,0.0332127732362417
"Os02g0640300",119.491880812749,-1.17930021425678,0.433974077649364,-2.71744390965585,0.00657883052968768,0.0334777951638279
"Os10g0566400",84.4222931239541,-1.0926011151833,0.402221867280193,-2.71641400944065,0.00659933359990982,0.0335667000311517
"Os12g0628600",22915.0348544357,-1.01605212020801,0.374825955598886,-2.71073042042831,0.00671351841378514,0.0340380149300703
"Os06g0255100",202.80074334001,-1.01325474095905,0.373836708029082,-2.71042067083533,0.00671979209303603,0.0340620230613349
"Os05g0141300",79.042238462097,-1.81580470432876,0.670285479697439,-2.70900199889216,0.00674859331690748,0.0341767165209626
"Os10g0450900",12727.4149573239,-1.53006215752476,0.564912906839941,-2.70849212152675,0.00675897168485339,0.03420986589453
"Os12g0125300",20.1943267659268,-1.6387391539226,0.605319281875694,-2.70723104812498,0.00678470201427232,0.0342889950463373
"Os06g0698812",8.88690894218479,-3.01305019805547,1.11333584142223,-2.70632641648045,0.00680321386577036,0.0343526835190863
"Os02g0218700",19.1627705759007,-2.46484199966034,0.911326633523417,-2.70467460182816,0.00683713277370722,0.0344831336543625
"Os01g0771000",26.9618266724507,-2.41999983926084,0.896344309642773,-2.69985519317382,0.00693696624113556,0.034883345342944
"Os12g0433066",24.4374300531103,-1.70780341003422,0.632755385934296,-2.69899466365278,0.00695492915499222,0.0349498607400551
"Os11g0117400",484.030922633457,-1.22715700244451,0.455655318702683,-2.69316949034722,0.00707762791645893,0.0354457723814334
"Os03g0233000",16.7080266959819,-2.42609774537611,0.901317192473596,-2.69172469540703,0.00710835966262873,0.035543403633754
"Os04g0607600",127.458925629901,-1.42056367824151,0.527939952432324,-2.69076752326982,0.00712878526887991,0.0356002546058548
"Os10g0113000",49.6212085909009,-1.50662868219576,0.560570025729111,-2.68767257085526,0.00719519122239885,0.0358965139376144
"Os07g0122350",20.9103625676587,-1.70545617315959,0.634597171157496,-2.68746261514034,0.00719971612251184,0.0359109967714653
"Os08g0174100",34.1296093863607,-1.59322118565651,0.593403537571646,-2.68488656501167,0.00725544263097596,0.0361076096409168
"Os11g0587600",9227.1337772864,-2.74990345210898,1.02442194891167,-2.6843464795248,0.0072671750189819,0.0361497465952097
"Os03g0660500",116.056423974302,-1.98850214290195,0.740849114086313,-2.68408520047211,0.00727285694538513,0.0361698844626622
"Os08g0413100",24.4608262652422,-1.65620302716189,0.617100065888927,-2.6838484043526,0.00727800989493718,0.0361728207713288
"Os02g0221100",158.413072966036,-1.17214268405277,0.437181901187297,-2.6811326838313,0.00733734169230683,0.0363948978860632
"Os04g0654800",7.62933321332495,-3.41540880553622,1.27462306543382,-2.67954417125958,0.00737224758368518,0.0365083725677418
"Os11g0147150",104.893819632936,-1.50483943524352,0.562057455337503,-2.67737652254769,0.0074201197021674,0.0366798102982113
"Os09g0304400",50.1393189026873,-2.06982691231674,0.773104294482448,-2.67729325407819,0.00742196421935643,0.0366807387903506
"Os03g0182000",19.8207901954115,-1.94202393817024,0.725486042989845,-2.67685913042082,0.00743158735002017,0.0367119088614004
"Os01g0831300",21.8757060641101,-1.97905065032485,0.739923828828538,-2.67466808503536,0.00748032678673198,0.0369361987923802
"Os09g0322100",10.7290457032878,-2.01983214722023,0.755277290516507,-2.67429217398943,0.00748871761500808,0.0369571374268686
"Os03g0561400",29.1352632298939,-2.48659888533285,0.929938865615007,-2.67393801600965,0.0074966306072246,0.0369754729950011
"Os04g0127500",369.349796436965,-1.43843728653737,0.537999466340722,-2.67367790589291,0.00750244705208243,0.0369959198619503
"Os01g0841700",780.812114726385,-1.02524712423482,0.383659190001626,-2.67228610952986,0.00753363847890816,0.0370919033937082
"Os04g0127100",2907.27417997923,-1.73788768287834,0.650284263809906,-2.67250459467733,0.00752873434630593,0.0370919033937082
"Os09g0526500",24.0296948280295,-1.62238843310348,0.607358643695884,-2.67121979730289,0.00755761412271824,0.0371726942498931
"Os04g0398000",527.20533891605,-1.01897959461552,0.381863152324099,-2.66844179233789,0.0076203981495884,0.0373836032046099
"Os01g0975000",79.2931041551957,-1.43144752375048,0.536769773085033,-2.66678117048836,0.0076581517656791,0.0375213848736227
"Os10g0380800",8.22504103879956,-3.52970288546895,1.3253367086124,-2.66324992172326,0.00773899118687457,0.0378086945870675
"Os04g0518600",18.6453103364945,-2.14886653760059,0.807015579199203,-2.66273240937045,0.00775090241072676,0.037841836885535
"Os08g0507100",839.824845107396,-2.5021992070825,0.940361259093086,-2.66089142112862,0.00779340844143984,0.0380158308662524
"Os03g0437200",322.659085338032,-2.45169510877987,0.921603582318088,-2.66024910907266,0.00780828766634212,0.0380553357839248
"Os04g0650300",67.9715293302022,-1.03978881068603,0.390867945225408,-2.66020486813365,0.00780931344851272,0.0380553357839248
"Os07g0175600",791.683409323859,-2.18876418675365,0.823212952438449,-2.65880678902134,0.00784179193859703,0.038192942215679
"Os05g0399800",122.757783679762,-1.23415827483253,0.464336511048882,-2.65789625727409,0.00786300933039346,0.0382626130954377
"Os02g0627100",1489.51762322829,-2.10753363770281,0.793937395643173,-2.6545337822203,0.00794180869940908,0.0385528582358291
"Os05g0550700",139.844600338642,-1.04800502138341,0.395125171272616,-2.65233677218793,0.00799367675574728,0.0387199435478591
"Os10g0111700",64.8210581416384,-1.10360752123983,0.417265240473751,-2.64485850771281,0.00817250824405316,0.0392937035899199
"Os04g0344100",31.4771511239047,-1.62970930685489,0.616442059565043,-2.64373477047429,0.0081996879838257,0.0393730842875482
"Os07g0463600",312.212389120318,-1.10652731585315,0.419126207375758,-2.6400814274568,0.00828861097199659,0.0397173548084402
"Os03g0238800",235.8172296818,-1.18340402461212,0.448580659102083,-2.63810755234282,0.00833701358040048,0.0398865491096236
"Os11g0210500",29.0116508743892,-1.59803330127179,0.605971901586638,-2.63714092532608,0.00836080894449896,0.0399561128513169
"Os01g0155000",16.1908571751185,-1.80996728431712,0.68732143469399,-2.63336365338724,0.008454377294549,0.040290221196429
"Os04g0127200",33366.8710143582,-1.61493969302807,0.613413174470744,-2.6327111321361,0.00847063569139385,0.0403416530099271
"Os05g0493100",169.709946881788,-1.29287174543109,0.491130698550102,-2.63243928601462,0.00847741732980458,0.040365268193377
"Os01g0930500",30.6455757023477,-1.87958147124824,0.714462135314991,-2.63076428874649,0.00851931005419618,0.0405073828504001
"Os10g0496000",16.0122731310065,-2.58421606426827,0.982419951464459,-2.63045967299023,0.00852694854572754,0.040519167792516
"Os02g0231700",100.334818736163,-1.68041215757692,0.639683879091187,-2.62694154488358,0.00861561331217355,0.040838855565154
"Os02g0212400",38.4866382066542,-1.96634889127546,0.749569171345502,-2.62330544857627,0.00870811631882381,0.0411715574236767
"Os01g0138400",43.2294000367603,-1.58932601105174,0.606631872246885,-2.61991841141661,0.00879508062171406,0.0415131518611623
"Os01g0795000",365.244834289745,-1.15919696462132,0.44285596061391,-2.61754852077497,0.00885638962012923,0.0417300111894619
"Os04g0322100",40.7603368561231,-1.53147520629161,0.587658243187922,-2.60606436486568,0.00915892487256181,0.0428636135285121
"Os09g0483500",13.1781051538115,-1.79658056295525,0.689753422498868,-2.60467074805736,0.009196258584759,0.0430201481777201
"Os03g0168300",97.2237701958828,-1.8952339710668,0.729008478187012,-2.59974201641674,0.00932938676449027,0.0435050447246375
"Os01g0348900",25.7247226706728,-2.95595024075665,1.13718428890003,-2.59935902176056,0.00933980333929197,0.0435166755118033
"Os02g0758200",33.2041468527954,-2.21727561696444,0.853787188886929,-2.59698862412667,0.00940450386873995,0.0437264007051178
"Os04g0464100",209.074658139423,-1.42597924618701,0.549292850171199,-2.59602732084091,0.00943085660192928,0.0438305197362125
"Os03g0253600",83.288391301056,-1.04776369925976,0.403638563034195,-2.59579682224514,0.00943718516804688,0.0438507275562909
"Os04g0185600",31.1252192189299,-1.90831456028424,0.735596062360347,-2.59424248977208,0.00947995988367696,0.0440310031014247
"Os07g0654500",1696.93735627611,-1.97835430579161,0.763528355858154,-2.59106854462278,0.00956784323248092,0.0443647365466722
"Os10g0567100",20.2509320805514,-1.58263481460828,0.611726844537006,-2.58715933221162,0.00967708330815199,0.0447774924818794
"Os09g0129600",119.205970692639,-1.77211129697548,0.685079696739194,-2.58672283737247,0.00968934957738393,0.0447968028801123
"Os12g0221400",347.510546580711,-2.12202366250798,0.822231738550557,-2.58080971946999,0.00985688944871312,0.0452876923187294
"Os08g0448000",646.47722011482,-1.93688172147347,0.750760939474547,-2.57989144031532,0.00988313786677801,0.0453800405450709
"Os02g0629000",88.7412370526898,-1.03786177593315,0.402551754972908,-2.57820705812846,0.0099314467722204,0.0454350112267722
"Os02g0724500",88.9070395978003,-1.28812147646516,0.499561185175843,-2.57850592617948,0.00992285976954636,0.0454350112267722
"Os05g0582500",45.3676042774977,-1.35635484390013,0.526080239376869,-2.57822807696922,0.00993084264776548,0.0454350112267722
"Os06g0315000",38.1616237068718,-1.87771766520333,0.72882828938376,-2.57635123739637,0.00998491608383676,0.0455468387050516
"Os09g0456800",63.8642547480819,-1.59889764618796,0.622039293292077,-2.57041261449251,0.0101577450018242,0.0461055006325114
"Os02g0275300",33.1037498963119,-1.24592127280513,0.484892942705843,-2.56947701868483,0.0101852147195802,0.0461988501215375
"Os06g0146800",104.257678163869,-1.587981595661,0.618280917331714,-2.56838202691776,0.010217448391053,0.0462910834512595
"Os04g0517000",40.4543586023187,-1.37109712912324,0.534183924852502,-2.56671357061489,0.0102667379639168,0.0464301601384254
"Os04g0688100",26409.2276241817,-1.44989606321007,0.565705035236843,-2.56298949611266,0.0103775188023481,0.0468225061108016
"Os04g0653700",408.835824011394,-2.62955906939818,1.02631747593032,-2.56213026774641,0.0104032289813162,0.0469200022595917
"Os01g0723600",870.751873567625,-2.38414225954431,0.931448311174095,-2.55960768938331,0.0104790383570738,0.0471482195212298
"Os09g0400400",120.839413360948,-1.72479473040614,0.673896922784559,-2.55943405006102,0.0104842746584273,0.0471621952889557
"Os10g0343951",26.9395535754797,-1.59481165127719,0.625342431815298,-2.55030135512736,0.0107629840051408,0.0481129070982883
"Os10g0538950",17.9972861257595,-1.92146984274665,0.754031852193389,-2.54826084224071,0.0108261489205792,0.0483250650334814
"Os01g0940700",5858.74869663913,-1.46584131940384,0.575294315270519,-2.5479850582472,0.0108347111560318,0.0483323810308922
"Os02g0814000",242.885566155369,-1.01892062129551,0.400385733086755,-2.54484747356053,0.0109325480331012,0.0486156951196812
"Os12g0460100",160.789767341764,-1.44468801225636,0.567971720747951,-2.54359144915503,0.0109719332071106,0.0487516703067701
"Os01g0521250",9.79479455908764,-2.15279557947653,0.848709463544026,-2.53655187310734,0.0111950155847299,0.0494422465105128
"Os06g0185400",83.8778701682757,-1.00083693727369,0.394929623122737,-2.53421591766149,0.0112699265593902,0.0496967623882612
"Os10g0416500",5945.17914521964,-1.67165169187543,0.660173538960813,-2.5321397984336,0.011336878179065,0.0498926296487135
