"","baseMean","log2FoldChange","lfcSE","stat","pvalue","padj"
"Os05g0111300",979.104312737037,5.11047556576354,0.348129210047748,14.6798240948026,8.68153751884595e-49,1.92217922204768e-44
"Os10g0517500",7808.68655324466,-2.4400057647276,0.232346531343781,-10.5015803361289,8.49459327606482e-26,9.40393948626756e-22
"Os11g0127800",1124.16409200854,2.17813793439163,0.214827338950255,10.1390165005767,3.70813984290569e-24,2.73673080872583e-20
"Os06g0642500",788.747619089756,1.64003897297463,0.1627826533476,10.0750229784777,7.124413900805e-24,3.94354120444309e-20
"Os12g0124000",1458.46193235613,2.01622266064808,0.206547750400997,9.76153289848826,1.64647475435831e-22,7.29091950724949e-19
"Os12g0267900",756.022738879742,2.48887568645531,0.270447280143548,9.20281278160485,3.48700099579146e-20,1.28676148413031e-16
"Os11g0182900",278.308572828944,4.75221011669272,0.519867067641009,9.14120245826829,6.17617216167124e-20,1.95352325473661e-16
"Os08g0109400",2502.39031282016,1.44052459555177,0.166056851426868,8.67488804691798,4.13957518846104e-18,1.14567917809645e-14
"Os12g0406000",1944.94601541575,1.25407717848996,0.147921771701877,8.4779756493009,2.29145910175382e-17,5.07351959719313e-14
"Os09g0403300",234.46431753293,4.26933118933298,0.503534964865139,8.4787184351268,2.27687947623055e-17,5.07351959719313e-14
"Os03g0277700",229.012756773283,-4.29208982789246,0.513664667469201,-8.35582063496671,6.49793806136354e-17,1.19892372180542e-13
"Os07g0538000",100.989290539399,-5.42909100567133,0.649376632345749,-8.36046561463072,6.24712048745719e-17,1.19892372180542e-13
"Os02g0530100",1150.36592216373,2.42414941781647,0.29448032879785,8.23195704688498,1.84179301303049e-16,2.91279565010772e-13
"Os09g0396900",62.9774366334837,-5.75688891750452,0.702389173219682,-8.19615269853251,2.48203007651287e-16,3.66364186160476e-13
"Os03g0787200",135.582754438403,1.95514347699312,0.241429866344477,8.09818398442668,5.57856576761419e-16,7.32300539472451e-13
"Os05g0589700",195.092129484261,2.70910670399916,0.334572193083445,8.09722612937977,5.62264991239405e-16,7.32300539472451e-13
"Os04g0532400",695.806052919646,1.86425130977095,0.230484046106427,8.08841801098079,6.04446537311675e-16,7.43502821256545e-13
"Os12g0169600",1093.23472140032,1.57254534110782,0.195040365186605,8.06266610300535,7.46482128666177e-16,8.69887411094622e-13
"Os02g0173200",4139.15998196038,-1.13093103565543,0.14041449456922,-8.05423285626623,7.99788312076158e-16,8.85405650883911e-13
"Os07g0209100",820.434678740476,2.35475348112064,0.294023641663317,8.00872157014174,1.15906986792493e-15,1.16649845207845e-12
"Os04g0486950",2942.56129667265,-1.66594985267536,0.212345610392454,-7.84546405078199,4.31355403408336e-15,4.15245216820172e-12
"Os04g0654400",248.528996776379,-1.82322230644405,0.232685531612309,-7.83556370613464,4.66743925844444e-15,4.30590719255076e-12
"Os04g0659800",209.20321237521,-2.13831228656556,0.273974172092697,-7.80479513901801,5.95982759362428e-15,5.27826171001741e-12
"Os04g0191400",1347.30655685043,1.0542818042622,0.1367930419457,7.70713034278961,1.28678359924911e-14,1.0957952181144e-11
"Os02g0197600",1100.16315419062,2.26132126847675,0.293592156236496,7.70225368914556,1.33687140125913e-14,1.09628406278809e-11
"Os01g0117300",445.680311750887,3.77427047720585,0.492153093768326,7.66889515680365,1.7348416412171e-14,1.37182602779242e-11
"Os06g0699500",1003.70475523611,1.22286385257452,0.160509067873086,7.61865898779898,2.56324639192257e-14,1.95699442632957e-11
"Os06g0203600",643.706848796847,-1.41958805595479,0.188380737273932,-7.53573893221636,4.85577197943776e-14,3.58372157989105e-11
"Os11g0707000",129864.958934002,1.2185039589595,0.161984896027534,7.52233071626861,5.38082644741486e-14,3.84312510878104e-11
"Os03g0738600",490.015234186191,-3.75325633198732,0.500982325390263,-7.49179390523117,6.79385463820453e-14,4.70071048576521e-11
"Os08g0499300",1715.0882419122,1.53633212348238,0.206286344939888,7.44757062776048,9.50746546503205e-14,6.37893311700832e-11
"Os12g0547600",12272.4965726076,-1.08128054360124,0.145717627162797,-7.42038258963154,1.16782493721109e-13,7.60494468670316e-11
"Os01g0881300",1269.8993304754,2.63890629155805,0.357076771826258,7.39030511019086,1.46492270891453e-13,9.26710105659329e-11
"Os01g0974200",885.600092924475,1.16297809363403,0.157944741069949,7.36319605044011,1.79558359526822e-13,1.10433378841205e-10
"Os02g0762100",1777.53814559962,1.10764983108183,0.150865696640224,7.34195947620413,2.10489134122288e-13,1.2595783563788e-10
"Os09g0491820",2736.55030364069,1.47936641650554,0.20167313459228,7.33546597317664,2.20951373656193e-13,1.28739062213731e-10
"Os01g0286600",1795.99081055563,1.07722142609186,0.147640966310149,7.2962230809906,2.95958051147689e-13,1.68020697704128e-10
"Os07g0628500",132.60586076546,-2.08321780432926,0.286404154665927,-7.27369966667979,3.49773169646093e-13,1.93608193728354e-10
"Os10g0209700",812.759460255995,2.01747047441496,0.277660962364369,7.2659492974294,3.70427521077675e-13,2.00039896199532e-10
"Os01g0117266",94.5397821568522,3.92201093403809,0.541977391215667,7.23648439511642,4.60464618832768e-13,2.42741598228007e-10
"Os07g0518500",160.792211290999,2.17209696133512,0.303424088645558,7.15861740256369,8.14947788222325e-13,4.19622301837919e-10
"Os02g0704000",547.640254130136,1.89365640822359,0.26529643292599,7.13788869054214,9.47753265292683e-13,4.76913751064666e-10
"Os04g0191500",1105.83959312991,1.50230917132631,0.210650500245655,7.13176170754094,9.90923229114385e-13,4.8755624924048e-10
"Os01g0633400",335.003851680488,1.75413143181318,0.246849961171369,7.10606322759526,1.19399731153533e-12,5.74702053797907e-10
"Os07g0119300",2457.20748853185,1.13945166879897,0.16070316078895,7.09041230555136,1.3371302561345e-12,6.29902148959021e-10
"Os01g0101200",2840.92159628496,1.78483867773039,0.252360226601414,7.07258311568019,1.52075839166205e-12,7.01481490620615e-10
"Os01g0198900",258.697493590409,1.46086685499865,0.206857398295165,7.06219292632764,1.63895214299044e-12,7.11530184273555e-10
"Os03g0701200",816.636452716092,-1.68317578383669,0.238207609870932,-7.06600341084269,1.59459497891296e-12,7.11530184273555e-10
"Os12g0105300",1698.91103232751,1.08042613808114,0.152929053622577,7.06488474549509,1.60749357692254e-12,7.11530184273555e-10
"Os04g0403200",1761.57025070163,1.45282934814723,0.205949234284839,7.0543080832138,1.73461675521825e-12,7.38579799563215e-10
"Os02g0277700",530.710542715135,1.31139970421937,0.186080187418569,7.0474977611104,1.82163756763464e-12,7.60997686509406e-10
"Os03g0323200",7045.0008291886,1.15237119620564,0.163661002834262,7.04120820628623,1.90579975330983e-12,7.81413191445054e-10
"Os10g0418100",173.467660064763,-1.86177021366882,0.26615114239231,-6.99516145951592,2.64953620898743e-12,1.0666069309671e-09
"Os01g0714800",188.085415094232,-3.76167184533203,0.540064877594386,-6.96522214532384,3.2788595016908e-12,1.296379075481e-09
"Os08g0248800",254.580101209531,1.57520686617227,0.227619691047227,6.92034533095577,4.50543988811598e-12,1.71991283728924e-09
"Os01g0110100",85.3908179485787,2.8415850920897,0.410826651251822,6.91674963985702,4.62123722508431e-12,1.73421717628122e-09
"Os09g0460500",594.194685484429,2.5863468991216,0.374634987591661,6.90364484040296,5.06849265177485e-12,1.87035826338245e-09
"Os03g0389100",363.871638213376,2.18035951786825,0.317872636647994,6.85922368424161,6.92357568196472e-12,2.51303097007182e-09
"Os02g0191300",2499.49417710197,-1.60950236562046,0.235119789497,-6.84545681613496,7.62322135504559e-12,2.67913879400102e-09
"Os04g0444800",1321.02717553364,1.604076065472,0.234313979595547,6.84584021935366,7.60283001757918e-12,2.67913879400102e-09
"Os06g0118700",157.838221417045,3.37167252834213,0.493677366510211,6.82970854462374,8.50873216301747e-12,2.9436224815839e-09
"Os03g0826800",1014.27559327866,1.88909410059132,0.277297013990958,6.81252954513577,9.58973527092457e-12,3.26655890205448e-09
"Os05g0586050",780.766740244835,1.5808475039686,0.232284848949502,6.8056419138739,1.0059965500849e-11,3.37481357809541e-09
"Os02g0526400",26123.9106382701,-1.4485212083187,0.214255920223851,-6.76070564027036,1.37321268973831e-11,4.53795554679043e-09
"Os05g0304600",3969.57343153699,1.43432983492405,0.212975405603517,6.73472052258585,1.64245324800462e-11,5.3478760829515e-09
"Os04g0470901",336.722356904045,1.614779812447,0.240990754284768,6.70058823310245,2.07582214255712e-11,6.66098232729815e-09
"Os08g0206400",206.050623698319,-1.60422006655051,0.240878872527358,-6.65986206975588,2.74084685489039e-11,8.42848475196223e-09
"Os10g0322300",346.244704961035,1.13609168814913,0.171453380401577,6.62624257094369,3.44339159221579e-11,1.04438538689383e-08
"Os05g0542800",365.778186882729,-1.04055408265334,0.157958277217504,-6.5875248893765,4.47219033553252e-11,1.33809143539224e-08
"Os03g0279200",507.928305949577,1.49141275832981,0.227463613285391,6.55670916674742,5.50081446675101e-11,1.62391377477779e-08
"Os01g0837000",3073.26597249604,-1.20772507331849,0.184907431736693,-6.53151180553024,6.51090890219042e-11,1.89681623688682e-08
"Os08g0542700",143.492919200563,-2.07887257588901,0.318914999446101,-6.51857886740871,7.09766162931048e-11,2.04090033940991e-08
"Os05g0568300",259.785361803808,1.87162610913078,0.288551963454588,6.4862705722858,8.79870956325604e-11,2.49759267230836e-08
"Os09g0450300",923.731285638876,-1.24160875977225,0.191720388124821,-6.47614357511053,9.40965164882144e-11,2.63720376147539e-08
"Os07g0464200",1126.03242132334,1.1455225668402,0.177348130025019,6.45917476930036,1.05275476233231e-10,2.87765965343207e-08
"Os11g0112200",484.136920762976,-2.27234759309938,0.352149659912129,-6.45278940114949,1.0980991081478e-10,2.96500150652444e-08
"Os12g0131100",891.269942344074,-1.03643623798477,0.160792196035759,-6.44581182132912,1.14983257308754e-10,3.06728228924473e-08
"Os03g0839200",77.4802461398275,1.98378332264864,0.308286389902008,6.43487155978311,1.23577783398515e-10,3.25730440741251e-08
"Os03g0388500",4658.31815623482,-1.21734396294098,0.189709283918867,-6.4168918768446,1.39084629286205e-10,3.6229091494422e-08
"Os11g0106700",9135.86079917414,-1.84415520705808,0.288078766323322,-6.40156590016881,1.53791406585846e-10,3.86942674229228e-08
"Os12g0106000",6374.50386185364,-2.01369732939131,0.314676924693114,-6.39925323839728,1.56138695964384e-10,3.8843447947724e-08
"Os08g0427700",218.228155495332,1.54220642699029,0.242179975594179,6.36801793049385,1.91486536679505e-10,4.65901473474827e-08
"Os01g0124401",224.104988381211,-3.02514468042749,0.476257657208829,-6.35190770087928,2.12660917360608e-10,5.11796236008829e-08
"Os03g0736900",306.187155414252,2.10975020534141,0.332868513908433,6.33808881642008,2.32632721379071e-10,5.47949051495108e-08
"Os06g0561000",142.594851113832,-3.36982688245895,0.532261216027923,-6.33115241348369,2.43336823958763e-10,5.55435115388759e-08
"Os05g0215000",103.720981263452,5.51542962152953,0.871075362556736,6.33174792745937,2.42399274709861e-10,5.55435115388759e-08
"Os09g0492700",1296.35708014099,-1.58931067614429,0.250994337158518,-6.3320579027269,2.41912661347877e-10,5.55435115388759e-08
"Os05g0363500",466.85355267248,-1.02611317241561,0.16255536443082,-6.31239194109958,2.74755302642893e-10,6.14480520789525e-08
"Os07g0204100",953.239528455071,-1.06293912651329,0.168510664982871,-6.30784482763352,2.82947675172032e-10,6.26474447598397e-08
"Os05g0401500",540.378251468863,-1.06675140412291,0.169559840302299,-6.29129752788788,3.14823255398075e-10,6.83382519389097e-08
"Os09g0364400",99.4487432861878,-1.85289555102309,0.294483618915317,-6.29201569122225,3.13369797293756e-10,6.83382519389097e-08
"Os01g0885700",54.3356862435702,-3.23202295036417,0.515588014223744,-6.26861536963815,3.64272681041032e-10,7.83044799119367e-08
"Os01g0814800",869.159309105085,1.0722644211739,0.171296981232089,6.25968078048674,3.85766303952299e-10,8.21274205366139e-08
"Os01g0919800",897.829664173265,1.5133840165193,0.242131904991436,6.25024618945954,4.09806195754379e-10,8.64144664780735e-08
"Os01g0647200",572.102282577817,6.04800853099147,0.968062154547888,6.24754154738759,4.16963392401398e-10,8.70942119920694e-08
"Os01g0603300",1128.86391094848,1.27801903674397,0.20527376534415,6.22592485016936,4.78723506369913e-10,9.90599734068808e-08
"Os08g0190100",641.969639855025,-2.0998081940565,0.337395782537748,-6.22357570169559,4.8595017439513e-10,9.96242852896535e-08
"Os03g0277600",270.185812473995,-1.67481114561791,0.269276153119062,-6.21967866897366,4.98174053617951e-10,1.00555943786457e-07
"Os11g0444400",210.41326203788,1.26559784619296,0.203497281680379,6.21923711089545,4.99577878890308e-10,1.00555943786457e-07
"Os04g0578600",49.5040070774921,9.06579892670034,1.46037376956787,6.20786206628658,5.37102597324386e-10,1.06178469708565e-07
"Os07g0100900",165.897995314402,1.2480503080749,0.2019156779728,6.18104706184838,6.36778282549551e-10,1.2476909693743e-07
"Os08g0278750",199.750808422175,1.43001836697819,0.231912078482257,6.16620909241512,6.99465809906703e-10,1.3584975874688e-07
"Os01g0214500",376.427494518049,-1.50504764506155,0.244286008024928,-6.16100634346594,7.2284095501715e-10,1.39168883348128e-07
"Os07g0509700",1221.91380192924,1.02172937420559,0.165875873992801,6.15960205430438,7.292797077663e-10,1.39198120772876e-07
"Os04g0301700",990.436332897749,-1.05783680340309,0.172084001286845,-6.14721180058918,7.88568011267146e-10,1.49228071260392e-07
"Os01g0309800",4903.57494661192,1.27446053115418,0.207561331664795,6.14016358891161,8.24365409557681e-10,1.53380458260644e-07
"Os06g0349800",141.293214641138,2.09859156540398,0.342051308501954,6.13531219802947,8.49921167882778e-10,1.56817538150772e-07
"Os03g0834050",463.740240256935,-1.19364054364776,0.194999177595409,-6.12125937333114,9.28386378234068e-10,1.67117095938866e-07
"Os09g0452900",1028.33271237624,-1.20494157134934,0.19681233396933,-6.12228688643623,9.22417467920556e-10,1.67117095938866e-07
"Os02g0551100",2229.56953292841,-1.10534007764398,0.180791816315442,-6.11388336137632,9.7235386587075e-10,1.72231095553954e-07
"Os01g0221900",788.524568735439,1.18729845691188,0.194331855124665,6.10964402182146,9.98536110306407e-10,1.75464984272176e-07
"Os05g0113400",2295.37097170426,1.12162359606814,0.183761551274221,6.10369028934883,1.03647036565929e-09,1.79285080984861e-07
"Os01g0363300",478.823718531974,1.85662932994173,0.30487725800994,6.08975999738622,1.13080080487714e-09,1.93684108987505e-07
"Os01g0838600",79.2156456422876,-2.21186713485533,0.363264855502993,-6.08885528381952,1.13720853477149e-09,1.93684108987505e-07
"Os03g0728500",366.509398961372,1.91627086542102,0.315252065168756,6.07853548681824,1.21285143569571e-09,2.03437451801051e-07
"Os05g0142600",340.782436336755,-2.72340595483958,0.448241180456871,-6.07576026830855,1.23401650902385e-09,2.05431274633813e-07
"Os01g0520800",272.694485766698,1.09993301878233,0.181240409667434,6.06891708532683,1.28775604391068e-09,2.12777660956914e-07
"Os08g0189600",403.105164260294,-1.94294814932053,0.320528481535383,-6.06170203662868,1.34688560665182e-09,2.19274957477044e-07
"Os06g0272700",318.325973314984,1.51302731891685,0.249787071930928,6.05726832546096,1.38452534556866e-09,2.23757486687851e-07
"Os06g0608700",35920.622729599,1.75077441485949,0.289642793399638,6.04459857022523,1.49782459603996e-09,2.40314017253049e-07
"Os03g0229500",668.708012628146,1.67788806173089,0.278940946366504,6.01520889488307,1.79654875834001e-09,2.82109120981604e-07
"Os03g0322200",273.781355676725,-1.96870402482343,0.327615809811608,-6.00918504499376,1.86458210602553e-09,2.90334380333611e-07
"Os02g0617800",807.756167518032,1.89329487798046,0.315114910995488,6.00826813304169,1.87515543054543e-09,2.90334380333611e-07
"Os06g0665800",1592.20811696039,-1.01310036099117,0.168809225187785,-6.00145140091835,1.9556147853331e-09,3.00689353903195e-07
"Os11g0417800",574.746964889464,1.46519337680493,0.244361866182074,5.99599847430047,2.0223891902833e-09,3.08811855600431e-07
"Os10g0577600",1469.97753173332,-1.30314423767321,0.21747343498293,-5.99219963475307,2.07021566675368e-09,3.13949623819132e-07
"Os08g0112300",460.260090093318,-2.38355692804464,0.398248557133379,-5.98509871624308,2.16258660429814e-09,3.23525878417332e-07
"Os01g0159800",775.574409576546,-1.62641776895711,0.272105055059059,-5.97716851899022,2.2704929666144e-09,3.35139898492064e-07
"Os10g0457600",3977.42468839028,-1.07560224343293,0.180031334147639,-5.97452798161708,2.30757326767696e-09,3.38357481586991e-07
"Os01g0910900",51925.7573475663,1.30078294401977,0.218583424691222,5.95096790096183,2.66561365424995e-09,3.85038356471743e-07
"Os06g0475400",817.349317152435,1.36094538458691,0.228722520473019,5.95020281243994,2.67810428149806e-09,3.85038356471743e-07
"Os02g0740600",254.907709917199,-1.83130381159514,0.308175658086885,-5.94240253420286,2.80874660717329e-09,3.98643965573229e-07
"Os08g0553700",195.744963526452,1.34040740120565,0.226576631931823,5.91591193574179,3.30041773992565e-09,4.65442988405693e-07
"Os02g0199200",344.254910030299,1.27188377642249,0.21511548499558,5.91256262397208,3.36825719423708e-09,4.72003686946856e-07
"Os09g0502500",541.390160226085,-1.53044393663867,0.260034326062712,-5.88554580393966,3.96742486750498e-09,5.49017212446423e-07
"Os07g0245100",922.867856398789,-1.11390046013978,0.189365160028023,-5.88228827295867,4.04632785033832e-09,5.56458043070439e-07
"Os06g0663900",760.127151558933,-1.17980295500904,0.200850422648399,-5.87403770155043,4.25306580176899e-09,5.81278579734365e-07
"Os01g0373800",107.534859348177,-1.8612271071803,0.317355089326915,-5.8648093878936,4.49648940075287e-09,6.1077774123969e-07
"Os05g0365600",1126.20143711463,1.19049994543779,0.203346272541009,5.85454520784344,4.78317093583226e-09,6.45125207236231e-07
"Os11g0267000",744.583818197895,1.5808989840688,0.270074247652662,5.85357174113828,4.81126571686337e-09,6.45125207236231e-07
"Os11g0435500",260.547409958219,1.59878414425186,0.273170681650427,5.852693029107,4.83676366926581e-09,6.45125207236231e-07
"Os11g0684000",1675.89060869382,-1.53603554298456,0.262553255209228,-5.85037706639932,4.90459852526315e-09,6.5025578411887e-07
"Os10g0158700",225.894128228451,1.72484875405369,0.294919575505044,5.84853938942479,4.95908217426037e-09,6.53565704882732e-07
"Os01g0959200",1217.70465301122,-2.16999962766564,0.371170909636974,-5.84636233962412,5.02438993590332e-09,6.58254541839262e-07
"Os02g0107350",80.3243862419189,2.07584549641753,0.355315862516145,5.84225393630774,5.14992228187862e-09,6.70731936723968e-07
"Os01g0816100",1045.35044283572,-2.25607114298847,0.386236477670876,-5.84116538291069,5.18369116978135e-09,6.71181907544613e-07
"Os03g0764000",688.371295289023,1.85486369254409,0.318315911927236,5.82711584009063,5.63934697067346e-09,7.21738620102203e-07
"Os07g0123800",249.531670340587,-1.32750078564747,0.227885864156781,-5.82528798159317,5.70141988795902e-09,7.25489297352302e-07
"Os08g0269700",210.39701655005,2.54700819717803,0.438837146622523,5.80399407110562,6.47535673569645e-09,8.12386990317914e-07
"Os08g0346900",130.369999220452,-3.30903288870056,0.570178646027538,-5.8035019581227,6.49439940771739e-09,8.12386990317914e-07
"Os12g0438400",1878.25830978725,1.59501113467608,0.27476610817902,5.80497771448898,6.43745656183187e-09,8.12386990317914e-07
"Os12g0199000",404.45375892921,1.93127443832738,0.333753516177984,5.78652911419057,7.18556377106208e-09,8.83864263639364e-07
"Os02g0209400",64.0615337736351,-2.52793777381877,0.437012673217164,-5.78458687527026,7.26907493505129e-09,8.84310923829508e-07
"Os12g0280801",635.164673602189,1.35715065306776,0.234607867768904,5.78476189214846,7.26151114192899e-09,8.84310923829508e-07
"Os01g0880200",267.497219367079,1.97717254466654,0.342365231402084,5.77503894472418,7.693528822271e-09,9.30832905212581e-07
"Os02g0751600",5471.70171148785,1.02329560033944,0.177232508148577,5.77374665082094,7.75279800591565e-09,9.32905981787927e-07
"Os05g0522600",8266.18944979411,-1.60633640934175,0.278378789648666,-5.7703261493775,7.91182521238295e-09,9.46895794742546e-07
"Os11g0216100",3310.99788148186,1.18200220117545,0.204982700070238,5.76635101777094,8.10062527437613e-09,9.64279269892268e-07
"Os11g0120100",264.393105144463,1.35077155016277,0.234372026966559,5.76336505531655,8.2453183086536e-09,9.76254506266842e-07
"Os10g0558700",2916.02185940547,-1.34854826975235,0.234295760966806,-5.75575189319541,8.62569949732916e-09,1.01048472259452e-06
"Os09g0439500",3118.50188972129,1.41499971068914,0.245966414760911,5.75281674965491,8.7768609281156e-09,1.02278146215478e-06
"Os05g0406300",515.066145189535,-2.03777134018819,0.354750494928762,-5.7442381880183,9.23357383092855e-09,1.06928724467335e-06
"Os10g0189100",3159.41582955689,1.17010205617986,0.203725400471811,5.74352561570622,9.27253290173356e-09,1.06928724467335e-06
"Os08g0191100",11504.1370335314,-1.04420335167865,0.181939929249859,-5.73927535304602,9.50825170088380e-09,1.0907886057475e-06
"Os10g0392400",2240.69513474942,-1.04778561317136,0.182606899294523,-5.73793004108464,9.58406868729026e-09,1.09381889074894e-06
"Os11g0701700",676.677094971627,1.45379629732725,0.25365629774575,5.73136291212628,9.96268503620945e-09,1.13119902249597e-06
"Os01g0342750",131.747829290913,-2.45823622338074,0.429120503502421,-5.72854525317939,1.0129553272922e-08,1.13846923358257e-06
"Os02g0803300",1306.61991717591,-1.83999948740967,0.3215038536216,-5.72310243464544,1.04596155686075e-08,1.16375049399266e-06
"Os10g0469600",2143.39182345245,-1.17449470083682,0.205189683598773,-5.72394615673479,1.04077747352234e-08,1.16375049399266e-06
"Os04g0608600",1381.36720468086,1.6162055513937,0.282798134794205,5.71505025155072,1.09671610274167e-08,1.21411956154017e-06
"Os01g0874700",2423.58552517936,-1.21376755182232,0.212799509385502,-5.70380803662233,1.17160016561099e-08,1.29056712770114e-06
"Os12g0527301",293.941125012943,1.39027357976216,0.244053660861284,5.69658973709215,1.22227571267756e-08,1.33972309675217e-06
"Os01g0668901",596.606926247714,-1.17499967450538,0.206391084146836,-5.69307380385399,1.24772419545097e-08,1.35420889271961e-06
"Os03g0289800",454.996457239326,-2.37865885819004,0.417771844518679,-5.69367919212107,1.24330597662605e-08,1.35420889271961e-06
"Os03g0805400",1390.09194283413,-1.25213982003349,0.220135931223622,-5.68803017787003,1.28513116124617e-08,1.38800434347081e-06
"Os02g0180000",1151.24178029913,-1.17953008284993,0.207461515325855,-5.685536813887,1.30402388838911e-08,1.40157247149627e-06
"Os03g0240600",113.375822676141,-2.63787179994631,0.464222826924646,-5.68233970186584,1.32864424423388e-08,1.421135855632e-06
"Os02g0160500",769.274065105334,1.10555166909824,0.194743753290337,5.67695574527623,1.37112926418715e-08,1.45952754992152e-06
"Os09g0553900",12184.3638729247,1.04734900229648,0.18464290102704,5.67229498925119,1.40897085464835e-08,1.49263271257268e-06
"Os04g0539000",4539.62110912211,1.01589076699373,0.17927359582312,5.66670603291771,1.45568768389774e-08,1.53478004805618e-06
"Os01g0678100",387.626830484258,1.89027720313475,0.335170740860921,5.63974408469957,1.70303084146166e-08,1.72177195711427e-06
"Os04g0310400",826.60603556298,2.34775576637863,0.416811198633449,5.63266000068124,1.77451083294093e-08,1.78588383418841e-06
"Os04g0652400",787.902795183672,1.06267943434911,0.189337708613735,5.612613790088,1.99293070572223e-08,1.96988744443732e-06
"Os01g0102300",5624.4816498804,1.21868748358739,0.217266969702513,5.60917052995238,2.03298627693242e-08,2.00054885144714e-06
"Os09g0560800",2002.71154360579,1.00012378900245,0.179091871550866,5.58441754135332,2.34484737934531e-08,2.28710422141342e-06
"Os10g0181100",63.9869286927149,2.46023613256159,0.440813983684005,5.58112088913494,2.38973465990402e-08,2.3206629431989e-06
"Os11g0668300",62.8858531046859,-2.52280041119048,0.452151462626989,-5.57954716442378,2.41145553563583e-08,2.33153000063375e-06
"Os06g0320500",1037.73185871698,1.88518920109333,0.337935016546653,5.578555369485,2.42524279868308e-08,2.33466525241923e-06
"Os04g0618200",2963.24495715983,-1.10821426630188,0.199082226820429,-5.56661578485096,2.59734219697247e-08,2.47878248203308e-06
"Os05g0365300",5082.59709118865,1.07393346077822,0.192905547013055,5.5671466031277,2.58944529059703e-08,2.47878248203308e-06
"Os02g0197125",1407.03100626161,1.32087951482465,0.237713293002136,5.55660770225747,2.75068021255894e-08,2.61385453159946e-06
"Os08g0241400",71.2243994354593,-1.84134702128507,0.331495358602207,-5.55466908812646,2.78138161793385e-08,2.63173377789202e-06
"Os12g0138050",925.135444819163,-1.83380553050791,0.330185432110122,-5.55386565297136,2.79420266832953e-08,2.63261452253124e-06
"Os02g0814400",1690.19265626806,1.58801244371237,0.286105706002382,5.55043961164182,2.84952131349659e-08,2.67335811025966e-06
"Os02g0600400",2918.26343849355,-1.1184698321264,0.202036275443587,-5.53598520696697,3.09483688905276e-08,2.86706207366181e-06
"Os05g0401300",443.841511941726,1.04518463397558,0.188896628967203,5.53310368581033,3.1461336116024e-08,2.9024393456037e-06
"Os11g0663100",41.6613036451191,-4.21772796822016,0.763475981678064,-5.52437544786924,3.30659705558488e-08,3.01281339126357e-06
"Os07g0192000",1179.74638017019,-1.57336002491599,0.285306183592503,-5.5146369598606,3.49500646873151e-08,3.15848727445651e-06
"Os01g0305300",59.2164516729976,-1.9859252910996,0.360525867585545,-5.50841276494086,3.62083596170246e-08,3.25889955398595e-06
"Os01g0926700",597.207107177979,-1.58565895445402,0.28831641280354,-5.49971796275951,3.80399215408375e-08,3.40988624629831e-06
"Os05g0565900",414.184266256781,-1.43048981532951,0.260198425875967,-5.49768819897245,3.8480254489601e-08,3.43544884941232e-06
"Os01g0238500",1258.82536919177,2.1076994777276,0.383789571170909,5.49181018988398,3.97834834363928e-08,3.53753456532198e-06
"Os08g0139700",657.365396003865,2.18261622487932,0.397683085106496,5.48833054917292,4.05750246110539e-08,3.59348647965338e-06
"Os05g0131500",1426.73620586389,1.2822100597069,0.234010817932852,5.47927686007587,4.27067661502246e-08,3.73743284320997e-06
"Os07g0626700",164.879599873956,1.71566223342747,0.313238514542028,5.47717523158308,4.32169198414654e-08,3.76718827641687e-06
"Os04g0657900",870.504380833567,1.01372732447686,0.185106910517046,5.47644235239669,4.3396206048296e-08,3.76798195339342e-06
"Os08g0249900",86.5745407984986,2.26608683794668,0.413915308683099,5.47475966800164,4.38105784391994e-08,3.78910162977466e-06
"Os08g0490000",1554.89893787297,-1.23338755813961,0.225419456800595,-5.47152218200338,4.46186482379148e-08,3.84357387977706e-06
"Os04g0206700",318.563406658312,-1.25645598064805,0.230100974685892,-5.46045483885161,4.74916290233229e-08,4.02878221534633e-06
"Os02g0489500",394.309897894351,1.06889491643195,0.19580686059717,5.45892474437332,4.79026731069674e-08,4.0481415467991e-06
"Os10g0574750",183.186110573239,-1.13820333769944,0.208596237275911,-5.45649026350336,4.85637892499815e-08,4.08840630336061e-06
"Os08g0364900",3773.08838343966,-1.05939445393015,0.194289458850558,-5.45266047987198,4.96217559332163e-08,4.16164885650508e-06
"Os02g0606800",2024.58526079229,-1.21545733584486,0.223614070764424,-5.43551365837499,5.46387994582114e-08,4.56512324077079e-06
"Os03g0115300",507.102009234247,1.19403013144649,0.219889044742086,5.43014834070975,5.63072287802674e-08,4.67483548029605e-06
"Os05g0537100",3628.06893257748,-1.14182947115938,0.210284140594772,-5.42993621834631,5.63741959820715e-08,4.67483548029605e-06
"Os04g0126900",1043.09990136923,-1.0577370383556,0.195010394388708,-5.42400338028776,5.82787788608235e-08,4.79545544039951e-06
"Os07g0187400",3252.48017503224,-1.03986954573548,0.191719644573353,-5.42390712255687,5.83101881355391e-08,4.79545544039951e-06
"Os07g0538300",920.308137191728,-1.2021841459605,0.221762372312538,-5.42104656179553,5.92511233525881e-08,4.82308500790314e-06
"Os11g0459400",185.090892449337,1.33632187770908,0.2464768261856,5.42169378918736,5.90369490675852e-08,4.82308500790314e-06
"Os05g0230700",7896.55741567436,1.1060875458112,0.204165214257566,5.41761019296761,6.04009238804244e-08,4.89866980086622e-06
"Os05g0129800",771.9320311336,1.65999153226235,0.307404682517342,5.40002032066867,6.66333488180724e-08,5.30693876324079e-06
"Os04g0493100",3487.53359762601,2.03232463688426,0.377176190759599,5.3882633280519,7.11417662512279e-08,5.61922772312074e-06
"Os12g0596300",102.01496579139,1.88830942113133,0.350477184007839,5.3878241075148,7.13157937851465e-08,5.61922772312074e-06
"Os04g0634700",1147.74553490695,-1.7076451341334,0.317067652166599,-5.3857437757042,7.2145678111337e-08,5.66377529550959e-06
"Os05g0501200",186.558652646551,1.3283288679439,0.246757584733932,5.38313288070225,7.32004580709104e-08,5.68677663911588e-06
"Os11g0581900",45.891916757585,-2.35218958412535,0.437206356369752,-5.38004434257599,7.44674939348192e-08,5.76498175947843e-06
"Os12g0529800",221.970465985756,1.08386775656888,0.201491658916427,5.37921898304703,7.48096683759152e-08,5.77129222129316e-06
"Os04g0209200",1464.54335974208,-2.03325151592721,0.378482804747808,-5.37211067562769,7.78203181253507e-08,5.96200575644772e-06
"Os06g0354700",5441.67386508348,-1.09402382201897,0.203683003038324,-5.37120822896118,7.82108334093184e-08,5.97126228453696e-06
"Os07g0194800",697.032532913526,-1.42644502942299,0.265650717489936,-5.36962611244228,7.89000465795317e-08,5.98262305245689e-06
"Os08g0332100",106.941160821477,1.71496129145177,0.319378091556874,5.36968983405168,7.88721743850778e-08,5.98262305245689e-06
"Os07g0413800",302.94959100633,2.37475470152721,0.442495633713408,5.36673024680119,8.01768307117881e-08,6.03626800828927e-06
"Os09g0526700",974.460645528986,1.37473901523331,0.256475092098615,5.36012680211738,8.31635582507125e-08,6.19974526339739e-06
"Os04g0395800",338.822620566057,-2.13125747726249,0.399531288216805,-5.33439442696656,9.58639424783845e-08,7.02822367686726e-06
"Os10g0545200",1185.12601005231,1.2770906792193,0.239439314900626,5.33367162259603,9.62465096513902e-08,7.03298339997171e-06
"Os08g0331900",1118.46834999222,-2.25726669362157,0.42352532499089,-5.32970889915525,9.83703122448841e-08,7.14103961775075e-06
"Os10g0100700",6389.22573864959,1.17979178120471,0.221494732460012,5.32650040071589,1.00123059513485e-07,7.22092723351164e-06
"Os09g0133600",4748.89691550254,-1.12353190289128,0.211008391020564,-5.32458400093573,1.01184335385545e-07,7.2737739278291e-06
"Os09g0433800",439.703577275457,2.1104338529051,0.396542929426661,5.32208166201944,1.02586498297504e-07,7.32717815587781e-06
"Os03g0326100",653.396001208117,-1.33998448178032,0.251870834347768,-5.32012563205373,1.03695619996385e-07,7.35873308442298e-06
"Os01g0618900",340.560930193855,1.10527371633796,0.208027615437633,5.31311054069801,1.07769618343117e-07,7.59913095456992e-06
"Os03g0624300",1146.29938532262,-1.78338701448047,0.336406696406509,-5.30128274356778,1.14991834867985e-07,8.06317826249752e-06
"Os03g0439000",122.755620091304,-1.71820994005568,0.324120568107119,-5.30114441699923,1.15079008669401e-07,8.06317826249752e-06
"Os12g0583700",103.86653112217,-1.85157059655321,0.349619532356227,-5.29595867849468,1.18393610657628e-07,8.26925215637391e-06
"Os03g0655400",8829.76146528518,1.27129896026691,0.240117306575655,5.29449117348966,1.19348253310962e-07,8.28366669767403e-06
"Os07g0597200",2084.14224169525,-1.48316686916219,0.280119214757581,-5.29477019434652,1.19166172830755e-07,8.28366669767403e-06
"Os07g0603600",467.270087173492,-1.65003242862513,0.311727191336906,-5.2931937748152,1.20198437950793e-07,8.31660504583909e-06
"Os01g0644000",3494.97074713284,-1.99430112377964,0.377145997377994,-5.28787561751809,1.23745072700648e-07,8.50881880330759e-06
"Os08g0398300",785.670150198802,-1.59969024589642,0.302892946373468,-5.28137173562304,1.2822023301874e-07,8.73515132082439e-06
"Os01g0302250",135.565501062721,2.05595285441727,0.38958600734834,5.27727591761012,1.31118388260664e-07,8.81009975576424e-06
"Os10g0493600",3875.63846961276,1.28324592284368,0.243146181866666,5.27767252190441,1.3083500752335e-07,8.81009975576424e-06
"Os03g0417700",78.6600141789543,3.21975786347831,0.611361761459462,5.26653458958899,1.39023062307722e-07,9.2994248415567e-06
"Os05g0214300",13.5710834190207,7.19884894349146,1.36707567741028,5.26587449579133,1.39523581773437e-07,9.3047940483303e-06
"Os10g0189600",939.568275873024,-1.05766754963665,0.201020947670531,-5.26147927314592,1.42901000468805e-07,9.47296721970003e-06
"Os04g0208450",355.07156719283,1.3980287321875,0.265760961809117,5.26047438521702,1.4368422000106e-07,9.48056177843557e-06
"Os05g0117798",41.9842490086656,-2.43856755723237,0.463585348268532,-5.2602343157313,1.43871946052769e-07,9.48056177843557e-06
"Os04g0432000",411.321258238976,1.16729337911393,0.222028931553333,5.25739312866773,1.46111752004138e-07,9.59958546327487e-06
"Os06g0120200",128.284741901559,2.05911242757665,0.392039468275635,5.25230899999317,1.5020419326296e-07,9.81023906500058e-06
"Os02g0806900",1211.46131774453,-1.32597978841236,0.252487627321361,-5.25166243779811,1.50732518497678e-07,9.81579027075616e-06
"Os04g0664500",106.32589933095,-2.91782428816922,0.555761965437452,-5.25013309587052,1.51989352228392e-07,9.86861069703465e-06
"Os09g0532000",1315.13905387423,-2.21286133211232,0.421624292831703,-5.24841990780549,1.53409309181811e-07,9.93168279121191e-06
"Os06g0726100",233.415147281797,-2.10664628155731,0.401716111089222,-5.24411698561282,1.5703254584106e-07,1.00734666816215e-05
"Os05g0548900",107.713653303661,1.99465691549691,0.380712595189656,5.23927219823987,1.61211108638337e-07,1.02568251619581e-05
"Os03g0786400",719.436461234341,1.54749547978362,0.295775539957094,5.23199274695976,1.67692332187007e-07,1.05479429742969e-05
"Os06g0585950",80.4773712308655,-2.24231121953312,0.429137151874007,-5.22516218822147,1.7400252173748e-07,1.0883022129349e-05
"Os06g0318800",920.195925129956,-1.22354749347545,0.234253418602479,-5.2231788153827,1.75877399845396e-07,1.0969300028104e-05
"Os01g0963600",29960.7139120729,1.39690159507468,0.267868641570539,5.21487542134276,1.83940812722735e-07,1.13760713254024e-05
"Os04g0423400",185.216569311029,1.47598046717326,0.283032247033521,5.21488446155201,1.8393184245858e-07,1.13760713254024e-05
"Os04g0434800",3699.2692872019,-1.07875542168775,0.207189617978942,-5.20660944409573,1.92322282329752e-07,1.18283545918418e-05
"Os05g0579300",241.314474430374,1.8450368292816,0.354354129892657,5.20675977401619,1.92166607521446e-07,1.18283545918418e-05
"Os03g0812400",191.645333429224,-1.11762786011994,0.214782477516296,-5.2035337009051,1.95534273390649e-07,1.19265133530093e-05
"Os06g0545900",256.749170331178,-1.28942669604328,0.247786474135573,-5.20378160487399,1.95273478500511e-07,1.19265133530093e-05
"Os06g0191300",674.950236064288,1.20523400702369,0.231846273485894,5.19841871470503,2.00990980681311e-07,1.21921679541504e-05
"Os03g0575700",457.590337848417,1.35620157365422,0.260928635208045,5.19759578159326,2.01882525034542e-07,1.21984571847567e-05
"Os05g0428700",1257.77069359838,1.04641961921546,0.20133882170304,5.19730676063484,2.02196548792092e-07,1.21984571847567e-05
"Os10g0530750",279.934151854365,1.74695332835254,0.336204048601133,5.19611032532538,2.03501515431132e-07,1.22438235140236e-05
"Os03g0279950",3987.60546745733,1.20262025185821,0.231563053626535,5.19348934566134,2.06388758649855e-07,1.23838848381204e-05
"Os05g0339200",342.968695001142,-1.19404127097522,0.230039780087383,-5.19058603916964,2.09633224985557e-07,1.25445654983925e-05
"Os03g0570100",39.7871537425992,-3.25955160989004,0.629106613156274,-5.18123882617705,2.20417055211333e-07,1.30488075385939e-05
"Os06g0201500",59.9911401090767,2.30028634868944,0.444026588751077,5.18051487673183,2.21274278865214e-07,1.30646234889459e-05
"Os06g0207000",4049.2666441589,-1.59176137845597,0.307480103523621,-5.17679472660151,2.25730340529724e-07,1.32922751852889e-05
"Os08g0323400",3041.31780807786,1.04056535167201,0.20114847728282,5.17312070033198,2.30216191317441e-07,1.34491205592598e-05
"Os10g0573700",1649.74273462585,1.56700837993473,0.303120025124843,5.16959702444383,2.3459931225121e-07,1.35975480956912e-05
"Os08g0347000",83.409566368764,-2.30311859955191,0.446048262853673,-5.16338430468779,2.42524503053086e-07,1.39836849533812e-05
"Os07g0658000",335.477945573463,1.32128005782091,0.256147750482909,5.15827312685721,2.49237869050456e-07,1.43334432692108e-05
"Os01g0207400",278.45924539313,1.56843807862478,0.304212579360227,5.15573051556012,2.52644023169201e-07,1.44916873497132e-05
"Os10g0580900",1893.64727512855,-1.41893839158345,0.275487914528587,-5.15063752982244,2.59602483870125e-07,1.48523477916497e-05
"Os10g0468500",662.157283292719,-1.52725521722466,0.296637136909624,-5.14856377436641,2.62488541801342e-07,1.49787598041843e-05
"Os06g0294000",313.741169960702,1.46068114603646,0.283882552988888,5.14537131872855,2.66992168390147e-07,1.51965902322012e-05
"Os10g0176700",248.537896491985,1.02830232313378,0.199870223991156,5.14485000616842,2.67734642064534e-07,1.51997761793612e-05
"Os06g0524400",529.141072699813,2.58385717762521,0.502660292667666,5.14036460670573,2.74205852273542e-07,1.54483251277061e-05
"Os06g0708832",433.909452485571,1.06054753203083,0.206397505190386,5.13837379503477,2.77126215324323e-07,1.55732272423752e-05
"Os06g0687600",228.656604985641,1.7758669404289,0.345681104961334,5.13729826403888,2.78716408313206e-07,1.56229366999055e-05
"Os01g0740700",54.9040555770145,-2.00704986309194,0.391309369617975,-5.12906160425285,2.91190048582524e-07,1.61180971641642e-05
"Os05g0560900",40.8610216989042,3.47235740295223,0.676810964641091,5.1304686010718,2.8902176949349e-07,1.61180971641642e-05
"Os07g0442900",366.229442732869,-2.09002631875124,0.408244745928722,-5.11954247934435,3.06277777872574e-07,1.6910963291463e-05
"Os11g0621000",747.216409051803,-1.09905837445153,0.214712589921379,-5.11874210475489,3.07580212822461e-07,1.69406305773684e-05
"Os08g0114300",568.860121990417,-1.74228909657059,0.340445285146339,-5.11767726735199,3.09321295789857e-07,1.69942501490899e-05
"Os07g0626800",1068.64670804963,1.38688424936702,0.271033276065198,5.11702573758286,3.10391280395013e-07,1.7010825097094e-05
"Os02g0744000",14864.1686776768,1.01433606918401,0.198300775360424,5.11513919872675,3.13509670526464e-07,1.71393027533986e-05
"Os12g0150200",250.611554106015,-2.98524065874382,0.583911275248485,-5.1124901766513,3.17939525175589e-07,1.73386675539722e-05
"Os01g0332800",2611.92549379999,1.44340387223902,0.282728795370769,5.10525951325949,3.30340853395094e-07,1.795304321322e-05
"Os05g0183100",1759.99245043903,-1.5206383551449,0.297977232357848,-5.10320316459187,3.33952149563931e-07,1.8078324067225e-05
"Os12g0555400",514.189002620241,1.54009272062878,0.302026090987487,5.09920422965241,3.4108438248924e-07,1.83299740599375e-05
"Os01g0750500",162.893195213081,-1.24894608721625,0.245120454160408,-5.09523406153179,3.48310649219816e-07,1.86278890926955e-05
"Os01g0818600",587.913462644979,-1.61513510960118,0.317118823711559,-5.09315432839224,3.5215481278568e-07,1.87880956864765e-05
"Os01g0948600",3026.09352815736,-1.3240585576703,0.26014153530137,-5.0897622178496,3.5851278687597e-07,1.89447055232001e-05
"Os04g0631800",511.612328269488,-1.65826504711647,0.325989833821277,-5.08686123023582,3.64037995840979e-07,1.91908696807503e-05
"Os03g0422800",571.726657473433,-1.274522034298,0.250658082134266,-5.08470352699537,3.68200751066567e-07,1.92726544429429e-05
"Os03g0781400",808.844663053306,1.21916147363493,0.239794662457593,5.08418936910464,3.69199448672649e-07,1.92793513987291e-05
"Os05g0565400",3082.60655188012,1.21577486070869,0.239181468872713,5.08306461382133,3.71393290589395e-07,1.93482796398584e-05
"Os07g0541200",249.937786854794,2.01749012625822,0.397084735429567,5.08075467588976,3.75938358003959e-07,1.94679603473336e-05
"Os08g0141400",1478.24901269948,-2.0570786290691,0.40510504412217,-5.07788944846792,3.81650642948333e-07,1.96972654674104e-05
"Os06g0593800",620.35365708562,1.7218745533737,0.339152018683289,5.07699927619077,3.83442332632172e-07,1.97328275700977e-05
"Os06g0132400",565.643666825707,1.01156227132346,0.199257338478495,5.07666256634579,3.84122157206636e-07,1.97328275700977e-05
"Os07g0102100",869.585450517426,1.80579209018493,0.355780331414312,5.07558156182067,3.86312599603645e-07,1.97708146775696e-05
"Os06g0649000",1328.21334861494,-1.68577163242601,0.332201115620343,-5.07455138817956,3.88411257007593e-07,1.98152388050809e-05
"Os01g0762300",1368.50953000721,1.27517483588682,0.251396344588406,5.07236824773478,3.92895148326258e-07,1.99586468918301e-05
"Os03g0734300",1102.70777153703,-2.0816005421611,0.410464540903076,-5.07132854297549,3.95048087645547e-07,2.00154684406409e-05
"Os01g0662700",1346.438419614,1.05975379657618,0.209040420967515,5.06961185626807,3.98627806685978e-07,2.01048252114675e-05
"Os06g0661900",1626.03388888431,-1.29354580141885,0.255144814530187,-5.06984946490378,3.98130473741412e-07,2.01048252114675e-05
"Os01g0915600",3158.02063762769,1.4475005096833,0.285641576369785,5.06754138553485,4.02986904546819e-07,2.01188068848863e-05
"Os04g0380300",705.292976758664,-1.01098561969822,0.199475577264894,-5.06821754101597,4.0155831686569e-07,2.01188068848863e-05
"Os05g0103300",989.41213794857,1.19537518996481,0.235859246475735,5.0681718347972,4.01654731199072e-07,2.01188068848863e-05
"Os04g0543900",8034.66125742593,-1.87099533170684,0.369451044514245,-5.06425779406533,4.09994528845718e-07,2.03993008161192e-05
"Os03g0397400",616.336130966721,-1.15233060686037,0.22757766445676,-5.06346090514219,4.11712843782092e-07,2.04388656371733e-05
"Os01g0546400",29.2343616599869,3.19832776665963,0.631978892547254,5.06081422081748,4.17469839131286e-07,2.05923252105177e-05
"Os06g0586150",2460.34183082262,-1.90060673529914,0.375557762905363,-5.06075742009912,4.17594237817734e-07,2.05923252105177e-05
"Os10g0442900",3147.30330995856,-1.04562488894531,0.206720643570208,-5.0581541876353,4.23334090606853e-07,2.08289780002808e-05
"Os08g0189700",43.6675665238853,-2.34136039647171,0.46293147916799,-5.05768240405633,4.24382438795599e-07,2.08342607037103e-05
"Os04g0608100",4305.1625250383,1.60273641816263,0.317398219203908,5.0496074684432,4.42718821254917e-07,2.168636597656e-05
"Os05g0560000",13812.7948085065,1.2485568149539,0.247453312056246,5.04562579736295,4.52039357268263e-07,2.20940472610963e-05
"Os03g0178200",1480.79289121252,1.10566455832011,0.219307123906489,5.04162627563142,4.61592101643107e-07,2.24617818076484e-05
"Os11g0607900",50.9910079430018,-4.21068251868525,0.835148085409955,-5.0418393962052,4.61078194632033e-07,2.24617818076484e-05
"Os03g0400901",107.180567447001,1.41756553779424,0.2812829271758,5.03964301007244,4.66401005465183e-07,2.26460189956241e-05
"Os03g0375200",138.303322115298,1.77197998655499,0.351895186577552,5.03553346037165,4.76519877574222e-07,2.30867103049691e-05
"Os10g0530500",1758.4031596837,1.77354680907248,0.352293083739311,5.03429357808473,4.796141727097e-07,2.31858895152084e-05
"Os06g0699050",294.857002545872,2.20352925189352,0.437797753878335,5.03321278460896,4.82327241300765e-07,2.32662471669722e-05
"Os04g0691600",3521.53654678512,1.00963694575332,0.200863998326836,5.02647041860877,4.99589505596296e-07,2.40465461813209e-05
"Os10g0419400",592.63947206312,-1.64528938671686,0.327433410765639,-5.02480606016861,5.03941533304999e-07,2.42034045312494e-05
"Os02g0682300",221.363090586505,-1.3259357281575,0.26408784041243,-5.02081324943536,5.14531662007913e-07,2.45596641185699e-05
"Os12g0583300",356.362437853466,2.43129043076427,0.48422548202329,5.02098819873204,5.14063182015885e-07,2.45596641185699e-05
"Os02g0669366",257.836715013412,-1.32570802923946,0.26437636493663,-5.01447256662761,5.31791391103263e-07,2.52504050370122e-05
"Os06g0101600",15324.5016725588,1.11988267533958,0.224187160814181,4.99530245743108,5.87436276248649e-07,2.75559885432655e-05
"Os01g0927300",83.019127869512,-1.95948191656752,0.392306161287793,-4.99477731916134,5.89036933068705e-07,2.75726569451886e-05
"Os03g0785200",487.189243305374,1.17201109081447,0.234900485470668,4.9893940766709,6.05689746337903e-07,2.82327929971948e-05
"Os01g0548600",158.443504958966,-1.80209433141299,0.361271522748604,-4.98819922949478,6.09447017332349e-07,2.83482487620915e-05
"Os05g0530400",2576.38670380608,-1.22998021935363,0.246603033145915,-4.98769298845508,6.11045690327701e-07,2.83630243805988e-05
"Os02g0282000",2905.34146627551,-1.04119073771541,0.208791590966444,-4.98674651069998,6.1404544908201e-07,2.84426365860351e-05
"Os01g0305200",986.423896143508,-1.38576886281305,0.278343347606584,-4.97863115727028,6.4035542904532e-07,2.9476319240109e-05
"Os03g0684700",354.466092620588,1.96183325244561,0.394348193191295,4.97487572231361,6.52895132469509e-07,2.99911849128784e-05
"Os03g0634400",148.301762509191,-1.77838359498046,0.357519673267726,-4.97422583413677,6.55089045966753e-07,3.00296616288817e-05
"Os08g0479300",220.090492678754,1.29592847018608,0.260589010317801,4.9730741469321,6.58994411575426e-07,3.01462712121725e-05
"Os01g0931100",1810.41930259945,1.15682087460894,0.232729536528402,4.97066634456931,6.67231875443924e-07,3.04601669158844e-05
"Os03g0859900",146.783193397139,2.4681500420274,0.496643752445512,4.9696588950813,6.70707881158979e-07,3.05558501990554e-05
"Os08g0502700",274377.584944639,1.06284660862177,0.214098980766783,4.96427682567774,6.89575286707416e-07,3.13508961457678e-05
"Os02g0639300",55.5607927885057,-4.33941647856347,0.874564674563926,-4.96180168805376,6.98422848391611e-07,3.16232725689952e-05
"Os02g0187700",160.998262978188,1.72807840645161,0.348772180284327,4.95474841210915,7.24239366863102e-07,3.26586228548186e-05
"Os02g0117200",130.170820849799,-1.15384253412111,0.232989661766126,-4.95233361589807,7.33287473590085e-07,3.29802775738257e-05
"Os04g0122000",2008.40129728841,-1.07185464231417,0.216524181802732,-4.95027683924328,7.41079895010401e-07,3.29802775738257e-05
"Os07g0508500",219.335050130959,1.17376217993345,0.237072236877689,4.95107396543873,7.38050435926497e-07,3.29802775738257e-05
"Os08g0560900",12349.2532111909,1.17090503013868,0.236542265158337,4.95008800797143,7.41799296859454e-07,3.29802775738257e-05
"Os09g0369400",806.578075668368,1.34235315138509,0.271106372772813,4.95138914535948,7.36855896470282e-07,3.29802775738257e-05
"Os08g0352100",245.283216899565,-2.07920758174465,0.420432957720037,-4.94539627202389,7.59891249807037e-07,3.35703951910483e-05
"Os08g0360300",642.916895486679,-1.05200591149334,0.212773005577574,-4.94426399926845,7.64320697152887e-07,3.35770328485358e-05
"Os09g0466400",136.582270023733,1.9062841488198,0.385550430802138,4.94431855478356,7.64106707021028e-07,3.35770328485358e-05
"Os02g0139100",297.547622395795,-1.15219788140298,0.233161106200696,-4.94163842408267,7.74687851639075e-07,3.38808238680248e-05
"Os11g0210201",1105.439774174,-1.52798500884152,0.309349687943233,-4.93934556391702,7.83851952588745e-07,3.40967899455155e-05
"Os04g0527700",614.326285258146,-1.20340931126526,0.243677413449989,-4.93853449208679,7.87118576104932e-07,3.41717497912535e-05
"Os02g0738100",130.634374554231,-1.34339484998544,0.272138549038564,-4.93643717412147,7.95626514727605e-07,3.43460764388688e-05
"Os02g0566300",419.434948696068,-1.27092329450154,0.257459667945267,-4.93639762936277,7.9578777892325e-07,3.43460764388688e-05
"Os07g0670300",78.8733839517441,2.27445447027465,0.460751318383226,4.93640360760269,7.95763397539769e-07,3.43460764388688e-05
"Os02g0551700",274.861115761335,-1.31563311071404,0.26666043697845,-4.93373942389647,8.06700472484293e-07,3.46766530088869e-05
"Os01g0729200",192.803166464319,1.18750166703264,0.240797598443668,4.93153451158875,8.15861496293574e-07,3.4940018161385e-05
"Os03g0241600",1788.45501805308,-1.08904185409912,0.221013401789257,-4.92749238409332,8.32916690664074e-07,3.54084843900226e-05
"Os08g0247600",304.866749383249,1.95288831698132,0.396330273755388,4.9274265588569,8.33197252481902e-07,3.54084843900226e-05
"Os10g0485800",458.358363763249,-1.71743147878752,0.348531699620418,-4.92761915389031,8.32376625874975e-07,3.54084843900226e-05
"Os09g0323000",743.359976017466,-1.24301410027575,0.252213378504378,-4.92842254303401,8.28961859702336e-07,3.54084843900226e-05
"Os01g0232000",378.351548754512,2.27176796296526,0.461116722249468,4.92666575153225,8.36446595146178e-07,3.54784752167271e-05
"Os04g0103500",680.630433931748,-1.11504655922543,0.226364836145299,-4.92588238620997,8.39805031769653e-07,3.55528168420877e-05
"Os03g0232600",2350.98991428197,1.03367118990293,0.209911986562908,4.92430759590352,8.46595795389325e-07,3.56514076912152e-05
"Os10g0378100",2227.56196074429,1.011567158057,0.205761608013472,4.91620943198874,8.82360019232808e-07,3.69048147349577e-05
"Os01g0778800",11594.3863833321,-1.33015862738228,0.270871522945191,-4.91066249017039,9.07692037856757e-07,3.78478519965847e-05
"Os03g0301200",252.625877695052,-1.67771981650295,0.342029087618327,-4.90519630416679,9.33339473224004e-07,3.87712369167967e-05
"Os03g0331700",837.862897057478,-1.15478561890574,0.235575434861222,-4.90197808437042,9.48764230172675e-07,3.93381813113356e-05
"Os11g0490900",1809.64985267302,-1.55320618346071,0.316980354059469,-4.90000772467215,9.58328873549458e-07,3.95864917710048e-05
"Os06g0547400",174.82019617634,-3.08003036372403,0.62866029752563,-4.89935562313518,9.61514740221481e-07,3.963054991042e-05
"Os05g0142900",62.1840229301154,-1.93160694285524,0.394351621165682,-4.89818435929214,9.67262614984313e-07,3.97331383272127e-05
"Os05g0594500",10884.2450961369,1.01304699355973,0.206902906402759,4.89624341761406,9.76860513161589e-07,3.9979054753994e-05
"Os06g0200600",132.682564307125,-1.7803595499863,0.363762376705677,-4.89429271413302,9.86599023807724e-07,4.03031162105661e-05
"Os02g0798200",1427.22124506429,1.03687143062095,0.212316664351834,4.8836083299742,1.04161880521278e-06,4.24723424792193e-05
"Os01g0871500",1520.73878878304,1.30192437094641,0.266695565944167,4.88168735140866,1.05181926171904e-06,4.27308812361857e-05
"Os07g0683900",15685.4874403061,1.21233897943899,0.248338739329971,4.88179565826072,1.05124160049588e-06,4.27308812361857e-05
"Os07g0570100",1813.55827776404,-1.10750447628162,0.227129230186289,-4.87609840165994,1.08204646902893e-06,4.37981551568e-05
"Os03g0374400",917.392487619279,-1.25689049780916,0.25784491528866,-4.87459873467763,1.09029844414794e-06,4.40516384158387e-05
"Os07g0683200",6410.71737764067,-1.56166396431858,0.320747302479117,-4.868829612122,1.12261149619794e-06,4.51922566133065e-05
"Os07g0127700",67.7717456019883,-3.30965543787493,0.679854328007292,-4.86818322915704,1.12628879731424e-06,4.52580041040557e-05
"Os07g0218200",155.992942081106,-8.30821981845728,1.70693757307262,-4.86732493883877,1.13118956625919e-06,4.5372587294465e-05
"Os01g0881800",1145.36933084961,1.05287620179898,0.216430182323098,4.86473832114225,1.14608336194025e-06,4.58040283695288e-05
"Os03g0136900",4551.68984144362,-1.01282526846088,0.208426729140045,-4.85938282791141,1.17752246856148e-06,4.68912319719781e-05
"Os01g0693300",985.125462481305,-1.22081569519988,0.251327186434591,-4.85747567749737,1.1889173633264e-06,4.71894240954371e-05
"Os02g0511400",131.294360941591,-2.00692100875154,0.413166350921255,-4.85741639965749,1.18927323270195e-06,4.71894240954371e-05
"Os03g0635000",78.3973742673066,1.82985160150228,0.376973598282004,4.85405771078276,1.2096050969953e-06,4.78247615224517e-05
"Os06g0133900",4466.9088276958,-1.32966129051841,0.274003321482382,-4.85271960691872,1.21779812653118e-06,4.78921284538665e-05
"Os07g0196200",2990.82417672487,1.28441355968589,0.264664394714651,4.85298961755203,1.21614060009574e-06,4.78921284538665e-05
"Os08g0458200",469.345351671551,-1.44607136601074,0.297978356042716,-4.85294094918573,1.21643920235255e-06,4.78921284538665e-05
"Os01g0171000",310.262083058563,1.65825485037272,0.341768160136149,4.85198752777945,1.22230311567111e-06,4.78991385558834e-05
"Os12g0443000",385.521776486547,-2.31324801568304,0.476986675955108,-4.84971201984007,1.23640848600716e-06,4.82809881634648e-05
"Os02g0731600",1810.45182808503,1.10279317893587,0.227440395905226,4.84871288825666,1.24265123504109e-06,4.84393327377548e-05
"Os05g0566700",186.350358383379,1.13628814390356,0.234715597640493,4.84112754042013,1.29104474003776e-06,5.00613337813942e-05
"Os09g0116900",132.299109112561,1.84818942047188,0.381897516053135,4.83949055121567,1.30172379757153e-06,5.02992436335623e-05
"Os06g0593200",169.470776379836,1.72635054752677,0.356975597173983,4.83604638858656,1.32447025011239e-06,5.09625010265206e-05
"Os05g0462301",918.857240241538,-1.02020814577848,0.210967797388049,-4.83584773794613,1.32579380295722e-06,5.09625010265206e-05
"Os03g0388900",3534.65174234542,1.20043005279778,0.248455519105944,4.83156927693728,1.35461066384511e-06,5.16615377628094e-05
"Os09g0543900",18.2851832551053,-7.6600934104765,1.58731185514776,-4.82582763156105,1.39423055515713e-06,5.29496719069195e-05
"Os03g0156700",863.826682026598,-1.1428610707535,0.236891631246644,-4.82440458001486,1.40422122768301e-06,5.32377777433723e-05
"Os07g0282401",71.9845250266377,1.52693493984692,0.316684725758786,4.82162483898881,1.42393561511669e-06,5.37092988999977e-05
"Os04g0118700",1945.38610205721,1.14343043695985,0.237189859850064,4.82073912300742,1.43027298059835e-06,5.3765151211253e-05
"Os05g0155200",208.597522532899,1.40854780795377,0.29229849171872,4.81886786233991,1.44375129363821e-06,5.40881512562497e-05
"Os02g0756100",158.018942399438,1.69769737449374,0.352351303663829,4.81819524105828,1.44862582333561e-06,5.41790951933678e-05
"Os01g0959100",661.5007840734,-2.00259177721209,0.415970012502271,-4.81426957959176,1.47739259634562e-06,5.51618035003178e-05
"Os01g0200700",128649.846599492,1.04741322419321,0.217829369103138,4.8084114116737,1.52134419978306e-06,5.66355517426013e-05
"Os06g0606401",420.826625924029,1.38729025738206,0.288689661275204,4.8054726007648,1.5438638097068e-06,5.72574348588246e-05
"Os01g0117200",1156.53698149791,3.32984015560949,0.69384106423464,4.79913964054947,1.59348667940798e-06,5.89004817508715e-05
"Os11g0695000",475.898535984558,1.36388091996761,0.284544757679926,4.7932034703018,1.64139000371084e-06,6.03370781665284e-05
"Os11g0133700",421.710659069477,-1.18229799604401,0.246715378695825,-4.79215362371739,1.65000479316459e-06,6.04846955719489e-05
"Os12g0191901",161.431733052585,1.15879326760951,0.242045850120194,4.78749487766093,1.68876046819545e-06,6.18030504567197e-05
"Os03g0778100",7900.47257742189,1.28783801861936,0.269108309402173,4.78557507748573,1.70498436277492e-06,6.22938263633654e-05
"Os02g0313700",3220.80307622709,-1.03818913906783,0.217019219529709,-4.78385804408309,1.71962152491761e-06,6.27251073858333e-05
"Os01g0684900",3429.76593853957,-1.03178262044133,0.215823085959841,-4.78068699579858,1.74697176654099e-06,6.36179307285921e-05
"Os06g0294600",83.1797565886248,-2.60162725251631,0.544284276057383,-4.77990522041468,1.75377852839654e-06,6.37609366128535e-05
"Os01g0850100",1776.54702125465,-1.08420096661178,0.226938170058037,-4.77751700533458,1.77473045707159e-06,6.43114681669755e-05
"Os06g0354500",2532.84213769026,-1.13662915868994,0.238146924637983,-4.77280636908404,1.81676441348517e-06,6.57270929395019e-05
"Os12g0530000",208.521676017882,1.00701969974918,0.211064856957527,4.77113866450931,1.83187369239727e-06,6.61656042795562e-05
"Os06g0717200",698.266195842051,1.19942930474161,0.251673583946313,4.76581326468285,1.88093404243203e-06,6.78269717157776e-05
"Os06g0282000",360.004453170141,-1.30689034106385,0.274690210235906,-4.75768808776069,1.9582276748384e-06,7.00438109024185e-05
"Os01g0364400",341.130384161112,1.36294032799829,0.286511992403334,4.75700970338311,1.96481728466535e-06,7.01661604835088e-05
"Os03g0806600",3997.46780330939,-1.02515948406909,0.215528567411328,-4.75649003926524,1.96987954037409e-06,7.0233660069924e-05
"Os06g0109000",2004.63722849037,1.17460124621892,0.247066527022092,4.75419013808329,1.99243462328944e-06,7.08024876421101e-05
"Os06g0184600",144.830838572486,1.47213183652209,0.310024744170252,4.74843335638287,2.04998415069818e-06,7.26219185289734e-05
"Os07g0564500",430.720192892502,-2.24775176885335,0.473516549809117,-4.74693391341752,2.06523392887848e-06,7.30452786250773e-05
"Os07g0567700",177.968820664558,1.48492942569859,0.312991748095081,4.74430854722566,2.09219746240628e-06,7.38809314436005e-05
"Os04g0373400",2860.47138060834,-1.84043415612596,0.388246465286934,-4.74037581968913,2.13322163942435e-06,7.50900799976067e-05
"Os05g0324700",669.791895426085,-1.41443549922635,0.298706976243385,-4.73519405878849,2.18845599120614e-06,7.69120700020558e-05
"Os07g0541500",2573.88078911433,-1.14435180534664,0.241949429509257,-4.72971483201146,2.24835424920459e-06,7.8767106695631e-05
"Os01g0763700",536.970219401538,2.01028446452481,0.425390678363379,4.72573699136769,2.2928225349168e-06,8.00715831949413e-05
"Os06g0700500",1908.59919028085,-1.05714929828138,0.223735807280713,-4.72498931275232,2.30127458639819e-06,8.02401899487281e-05
"Os03g0371300",78.4702349288988,2.83972722023256,0.601445609566342,4.72150295066594,2.34108234357621e-06,8.1371906073973e-05
"Os01g0620301",396.710399033794,1.33783412421851,0.283429000556237,4.72017373519637,2.35643290944852e-06,8.1777086282288e-05
"Os05g0462400",2446.15835987473,-1.06858313788787,0.226512466346341,-4.71754669897058,2.38705619689367e-06,8.27101897580951e-05
"Os05g0312000",7351.28865615179,-1.05410507739289,0.223642988663582,-4.71333835990962,2.43691044938928e-06,8.39123394400124e-05
"Os01g0221400",245.321614417533,1.86256324779867,0.395248492325538,4.71238545867648,2.44833703031278e-06,8.41748915965143e-05
"Os01g0644900",35.8117222378155,-3.09154683080749,0.656156610140242,-4.71159900400413,2.45780641724664e-06,8.42388419260959e-05
"Os09g0509500",686.716526779484,-1.17761968378452,0.250032517448124,-4.70986612382869,2.47879557648847e-06,8.48269132287963e-05
"Os07g0281700",710.874167602239,1.60989135365008,0.342247200913505,4.70388464639902,2.55257503812224e-06,8.70825330031812e-05
"Os05g0483801",263.101766869885,1.29708200029298,0.275765759758707,4.70356436356682,2.5565844972979e-06,8.70851343918045e-05
"Os06g0584400",223.982684809831,-2.20046762427029,0.467987391477649,-4.70198057542195,2.57650016014501e-06,8.74943098861512e-05
"Os09g0508000",183.875344107237,1.3653704737535,0.290672586567037,4.69727981533824,2.63649153795941e-06,8.9121464338869e-05
"Os03g0582200",4605.72642488028,-1.06882101790471,0.227772296911546,-4.6924978691319,2.6988934710026e-06,9.09531207632704e-05
"Os05g0410900",317.04963817392,1.74403703390347,0.371733712147126,4.69162999457313,2.71036972237725e-06,9.12010577859494e-05
"Os03g0751600",120.333740764536,1.24932043060753,0.266463065134483,4.68853133539164,2.75172784257191e-06,9.23121305490677e-05
"Os05g0534800",2537.0611377905,-1.08978299080182,0.232634216813748,-4.68453439793995,2.80597043484991e-06,9.35647460813432e-05
"Os02g0760200",90.0208175692238,-1.60826686926642,0.343410616965832,-4.68321825188776,2.824055379624e-06,9.40261806921128e-05
"Os04g0647900",647.211798852278,-1.22005223911373,0.260548390253777,-4.68263203593537,2.83214642964744e-06,9.41539851333692e-05
"Os08g0327400",498.355973359525,-1.01113509755614,0.215973793102882,-4.68174903551598,2.84437574754439e-06,9.42793454900866e-05
"Os09g0129800",238.878665628868,-2.52710555314682,0.5398723351927,-4.68093174703016,2.85574011405419e-06,9.45126186326963e-05
"Os01g0208700",5324.37913020306,1.0871822207812,0.232308901995619,4.6798990974599,2.87016137784349e-06,9.48481239803473e-05
"Os04g0514600",1295.06130428842,-1.53480245166563,0.328088951538086,-4.67800712114947,2.89676488809767e-06,9.5159156361084e-05
"Os06g0106800",1343.11968176857,-1.24582671477488,0.266299158659933,-4.67829759975252,2.89266508411304e-06,9.5159156361084e-05
"Os03g0323100",101.967903508742,1.348142950391,0.288250075578649,4.67699079587286,2.9111531870361e-06,9.54901373543204e-05
"Os07g0617000",2334.31045626225,-1.13307778311093,0.24242663504978,-4.67389972590372,2.95533665165198e-06,9.67960189411633e-05
"Os07g0539900",10050.7791596,-1.29100923316931,0.276405870021235,-4.67070121582487,3.00173284150664e-06,9.81704089273243e-05
"Os01g0175400",331.930435408628,-1.1061976529036,0.236881968246153,-4.66982633204949,3.01454473322835e-06,9.84440043339364e-05
"Os01g0561600",22.7709268671336,-3.85505989142712,0.826081418250705,-4.66668273399797,3.06101420586062e-06,9.95211681820264e-05
"Os01g0185900",88.4733917473304,-1.82748362694669,0.391688943982541,-4.66565026923032,3.07642570825756e-06,9.98755742031241e-05
"Os07g0613000",937.738314402736,-1.31373267000315,0.281782908287974,-4.662215597053,3.12823221160159e-06,0.000101260510814431
"Os01g0966200",702.7142908278,1.26539506645527,0.271747924401657,4.65650315174055,3.21625358427747e-06,0.000103806225378262
"Os12g0437800",137.506106180277,-2.61590701395849,0.562359754104517,-4.65166113838279,3.29271832268731e-06,0.000105505175662257
"Os09g0517100",842.365809452649,-1.00366879349145,0.215844436001339,-4.64996370573675,3.31993447115417e-06,0.000106223510297434
"Os04g0282400",109.535445001058,2.26940432760309,0.488098029422806,4.6494847157788,3.32765340412277e-06,0.00010631684562869
"Os07g0532500",823.684208768319,1.47192380150312,0.316609947677249,4.64901312261859,3.33526995042834e-06,0.000106406645493421
"Os01g0201100",702.209172523407,-1.37942020655532,0.296909240098094,-4.64593222528065,3.38544144973795e-06,0.000107731146506174
"Os03g0180900",1633.02800482485,-1.68162303502132,0.361961107248559,-4.64586664518779,3.38651722904553e-06,0.000107731146506174
"Os06g0188700",188.462705226476,1.97807006642434,0.42591417540515,4.64429263135632,3.41243601012018e-06,0.00010808976495003
"Os09g0484200",207.576831071063,-1.76979060201977,0.381165903377396,-4.64309789080868,3.43223630115508e-06,0.000108406767394971
"Os01g0289600",2496.57115983782,-1.06406181010633,0.229244849395173,-4.64159527646398,3.45729539338445e-06,0.000109042702713569
"Os06g0133300",261.222038523928,-1.92539970669329,0.415305300377878,-4.63610675072389,3.55032662685675e-06,0.000111817612866622
"Os02g0654700",801.002304470884,-1.49250568916909,0.322055156055232,-4.6343170140494,3.58117844988398e-06,0.000112629079629092
"Os08g0485400",703.661311124469,-1.4656005440791,0.31659229123936,-4.62929952697754,3.66904735226653e-06,0.00011500740781797
"Os07g0695700",63.5581331112798,2.38512414994746,0.516217096331444,4.62038969049576,3.83019946320654e-06,0.000119274889331724
"Os06g0638700",315.952053143569,1.07215028396098,0.232160136399565,4.61814978483527,3.87176746781498e-06,0.0001204000049226
"Os07g0244400",201.181983442308,1.05912766101541,0.229389882048407,4.61715072852216,3.89044701088462e-06,0.000120641998974785
"Os02g0814800",620.770459123429,1.098120957325,0.238049656991598,4.61299113471842,3.96915238297714e-06,0.000122738830881979
"Os01g0925700",4497.6147334541,-1.05553308336773,0.228955299137012,-4.61021468970707,4.02253346112734e-06,0.000123641977327228
"Os05g0167300",10.4582848092802,6.82302678678462,1.48080435249694,4.60764906267301,4.07247240535993e-06,0.000124887273583205
"Os05g0373500",133.92637402529,1.13953176069695,0.247497420855706,4.60421670964126,4.14021169043366e-06,0.00012626505101638
"Os07g0252800",611.48625667571,1.44085521004186,0.312916330090305,4.60460216194548,4.1325511051695e-06,0.00012626505101638
"Os08g0320400",1166.47480255641,-1.70430538739027,0.370216641136375,-4.60353533044578,4.15378691062148e-06,0.000126331038445152
"Os01g0930800",4361.6453421138,1.04720830778676,0.227530073999577,4.60250502001202,4.17439498337558e-06,0.000126783647910725
"Os04g0458600",192.751648491968,-1.76575183296873,0.383715157879654,-4.60172551620318,4.19005153622076e-06,0.000127084837073238
"Os07g0498400",153.397929735768,1.95395463700937,0.424892947232834,4.59869868336186,4.25138146916989e-06,0.000128592673646025
"Os11g0668650",833.032513795039,-1.94214477667812,0.422411742526016,-4.59775281118872,4.27072256408008e-06,0.000129001457423325
"Os03g0293100",6959.85608227843,1.13355649976306,0.246611387126199,4.59652943431595,4.2958631164131e-06,0.000129203818791818
"Os10g0112850",179.158543254416,-1.23461121893459,0.268634180108309,-4.59588284125577,4.3092079055103e-06,0.000129203818791818
"Os11g0666200",1353.61200128038,-1.74093660094689,0.379072386876036,-4.59262310107596,4.37709156967135e-06,0.000130434972333908
"Os02g0132200",408.006991164767,1.09568011850844,0.238722920127776,4.58975668495503,4.43762987275592e-06,0.00013188397719824
"Os03g0385400",1829.65052159295,1.38844696522933,0.302651708571544,4.58760656525787,4.48356577769748e-06,0.000132892409483266
"Os03g0362200",599.11031048477,1.26480601434833,0.275934033364757,4.58372604105848,4.5676260691919e-06,0.000134842411730637
"Os02g0745100",324.757747222122,1.64769959569184,0.359456461510838,4.58386417305274,4.5646080978677e-06,0.000134842411730637
"Os05g0323800",6695.71687989518,-1.04804962421994,0.228709520298726,-4.58244861364338,4.5956266167038e-06,0.000135488374061836
"Os06g0727300",121.800122046583,1.35523705998695,0.295863242468798,4.58061991303255,4.63599712612656e-06,0.000136249380082931
"Os05g0508300",885.621968694478,-1.14230974663144,0.249388436446881,-4.58044391675211,4.63990030181699e-06,0.000136249380082931
"Os03g0826900",114.822028287393,2.5709919130342,0.561337573199378,4.58011726950803,4.64715289933895e-06,0.000136281605753992
"Os02g0657600",181.152077328376,-1.67658886189492,0.366246455642224,-4.57776133001744,4.69978471776377e-06,0.000137642769095248
"Os01g0597800",342.76596140302,-1.47758618737536,0.323072924829142,-4.57353765610902,4.79557442377811e-06,0.000140262633179486
"Os01g0854000",660.562161933773,1.20550429436334,0.263719961723267,4.57115300065276,4.85047960238577e-06,0.000141681357356759
"Os08g0369800",53.5694216754443,-2.61153746514389,0.571456633813285,-4.56996613674306,4.8780302886664e-06,0.00014223077305111
"Os01g0238200",97.3177105048864,1.41643187952997,0.310123987758567,4.56730835227318,4.94027009622895e-06,0.00014345716351961
"Os06g0634700",139.552312156415,1.27842874876132,0.279976668281366,4.56619744998373,4.96650988081857e-06,0.00014393127653299
"Os08g0276100",13675.0171385783,1.11443872171011,0.244157051117507,4.56443390272499,5.00843962385742e-06,0.000144390444937275
"Os01g0681800",357.004397694355,1.63247092645715,0.357690391318035,4.56392166544296,5.02068186891424e-06,0.000144555158985215
"Os02g0220400",567.070708081225,1.2027557096492,0.263648629269951,4.56196458513611,5.06771964895245e-06,0.000145342462108104
"Os06g0168500",5235.04505378902,-1.10983187266804,0.243277187667322,-4.56200551851874,5.06673152185412e-06,0.000145342462108104
"Os06g0339500",121.566467063359,1.39761324397295,0.306412108521754,4.56122067341123,5.08570977588752e-06,0.000145666271130517
"Os06g0473000",259.648296344443,1.86140697273461,0.40814724994373,4.56062603139244,5.10013405563415e-06,0.000145705894355866
"Os01g0727500",239.738884187698,-1.07520202491533,0.235782101199008,-4.56015117113503,5.11168090457641e-06,0.000145847586221941
"Os02g0606200",8369.2215250124,1.13513062231421,0.249095493805409,4.55700986385953,5.1886988316657e-06,0.000147854544185213
"Os07g0147900",6307.60239746575,-1.42392611453424,0.312571256679298,-4.55552480948432,5.22549473024528e-06,0.000148520768706496
"Os07g0489800",7069.58906067897,1.17440240614894,0.257797175756481,4.55552859608632,5.2254005908623e-06,0.000148520768706496
"Os09g0519200",1402.00327337596,1.13069814449518,0.248234194947648,4.5549653009475,5.23942263289625e-06,0.000148725713480713
"Os01g0375200",805.926833669398,-1.42564004598002,0.313168171159653,-4.55231462603914,5.30589064522979e-06,0.000150227269534569
"Os04g0598800",2739.56418098643,-1.02566600939568,0.225463243426936,-4.54914953677607,5.38631583655633e-06,0.000152115330277033
"Os08g0448100",97.6614413097195,-1.36731275805526,0.30083261735631,-4.54509477752473,5.49105405123044e-06,0.000154875704137953
"Os03g0775000",1666.05406145427,1.48335561034918,0.326678260507591,4.54072336507594,5.60615500453237e-06,0.00015766017067173
"Os05g0568800",92.1331532997871,2.28371161251516,0.502954639800196,4.54059159971639,5.60966004307166e-06,0.00015766017067173
"Os07g0692300",220.734777829971,1.1340018724557,0.249750659458806,4.54053604868558,5.61113836273535e-06,0.00015766017067173
"Os11g0471200",57.1451417087659,1.78995913849173,0.394283376597833,4.53977835417972,5.63133933967285e-06,0.000158027229809501
"Os12g0283300",254.02342633227,1.0366321612639,0.22849939982951,4.53669533503092,5.7142562890628e-06,0.000160151074045746
"Os07g0691200",12839.819543089,1.67438147255352,0.369300589909292,4.53392580002317,5.78973751229555e-06,0.000161453001012994
"Os09g0418000",633.854188739332,1.21879050172982,0.268816017250219,4.53392068745425,5.78987772929483e-06,0.000161453001012994
"Os12g0290200",424.869327815041,1.31817061989854,0.290852878853582,4.53208723631757,5.84037198300815e-06,0.00016265619632174
"Os01g0314800",11943.7873521039,-1.45415183758979,0.321194500208584,-4.52732483478224,5.97350800553207e-06,0.000165738647556999
"Os06g0604300",31.5440489034072,3.22552925970957,0.712726349269082,4.52562089645968,6.02184443421775e-06,0.000166870660347954
"Os01g0818700",533.807408703186,-1.52900167686734,0.338204045852489,-4.52094436958401,6.15643667417124e-06,0.000169962175065867
"Os02g0646200",927.561327869404,1.07022926421609,0.237494834053907,4.50632649960364,6.59595702297248e-06,0.000181192412463565
"Os11g0133001",344.956920050484,-2.33659586730945,0.519172953880161,-4.5006116937455,6.77581882987977e-06,0.000184757887576808
"Os03g0195475",712.267325944424,1.55483993421666,0.345540684709357,4.49973043123555,6.803968912883e-06,0.000185297264083816
"Os02g0199600",434.894687591187,1.30438067565615,0.290077884885331,4.49665673814388,6.903029713975e-06,0.000187303898158236
"Os03g0203700",864.53499388405,-1.24712061324412,0.277741987360593,-4.49021275139427,7.11520694390847e-06,0.000191885258154784
"Os08g0248100",46.5958614538331,1.97476699379673,0.439873828418125,4.48939415399727,7.14260273313094e-06,0.000192389741014905
"Os03g0803500",218.853073243832,-1.56660884023836,0.349111160043554,-4.48742125586278,7.20904437812304e-06,0.000193708072300998
"Os12g0420200",34160.674791894,1.02728609397427,0.229027039582792,4.48543585004476,7.27650372191078e-06,0.000195047298918676
"Os01g0787600",136.460379515368,-1.76305913688124,0.39324221786662,-4.48339231338389,7.34656846153702e-06,0.000196449725008323
"Os01g0882500",4721.41202976325,1.40640026576209,0.313745443837319,4.48261574275267,7.37336276875798e-06,0.000196928377639409
"Os01g0102900",46508.5242846908,1.0122925401743,0.225872504736748,4.48169882985146,7.40511967150012e-06,0.000197538258610463
"Os01g0893400",1738.26872975107,1.02782486544558,0.229425842654129,4.47998731771065,7.46474744599556e-06,0.000198530717898543
"Os05g0217700",231.307939529137,5.68602397575281,1.26914382424974,4.48020458131618,7.45715278504605e-06,0.000198530717898543
"Os07g0182100",2851.50261836831,-1.38859617745286,0.310080499046337,-4.47817963955662,7.52822400133071e-06,0.000199859001934608
"Os10g0569600",1231.24516446759,-1.11562665562866,0.249172303283028,-4.4773301082402,7.55823322976377e-06,0.000200415379569101
"Os02g0823400",1081.99062884432,1.59626608653497,0.356572088374641,4.47669949100955,7.58058336908885e-06,0.000200767579395928
"Os05g0190000",485.137973814477,1.41033449231516,0.315248993830462,4.47371607813481,7.68717998969157e-06,0.000203104835503295
"Os12g0420400",25517.266236753,1.23268732666866,0.27555952562633,4.47339762204493,7.69864263095328e-06,0.000203165252076206
"Os01g0170700",81.16482323224,1.2164850428227,0.272010120469477,4.47220508091059,7.74171280775524e-06,0.000204058646757749
"Os09g0344400",14.1866364438532,-4.36991016786053,0.977590906667952,-4.4700806217143,7.81901179488482e-06,0.000205851058442978
"Os08g0186200",75.4064773827903,-1.9081324211448,0.427008357741428,-4.46860672994194,7.87307267619318e-06,0.00020678256479667
"Os03g0360600",445.411533094314,1.29993249508587,0.291026587573331,4.4667138694272,7.94302521142097e-06,0.000208126060598902
"Os02g0194900",147.50193469775,-1.53027267726914,0.342648226038918,-4.46601663449245,7.96894164964394e-06,0.000208538198037575
"Os04g0605300",653.100142235611,1.5640264892316,0.350224360688147,4.46578440791064,7.97759151519018e-06,0.000208538198037575
"Os02g0224800",95.035760919719,-1.26182364462997,0.282608741470098,-4.46491371097054,8.01010280425306e-06,0.000208894801164861
"Os08g0508800",21190.9221840722,-1.54384155739438,0.345860354179404,-4.46377140004189,8.05294812117575e-06,0.000209765087471708
"Os03g0244700",485.126463751626,-1.12994843124656,0.253228835834054,-4.46216335325664,8.11363348869484e-06,0.000210849717222057
"Os05g0164200",347.949655369057,1.24058243000391,0.278018098651152,4.46223622139273,8.11087412002082e-06,0.000210849717222057
"Os07g0435300",5853.92383740066,1.08604001902222,0.243457562549743,4.46090073213609,8.16158911789534e-06,0.000211847297373178
"Os06g0498800",263.548548382854,1.54364420085617,0.346549690488884,4.45432283802799,8.41583871799559e-06,0.000217173758805525
"Os08g0190300",78.8206480885541,1.45052137101895,0.325670386561746,4.45395538210513,8.43026266483109e-06,0.000217292719047759
"Os01g0866400",24104.1824628167,1.08943255092929,0.245303451070595,4.44116275647408,8.94740870374041e-06,0.000228494320772222
"Os06g0587100",149.153705564561,-2.42895256098154,0.546970077522566,-4.44074120468012,8.96495564185077e-06,0.000228678666896564
"Os03g0215000",1524.40172707148,-1.10729877787874,0.24937486245514,-4.44029830022638,8.98342679655546e-06,0.000228886136596702
"Os12g0637200",163.12400675001,1.66757681947421,0.37562675461975,4.4394516603651,9.01883682168601e-06,0.000229524213872356
"Os06g0194400",32.7872580828999,2.15909396746866,0.486611758593021,4.43699505682193,9.12233875987638e-06,0.000231891736489579
"Os01g0681200",722.20506212375,-1.23264598993206,0.277843897391661,-4.4364695482027,9.14462643791442e-06,0.000232191713259017
"Os11g0475200",389.534355861703,-1.75406745994113,0.395473756501175,-4.43535741906029,9.19196533353115e-06,0.000232859616075187
"Os01g0236300",317.895907084521,1.35193249561729,0.304875238700212,4.43437945758089,9.23378663941484e-06,0.00023311889393761
"Os10g0566200",742.952948478612,1.01119017634396,0.228015511279055,4.43474292898617,9.21822205397353e-06,0.00023311889393761
"Os01g0862200",2938.22128866065,1.4578915552477,0.328864329275897,4.43310941766694,9.28836971798924e-06,0.000233988744870419
"Os02g0507600",26.5844329907479,2.63246602139582,0.594331304005624,4.42929053821286,9.45435862320388e-06,0.000237334415279316
"Os04g0406600",1051.99821188139,-1.59053447083193,0.359342435483425,-4.42623612959093,9.58915541033169e-06,0.000239902248519948
"Os11g0287000",247.450522507212,1.02655511268436,0.231954732176818,4.42567005661181,9.61433809876757e-06,0.000240260789892565
"Os04g0623800",10730.7338428929,1.32116920380211,0.298582658416506,4.42480219986238,9.65306884573997e-06,0.000240685357335055
"Os04g0659300",36.718155755378,-3.52324980859293,0.796211890053484,-4.42501531640813,9.64354408899777e-06,0.000240685357335055
"Os10g0528100",1406.83120400228,-1.09642016069824,0.24781993224626,-4.42426140125292,9.67727895488259e-06,0.000240807208480424
"Os03g0734100",235.505199763392,-2.50418985821111,0.566629472361733,-4.41944865270343,9.89530281694039e-06,0.00024534367264264
"Os01g0307686",429.919619915617,-1.12963477626601,0.255626074140023,-4.41909058012306,9.91171013992108e-06,0.000245475586362408
"Os03g0817200",1034.78199509689,-1.02853245097764,0.232880514766249,-4.41656723410293,1.00280718812219e-05,0.000248079932426965
"Os04g0638300",617.560014774961,1.14563209081251,0.259422754822881,4.41608174115137,1.00506090949807e-05,0.000248359973182999
"Os07g0628900",764.484968180097,1.88727933302787,0.427774160036078,4.41185912881857,1.0248678878243e-05,0.00025269042209708
"Os01g0670100",610.202184956703,-1.16665314996495,0.264491118489269,-4.41093506893043,1.02925181172773e-05,0.000253207381816262
"Os03g0638900",134.750377304467,-1.80714624427738,0.409843061496045,-4.40936156801284,1.03675805372596e-05,0.000254206645266296
"Os02g0327500",1033.91662400277,-1.72304265028458,0.391089998374455,-4.40574460468514,1.05421114644572e-05,0.000257914795507788
"Os02g0661900",173.693986168404,-1.00781767560717,0.229046448752328,-4.40005807161386,1.08221912863558e-05,0.000263892221664322
"Os02g0523100",44.8761815425659,-2.27506636095971,0.517283744012726,-4.39810140429183,1.09201958007188e-05,0.000265733129607186
"Os10g0544950",89.5748183661423,-1.26651845723159,0.28809981707621,-4.39610989720468,1.10208151789418e-05,0.00026677763278016
"Os01g0876800",153.573446707025,-2.2315008865874,0.508490341634531,-4.3884823444518,1.14144399096019e-05,0.000275301867144332
"Os03g0233900",15.830121279754,-5.5685871173636,1.26948967456886,-4.38647688824629,1.15201399357708e-05,0.000277548877386183
"Os04g0629600",73.6553065619501,1.76614132617448,0.40266035709678,4.38618129410239,1.1535798373484e-05,0.000277624034551424
"Os04g0182200",347.810690890509,-1.14928691118099,0.262126506404789,-4.38447422561001,1.16266247020433e-05,0.000279202925735293
"Os10g0478300",119.116070433281,-2.20345193878204,0.502539717024101,-4.38463242632893,1.16181788569889e-05,0.000279202925735293
"Os04g0615200",635.887337391776,-1.86053272642277,0.424457316233521,-4.38332113799442,1.16883617374177e-05,0.000280381383779162
"Os04g0534600",2926.63528647646,1.09824317338491,0.25060967254222,4.38228565659167,1.17440686170284e-05,0.000281108565675271
"Os06g0133400",934.40453850634,-1.31111912091644,0.29924494473197,-4.38142446179265,1.17905921530316e-05,0.000281917387538092
"Os04g0527000",26.6249312090765,-2.33275889672495,0.533013950306708,-4.37654379474051,1.20575973570295e-05,0.000287370573823455
"Os04g0269600",6408.2118897881,1.19613373657032,0.27355047963562,4.37262525791811,1.22761341184034e-05,0.000291950467793309
"Os01g0873200",2460.85621456572,1.61819231805572,0.370176237775572,4.3714105685973,1.23446412837293e-05,0.000292950377988264
"Os01g0933200",2817.22249300115,1.24001700659673,0.284070756571056,4.36516951468238,1.27024214266987e-05,0.000299514710126237
"Os02g0209300",466.034810202352,-1.08599023901503,0.249231060307658,-4.35736315399232,1.31638751694725e-05,0.000308424719711418
"Os03g0326000",777.598123104977,-1.42941682717587,0.328101546460873,-4.35662935025615,1.32080651360476e-05,0.000309132949447389
"Os12g0636400",590.610849096794,-1.77049245628553,0.406503672735061,-4.355415645751,1.3281465695978e-05,0.000310195075922625
"Os02g0232900",313.190111420927,-1.99112238344214,0.457616659838532,-4.35107057541282,1.35474433993091e-05,0.000313104325995933
"Os06g0477400",247.76339039007,1.13011471778957,0.25972186027719,4.35124989703773,1.35363666613449e-05,0.000313104325995933
"Os02g0206400",52.9909515185151,-1.51448626960055,0.348200139542294,-4.34947059926895,1.36466577576109e-05,0.000313434283621643
"Os04g0474900",5557.52839426794,-1.48948120626905,0.342450704138563,-4.34947625532222,1.36463058087073e-05,0.000313434283621643
"Os11g0444700",9916.4158544717,1.16087011932699,0.266873986091354,4.34988114176706,1.36211341601693e-05,0.000313434283621643
"Os12g0144200",61.6864907661415,2.57888246914532,0.592910578850411,4.34953020090398,1.36429494705143e-05,0.000313434283621643
"Os03g0194100",969.345021150551,-1.21449988748453,0.27930875541849,-4.34823421723691,1.37238000068726e-05,0.000314879436219862
"Os01g0719100",2526.99992177047,1.26827873015564,0.291765537184031,4.3469106817632,1.38068409648248e-05,0.000316038584692932
"Os05g0144900",156.464179935009,-1.16709056766292,0.268497467495463,-4.34674702353625,1.38171424047133e-05,0.000316038584692932
"Os08g0525700",2245.06035672723,1.32379355745095,0.304651767027955,4.34526794433291,1.39105759132703e-05,0.000317847328478552
"Os02g0194100",2679.84106780174,-1.07924177570254,0.248567947076995,-4.34183807040994,1.41295657020811e-05,0.000321193751755418
"Os06g0244000",712.295515439149,-3.62503740740523,0.834883661733594,-4.34196711896125,1.41212670461295e-05,0.000321193751755418
"Os12g0467300",1331.54574636652,-1.30875795754342,0.301410575287842,-4.34211028028322,1.41120662867013e-05,0.000321193751755418
"Os05g0369900",881.34389239666,1.00328482510568,0.231234661426639,4.338816762659,1.4325189754319e-05,0.000324973387654074
"Os03g0375900",63.4116115569991,-1.56555820858942,0.36122418135551,-4.33403489964207,1.46400950349677e-05,0.000331437979723129
"Os06g0107100",424.09716449545,2.1188259216279,0.489083862723499,4.33223437352659,1.47603690532979e-05,0.000333064347814963
"Os10g0550900",2772.87349476463,-1.38643122626523,0.320148163399364,-4.33059247176049,1.48708679200115e-05,0.000334609640870909
"Os07g0160300",1660.45581980884,1.37771437538965,0.318459527462258,4.32618356991354,1.51715001781567e-05,0.000340681729659806
"Os03g0272900",250.029219474898,1.15852511425322,0.267959018659177,4.3235160363338,1.53561970290554e-05,0.000344271657540052
"Os09g0540000",114.329850618735,1.49092536197026,0.344899659760934,4.32278003116527,1.54075332726698e-05,0.000344932451152863
"Os01g0373700",78.9413408819281,-2.37790737638876,0.550205111363534,-4.32185620830705,1.5472201366029e-05,0.000345681140711653
"Os08g0538200",23.6940367471622,-2.72996328847858,0.631661629161592,-4.32187608435561,1.54708073123066e-05,0.000345681140711653
"Os06g0530600",271.4595698048,-1.54933496588678,0.358516569731978,-4.32151564722669,1.54961060369641e-05,0.0003458662134722
"Os05g0203900",3148.78738748815,1.24935698941366,0.289123348116473,4.32119023784395,1.55189800715455e-05,0.000346027933297169
"Os02g0161601",144.064565255914,1.07292273940417,0.248454694681521,4.31838384370029,1.5717590527475e-05,0.000349563496796467
"Os02g0677600",2450.86924908711,1.58450126968583,0.366947528501534,4.3180595224508,1.5740698536926e-05,0.000349563496796467
"Os08g0137900",145.719896744264,-2.48619238989225,0.575890738558975,-4.31712514792881,1.58074542662819e-05,0.000350343188097845
"Os01g0642700",346.200928973632,-1.92786655877395,0.446788473808715,-4.31494246559129,1.59644476000745e-05,0.000351907006892892
"Os11g0166201",109.619373161493,1.29503399836475,0.300136348242878,4.31481893461559,1.59733770799583e-05,0.000351907006892892
"Os07g0680000",801.07215881234,-1.13010885228889,0.261944968265686,-4.31429876195459,1.6011030202774e-05,0.000352385904293856
"Os06g0352900",271.299050721998,1.3441612378984,0.311635351266264,4.31325018948167,1.60871893038939e-05,0.000353359581723724
"Os04g0470801",185.295524649559,1.22134592152607,0.283227439864005,4.31224432954841,1.61605705437867e-05,0.000354619615867178
"Os03g0159100",2021.70925931515,-1.60080895172861,0.371251978265272,-4.31192032755924,1.6184275559385e-05,0.000354788163525093
"Os08g0485900",2920.47885247429,1.39539693217965,0.323958694156947,4.30732978415953,1.65237161628734e-05,0.000360800394045542
"Os10g0491400",1386.22555521134,-1.74761426407877,0.405858160581251,-4.30597295758675,1.66253367462543e-05,0.000361692317151309
"Os04g0121800",1896.8552530297,-1.01520562915418,0.235889145367245,-4.30374033350984,1.67938484299718e-05,0.000364899507446522
"Os04g0476100",1067.02809510287,-1.24918349383407,0.29041086881017,-4.3014350631987,1.69695506399452e-05,0.000367994927246842
"Os08g0435900",324.93051062316,1.65506185853226,0.385140359605866,4.2972953035251,1.7289479588943e-05,0.000373558850736822
"Os01g0231800",249.489281874092,-1.34598626564633,0.313378327738898,-4.29508407731304,1.74627142404569e-05,0.000376477074973666
"Os05g0111200",173.625982599741,1.45753733307242,0.339574916168802,4.29224086842706,1.76878918949892e-05,0.000380960714442563
"Os04g0405300",905.695284618022,-1.89803842747747,0.442550631422877,-4.28886164137863,1.79591198019042e-05,0.000383869728880454
"Os06g0731300",1525.62760205222,1.07743426757528,0.251215295035621,4.28888801305871,1.79569878648212e-05,0.000383869728880454
"Os09g0482860",89.452474230402,1.24772383292864,0.290924041227078,4.28883026533633,1.79616566153358e-05,0.000383869728880454
"Os03g0192300",35.9419586596893,-2.03945694108938,0.475620031484946,-4.2879963123545,1.80292085825533e-05,0.000384941858463174
"Os01g0352100",189.954735871045,1.05737899786824,0.24663097439352,4.28729197728873,1.80864496909195e-05,0.000385186400596753
"Os03g0860100",24.7229818065094,-2.7150129041586,0.633298795337459,-4.28709627137673,1.81023853659373e-05,0.000385186400596753
"Os08g0266225",167.953339220325,1.65411639708466,0.385844761950136,4.28699974757835,1.8110249899337e-05,0.000385186400596753
"Os02g0612200",244.610714327369,-1.32001374794595,0.308456683950025,-4.27941366366961,1.8738630767416e-05,0.000395561243473274
"Os06g0664200",1894.89403968208,1.09514812104799,0.255895055965293,4.27967674841095,1.87164951804869e-05,0.000395561243473274
"Os07g0489200",300.211358152132,1.10655016269054,0.258687617890069,4.27755364449169,1.88958430969718e-05,0.000397692834610317
"Os04g0119800",803.030906469203,-1.49841846610266,0.350408657019955,-4.27620275950353,1.90108091469539e-05,0.000399638923856414
"Os03g0713200",136.941079956413,1.14794972617572,0.268586148414275,4.27404664370512,1.91956851425294e-05,0.000402092398051791
"Os12g0242800",98.4436401013689,1.29885436885473,0.30393043535566,4.27352518129618,1.92406543644423e-05,0.000402653429379128
"Os05g0576600",1832.56958560858,-1.65797700919339,0.388051462105738,-4.27256993233958,1.93232923018032e-05,0.000403239410795687
"Os03g0642900",129.92328190266,-1.51449335760588,0.354494440545148,-4.27226264896246,1.93499469589687e-05,0.000403415419603132
"Os02g0755500",389.625339174405,3.46643512190524,0.812591635067746,4.26590057331348,1.99097438581364e-05,0.000411400190634129
"Os05g0331900",103.094848058092,2.40774941275048,0.564349372710242,4.26641638881861,1.98637890180242e-05,0.000411400190634129
"Os12g0432600",146.539827503894,-1.28425881600991,0.301173242027869,-4.26418631138245,2.0063198672503e-05,0.000413997466736151
"Os12g0152100",116.195699260118,1.87854237903197,0.440601075806765,4.26359008677465,2.01168341288549e-05,0.000414331929718117
"Os03g0846900",239.198194852275,1.125116722679,0.263992427199417,4.26192802049242,2.02670728320304e-05,0.000417038345328982
"Os12g0634000",380.682548865864,-1.2450714687846,0.292275315744017,-4.2599268625034,2.04493806825583e-05,0.000419897714540994
"Os06g0355300",52.2559501303555,2.83187314857021,0.665798815607125,4.25334662992438,2.10599195683942e-05,0.000429471854677264
"Os07g0217800",18.1850574699645,-3.69358757792336,0.8684125594023,-4.25326365669508,2.10677278087146e-05,0.000429471854677264
"Os11g0213700",668.572280840722,-1.10100969737159,0.258873278126585,-4.25308361426632,2.10846802779543e-05,0.000429471854677264
"Os04g0432400",1479.98875886653,1.14289080108528,0.269073379115993,4.24750603289001,2.16163346060512e-05,0.000438285040762435
"Os04g0379600",4182.7034519986,-1.08012260121606,0.254667982887425,-4.24129719397637,2.22231641382987e-05,0.000449354408389106
"Os03g0209500",153.060942884455,1.28420159201084,0.302847787405433,4.24041926478277,2.23102671234742e-05,0.000450704036843834
"Os07g0190800",272.584945531876,1.05034883990157,0.247804250561175,4.23862317745948,2.24894777832833e-05,0.000453496837522474
"Os05g0529700",2103.34315386701,-1.1860911035333,0.279937371979376,-4.2369873488013,2.26538895202182e-05,0.00045639651307293
"Os06g0222400",1384.41454303979,-1.3809788257035,0.326153905933694,-4.23413241595289,2.29435731865388e-05,0.000460974277607219
"Os03g0210200",115.931096858312,1.51344591854654,0.357509967853817,4.23329712352349,2.30289928154398e-05,0.000461434325725477
"Os06g0654900",5726.44381752139,1.05634140302705,0.249515326791897,4.2335732101462,2.30007259018077e-05,0.000461434325725477
"Os08g0499000",318.400874543398,-1.24106532787709,0.293215587647005,-4.23260351823852,2.31001529747096e-05,0.000462441669993713
"Os05g0171900",196.931233185128,-2.02901508534642,0.47957640609629,-4.23084843114454,2.32811512486168e-05,0.000464804300987939
"Os10g0368100",220.944023969519,1.08235145472612,0.255819270248274,4.23092229790076,2.32735064054482e-05,0.000464804300987939
"Os02g0700100",506.002148659511,1.28165973370743,0.303028686860178,4.22949967868491,2.34211613089646e-05,0.000466338068832542
"Os02g0592700",216.003923435295,1.03198242272092,0.24418077006396,4.22630505445047,2.37559891997632e-05,0.000472217101440259
"Os12g0105600",3069.84433454486,-1.41447275608096,0.334685392877659,-4.22627573889371,2.37590827426245e-05,0.000472217101440259
"Os06g0646801",39.3177647326221,1.8785186861061,0.444651674267502,4.22469720641597,2.39262255521439e-05,0.000475112609820643
"Os07g0569800",142.071722619686,-2.23926234400039,0.530110880587951,-4.22413956400366,2.39855384460028e-05,0.000475824109644606
"Os02g0508100",62.1790246013268,1.46806993053786,0.347651170944233,4.22282463928004,2.41259530223745e-05,0.000477366153591058
"Os06g0662200",385.746036937639,-1.09634741135667,0.259782737659829,-4.2202473545116,2.44034408877308e-05,0.000481565583507352
"Os11g0141400",379.331187543822,-1.53741409626881,0.364675910131005,-4.21583672943055,2.48853762025607e-05,0.000489331362789428
"Os05g0202800",767.374574188922,3.50754134089522,0.832214509971967,4.21470822590365,2.50101311642865e-05,0.000490912512507507
"Os06g0288300",545.935530148857,1.33529458146707,0.316917628938246,4.2133805744434,2.51576634288651e-05,0.000492934359273011
"Os07g0628700",1818.16836533138,1.70826063493362,0.405542860935223,4.21228136279898,2.52804368926456e-05,0.0004949019922547
"Os09g0475500",1146.20724023892,-1.38136640933205,0.328035801430261,-4.21102331912915,2.54216500438984e-05,0.00049722681415367
"Os01g0293000",73.5548881516289,3.2469726115598,0.771358035874643,4.20942345907897,2.56023154350695e-05,0.000499543145486478
"Os07g0187900",613.158636405494,-1.04327816536499,0.247910967385095,-4.2082775779113,2.57324647927288e-05,0.00050153389346462
"Os01g0575200",2643.04029184271,-1.19348882087241,0.283830536117208,-4.20493452607072,2.61157747140652e-05,0.000508110165153002
"Os06g0612900",281.144779466067,1.59465920771203,0.379418081644452,4.20290778130697,2.63507960889715e-05,0.000512232639337943
"Os12g0635400",292.732617795186,-1.63585950231203,0.389340753338346,-4.20161385183954,2.65018906797072e-05,0.000514266749815423
"Os05g0541100",199.405835510435,-1.50383810329049,0.357988600838183,-4.20079885160996,2.65974823205356e-05,0.000515669751365131
"Os11g0181700",831.313428295706,1.01550416921365,0.241852147916745,4.19886355346005,2.68257895305269e-05,0.000519641125105333
"Os08g0111200",5097.17231569693,-1.56212794592136,0.37221394748052,-4.19685494456952,2.70647153799859e-05,0.000523353592339099
"Os07g0420000",1112.93064589791,1.2183743795365,0.290323635187873,4.19660761945224,2.70942744601313e-05,0.000523359634610893
"Os08g0507701",301.429128896454,1.09035838177452,0.260120522222525,4.1917430138086,2.76819458456407e-05,0.000532961706928983
"Os04g0619300",692.879641040229,-1.08200804307229,0.258185467840169,-4.19081698177572,2.77951801696152e-05,0.000534676875877888
"Os12g0549700",444.781507323109,1.16228899055794,0.277435337063267,4.18940500824841,2.79686829970959e-05,0.00053708118841171
"Os03g0181100",628.426842142623,-1.5021545862543,0.358739729251971,-4.18731036394138,2.82279700948359e-05,0.000540860937260911
"Os04g0396800",17.8156208362005,2.9941812463837,0.715171399356508,4.18666245473153,2.83086336768909e-05,0.000541729868833226
"Os07g0530400",879.162130779168,1.10188106864668,0.263294926146637,4.18496886655919,2.85205188018421e-05,0.000544842801373241
"Os04g0164900",147.778559844566,1.15007591587041,0.274839128536857,4.18454214286368,2.85741435915223e-05,0.000545396649361978
"Os10g0504200",215.734767706832,-1.25313326854998,0.29949367944282,-4.18417267062635,2.86206512114376e-05,0.000545813814360414
"Os11g0106083",156.198931501604,-1.78509941682858,0.426958987704753,-4.18096226624699,2.90278037401279e-05,0.000551204633456409
"Os11g0156600",4178.20070363159,-1.31303965557736,0.314073745706152,-4.18067308563207,2.90647475173352e-05,0.000551433226033692
"Os01g0558100",209.828902762407,-1.50254781360925,0.359724167632761,-4.17694430568031,2.9545132953854e-05,0.000558632612067704
"Os02g0197200",214.865732735154,1.04657018226445,0.250612951617754,4.17604188254695,2.96625228355945e-05,0.000560254165643542
"Os02g0525900",1120.27610005426,-1.33381980606985,0.319442069349558,-4.17546695958284,2.97375415581563e-05,0.000560254165643542
"Os03g0254800",5872.95243779727,-1.11176854075245,0.266365386380783,-4.17384764536604,2.99498079264644e-05,0.00056307996213759
"Os02g0110200",26.5723783748967,2.42708622851404,0.581596775749169,4.17314250992477,3.0042689342631e-05,0.000563230469716506
"Os11g0173800",26.7387956438983,2.11974757517207,0.508299477204074,4.17027297929136,3.04234993391434e-05,0.000569405493548582
"Os08g0566900",2586.64105316867,-1.13341961236532,0.271876541583361,-4.16887608531609,3.06105343513017e-05,0.00057145686431043
"Os04g0630800",1951.89558213111,-1.20650771983166,0.289516906910546,-4.16731351790948,3.08210466284833e-05,0.000573390878283106
"Os07g0468100",9229.77456167816,1.14356968615555,0.274420690527449,4.16721379119612,3.08345286131927e-05,0.000573390878283106
"Os01g0128000",93.1707587274917,-2.18097842879394,0.523426390116433,-4.16673379481076,3.08994974265992e-05,0.000573613045810752
"Os02g0119600",82.6550494280959,-1.27029340154342,0.304883745168694,-4.16648450982705,3.09332901268253e-05,0.000573613045810752
"Os07g0577600",5402.99586858639,1.27034408923872,0.304895869554984,4.16648507273279,3.09332137806178e-05,0.000573613045810752
"Os05g0203912",204.804994519481,1.55214427824108,0.372685066709629,4.16476112645106,3.1167871828496e-05,0.000577479372514418
"Os01g0847100",95.8009314452189,1.54555041851952,0.371389738020113,4.1615323750163,3.16119170355963e-05,0.00058472803265258
"Os01g0670300",468.662872006906,-1.29526988367741,0.311360240584417,-4.16003623727363,3.18197105058356e-05,0.000587100175258088
"Os03g0772600",4798.11727735901,-1.5228948539281,0.36609670956557,-4.15981573758269,3.1850444463071e-05,0.000587177927441177
"Os03g0153400",170.533985187103,1.16313519798405,0.279673109491788,4.15890966456395,3.19770321622121e-05,0.000588531562014578
"Os11g0704000",211.051538125882,-1.01708719884301,0.244676624598922,-4.15686296355541,3.2264738983698e-05,0.000592349573663398
"Os03g0371350",58.0090067656223,3.03916258410303,0.732054234877111,4.15155385941209,3.30225527354755e-05,0.000603869774898993
"Os12g0131150",355.489280360985,-1.17342310345052,0.282665951039166,-4.15127148896661,3.30633277795685e-05,0.000604005891392266
"Os03g0830500",100.312298769131,-8.25997397840772,1.98998922908367,-4.150763158759,3.31368525925613e-05,0.000604850002680874
"Os04g0635700",3444.10443201002,1.18193637460838,0.284798339892505,4.15008168606073,3.32356644178938e-05,0.000605925922568082
"Os08g0404500",234.443859234687,-1.94931591906641,0.469832992784563,-4.14895494569971,3.33996531574458e-05,0.000607643155759251
"Os08g0171700",251.771602210977,1.4983593680011,0.361133934656368,4.14904063066474,3.33871553905361e-05,0.000607643155759251
"Os02g0106100",48.9605285172672,2.60604689253181,0.629129423393282,4.1423064883467,3.43830441996201e-05,0.00062195668433316
"Os03g0397700",436.620012791546,-1.49608786850217,0.361249293252858,-4.14142780745866,3.45150511403654e-05,0.000623834895754148
"Os11g0208651",24.9354076583458,-2.57094511868253,0.620817461094109,-4.14122552892049,3.45455081545028e-05,0.000623876097919124
"Os09g0367900",5286.71358162784,1.00343595349319,0.24232908776233,4.14079862536904,3.46098706857152e-05,0.000624529052039463
"Os04g0505200",54.9108692001432,3.09762952526817,0.748329790746177,4.13939089900384,3.48229158354963e-05,0.000627861709701729
"Os03g0321800",57.0092021960588,-1.67863061148738,0.405623087404311,-4.1384000655125,3.49736146409581e-05,0.000630003067243679
"Os05g0480000",4502.12961402399,1.09596802229625,0.264851029989539,4.13805459748273,3.5026303360841e-05,0.000630003067243679
"Os05g0291700",3345.03789464719,1.11495164119727,0.269496358659554,4.13716774038403,3.51619068660756e-05,0.000631915405780665
"Os05g0319100",14.3609769914277,3.76155786464241,0.909449900214626,4.13608035335943,3.53288525209706e-05,0.000634400749121501
"Os06g0476200",9206.83257017773,1.09348714769009,0.265028108439063,4.12592895949945,3.6924124421004e-05,0.000656129244627167
"Os02g0595200",205.866173616269,1.1236238448769,0.272628570036333,4.12144568974247,3.76502236395515e-05,0.000666357795046611
"Os07g0162400",911.77651035209,-1.13854238073914,0.276240327069415,-4.12156469990367,3.76307751330988e-05,0.000666357795046611
"Os05g0571200",272.074250523809,-1.20276836375793,0.292152191164766,-4.11692398733234,3.8396263852562e-05,0.000676856431496476
"Os02g0695700",192.177722407876,1.17963395426771,0.28656533602062,4.11645724723255,3.84740657502782e-05,0.000677688376910827
"Os03g0815200",7702.51892941078,-1.36160399663439,0.33084124062268,-4.11558121977691,3.86204968052703e-05,0.000679726883756352
"Os02g0626400",9352.23435718337,-1.47293873925097,0.358171189933191,-4.11238754162698,3.91588234425367e-05,0.000687561863474389
"Os12g0639800",691.49638275368,-1.28989557941369,0.31371192597734,-4.11171993348721,3.92722519372429e-05,0.000688461544055815
"Os07g0680400",3454.4884509672,-1.61356035184172,0.392448953509897,-4.11151651039128,3.93068760305724e-05,0.000688523371988057
"Os03g0251350",2662.87354794594,1.27717320483794,0.310822138898987,4.10901620252026,3.97348200784036e-05,0.000693823857536225
"Os04g0459500",18964.4009344232,1.28629880619367,0.313072418325235,4.10863024304301,3.98012722370296e-05,0.000694436539479963
"Os12g0149900",3514.60234928164,-1.04473451483544,0.254377703389866,-4.10702078410645,4.007951771878e-05,0.000698740631347643
"Os05g0165800",452.650941467884,1.10413533995927,0.269012956543221,4.10439465127352,4.05374943634728e-05,0.000706168892762905
"Os03g0694000",39.9825266936887,2.75110618269055,0.671102638806954,4.09938215647804,4.14254531124144e-05,0.00071880952771314
"Os09g0322000",233.458154634233,-1.1397875735932,0.278059823816363,-4.09907320644042,4.14807828088384e-05,0.000719205960979241
"Os02g0199300",762.935956436114,1.05670461121354,0.257858874132735,4.09799590868296,4.16742645290432e-05,0.000721995219825935
"Os04g0499200",164.814251275499,1.13442516479192,0.276906341194971,4.09678290463259,4.18931437701965e-05,0.000725219778120344
"Os02g0445300",113.810113344274,1.43476926622091,0.350370702628161,4.09500353613639,4.22161944370116e-05,0.000730241219554589
"Os02g0815400",1135.27858284652,1.1138401181639,0.272044707942938,4.09432746031411,4.23395568769121e-05,0.000731716500882174
"Os04g0412500",133.724608621868,1.75399958355189,0.428413525828888,4.09417415138394,4.23675784350728e-05,0.000731716500882174
"Os09g0468300",292.816367468504,-1.26637006228322,0.309384766590164,-4.09318815609546,4.25482179556899e-05,0.000734263518126992
"Os03g0182800",669.824175725328,-1.4719377710693,0.359799222088692,-4.09099764731138,4.29521489404336e-05,0.000737783964073033
"Os07g0218700",10.3204890158819,-5.8535861954563,1.43137639505451,-4.0894807373384,4.32339968905118e-05,0.000740423243446567
"Os07g0201500",107.453159312112,1.90196849484225,0.465120996058427,4.08919079327765,4.3288068998619e-05,0.000740680939488735
"Os02g0815200",1086.77678501564,1.11594745289732,0.272978097230248,4.08804759143755,4.35018922120932e-05,0.00074376478414514
"Os06g0229200",2826.25285675546,-1.18605503127257,0.290245716582918,-4.08638254936568,4.38151128623783e-05,0.000748416888571381
"Os09g0471100",2684.72616342293,1.09157194959195,0.267133436650367,4.08624230376907,4.38415927228708e-05,0.000748416888571381
"Os04g0453200",321.257685888656,1.19511354549157,0.293043768327109,4.07827660801007,4.53707679155324e-05,0.000770954852200923
"Os07g0585900",258.599862730779,-1.55380632239223,0.381217546316167,-4.07590452592536,4.58358236272881e-05,0.000777663579258074
"Os04g0306400",9212.44925273922,1.00077155686622,0.245702784883602,4.07309814310945,4.639186358752e-05,0.000786494832841716
"Os12g0159600",592.94129286303,1.04464221142817,0.256676066245565,4.0698855437061,4.70362402153009e-05,0.00079498427069235
"Os09g0463300",121.098764780915,1.49452114872918,0.367300296016554,4.06893532332417,4.72284539226608e-05,0.000797016157242098
"Os06g0291800",148.259194880817,1.00685146803206,0.247486132424689,4.0683146896663,4.73543995694469e-05,0.000798532948109005
"Os08g0475400",637.263378704728,-1.25717685049273,0.309190687937632,-4.06602430001489,4.78219516333186e-05,0.000804578899022269
"Os07g0235200",342.303186076954,1.26435208850818,0.311366802764532,4.06065154435984,4.89359614810062e-05,0.000820205240840998
"Os03g0604566",106.69619249201,1.80814894417269,0.445418336407259,4.05943984874357,4.91905771780384e-05,0.000821983825885999
"Os06g0612001",30.0098482919399,2.21391405243381,0.54531927748143,4.05984923668722,4.91044116361375e-05,0.000821983825885999
"Os05g0268400",48.8004702286087,-1.73531290603253,0.427473394826477,-4.05946411410456,4.91854659556436e-05,0.000821983825885999
"Os02g0775300",411.91057381184,1.00714358587028,0.248196069061745,4.05785470204094,4.95255632424261e-05,0.000826334209307125
"Os10g0100300",8253.31406537817,1.05481679440081,0.260395828785356,4.05082062689374,5.10383220683484e-05,0.00084901539362532
"Os02g0460200",594.924439865283,1.50633411829525,0.372109075297924,4.04809830851136,5.16354592270562e-05,0.000856375058236892
"Os01g0508000",182.982566044263,1.50184179564284,0.371265743008622,4.04519356801515,5.2279909067426e-05,0.000864473089366602
"Os06g0598800",27.5088969956335,-2.26695506034012,0.560562364775764,-4.04407288606853,5.25305768330331e-05,0.000865971182265326
"Os12g0158600",335.389752387821,-1.66384220109693,0.411443453421062,-4.04391463094733,5.25660660749107e-05,0.000865971182265326
"Os04g0450600",223.379286054979,-1.58916027885472,0.393001091323797,-4.04365360284814,5.26246521498397e-05,0.000866291764497845
"Os10g0573800",210.333892865003,-1.25391378657642,0.310219392881356,-4.04202256644858,5.2992131327479e-05,0.000871045864678331
"Os03g0682100",1306.96822306986,-1.55480216860735,0.384824424040967,-4.04028973078339,5.33852096139044e-05,0.000876206023766833
"Os01g0690600",606.208317887125,-1.20306196560375,0.297791061267554,-4.03995324937858,5.34618570425674e-05,0.000876814056873692
"Os05g0237800",18.8197461641998,-3.95020064604362,0.978301143205182,-4.03781665132444,5.39509933346928e-05,0.000883527325017333
"Os05g0508400",388.715702033717,1.07643996051003,0.26661896327307,4.03737208822446,5.40532997014372e-05,0.000884548491270895
"Os06g0589600",1213.03149894729,-1.15821131973728,0.286939226050496,-4.03643425013441,5.42697255981669e-05,0.000887434264748164
"Os02g0129800",1048.6924331377,1.48666536184891,0.368606525785538,4.03320412920166,5.50214445188119e-05,0.000898399559801633
"Os01g0831250",450.401030781546,-1.89728467775937,0.470596390111401,-4.03166007565471,5.53842538807468e-05,0.000902327273858437
"Os03g0587250",39.6882276426479,2.62849970425863,0.65208847803218,4.03089426175833,5.55650383743237e-05,0.000903942332583322
"Os10g0443800",21.6176926569458,3.30399040083417,0.820157924699144,4.02848073686072,5.61384595741211e-05,0.000911930765539703
"Os01g0674800",880.218454701899,-1.06370873309753,0.264141171580755,-4.02704632046474,5.64819087230919e-05,0.000914156389647645
"Os06g0200700",219.713997054938,-1.7992480399598,0.446779318278031,-4.02715158547274,5.64566371037481e-05,0.000914156389647645
"Os12g0615300",1210.98463632728,-1.1344730279028,0.281700683093789,-4.02722853009587,5.64381713100314e-05,0.000914156389647645
"Os09g0455300",81.4144158704065,1.38791455174043,0.34480258682662,4.02524402300475,5.69162632181805e-05,0.000919170666603745
"Os11g0121600",842.299389173651,1.11912093003396,0.278186197450339,4.0229204047183,5.74809263736307e-05,0.000925589229700769
"Os02g0710500",558.278859077495,-1.13068843124057,0.28143822307253,-4.01753684661796,5.88096418224205e-05,0.000942188335448779
"Os01g0960200",344.460542237547,-1.54422556704042,0.384488555821057,-4.01631087235563,5.91162643229009e-05,0.00094515510415821
"Os04g0221000",101.672707294436,1.14293954809592,0.284599647188816,4.01595560425147,5.92054012451191e-05,0.000945791334031878
"Os09g0561500",162.176484778115,-1.78656583548659,0.444926875867033,-4.01541451503709,5.93414053452649e-05,0.000947280501621853
"Os01g0834900",124.212932607875,1.30240707806933,0.324659733395779,4.01160644237215,6.03069751049892e-05,0.000961307945140075
"Os05g0370700",185.402731654815,-2.04780669674792,0.511488269525125,-4.00362397098401,6.23794886665274e-05,0.000990067568864217
"Os03g0685100",255.626438212485,1.04327155229798,0.260668935789885,4.00228569291017,6.27334828213652e-05,0.000993549387087159
"Os08g0519700",339.885455519874,-1.47539406231569,0.368808217560556,-4.00043706204414,6.32256016450413e-05,0.000997203773400835
"Os03g0753600",768.37233733768,1.18326159698983,0.295997916701119,3.99753353056406,6.4005926660498e-05,0.00100507462566673
"Os06g0230100",112.031022838954,1.99863147728768,0.500041611175244,3.99693032063934,6.41691791291407e-05,0.00100549879341706
"Os11g0570000",239.415117963335,-1.10695814351767,0.277008564195846,-3.99611523467211,6.43903998131769e-05,0.00100767826421132
"Os02g0696900",39.6360944877926,1.96226971386321,0.491700592813827,3.99078167189882,6.58558841916579e-05,0.00102756527969521
"Os01g0337160",152.372428950532,1.27863502364092,0.320618163102786,3.98803053222846,6.66240907375274e-05,0.00103662965075165
"Os01g0223900",561.952406403941,-1.08076553747858,0.271031256617157,-3.98760479129979,6.67437263068629e-05,0.00103764186498603
"Os03g0320600",234.429466565692,-1.33099003267868,0.33379348107625,-3.98746562810982,6.67828760040238e-05,0.00103764186498603
"Os05g0137200",572.179409836853,1.06811432735157,0.267983515428731,3.98574638310403,6.72683339004527e-05,0.00104225904890827
"Os02g0120100",174.667458970886,-1.28301325438585,0.321996865217956,-3.98455200337864,6.76075509056957e-05,0.00104576329890909
"Os05g0459300",115.809867263863,1.10818572155917,0.278127553939844,3.98445139958647,6.763619728277e-05,0.00104576329890909
"Os06g0549600",12.5147025336544,-5.21829757797535,1.30999414936559,-3.98345105625279,6.79216651309539e-05,0.00104871240422905
"Os04g0136700",220.578593981445,1.13763541826956,0.285792930931793,3.98062826312898,6.87333653440825e-05,0.00105755763869585
"Os02g0815300",530.64825402238,1.42313663038587,0.357586517431302,3.97983861530593,6.89620678936548e-05,0.00106033968418987
"Os09g0454600",920.774305467623,-1.22972820790939,0.309060713315356,-3.97892114697416,6.9228694817152e-05,0.00106251510289581
"Os06g0111500",444.814145555173,-1.15304899558927,0.289958292037279,-3.97660293653899,6.99067458927577e-05,0.00106966500401627
"Os01g0976300",240.035246744138,-1.43820633605768,0.361884633885695,-3.97421222508154,7.06125805521717e-05,0.00107897387578029
"Os10g0516100",5359.42894642019,1.13327814690352,0.28521380496483,3.97343370894428,7.08438814689922e-05,0.00108176164110687
"Os10g0466800",140.058675245456,1.17682690794618,0.296214903439144,3.97288216859743,7.10081803320238e-05,0.00108352317073145
"Os01g0144100",552.758106399007,1.04703240515121,0.263654011033432,3.9712363982145,7.15005855494027e-05,0.00108953507546409
"Os07g0566500",27.3224206247781,3.43257875933198,0.864506365231911,3.97056505004583,7.17023751969214e-05,0.00109185852079439
"Os03g0661600",299.076459561137,-2.16777169704884,0.546012772602614,-3.97018495870707,7.18168593905479e-05,0.00109209964544376
"Os11g0699532",40.4520384226649,2.45710021790406,0.618880018848447,3.97023678753758,7.18012382789388e-05,0.00109209964544376
"Os07g0212200",9264.6888520325,1.27267576592197,0.320618785579076,3.9694360504278,7.20429380679056e-05,0.0010925360902476
"Os02g0107300",27.0381367445153,2.3882375212979,0.602001295341322,3.96716342602523,7.27331207097873e-05,0.00109940358779197
"Os02g0104500",115.311227259343,1.67094969868877,0.421580347163951,3.96353793512805,7.38471224229528e-05,0.00111227832487524
"Os03g0665200",102.744987715938,1.74095166386693,0.43946662083599,3.96151057059839,7.44770842239182e-05,0.00111948209219401
"Os08g0501200",23.2441016725669,-4.06833055250217,1.02736732239888,-3.9599571290653,7.49632196215575e-05,0.00112506887394841
"Os01g0585300",1793.71937067741,1.00164562850705,0.252974717072399,3.95946931020934,7.51164961738579e-05,0.00112539307552406
"Os07g0182400",2195.8895966355,1.01708847601829,0.256876594157213,3.95944394760937,7.51244734033943e-05,0.00112539307552406
"Os01g0978400",325.341646911219,1.07276265702097,0.271050143214029,3.95780147651087,7.56427846071603e-05,0.00113239140905148
"Os02g0202900",256.413882791708,-1.53775332256225,0.388567924537269,-3.9574890912406,7.57417453422371e-05,0.00113310674569086
"Os04g0206500",1368.0701978167,-1.08056500591906,0.273111162625198,-3.95650253007771,7.60550831671807e-05,0.00113654523054148
"Os11g0441500",717.815673950821,-1.2022462439615,0.304399235503783,-3.94957051049018,7.82915460406989e-05,0.00116573848075798
"Os01g0730700",361.982321442817,-1.80472763735008,0.457255256250971,-3.94687127742831,7.91790981211188e-05,0.0011765801419461
"Os07g0418600",39.2931576979169,-2.75738135130137,0.698685998784753,-3.94652441310885,7.92938400777498e-05,0.0011774949115771
"Os02g0755600",143.425056499035,1.34636939934334,0.341233717933183,3.94559308938802,7.96026980543758e-05,0.0011812891002828
"Os12g0117600",40.908910661767,2.83119939452838,0.718234574925222,3.94188680602455,8.08431297416898e-05,0.00119489167931292
"Os12g0147200",61.3053124818492,2.02425630823546,0.513595791020564,3.94134131086445,8.10272331030692e-05,0.00119681385465981
"Os02g0572200",26.7709509248931,-2.68753987442741,0.68208751276811,-3.94016870873443,8.1424326033962e-05,0.0012018773351453
"Os01g0812900",769.1844265931,-1.39469488719142,0.354172970207747,-3.93789194690192,8.22005930574085e-05,0.00121178180202888
"Os10g0553300",174.173403505166,-1.71305742707384,0.435893680088058,-3.92998913571717,8.49496998250106e-05,0.00124891852843663
"Os01g0124200",16563.1954975711,-2.71315190527624,0.690669291727203,-3.92829381264553,8.55506535276554e-05,0.00125433514645589
"Os03g0154100",883.323498230173,1.00438773271183,0.255681112556384,3.92828286246736,8.55545481434042e-05,0.00125433514645589
"Os05g0143700",215.496901617776,-1.04670466166993,0.266453515412331,-3.92828242498576,8.55547037446016e-05,0.00125433514645589
"Os10g0148400",30.6154011783494,3.75724513941642,0.956491986645572,3.92815119402423,8.56013913687208e-05,0.00125433514645589
"Os01g0882200",190.94346833609,1.26699619855921,0.322698837527138,3.92624965205417,8.62806044652856e-05,0.00126204528091254
"Os09g0541000",1070.51427872857,1.377322323787,0.350780761874138,3.92644772315419,8.6209618442263e-05,0.00126204528091254
"Os02g0582600",2541.63132311964,-1.25614258967662,0.320122844502837,-3.92393923535029,8.71127165201777e-05,0.00127059463535788
"Os01g0183000",414.280099547557,-1.3614294510299,0.34697050909119,-3.92376128621378,8.71771195880862e-05,0.00127069690901897
"Os02g0306401",3973.32993458413,-1.17592621012364,0.299757261324583,-3.92292818838615,8.74792317828174e-05,0.00127342384674777
"Os03g0210500",49.4782532340951,3.22854349869457,0.823381084587747,3.92108048038418,8.81528127484529e-05,0.00127818692014636
"Os05g0560300",1808.83137685902,-1.07207162453618,0.273438983162251,-3.92069781761893,8.8292923367615e-05,0.00127854389554112
"Os02g0813083",61.1424826971045,-1.99639225170716,0.509289880815425,-3.91995271634051,8.85663434327127e-05,0.00128082783144591
"Os03g0229801",28.1558217590708,1.86587910433781,0.476031091426116,3.91965806003957,8.86746901503209e-05,0.00128155764661766
"Os07g0127600",37.5712871593513,-3.6452707175316,0.9302675474955,-3.91851863191996,8.90948434892668e-05,0.0012867899084774
"Os01g0248500",3108.79722824089,-1.27514097530347,0.325968819385972,-3.91184953734363,9.15919717521985e-05,0.00131400715342
"Os03g0765900",15292.1018771757,1.07287242084555,0.274282521450058,3.91155956702441,9.17020318207922e-05,0.00131400715342
"Os04g0212450",22.7054487221779,2.93284773470094,0.749894281208464,3.91101493663162,9.19090874518298e-05,0.00131400715342
"Os02g0773500",584.063993982574,1.01052936699985,0.25920361137952,3.89859293094591,9.67532684882241e-05,0.00137674429151528
"Os10g0415200",227.258276010675,1.22074213626236,0.313113508448296,3.89872076203936,9.67022130971556e-05,0.00137674429151528
"Os06g0678500",292.600810383689,1.34961160058454,0.346432074961547,3.89574666472307,9.78966733558787e-05,0.00138855236692666
"Os03g0142500",198.539904698842,-1.92617575383151,0.494615316006705,-3.89429055570409,9.84865440161219e-05,0.00139513152339153
"Os06g0603300",31.326404499011,-1.74769348101375,0.448966158534999,-3.892706494219,9.91320583479739e-05,0.00139712470011616
"Os07g0509800",16058.4218489257,1.20786977199777,0.310273151392866,3.89292391744324,9.90432212229636e-05,0.00139712470011616
"Os07g0491900",414.706205009496,1.06905591027242,0.274732198367472,3.89126544549573,9.97227618265678e-05,0.00140295430577894
"Os10g0475000",98.5472378959782,1.21489744210209,0.312238665116245,3.89092568548419,9.98625168649836e-05,0.00140295430577894
"Os11g0261900",455.509799047541,-1.40487841417225,0.361369409652817,-3.88765173986912,0.000101218711557568,0.00141661409140082
"Os07g0526600",461.132190274485,-3.47225599638813,0.893349238689371,-3.88678452503331,0.000101580847148445,0.00142030405485775
"Os08g0374600",114.079840772903,-1.53278492149599,0.394393407748029,-3.88643646517353,0.000101726535229194,0.00142102663502182
"Os05g0556000",631.95241837539,-1.00114215432812,0.257643719391665,-3.8857619222854,0.000102009441595172,0.00142318276393114
"Os01g0179600",1646.49582793175,1.23377815510537,0.317547577446205,3.88533323109473,0.000102189622409978,0.00142479875930688
"Os06g0225800",350.549896560063,-1.24058620555822,0.319595254997834,-3.88174162838126,0.000103711033955306,0.00144398448585958
"Os07g0562700",311.69409080147,1.0255312648333,0.264212007974247,3.88147106823874,0.000103826505537671,0.00144398448585958
"Os07g0593400",39.7433748144892,-2.30351547308026,0.593498789318131,-3.8812471306416,0.000103922170982497,0.00144440727415158
"Os07g0189700",322.111409844021,1.07516472454342,0.277052731208906,3.88072234426995,0.000104146684089857,0.00144661965648276
"Os05g0147300",86.0097169583682,1.71855142580369,0.44290553368249,3.88017600844807,0.000104380902730559,0.00144805611989807
"Os05g0382900",325.239958370101,1.72383754811593,0.444377739791997,3.87921669731436,0.000104793370483368,0.00145257805002887
"Os03g0646400",118.671163082605,-1.16365928122295,0.300128122912106,-3.87720840663685,0.000105661845845314,0.00146033641002566
"Os02g0712700",1504.12889293206,-1.38172495140832,0.3564113775189,-3.87677004316464,0.000105852314897406,0.00146205620969649
"Os07g0105600",5151.82363894648,1.16992705052905,0.301908306815406,3.87510719022506,0.000106577774585325,0.00147024206049451
"Os03g0126000",2542.7864860164,-1.41183499841733,0.364535655890896,-3.8729681873421,0.000107517866494938,0.00148136470570282
"Os01g0339500",584.363659827352,1.18268846406202,0.305429380087692,3.87221577610661,0.000107850407427587,0.0014834025557468
"Os01g0954000",709.414308410223,-1.53018836912971,0.395257964043349,-3.87136631853393,0.000108227005834457,0.00148655834988782
"Os01g0785300",1089.91559160526,1.04100302831516,0.269009182104243,3.86976764202705,0.000108939130097915,0.00149258742543189
"Os08g0351200",859.452384881611,1.01295659050818,0.261753664733226,3.86988503691271,0.00010888668696874,0.00149258742543189
"Os01g0890600",345.229252665447,1.68555290882249,0.435690210785217,3.86869584649313,0.000109419030237537,0.00149671429986198
"Os05g0461600",19.4544743349934,2.67165501152458,0.690592441132239,3.86864212869801,0.000109443134974777,0.00149671429986198
"Os12g0443500",1075.91310213355,-1.04255487675935,0.269485365549591,-3.86868828529207,0.000109422422865477,0.00149671429986198
"Os04g0480500",49.346441442436,1.62191397051058,0.419279362058778,3.86833724070398,0.000109580042025896,0.00149673763756654
"Os07g0540500",191.147923847952,-1.21045419889945,0.31290270687898,-3.86846828834757,0.000109521176541781,0.00149673763756654
"Os10g0489900",109.039315187764,-1.32683605589489,0.343015535201694,-3.86815149673822,0.000109663527770633,0.00149695448111565
"Os01g0118000",882.397646171597,-1.07225374362518,0.277312635833547,-3.86658812138941,0.000110368595011666,0.0015028727319516
"Os11g0116000",869.350406503736,1.39750357965322,0.361393377566464,3.86698723995352,0.000110188190961008,0.0015028727319516
"Os02g0807800",1357.59468338177,-1.29344257499877,0.334845273918389,-3.8628067222296,0.000112091691984518,0.00152165674569542
"Os10g0544600",162.345038684953,1.27566073499473,0.330277567575646,3.8623898812097,0.000112283182084248,0.00152238942714473
"Os01g0631700",374.022968653366,1.86231301746226,0.482282716484643,3.86145502172802,0.000112713764244234,0.00152729219959093
"Os12g0556300",537.273904248355,-1.00634809990805,0.260656042413525,-3.86082781964249,0.000113003516542248,0.00153028187141402
"Os08g0447000",4068.87585235943,-1.39305028197235,0.360861869987852,-3.86034213595149,0.000113228373273197,0.00153238961652926
"Os10g0394000",128.16148861016,-1.90733350799234,0.494639066683741,-3.85601064788486,0.000115252469701914,0.00155787846866305
"Os09g0481200",10519.3702538467,1.00878855745149,0.261642395191982,3.85560052953682,0.000115445875667109,0.00155954065475623
"Os06g0317200",20.4356226078364,3.02919870280285,0.786556521417963,3.8512155456317,0.000117532993787831,0.00158386975986388
"Os06g0505700",45.3925623283279,-1.79759189623441,0.466756262620174,-3.85124322948231,0.000117519706214511,0.00158386975986388
"Os03g0366350",97.7462097663509,1.99857235380837,0.519895786917145,3.84417878371244,0.000120956803157066,0.00161819007776471
"Os05g0575000",105.010499367694,-2.50995311998564,0.653066571650746,-3.84333424637135,0.000121373984588398,0.00162181134144341
"Os01g0376600",19.9244085510507,-3.64857079239782,0.950645650656331,-3.83799241060939,0.000124044315077708,0.00164889472596674
"Os01g0224000",140.681622497227,-1.1598009593913,0.302219461285101,-3.83761176219289,0.000124236696069825,0.00165010479165086
"Os01g0710200",61.5925031571023,1.54082690602063,0.401614159626738,3.83658511306642,0.000124756971227779,0.00165502941878625
"Os02g0257300",979.025473816506,1.59241141609455,0.415143121014959,3.83581308586147,0.000125149563771885,0.00165924340806785
"Os12g0115300",134.757460772158,1.74161019281994,0.454204924946603,3.8344150341934,0.000125863468840716,0.0016657161169171
"Os01g0764400",2051.51366324609,-1.27027298304361,0.331554035135925,-3.83126986381826,0.000127483583642116,0.00168614935807652
"Os01g0495701",93.1783082738421,2.5334998048635,0.66192429918222,3.82747665857491,0.000129463656624316,0.00170622310792796
"Os01g0870500",246.581969826736,1.50221512748312,0.392682010284425,3.82552571327382,0.000130493312300941,0.00171468986804459
"Os04g0506800",56.0543650969708,-2.42165807748771,0.633229338169221,-3.8242986095514,0.000131144892334915,0.00172120869068604
"Os10g0535600",84.3546252782971,-1.10192724502026,0.288150597145301,-3.82413660057282,0.000131231146259116,0.00172132038467008
"Os04g0481300",415.116182299613,1.14241417239093,0.299018799667077,3.82054296807718,0.000133158203444094,0.00174349839293654
"Os01g0721300",155.051599431796,-1.97818096477298,0.518238065749266,-3.81712787136339,0.000135014204788529,0.00176362802845004
"Os01g0117100",339.051026639174,1.30482937945791,0.341870556761837,3.81673517549192,0.000135229178626008,0.00176435429814876
"Os06g0671150",42.1030522044545,-1.59638379453378,0.41838034787567,-3.81562805862997,0.000135836986019839,0.00177124069933171
"Os06g0625500",948.495099960968,-1.1588980780115,0.303784596239896,-3.81486781211358,0.000136255850986613,0.00177461223334976
"Os01g0369900",278.456432531236,1.91885607950391,0.503168140241859,3.8135484464131,0.000136985657502639,0.0017820208241868
"Os04g0399600",86.1518596975642,1.33139667052296,0.349226417844988,3.81241682327118,0.000137614546427945,0.00178810074674949
"Os08g0205800",416.310466177616,-1.69986845311246,0.446094578713865,-3.81055617849773,0.000138654498143266,0.00179739417060307
"Os02g0629400",429.55625562005,-1.24426952134383,0.326654953950922,-3.80912490777889,0.000139459496745517,0.00180465968290034
"Os04g0688300",5981.47849638083,-2.26637462453221,0.595334834545651,-3.80689066558968,0.000140724920674867,0.0018189086215191
"Os08g0510800",596.586105953564,1.00118313461319,0.263066017917543,3.80582464637072,0.000141332493409592,0.00182569587898587
"Os11g0621300",2250.86124948631,-1.12512254532315,0.295697877691693,-3.8049733535668,0.000141819457166283,0.00182916569507069
"Os08g0547500",28.0735804110042,2.45059006443584,0.644085385875831,3.80475961444695,0.000141941969986173,0.00182929985882645
"Os02g0182850",396.636446201307,-1.1579779767649,0.304687852159707,-3.80053871054213,0.00014438185982995,0.00185104734134043
"Os11g0116200",557.29379089853,1.19985105631331,0.315697492627204,3.80063536877747,0.000144325547449157,0.00185104734134043
"Os01g0871300",682.979040018351,-1.14933778426956,0.302525658807438,-3.79914149695691,0.000145198180983859,0.0018604357205808
"Os04g0444300",424.076833886418,-1.94367839914883,0.511733575828683,-3.79822331571914,0.000145736992158333,0.00186518077651888
"Os08g0327100",856.414763103716,1.25605285998388,0.330763780578615,3.79743168307797,0.000146203052384541,0.00187006457703415
"Os09g0410700",128.65902133629,1.36063742650031,0.358400123578706,3.79642008187396,0.000146800658056438,0.00187445984430657
"Os07g0654450",210.386499283657,-1.87337712191254,0.493538461238618,-3.79580776179223,0.000147163504178133,0.00187692807949773
"Os07g0148900",4372.28433873075,1.32818289108812,0.35019474769195,3.79269791977708,0.000149019393389779,0.00189731937265273
"Os06g0328400",179.796196172601,-2.14444365337124,0.565690863126103,-3.79084017995391,0.000150138544192946,0.00190944159233776
"Os07g0619500",928.798854989788,-1.09327447535621,0.288448929610264,-3.79018385276514,0.000150535820855573,0.00191205706073605
"Os02g0757700",36.0958655065954,1.66736412424292,0.440030780535055,3.78919884244345,0.000151133907917254,0.00191542979690665
"Os05g0449900",254.534940577416,1.36174745080482,0.359603140620912,3.78680633448736,0.000152595940247468,0.0019295412410161
"Os01g0940800",7688.92763758681,-1.28369156185425,0.339096652217713,-3.78562145470569,0.00015332492548169,0.00193654716205939
"Os01g0249200",108.384223267979,-1.37975778123411,0.364488703730062,-3.78546102283585,0.000153423881161464,0.00193669221938197
"Os03g0835900",386.138836298219,-1.75455740292118,0.463585180141108,-3.78475731771046,0.000153858642789046,0.00193886409219821
"Os04g0545100",381.022094419762,1.43342279540221,0.378733363811182,3.78478088377987,0.000153844064501103,0.00193886409219821
"Os10g0439924",34.086657365338,-3.08442797584123,0.815659545775953,-3.78151398069761,0.000155877466121334,0.0019609562371548
"Os01g0252600",987.087071179158,1.2873623430406,0.340803300182346,3.77743508455405,0.000158451786742293,0.00198631381817759
"Os11g0236100",4044.23387234259,1.10789381328057,0.293301079669727,3.77732606551642,0.000158521138011824,0.00198631381817759
"Os06g0686400",732.430257206329,-1.20828544257534,0.32011309827621,-3.77455795805258,0.000160291639762829,0.00200396227893213
"Os02g0199666",384.152509102453,1.38131128538639,0.366072198946845,3.77333020469813,0.000161082862114708,0.00201271763548632
"Os07g0232850",49.4760584672526,-1.42870263246369,0.378757858762738,-3.77207389737268,0.000161896289301545,0.00201718949995807
"Os03g0361500",39.2223409636917,1.78111456909222,0.472723497848353,3.76777244456673,0.000164710738517828,0.00204305908208585
"Os10g0550775",86.9216054714627,1.25286542641972,0.332566780918271,3.76725968528893,0.000165049291944038,0.00204611219089191
"Os06g0141200",63.2945735759728,2.9195233602409,0.77586187958096,3.76294213838387,0.000167926064763552,0.00207712346364793
"Os09g0513200",41.3001553164954,1.48149804885328,0.393692873663757,3.7630806853735,0.00016783302322567,0.00207712346364793
"Os11g0117900",96.7907720449215,-1.34905459971431,0.358538545196919,-3.7626487243467,0.000168123267822124,0.00207840160404782
"Os07g0469200",1301.02646897774,1.04153217662527,0.276850676888253,3.76207198888545,0.00016851152582357,0.00208203889132794
"Os01g0205300",435.539254287379,1.47640153469529,0.392541558505082,3.7611343377702,0.000169144552879317,0.00208753040429262
"Os03g0605300",1095.3714451409,1.20726564818351,0.320979826046977,3.76118855521724,0.000169107888746401,0.00208753040429262
"Os08g0405700",45.7859930017323,1.76369884624046,0.469092159877218,3.75981309664628,0.000170040346822583,0.00209508253700546
"Os07g0274700",1004.62420174976,-1.28167211657827,0.340922458437743,-3.75942412961427,0.00017030491329691,0.00209717524210617
"Os03g0333400",1112.7649605511,1.00426660798968,0.267180149638471,3.75876205379996,0.000170756132745146,0.00210156283219027
"Os01g0617650",11.4631065266511,3.38088809812735,0.899559934784364,3.75838003383043,0.000171016999235168,0.00210360410003659
"Os08g0527100",143.239520389364,-1.03153929228611,0.27456248965572,-3.75702920518962,0.000171942436561753,0.00211264011537946
"Os01g0694100",133.437027226065,-1.03009199314763,0.274292132799117,-3.75545584423319,0.000173026265835525,0.00212360008418202
"Os06g0114366",149.43882383741,1.45675484107872,0.387931522314395,3.75518553477619,0.000173213117425532,0.00212471558610454
"Os02g0578400",118.764108959393,1.19388960070394,0.318180905154653,3.75223522644655,0.000175264897092135,0.00214869329264505
"Os12g0604700",42.4063784197145,-1.82866155331057,0.487512583188972,-3.75100380250438,0.000176128028300545,0.00215688643506768
"Os04g0627900",114.442467016445,-2.10272006353707,0.561009561132827,-3.74810022718885,0.000178179056448071,0.00217959253525786
"Os07g0492966",787.397207831356,-1.21676486607076,0.324818042241392,-3.74598916265405,0.000179684348169218,0.0021931594006696
"Os02g0713700",212.506500494781,-1.12364029337364,0.29998862972735,-3.74560960658701,0.000179956255092742,0.00219526801322777
"Os02g0439200",60.4848705771399,1.25716303347653,0.335716356387557,3.74471785350021,0.000180596613455386,0.00219823508439566
"Os11g0704800",317.999202536577,-1.61411272437535,0.431283641817438,-3.74257812694552,0.000182141876752228,0.00221339368450663
"Os11g0220300",433.969718108962,1.01990135821138,0.272549561961399,3.74207667358432,0.000182505808914062,0.00221538438331483
"Os03g0651900",205.964070777656,1.41344530997537,0.377833750401247,3.74091861426973,0.000183348890067968,0.00222196375204975
"Os05g0587600",127.975507659015,1.12341699329552,0.300400936898704,3.73972533139715,0.000184221443568702,0.00223009676438197
"Os03g0760300",263.227239977511,1.06304045935333,0.284450590624558,3.73717086337999,0.000186102463893223,0.00224917830407197
"Os03g0223100",632.71140317499,1.18881166587186,0.318364846142087,3.73411725659338,0.0001883747220804,0.00227044350657711
"Os10g0535800",1057.65124267081,-1.49944888144228,0.401675705918355,-3.73298374621407,0.000189224809824543,0.00227573411967692
"Os07g0537000",1001.12176207668,1.12991661592544,0.302750210308336,3.73217450377549,0.000189833914032353,0.0022805820350463
"Os03g0231800",112.320441612013,1.54371807845208,0.413857359101147,3.73007280045682,0.000191424452425364,0.00229595276335319
"Os10g0491450",453.643726323767,-1.54336686346937,0.414054594658155,-3.72744774090379,0.000193428651738275,0.00231497501520927
"Os08g0275200",122.552227546179,-1.3040744378504,0.349873084634501,-3.72727853362232,0.000193558513491011,0.00231527771323851
"Os03g0759000",1396.77504263473,-1.17968960263236,0.316517191619791,-3.7270948746741,0.000193699559208601,0.00231571379073307
"Os03g0348200",55.7783030216149,3.35328647672354,0.89978813404615,3.72675116490428,0.000193963779713662,0.00231762118005407
"Os07g0631700",837.598694987813,-1.34478811335862,0.360873128226666,-3.72648448491281,0.000194169018305259,0.00231882213284614
"Os01g0375500",203.098402485493,1.77999412547388,0.477795891473208,3.72542785997082,0.000194984211322768,0.00232354436108579
"Os02g0255900",80.7412206201609,1.35499066894693,0.363978660684873,3.72272008034026,0.000197087986353743,0.00234735078314052
"Os04g0654500",333.424515165689,-1.70381297773856,0.457730078659995,-3.7223094071652,0.000197408910153693,0.002347384897805
"Os02g0764100",55.7320080072012,1.935829893604,0.520284755659003,3.72071230715196,0.000198661650282231,0.00236101320391781
"Os01g0289732",26.0671530080741,-2.49777011909269,0.671616018268845,-3.71904488748039,0.00019997751542005,0.00237463477437466
"Os08g0342300",429.33319335113,-1.04551898495297,0.281129946340269,-3.71898831328169,0.000200022304964037,0.00237463477437466
"Os01g0297200",667.446878882274,-1.65203833517665,0.444294217903961,-3.71834309023971,0.000200533792341036,0.002379431241277
"Os09g0469300",83.0543493009159,1.35835092405364,0.365469317640389,3.71673040249639,0.000201817596639551,0.00239082044258764
"Os12g0638300",518.777857038936,1.15873734984237,0.312032937758769,3.71350972806011,0.000204404603873682,0.00241629596068724
"Os04g0419100",82.5640752523359,-2.70950551437438,0.729853059645111,-3.71239865143796,0.000205304280082418,0.00242563610741986
"Os10g0578950",481.76308091035,1.46684647017561,0.395504891352055,3.70879476398159,0.000208248135192799,0.00245339922546518
"Os02g0633600",48.0121704581806,-1.90096635476496,0.512668388698722,-3.70798433582005,0.000208915575828416,0.00245781071435545
"Os06g0614100",390.856697389468,-1.56267546095815,0.421570975042199,-3.7067909165277,0.000209902093262655,0.00246679524783887
"Os01g0695800",3166.71432624335,-1.18796679253597,0.320747626690221,-3.703743048061,0.000212441447042134,0.00249266882827763
"Os01g0362100",1795.75778590072,1.00562116652757,0.27158072114548,3.70284445186696,0.000213195607999135,0.0024988692200682
"Os02g0198000",39.9937759978882,1.87955274628682,0.50758686871753,3.70291838131215,0.00021313346676703,0.0024988692200682
"Os05g0487300",270.991826630105,1.35852566600861,0.367121879447521,3.70047589659609,0.000215195519743362,0.00252097566277131
"Os06g0624850",82.9588712910413,1.12994522200845,0.305402136637004,3.69986023821268,0.00021571823375967,0.00252374234137592
"Os03g0343900",956.494267766692,1.37814558175758,0.372700260690331,3.69773173542976,0.000217534602404521,0.00253870911375004
"Os03g0170500",410.061819492519,1.09481117403261,0.296229619674727,3.69581939589554,0.000219178744037631,0.00255278094252351
"Os08g0528100",143.423357738072,1.28304432054011,0.347228312029262,3.69510283606132,0.000219797808570121,0.00255864525738751
"Os08g0535900",412.30028435031,-1.19090263779431,0.322550295987521,-3.69214554321905,0.000222370140815258,0.00258451301196358
"Os04g0266900",553.790886811337,-1.17231524410175,0.31774196994479,-3.68951965742973,0.000224677868129547,0.00260859605571908
"Os03g0751100",49.3551013489792,1.40943774123166,0.3824065304857,3.68570520864672,0.000228070225277174,0.00264520841166155
"Os03g0100040",562.415192490371,1.2580788304116,0.34151834833938,3.68378108095497,0.000229799621879426,0.00265739835240525
"Os02g0223700",1102.22569017497,1.02443680033622,0.278099633557463,3.6837042438049,0.000229868937631024,0.00265739835240525
"Os05g0439100",834.806412240239,1.12933657780277,0.306618052544419,3.68320315268836,0.000230321459657002,0.00265739835240525
"Os11g0432400",669.896321364797,1.22661017982294,0.332983143131791,3.68370052695868,0.000229872291141874,0.00265739835240525
"Os08g0514000",116.98501346936,-2.65584448056276,0.721024335990961,-3.68343251121008,0.000230114228430808,0.00265739835240525
"Os08g0504500",1054.96826254539,1.32209828873914,0.358943099242228,3.68330883510576,0.000230225951170392,0.00265739835240525
"Os04g0267250",111.257424849954,1.42773306384777,0.387761119868623,3.68199128456072,0.000231419323832663,0.00266589763214307
"Os05g0217800",204.439526595252,6.40456891486969,1.73996369792528,3.68086352750143,0.000232445399481174,0.00267493429829141
"Os04g0301500",296.284302303059,-1.32294319896917,0.359615116856979,-3.67877527099428,0.000234356654893811,0.00269412808722942
"Os12g0261250",150.250125972119,1.12637571763927,0.306261388539626,3.67782475946534,0.000235231475801251,0.00270278158054775
"Os03g0839800",14.7355705713929,3.32621330294513,0.904553360556735,3.67718859714137,0.000235818690324581,0.00270646165265165
"Os03g0726800",468.355116234067,-1.19215171773512,0.32436852114861,-3.67530028349739,0.000237569823963907,0.00272258461303564
"Os02g0553000",140.230863314916,-1.86472695283395,0.507773755727543,-3.67235787946966,0.000240322807699464,0.0027484438456993
"Os04g0171800",23.7675153557415,4.08284936816608,1.11255202180792,3.66980535573641,0.000242735226174617,0.00276745656165406
"Os02g0720500",139.170819524198,-1.33278514892438,0.363207946382805,-3.66948235080652,0.000243042115924296,0.0027695293302521
"Os07g0538700",255.693250805305,-1.60662171744651,0.437886219752698,-3.66903922748214,0.000243463723419402,0.0027729065330396
"Os03g0448200",27.7436567296479,-2.74870781544872,0.749447382543455,-3.66764616098895,0.00024479362281887,0.00278324048113715
"Os07g0578333",189.410985840181,1.28751347391317,0.351205197511569,3.66598638925539,0.000246387030056413,0.00279470042647492
"Os08g0546700",840.47411051656,1.17596453939443,0.320854003223247,3.66510789200346,0.000247234333752717,0.00280144083092063
"Os12g0547500",13.052211883787,-2.80675397102348,0.765778376217942,-3.66523012165164,0.000247116280756134,0.00280144083092063
"Os05g0166900",9.97139369926518,4.86973992747738,1.32930427630706,3.66337490540992,0.000248913805389564,0.00281681805742268
"Os09g0549450",215.00484333692,1.2285060830508,0.335363325244556,3.66320939284265,0.000249074765469358,0.00281681805742268
"Os06g0165500",51.3008404044466,1.45926639861848,0.398581679136529,3.66114770197109,0.000251087947812874,0.00283495066421461
"Os12g0478200",259.510393993047,-1.45065026380728,0.396391800952506,-3.6596374100611,0.000252572378350927,0.00284590586721012
"Os01g0786800",429.754913569424,1.05591659100806,0.288559576664172,3.65926718917024,0.000252937513757008,0.00284857044358796
"Os05g0224700",103.62072764016,1.13119244797244,0.309261244095289,3.65772455996425,0.000254464288286566,0.00286285254418336
"Os01g0302000",54.3300623297507,1.47305678435663,0.402990931827367,3.65531000332199,0.000256871389725151,0.00288553497712053
"Os01g0389700",523.044435515452,-1.34793151167347,0.369009863733969,-3.65283328210772,0.000259362635490704,0.00290709780546716
"Os09g0498500",50.5920185451462,-1.85240609068249,0.507224093477971,-3.65204672747459,0.000260158530623018,0.00291211831472408
"Os03g0839700",18.1065835509533,3.09886576097127,0.849431229502969,3.64816556460318,0.000264119421782079,0.00294751417221624
"Os04g0578000",269.265669080093,-2.08684190740053,0.572325069154528,-3.64625283754097,0.000266092171427084,0.0029650461839794
"Os04g0556400",2764.4476840994,-1.21904314980442,0.334345640530044,-3.64605666121995,0.000266295283024656,0.00296581683171475
"Os06g0493600",244.42256685736,1.46792325194634,0.402708327273471,3.64512763340378,0.000267259129473485,0.00297206649205045
"Os08g0507702",309.621862165634,1.08404675283917,0.297388969778099,3.64521506513186,0.000267168281718274,0.00297206649205045
"Os09g0467300",293.752088841801,-1.51767932013054,0.416347416926979,-3.64522333615611,0.000267159689037496,0.00297206649205045
"Os01g0609200",83.013648797431,-1.93919127469549,0.532222943397695,-3.64356948296095,0.00026888302265759,0.00298712443786337
"Os06g0210900",94.299031973695,-2.20262941343531,0.604770576607684,-3.64209089964403,0.000270432540098134,0.00299832091653119
"Os11g0173900",252.597984257307,1.32451319812272,0.363682127482407,3.64195295295833,0.000270577530762284,0.00299842698128516
"Os01g0621200",48.012902847261,1.47573166888468,0.405306318157335,3.64102803922198,0.000271551557078483,0.00300771537032251
"Os06g0335900",122.597167745721,1.32025755717168,0.362719042823627,3.63989038704444,0.000272754125464449,0.00301854805039967
"Os01g0117050",78.6119573844268,1.47222442644388,0.404751383890467,3.63735489250925,0.000275452281388192,0.00304059263138068
"Os04g0678400",160.847003827904,-1.47037134130624,0.404313353542884,-3.63671228867853,0.000276140072981346,0.0030463464653114
"Os07g0127500",236.554053316733,-4.13381985359626,1.13680815003855,-3.63633903702754,0.00027654031019629,0.00304924253389245
"Os12g0518200",291.967600412994,-1.58662462163226,0.436399769856482,-3.63571369928551,0.000277212077590831,0.00305512822794355
"Os07g0243150",1816.43750485883,1.06981506348144,0.294290748227028,3.6352317221204,0.000277730883512786,0.00305932313027691
"Os01g0307500",12.408938696297,3.29596795617521,0.907070852873441,3.6336389221792,0.000279451871605445,0.00307522062088278
"Os01g0107400",284.276946877422,1.1241147132141,0.309609999281021,3.63074421312144,0.000282605157338502,0.003102211595752
"Os02g0813000",31.5367345698662,-1.93609256926216,0.533270671193011,-3.63060013206955,0.000282762976483584,0.0031024058782572
"Os01g0895000",57.8435614866262,-2.10014764522548,0.578714687473564,-3.62898625295632,0.000284536390666729,0.00312031710042202
"Os03g0432000",228.461183570943,-1.27381913158737,0.351214973068796,-3.62689301215484,0.000286852078226996,0.00313794064428059
"Os08g0558100",418.28869934342,-1.1673079977455,0.321921408526854,-3.62606514144935,0.000287772789059289,0.0031449048976119
"Os10g0570200",1788.40304511231,-1.29277010401652,0.356637915832566,-3.62488127769187,0.000289094226479746,0.00315778750295415
"Os02g0121700",45.5646995718324,-2.0552317430827,0.567191268436851,-3.62352500373782,0.000290615095437053,0.00316814811820374
"Os03g0326200",330.994261649599,-1.64783288087497,0.455246824872869,-3.61964716906074,0.000295004991504944,0.00320181642985832
"Os08g0387050",45.1479126981671,-1.97447397219363,0.545577124665714,-3.61905564388065,0.000295680061278245,0.00320517430786209
"Os08g0226666",137.112004536224,1.13485836335918,0.313607842957315,3.61871805455337,0.000296065978586338,0.00320704345982392
"Os01g0829400",98.7142065389045,1.16376007489662,0.321662026534452,3.61795915866984,0.000296935238062709,0.00321488660437478
"Os11g0438700",1774.45985237049,1.18411261499901,0.327412831057969,3.6165736424342,0.000298528414193297,0.00322740118098329
"Os03g0574900",2822.50946803157,-1.17870207454619,0.32609535603181,-3.61459325545013,0.000300819524002753,0.00325058325082721
"Os03g0361100",12.1096825149985,3.22685078141742,0.893020890047206,3.61341018713106,0.000302196062128738,0.00326068372884619
"Os06g0253350",37.1552604420078,-1.86543820639004,0.51666464470753,-3.61053969049114,0.000305560536152374,0.00328737406751686
"Os04g0339800",604.558240316713,-1.14855708081245,0.318175632639626,-3.6098210013252,0.000306408376263791,0.00329329507711485
"Os03g0183500",145.272114268679,-1.28042831895261,0.354988750074299,-3.6069546392234,0.000309811794792071,0.003320204718534
"Os06g0218300",592.648950546753,-1.13515843936662,0.314780521851927,-3.60619022005625,0.000310725399653786,0.0033251672661839
"Os03g0347900",35.6207643072154,2.67469175728302,0.74181024847496,3.60562793892609,0.000311399026216497,0.00333076610601907
"Os11g0177400",110.790642491425,1.26150061133667,0.349884184776149,3.60548051677088,0.00031157586766631,0.00333104842394967
"Os02g0528550",84.9024161242021,1.36654754035471,0.379206829200907,3.60369970982432,0.000313719490200635,0.00335072997227799
"Os03g0628800",1344.69971783997,2.25205707355703,0.62520745990165,3.60209565303538,0.000315662164002903,0.00336822938466905
"Os05g0135700",1073.04680677377,-1.06503602240466,0.295686323501174,-3.60191168057333,0.000315885691585612,0.00336899089469992
"Os05g0390932",1147.02213940303,1.09812475913141,0.304931240599172,3.60122090794521,0.000316726307622606,0.00337470509002508
"Os01g0947000",22.4620849367743,-4.45282958429197,1.23709084251029,-3.59943621865015,0.000318907838718276,0.00339468195051026
"Os01g0368700",65.6663951646455,1.56543956553005,0.43524089567269,3.5967198420327,0.000322255237995646,0.00342701883979904
"Os03g0828600",12.3277043128235,-3.53507719345319,0.98302815023227,-3.59610982922302,0.000323011466989961,0.00343176434291014
"Os04g0677300",215.594865800492,-2.10970194290419,0.586966205227127,-3.59424771667704,0.000325330202655018,0.00344564749524669
"Os07g0575500",13.0589225683669,3.16735395419098,0.881214078752137,3.59430702545764,0.000325256110742474,0.00344564749524669
"Os07g0493800",543.547325940246,-1.27149726669746,0.353741827954224,-3.59442159851674,0.000325113024260075,0.00344564749524669
"Os05g0162000",73.1898670551653,-1.25803724575745,0.350211044647579,-3.59222607334792,0.000327865221251394,0.00347001140713533
"Os03g0588100",87.6347939516967,1.4279398115942,0.397785565667048,3.58972254108738,0.000331030121170961,0.00349849065052327
"Os03g0394900",194.123951006014,-1.18825459430686,0.331276302173317,-3.58689887115799,0.000334634027837124,0.00352845041852885
"Os02g0467600",93.144055681809,-2.53141156677178,0.705742456231331,-3.58687725872343,0.000334661753259139,0.00352845041852885
"Os07g0544800",3974.22613778323,1.01191682311022,0.282255072803142,3.5851147441236,0.000336930036671709,0.00354729811790219
"Os03g0791200",21.1960173070277,-2.54575373240853,0.710141044561729,-3.58485648999442,0.00033726360479725,0.00354743632960376
"Os10g0559500",159.401551993505,-1.4226647010015,0.396841876527623,-3.58496616700297,0.000337121905232337,0.00354743632960376
"Os09g0353400",85.0819836378032,-2.01884802059685,0.563314157803,-3.58387587571139,0.000338533009243316,0.00355909751075796
"Os12g0169100",157.56972637023,-1.32474584471502,0.369676087813183,-3.58353133563911,0.000338980076310607,0.00356210625040017
"Os04g0662600",24.5356385952045,-3.28459098311746,0.916938865659317,-3.58212647116415,0.000340808719496232,0.00357115279619786
"Os05g0500200",169.244110601914,-1.20802759915661,0.337389707721385,-3.58051111670007,0.00034292275244898,0.00358821014270929
"Os12g0623900",6903.29989145436,-1.07738793652442,0.300960727317997,-3.57982899006635,0.000343819138042605,0.00359419241520364
"Os08g0469600",207.600327075072,1.3589678788411,0.379881391101987,3.57734785296775,0.000347098131071771,0.00362098841052637
"Os01g0805400",669.092213597621,-1.01450053450728,0.283633239001602,-3.5768041082856,0.000347820623968529,0.00362234075037027
"Os09g0129500",1222.93177840761,-1.2155637866982,0.340024007196967,-3.57493518389736,0.00035031467136371,0.00364488587343229
"Os05g0153000",72.6511762869545,-1.55262711514009,0.43432675973056,-3.57479036314337,0.000350508628814702,0.00364519095847173
"Os02g0828800",143.813546166719,1.06521890281731,0.298084064963614,3.5735519875822,0.000352171283233606,0.00365732850941617
"Os05g0104200",79.8740240102129,-2.80818851814945,0.786638832717864,-3.56985747633011,0.000357175503149254,0.00370061900572187
"Os11g0246250",13.9390486330562,2.87917196521521,0.806572167210681,3.56963962093072,0.000357472654954341,0.00370196541316373
"Os10g0134250",460.483261320582,-1.19082572398365,0.333652571745474,-3.56905902973848,0.000358265702890927,0.00370844363146705
"Os02g0715300",501.850415520553,1.52184835506425,0.426596308242994,3.5674203589155,0.000360512899348329,0.00372996079648194
"Os08g0265000",592.736492780915,1.06081010788437,0.297380176818266,3.56718500619039,0.000360836731420502,0.00373156752469936
"Os02g0660100",204.184859475872,1.30379958654072,0.365546204266971,3.56671624905866,0.00036148252533511,0.00373475715979686
"Os01g0829800",214.164786696309,-1.1195239103726,0.31395605681879,-3.56586180154114,0.000362662455647657,0.00373664149347092
"Os08g0138200",83.7155783302567,-2.412969282655,0.677485826497956,-3.56165278782003,0.000368527545986739,0.00378634264301271
"Os03g0838800",55.6138372922586,-1.87313154159162,0.526030228630277,-3.56088194107978,0.000369611251164057,0.00378911425470627
"Os11g0161133",145.946843901878,-1.33870298853015,0.376077082017306,-3.55965054118494,0.000371348614184565,0.00380473376522927
"Os07g0142900",2296.55841503122,1.48594544855932,0.417465553531041,3.55944445234051,0.000371640126459827,0.00380595931542416
"Os04g0495900",124.495604224162,-1.75767996517564,0.493890355511105,-3.55884650421386,0.000372487134204143,0.00381286992067219
"Os01g0221000",647.33013279583,1.24080652916255,0.349090341249492,3.55439948501971,0.000378843291464147,0.00386463350565335
"Os01g0660300",588.473823581088,-1.70764754925456,0.480953715534808,-3.5505444580165,0.000384435199612065,0.00391095715425399
"Os03g0386500",137.145734396011,-1.51853186947015,0.427698704287936,-3.55047105414619,0.000384542420162185,0.00391095715425399
"Os12g0180900",267.011123251628,1.10185064581091,0.310416626637075,3.54958643081687,0.000385836783479351,0.00392110151829069
"Os05g0197200",50.9937740415142,1.67182068455616,0.471192001207617,3.54806677590335,0.000388069821925807,0.0039323816600729
"Os04g0142400",2470.4171225297,-1.33854513030694,0.377376253807355,-3.54697762989149,0.00038967767777823,0.00394326026676773
"Os03g0769800",599.88002453382,1.1259351390182,0.317685295030858,3.54418399790533,0.000393830294087297,0.00397800937107064
"Os05g0139100",103.742377285003,-1.38229321200958,0.390073258059246,-3.54367592099747,0.000394589958749119,0.00398386515123769
"Os05g0451300",125.600578739897,-1.70977434401579,0.482613071727713,-3.54274354379782,0.000395987590105494,0.00399325237777036
"Os12g0260500",34.1076962676125,-1.66886301781488,0.471232438137599,-3.54148586292265,0.000397880179329296,0.00400288282272942
"Os07g0416600",213.384010137697,-1.65317406636273,0.466969396745969,-3.54021929034903,0.000399794687393547,0.00401809086408558
"Os11g0702100",27.3196726908375,-3.97585509480865,1.12432403661286,-3.53621817673337,0.000405899323091326,0.00407020693503852
"Os04g0582700",83.0180066403395,-1.82212270591115,0.515807852949395,-3.53256100211006,0.00041155526316966,0.00411388039812164
"Os03g0163200",463.451310846536,1.17225814603828,0.331931590511052,3.53162573117382,0.000413013464264142,0.00412473212100693
"Os07g0565400",106.669965003426,1.72652749968082,0.488941373293203,3.53115443688476,0.00041375009651478,0.00412836452768533
"Os02g0739400",561.456105144111,-1.22823573110575,0.347947670777112,-3.52994382276678,0.000415647912633256,0.00414356615651189
"Os11g0155100",119.596456464353,-1.1338663469914,0.321292822461288,-3.52907462515138,0.000417015518723437,0.00415349029001847
"Os12g0257450",375.202226844581,1.11425937136847,0.315737157166369,3.52907266717849,0.000417018604160203,0.00415349029001847
"Os06g0249350",41.5022455864907,-1.85208564666936,0.524885865778795,-3.52854928551247,0.000417844130825236,0.00415797164071979
"Os08g0470200",300.858259697445,-3.16173478515939,0.89603587780059,-3.52858056634984,0.000417794748903816,0.00415797164071979
"Os02g0530300",287.064617555103,-1.30996618823697,0.371279760631687,-3.52824561728929,0.000418323804206759,0.00416048169380801
"Os09g0478100",2973.63592989761,-1.14483022918688,0.324484407692537,-3.52815174488033,0.000418472188795016,0.00416048169380801
"Os10g0134500",356.298377840536,-1.20127119433781,0.340613147381984,-3.52679044708345,0.000420629531317443,0.00417630423896838
"Os07g0559100",28.8322903440504,1.7576218981198,0.498614216720576,3.52501360606967,0.00042346104080128,0.00419501159032713
"Os10g0521900",196.977510354319,-1.04642142282267,0.296936223023729,-3.52406120131408,0.000424986075605002,0.00420635525255715
"Os01g0389200",90.7959413362604,-1.93605425444757,0.549911294583742,-3.52066646660363,0.00043046370015681,0.00424540965073604
"Os11g0514000",221.508702491566,-1.23919575183498,0.351957874030628,-3.52086383987858,0.000430143429306409,0.00424540965073604
"Os06g0559400",395.824006487947,1.08687609670365,0.308733145372885,3.52043864739866,0.000430833651373957,0.00424714509130489
"Os01g0910500",1624.46163542305,1.21810408562664,0.346054716325262,3.51997539164219,0.000431586839166668,0.00424854331401144
"Os08g0167000",91.4685683772502,1.16776678082102,0.331879074841263,3.51865142862522,0.000433746196923867,0.00426446471851303
"Os01g0917500",280.897394322523,1.15004549601022,0.327029499052218,3.51664146305831,0.000437043698794748,0.00429116830821043
"Os01g0740600",54.7822858224042,-1.44609371464147,0.411450456489965,-3.51462415907355,0.000440376758726035,0.00431623807656181
"Os12g0570700",1358.75363673313,-2.34687576561484,0.667842281016208,-3.51411677925477,0.000441218795782568,0.00431875568409453
"Os01g0234300",40.5594736742778,1.87698177148665,0.534223967136145,3.51347353722959,0.000442288467386685,0.00432158382895348
"Os07g0607400",9.80046221771844,-3.8079488985478,1.08427045409938,-3.51199175828393,0.00044476179138117,0.0043400047699297
"Os01g0802100",3429.76547641273,-1.04214538443079,0.29683867554861,-3.51081402214425,0.000446736821251572,0.0043535211088605
"Os09g0460300",85.7935419773831,1.69093221095065,0.482145233345226,3.50710137528189,0.000453016528858985,0.00440502370024892
"Os05g0226300",607.979360688633,1.1058495420575,0.315424111926269,3.50591315072321,0.000455043673503084,0.00442279278974179
"Os09g0527500",29.0161393408213,2.78489375594784,0.794453247053034,3.50542183102429,0.000455884349894322,0.00442707692588166
"Os02g0186800",95.578169372584,1.25541966716494,0.358186604995621,3.50493192558188,0.000456724049287826,0.00443093054908863
"Os04g0571200",375.143766642758,-1.20063795484237,0.342565683792604,-3.50484012744621,0.000456881552033302,0.00443093054908863
"Os08g0434300",1000.98446121617,-1.49264126978074,0.425918072198856,-3.50452673227691,0.000457419642078645,0.00443420678426588
"Os01g0264400",89.8764362199795,-1.57587301532559,0.449728764192105,-3.50405208827701,0.00045823571763633,0.00443629078451508
"Os02g0129300",1753.26643025594,1.23659131412666,0.352928816632063,3.50379809143167,0.000458672983015615,0.00443858326789718
"Os10g0509401",89.1372944215372,2.22753630112648,0.6360446793061,3.50216953871328,0.000461485863622015,0.00446190327792797
"Os02g0770500",97.5863972555943,-2.08263702232229,0.594717749475255,-3.50189148408617,0.000461967732821106,0.00446266473490057
"Os07g0459000",74.8077974950684,1.63167036822195,0.466121076958579,3.50052904466053,0.000464335636234077,0.004475775063935
"Os08g0203600",13079.2049984874,-1.08179906645297,0.309035968197898,-3.5005603805969,0.000464281047755238,0.004475775063935
"Os07g0580800",37.2012795400732,-2.41368238908872,0.689693528364346,-3.4996448274829,0.000465878449340212,0.00448869223100158
"Os10g0481500",70.891305726803,-1.46888939272492,0.419751599147908,-3.49942536420767,0.00046626211669473,0.00449043476543629
"Os08g0300300",321.804065481791,1.01452007789303,0.290325287926323,3.49442546028058,0.000475083252611313,0.00456149969473854
"Os01g0669100",822.014589765608,1.4336121586202,0.410342403161403,3.49369733075405,0.000476380773364344,0.00457197516387514
"Os03g0371400",50.1291465118787,2.7193634150369,0.778562470582243,3.49280053661364,0.000477983395791142,0.00458097676504507
"Os11g0211300",170.667734376903,-1.45590120528441,0.416832023443934,-3.49277676234067,0.000478025950124011,0.00458097676504507
"Os11g0286800",95.3877492028822,1.07613783300355,0.308424479798664,3.48914532888582,0.000484567623650472,0.00461851560707925
"Os08g0203201",682.808807910729,-1.59205265768296,0.456324563611394,-3.48886030829308,0.000485084578253901,0.00461893029577512
"Os10g0147200",140.522799009158,-2.12921414524282,0.610281060389042,-3.4889074615645,0.000484999018762828,0.00461893029577512
"Os04g0630600",199.788213304886,-1.69218267722275,0.485225762368237,-3.48741309398687,0.000487717401158824,0.00463559040974871
"Os07g0115500",79.1140580717332,1.40869141755345,0.403942731033864,3.48735429388221,0.000487824653570954,0.00463559040974871
"Os03g0429000",1322.49841217965,1.08025294839039,0.309826074073017,3.48664311621429,0.000489123596992261,0.00464334622539482
"Os07g0282300",129.870487763555,1.24467636253624,0.357218135244669,3.48435938641169,0.000493316598581919,0.00467173772848686
"Os02g0589700",91.3388134518377,1.15160570785404,0.330683070565704,3.48250578986089,0.00049674447879206,0.00469647252495886
"Os04g0401700",6687.84988643897,-1.00786093803426,0.289549057176382,-3.48079509518246,0.000499927783626529,0.00472222741351322
"Os09g0299300",8.48657257904109,4.01639055134279,1.15561057982298,3.47555709636895,0.000509793459565866,0.00479292441114558
"Os07g0113500",321.33946231868,1.17206434468844,0.33740373342195,3.47377408305878,0.000513192930176956,0.00480855043040541
"Os04g0491100",282.522496208695,-1.5818387305442,0.455402883361366,-3.47349300660664,0.000513730751109101,0.00481155353650872
"Os08g0138700",112.657144890263,-1.54398030690356,0.444571897806713,-3.4729597496395,0.000514752546701446,0.00481501315442193
"Os03g0356582",143.584417390223,1.57722288069981,0.454282180923461,3.47190126958897,0.000516786358132662,0.00483199609603685
"Os06g0128800",229.01126432237,-1.70549070933135,0.491829750888799,-3.46764445674405,0.000525041457561935,0.00489265274068973
"Os06g0284500",345.59398309949,1.16074966718677,0.334801296832179,3.4669807977733,0.000526339489003835,0.00490115592750282
"Os06g0200250",263.272910126449,-1.22360948840625,0.352935267506604,-3.466951594412,0.000526396675651584,0.00490115592750282
"Os07g0542600",2604.59250583038,-1.22465484102063,0.353372787624044,-3.46561728551535,0.000529015732604888,0.00491520660327521
"Os05g0526700",206.175633237652,-1.38154443953097,0.398870483924566,-3.46364169626612,0.000532915838358598,0.00494202914903724
"Os07g0626500",119.93325148481,1.2286055145116,0.354711787382814,3.46367264413927,0.000532854536650432,0.00494202914903724
"Os03g0183200",13318.8233761664,1.03964546781795,0.300223203137495,3.46290845262155,0.000534370174902944,0.00495041424373476
"Os08g0392700",78.9099650663977,1.63141938590832,0.471429295727398,3.46058125936171,0.000539010528700744,0.00498505936339314
"Os02g0128000",236.226606300464,1.30183745012854,0.376408438831076,3.45857668380485,0.000543037661983176,0.00501811221785037
"Os08g0409100",147.426352655286,1.71214310213309,0.495173003126295,3.45766649498945,0.000544875442549379,0.00503057089670291
"Os04g0675101",200.02294877455,-1.1339661019336,0.328059597954178,-3.45658566006044,0.000547065303231516,0.00504060461042405
"Os09g0419600",43.5195656848922,-2.04257397524552,0.590917770798861,-3.45661287607609,0.000547010060858405,0.00504060461042405
"Os10g0136400",93.1235264154385,1.9842778897852,0.574581153647184,3.45343364847575,0.000553498447675053,0.00508850610679038
"Os03g0180800",94.0512896348326,-2.43008257251493,0.703844891135495,-3.45258252652021,0.000555247601211941,0.00509901996616905
"Os03g0415200",348.670378039891,-1.30671803835607,0.378585627664872,-3.45157856735331,0.000557317470963953,0.00511166782295479
"Os07g0677100",122.496182336582,1.04190810877388,0.301885685080311,3.45133327039571,0.000557824292794173,0.00511419779161731
"Os01g0311800",16.512668299182,-3.54097283983802,1.02668223825222,-3.44894720869626,0.000562776715334186,0.00515320068412499
"Os07g0622700",21.7211811291225,2.3471732969729,0.680971850508794,3.44679929900067,0.000567269830071199,0.00518576437143122
"Os02g0620400",151.044163325683,-1.16420440097306,0.337857555394454,-3.44584391375778,0.000569279071814129,0.00519983825455306
"Os05g0574600",224.61413725702,-1.34487859607056,0.390429266091639,-3.44461522962498,0.000571872822566934,0.00521922348081388
"Os03g0858800",87.4863028316456,1.10164488758886,0.319956207844241,3.44311146519511,0.000575062242802557,0.00523753727597344
"Os01g0820400",17.272692401212,-3.4242479537477,0.994577973810428,-3.44291553193031,0.000575479026378108,0.00523917809335431
"Os07g0687000",113.612163109842,-1.68420522259473,0.489838975178012,-3.43828341136529,0.000585414643817536,0.00531433605115378
"Os09g0426100",20.660775060927,2.21334240726769,0.643693161060183,3.43850539536919,0.000584934881294986,0.00531433605115378
"Os06g0109300",52.6098198474166,-1.23495584973259,0.359468752637531,-3.43550264291776,0.00059145569406855,0.0053581917030981
"Os03g0275300",1668.49119131178,1.01627973560376,0.296022082338232,3.43312136573164,0.000596674945469334,0.00539443853313047
"Os05g0440300",290.925657241881,1.26774313116764,0.369346599405506,3.43239421510359,0.000598277228503323,0.00540230673584506
"Os03g0231600",1289.73137616996,-2.34756986448872,0.684025109678603,-3.43199369624274,0.000599161485006366,0.00540379164107285
"Os11g0692400",406.213048978389,1.13958660874704,0.332048532080064,3.43198809405445,0.000599173862013181,0.00540379164107285
"Os03g0235000",167.396923059965,-2.1911076461208,0.638595275688934,-3.4311366362004,0.000601057770955225,0.0054185749620194
"Os12g0189400",4144.27778265158,1.02724390303694,0.299763073210427,3.42685272083475,0.000610620157135782,0.00549359646450359
"Os04g0685900",359.631009640891,1.27328949042736,0.371693516188742,3.42564353417667,0.000613344764728723,0.00550692069580643
"Os11g0127600",347.519191223678,-1.13953317798807,0.332630456545511,-3.42582332905572,0.000612938926021096,0.00550692069580643
"Os11g0128300",190.686555362256,-1.37881301421403,0.402664331813871,-3.42422436077944,0.000616556955353472,0.00552376490973138
"Os02g0706600",108.720387698454,1.21197424871854,0.354212882156819,3.42159845045378,0.00062254181798444,0.00556917106747211
"Os09g0365900",39.624763956563,-1.87033965805561,0.546686936582933,-3.42122617698928,0.000623394649136362,0.00557454803171575
"Os08g0235550",847.527114552989,1.10430274868006,0.323107496939134,3.41775650253045,0.000631395673287013,0.00563471648619418
"Os02g0665250",288.366089854675,1.29621375990824,0.379364424885883,3.41680367182072,0.00063360954901526,0.00564991905950337
"Os11g0602750",89.5569610075704,-1.6256771960032,0.475909200231477,-3.4159398372893,0.000635622883373606,0.00566331036650905
"Os01g0234700",21.7313177741963,2.41067405920109,0.705775838164252,3.41563698960188,0.000636330136564421,0.0056673312766182
"Os11g0664800",344.424441559929,-1.74544384552516,0.511244278628518,-3.41410929860682,0.000639908992255124,0.00568776595645151
"Os03g0280400",15.3955488065727,-2.29104493204915,0.671170224727251,-3.41350800086547,0.000641322754318228,0.00569644036830971
"Os03g0718800",33.2987255869965,2.52600952198063,0.740205830381743,3.41257717556467,0.000643517027330878,0.00571066553191702
"Os01g0124100",17.7050084517726,-2.22919096335423,0.653495177445296,-3.41118196475266,0.000646819096233968,0.00573078095626902
"Os01g0284500",18.2884975705506,-2.38479961937868,0.699268989095442,-3.41041810314454,0.000648633609214895,0.0057445586966508
"Os11g0439600",28.3935827520454,1.71993904816247,0.504469543118439,3.40940116529227,0.000651056638513967,0.00576140888622612
"Os04g0597000",1215.78650488635,1.12184108640637,0.329361550204364,3.40610822881506,0.000658960507594463,0.00581508353872021
"Os11g0576400",27.2365801982052,2.76437066457021,0.811707530372505,3.40562402236381,0.000660130220204408,0.00582308494244853
"Os02g0656600",118.905514865075,-2.35403605941677,0.691517366268652,-3.40416043651786,0.000663677598449674,0.00584041562292298
"Os07g0575900",1276.53007583518,-1.09655366305013,0.322116731989099,-3.40421205778047,0.000663552180020735,0.00584041562292298
"Os01g0684800",41.1707048436667,-1.58632669643525,0.466055489482591,-3.40372923875732,0.000664726092950506,0.00584731840445656
"Os01g0926800",6736.92009334873,-1.06177023941928,0.312086551032402,-3.40216595654917,0.00066854027568702,0.00587153916857846
"Os05g0535900",164.412264154672,1.07784764575387,0.31682656000597,3.4020116423748,0.00066891788135876,0.00587252609483121
"Os06g0569300",51.816758649286,-2.96476797052627,0.871992466463446,-3.39999264276964,0.00067387666302108,0.00590903096869296
"Os01g0337500",533.470606401696,-1.46315270953767,0.430432395276832,-3.39926252204286,0.000675678280628177,0.00591779778931506
"Os01g0360200",195.216667582565,1.11366104709007,0.327692620952207,3.3984929042772,0.000677582206564524,0.00592534819461387
"Os01g0933500",134.115940999019,1.30985700862279,0.385406840442798,3.39863456268156,0.000677231389548298,0.00592534819461387
"Os11g0258900",105.480129516681,-1.404003012605,0.413209118063788,-3.39780259250779,0.000679294182347387,0.00593537983084195
"Os02g0154000",299.022335241591,-1.35584408590569,0.39909589036794,-3.39728901907683,0.000680570453969227,0.00594184164879048
"Os07g0251900",1419.64010493605,-1.31759215892465,0.388316712112214,-3.39308641072315,0.000691098336670335,0.00602425522528263
"Os04g0518800",49.3732854905307,1.40387191846578,0.413803091249749,3.39260858159825,0.000692304874391487,0.00602585378124681
"Os03g0321700",45.9862044745409,-1.43511983249262,0.423365132043833,-3.38979222394732,0.000699456157151976,0.00607821581077645
"Os01g0498300",182.715910604357,-1.59475733209735,0.470925523498905,-3.38643214801471,0.000708077840385593,0.00614083488600761
"Os02g0156400",74.3153878749843,-1.08123688692274,0.319399828452232,-3.38521436333348,0.000711226882722681,0.0061645851188984
"Os09g0517200",545.68459563574,-1.5164169680383,0.44796048498,-3.38515788531214,0.00071137324324942,0.0061645851188984
"Os11g0141800",2304.83234755554,1.07738536967425,0.318452000214788,3.38319548612534,0.000716476135480141,0.00620152389197256
"Os02g0695200",51.7190545340851,-1.71083127205657,0.506252492119314,-3.37940316085073,0.000726433943615682,0.0062607917265842
"Os04g0639000",16.6178670129635,-2.41620159047127,0.715352971309745,-3.37763549936395,0.000731119226662436,0.00629382223854315
"Os09g0319800",898.855929410295,-3.5837284971246,1.06172244176237,-3.37539111556868,0.000737108535721308,0.00633356216048731
"Os01g0731201",182.085711340935,1.51989607028384,0.450759727785322,3.37185417550812,0.000746639695653255,0.0064071574269816
"Os01g0906000",90.100829069388,1.34258707989315,0.398185582738191,3.37176215839012,0.000746889179307145,0.0064071574269816
"Os09g0503000",65.9078877954171,-1.02211525678421,0.303184861568511,-3.37126085879206,0.000748249700358149,0.00641634260868698
"Os08g0203150",1080.69777741932,-1.46219944069984,0.433856749028551,-3.37023555349515,0.00075103953706048,0.00643777250873251
"Os05g0215300",1193.52750992986,1.12426695849596,0.333958262765582,3.36648942052119,0.000761315024050662,0.00650319288098214
"Os03g0118200",246.916401681915,1.64258195107476,0.488340830762199,3.36359740493342,0.000769336822429031,0.00656073263674741
"Os02g0582800",559.594014723461,-1.13689206436022,0.338111331171306,-3.36247844880481,0.000772461554799593,0.00657810434031454
"Os05g0311801",80.2011299139401,-2.92581934523013,0.870603229465952,-3.3606805559691,0.000777506931254898,0.00661089898806248
"Os06g0228500",174.330395528922,1.93892446123155,0.577025943048719,3.36020327090881,0.000778851452154751,0.00661724865777373
"Os04g0387000",50.4525494293834,1.47438031610081,0.43887955473991,3.35941900272517,0.000781065438144672,0.00663351356576954
"Os04g0538900",99.0099206872463,-2.20348779173112,0.656250164995214,-3.35769483844197,0.000785953301981367,0.00666990879998829
"Os05g0583000",179.843941412604,-1.40905938710238,0.419684035510774,-3.35742908444799,0.000786709213129445,0.00667120976173843
"Os08g0412800",81.2687410956838,-1.73107937077827,0.515595616941549,-3.35743616488989,0.000786689064760657,0.00667120976173843
"Os04g0460300",225.996286520459,-1.98899701644658,0.59254859766742,-3.35668167012176,0.000788838779055328,0.00668159120392656
"Os01g0221600",481.147239515542,1.36552032757341,0.406935103303523,3.35562185834555,0.000791867615085113,0.00669699803880805
"Os08g0498400",1784.76949273583,-1.41140999849797,0.42067388052805,-3.35511678720414,0.000793314852348997,0.00670155823954947
"Os01g0587400",571.551551856011,-1.25852737113606,0.375163877660114,-3.35460700263964,0.000794778084521082,0.00671135834072512
"Os08g0536341",70.471567424809,1.42933679942109,0.42610521433851,3.35442222090618,0.000795309080851242,0.00671328187538214
"Os01g0515300",30.7960682416651,3.24122798036537,0.966343058365789,3.35411731093376,0.000796186002541289,0.00671812282098577
"Os04g0450000",207.712877953817,-1.54014566318351,0.459278177171375,-3.35340484206986,0.00079823856377653,0.00672775030094257
"Os12g0597650",55.567005019804,-1.22175915639422,0.364687970929745,-3.35014931608365,0.000807680088721287,0.00680214714506581
"Os12g0283400",13.0935310730105,-2.80755342789237,0.838272606979622,-3.34921289866343,0.000810414971565118,0.00682258474730923
"Os01g0955100",584.854410610682,-1.34488157915251,0.401608975921464,-3.34873386748087,0.000811817340747327,0.00683179313625487
"Os03g0122300",10728.3149513025,-1.26105732468162,0.376705421160939,-3.34759537252016,0.000815159337627684,0.0068475727842473
"Os06g0243900",12.743871188413,-3.34356558141855,0.998738405595164,-3.34778913345789,0.000814589661870818,0.0068475727842473
"Os03g0277500",62.5681070230456,-1.87538820594248,0.560709449916699,-3.34467023200893,0.000823804567543135,0.00690903671589869
"Os05g0149000",35.4024189806077,-1.93394322060273,0.578251861817212,-3.3444651860266,0.000824413758405856,0.00691152783978192
"Os03g0387300",275.106506605078,-1.79258056995534,0.536217757173955,-3.34300859300675,0.000828753335041122,0.00693292772889251
"Os04g0674700",652.46942946311,-1.12440290079902,0.336336428869286,-3.34308984780238,0.00082851069847123,0.00693292772889251
"Os08g0463100",37.3387618182889,2.2723625046442,0.67970353467075,3.34316711438751,0.000828280032305467,0.00693292772889251
"Os01g0758200",151.093064659579,-1.06495325549027,0.318844764012244,-3.34003683199695,0.000837672794604364,0.00698565474400573
"Os04g0598900",133.367569181663,-1.12829838713621,0.337945536136691,-3.33869889223759,0.000841717492096245,0.00701002086057723
"Os05g0115100",198.268858690743,-1.8237414357741,0.546513426746004,-3.3370478135054,0.000846733802427681,0.0070426495565557
"Os03g0752400",26.5527835093704,2.24753415659405,0.673549666708402,3.33684992760462,0.000847336876884516,0.00704407328567332
"Os07g0287000",77.6738388109252,1.24432887684714,0.373172278686341,3.33446225220021,0.000854644995105122,0.00708980698262364
"Os06g0637400",77.8199928110025,-1.78562141477472,0.536423798668181,-3.32875129553911,0.000872362663469345,0.00721785565466172
"Os01g0323600",54.5928745534537,-1.52615925764056,0.458586202145553,-3.32796593203248,0.000874825638673469,0.0072301285800184
"Os03g0678100",47.103172403282,1.18436773159272,0.356019404113816,3.32669432594773,0.000878827191315808,0.00726048986676243
"Os01g0143900",516.09612886645,-1.15689247175257,0.347771617981808,-3.32658679413306,0.000879166354709132,0.00726058271526106
"Os05g0304501",89.6374928350745,1.14200766195085,0.343348993058386,3.32608420306814,0.000880753174173327,0.00727097540245027
"Os07g0130200",52.0441932496745,-1.82748163418584,0.549705540242352,-3.3244737416693,0.000885855750693725,0.00730492818477087
"Os01g0388700",11.0251647547725,3.88598138435074,1.16923640786046,3.32352068258081,0.000888888310850256,0.00732447937868832
"Os11g0606500",126.796440732933,1.02896656285535,0.309679542580379,3.3226817447532,0.000891565706914813,0.00734380815357175
"Os09g0357400",243.034538553508,-1.05162609082041,0.316608142295249,-3.3215383634693,0.000895226745150456,0.00736574335354004
"Os08g0357300",186.291327583936,-1.5496981277597,0.466723961791534,-3.32037404253069,0.000898969146485005,0.00738555690995343
"Os07g0550900",170.716530897933,-1.1909500522041,0.358763521793396,-3.31959627960711,0.000901477132175904,0.0074034143855737
"Os01g0229600",120.902153563388,1.86066430648727,0.560714073896458,3.31838345621919,0.000905400964023518,0.00742187439631422
"Os10g0344000",346.983584896506,-1.41351907226834,0.42621156895226,-3.3164727924752,0.000911614632508004,0.00746175954837697
"Os11g0579900",81.6455779255151,-1.07407217384717,0.323945380137622,-3.31559651627343,0.00091447756770936,0.00747966303164128
"Os08g0371200",179.682448501846,-1.68352694718225,0.507950274701901,-3.31435384727422,0.000918551854971379,0.00750467033982336
"Os12g0120400",190.38940224184,1.03475082940167,0.312239960768568,3.31396028507904,0.000919845714059619,0.00751246918295611
"Os04g0500700",8461.56619404508,-1.06436775111635,0.321568400890528,-3.30992643608256,0.00093320494069072,0.0076075444005277
"Os03g0247600",192.117111311375,1.25986876884486,0.380650882806339,3.30977498214771,0.000933710006934189,0.0076088602368531
"Os01g0888800",74.3874421352846,-1.73580946171852,0.524484119348871,-3.3095558048039,0.00093444136460442,0.00760925236358193
"Os11g0207400",939.59037480057,-1.05865909584704,0.319940225433625,-3.30892776740469,0.000936539959301872,0.00762350413194954
"Os01g0740350",8.1948144834862,3.93455623362101,1.18979410059034,3.30692195537767,0.000943271682300485,0.00766140070352716
"Os08g0498100",9222.32141630044,-1.00343780605472,0.303458334525698,-3.3066740698458,0.000944106718000306,0.00766537104629438
"Os02g0599400",44.096185450236,2.49681284894192,0.755446941646781,3.30508035878626,0.000949491722765115,0.00770344310507233
"Os02g0503500",126.19166432594,-1.96830102092801,0.595749281729042,-3.30390834079633,0.000953470004817505,0.00773005469669146
"Os10g0521000",153.968469566797,-1.49182304743478,0.451946074623911,-3.30088727659867,0.00096379596574513,0.0077937934541866
"Os02g0194700",1077.49239461079,3.02207894424175,0.91642433238302,3.29768518518414,0.000974853671035071,0.00785695545328528
"Os02g0583000",134.112185003359,1.44445999337136,0.438060789889685,3.29739622150412,0.00097585729994582,0.00785975135616602
"Os03g0176900",85.6952285213816,1.01939396517981,0.309631151070573,3.29228490626729,0.000993768822797068,0.00798078908434888
"Os07g0526400",3673.30179173276,-2.60821510835569,0.79225661205738,-3.29213422603381,0.000994301439457487,0.00798217120051785
"Os09g0551201",17.5265620054542,-2.51266080569197,0.763458682517538,-3.29115492852392,0.000997769454917359,0.00800450997084867
"Os02g0556000",89.1083805379421,-2.6703859651028,0.811639986366094,-3.29011139170059,0.00100147728495604,0.00802905561630388
"Os12g0538600",24.6485258147372,-4.15542038256876,1.26528411234482,-3.28417968899328,0.00102279688215179,0.00817535948293241
"Os06g0683400",516.475816116835,-1.15686239523655,0.352470606627055,-3.28215281922957,0.00103017757775143,0.00822841332936308
"Os03g0790500",283.602505431405,-1.4910166783949,0.454299465963748,-3.28201283537032,0.00103068913383089,0.00822953051285605
"Os01g0305900",189.924287541997,1.31142702966702,0.399724815816559,3.2808246517996,0.00103504069967873,0.00825534442780503
"Os09g0448200",8167.99853820911,-1.05271371095557,0.321162036634592,-3.27782736087613,0.00104609353411053,0.00833449332088564
"Os08g0348300",52.1138374380395,-2.07657656019614,0.63401664711972,-3.27527135072847,0.00105560526857073,0.00838914438313877
"Os09g0442100",25.1112557549521,-2.04312358152004,0.624081568401306,-3.27380856120116,0.00106108471500102,0.00842362017742475
"Os06g0625700",104.30465961569,-1.14142316868207,0.349485300803203,-3.26601194974095,0.00109073646502753,0.00863424957889685
"Os08g0138100",21.9156293301429,-2.34737317179694,0.719035455084438,-3.26461394246725,0.00109613365391652,0.0086676768683449
"Os01g0257300",41.5591953304218,-2.55411234314546,0.782891643536685,-3.26240848811126,0.0011046983333265,0.00872294072688372
"Os03g0818100",592.069885396328,-1.14619145175592,0.351365813901389,-3.26210293206725,0.00110588980082308,0.00872923567915287
"Os01g0341750",18.2426397043007,2.42959673146552,0.744932440599471,3.26149943142541,0.00110824654816414,0.00874242203937602
"Os07g0591100",45.5699153551988,1.9480703565165,0.597390318816692,3.26096740297905,0.00111032803823775,0.00874867369915372
"Os08g0109800",65.3314009760912,-1.50556288978705,0.461680547400204,-3.26104900512944,0.00111000854621998,0.00874867369915372
"Os11g0416900",2019.93849640308,2.42822838732142,0.74487592890325,3.25990986297103,0.00111447626019865,0.00876264874895536
"Os09g0517000",773.348838538022,1.15488603288463,0.354253752776795,3.26005306600742,0.00111391370581115,0.00876264874895536
"Os05g0520600",374.171474123691,1.1248977973322,0.345094306554435,3.25968228384771,0.00111537081547761,0.00876656912512951
"Os05g0473000",65.6641446269187,-2.65944926468952,0.816170554814895,-3.25844794203911,0.00112023427349664,0.0087829699183743
"Os07g0579100",48.8236449862433,1.28504985370059,0.394363136420181,3.2585445621657,0.00111985287220227,0.0087829699183743
"Os10g0195250",30.8647095314034,2.90128979866226,0.891249438655316,3.25530617224244,0.00113270183342993,0.00884314220520877
"Os03g0676400",79.7346770086134,-1.42893206067861,0.439683022786186,-3.24991411227058,0.00115439867409165,0.00897771023641142
"Os11g0481500",507.056376974093,1.10682860449821,0.340692959572533,3.24875690383195,0.00115910489120225,0.00900482154249439
"Os06g0558300",141.336258241243,1.21699313702464,0.37475944830068,3.24739814444442,0.00116465342064821,0.00904475320469028
"Os08g0343000",607.950126015154,-1.37852956798077,0.424621898749685,-3.24648722084258,0.00116838693366124,0.00906420991527456
"Os12g0175400",79.0235694614771,-2.10915147819659,0.649671644179033,-3.24648843318667,0.00116838195740393,0.00906420991527456
"Os10g0560400",37.6130878396896,1.73064914651035,0.533647531746028,3.24305659364316,0.00118254719204291,0.00913246507813818
"Os01g0121500",149.823045189702,-1.39988305124053,0.431854784481996,-3.2415596666821,0.00118877545903736,0.00916560411472829
"Os02g0774200",110.358524642576,-1.62716420934803,0.501974464136555,-3.24152785769075,0.00118890813502099,0.00916560411472829
"Os04g0629300",596.265713965991,-1.15600637896773,0.356672214905692,-3.24108896251813,0.0011907401734027,0.00917356480906983
"Os02g0134000",467.329356163915,-1.00208558250396,0.30920780953707,-3.24081589014271,0.00119188134931582,0.00917483977134879
"Os11g0488400",127.188270563456,-1.09540399489508,0.337990914387359,-3.24092733936533,0.00119141547839384,0.00917483977134879
"Os08g0201100",33.5935555101451,-1.45224235117757,0.448254684873977,-3.2397706040392,0.00119625896769057,0.00919665618181836
"Os10g0377000",13.0757317905836,2.78527800403468,0.860072658612053,3.23842174977337,0.00120192986955687,0.00923704590137403
"Os04g0201800",62.7918475818048,2.24794891768352,0.694193649401012,3.23821590650271,0.00120279746418208,0.00923914881972896
"Os04g0167800",300.038319010078,-1.33881871862852,0.41349571281724,-3.23780556153013,0.00120452872538087,0.00924335789202595
"Os06g0306600",217.618673507209,3.1309233185091,0.967245532007384,3.23694782235003,0.00120815499723325,0.00926238220004895
"Os01g0864500",1837.06130084566,-1.00576716008389,0.31115113649028,-3.2324071556631,0.00122752017853904,0.00939133527057116
"Os04g0269100",120.591113733685,1.26850120072686,0.392780500075623,3.229542201007,0.0012398858102921,0.0094761172680971
"Os02g0624300",77.6537481538627,-1.83511490853295,0.568346591857547,-3.22886586252797,0.00124282173699945,0.00949466791709462
"Os03g0621700",25.5745804610669,2.24007136442823,0.694291985441761,3.22641109417808,0.00125353169128146,0.00956719930253803
"Os08g0538100",45.2236906923392,-2.18102414530059,0.676279950328836,-3.22503150395053,0.0012595880711558,0.00960482047654125
"Os09g0475800",96.5201605412569,1.44427072280758,0.448024646417826,3.22364123124747,0.00126571866790703,0.00964027417479515
"Os07g0613800",49.4365878741839,1.2345036028925,0.383034421373589,3.22295734797275,0.00126874444190911,0.00965335762484867
"Os11g0161166",30.9579001572883,-1.99394052908137,0.618771128406749,-3.22242011228852,0.0012711260699946,0.00966815606861918
"Os06g0686600",492.456959153481,1.16242192118569,0.360873578553191,3.22113335602471,0.00127684720056791,0.00970167256958615
"Os08g0540900",87.0970466197119,-1.50174910962836,0.466370792810511,-3.22007538374841,0.00128156891631364,0.00973087015641297
"Os04g0470700",100.818729681717,1.03061097161182,0.320545920862147,3.21517419045567,0.00130365388787116,0.00986810281413857
"Os12g0236400",285.849696151821,-1.41821836102193,0.441120012042109,-3.21503972231155,0.00130426472776615,0.00986935247350316
"Os07g0556300",754.989518950519,1.02110646817083,0.317635979132774,3.21470656743201,0.00130577926737964,0.00987406378382947
"Os11g0608300",36.5221786918849,-2.74558160045779,0.854148410010494,-3.21440813830475,0.00130713731985439,0.00988095848374735
"Os10g0154500",49.9022305624561,1.14246606474784,0.355442043251331,3.21421195505565,0.00130803079504708,0.00988167449599536
"Os08g0393900",193.102684191838,1.07203333616269,0.333931867654039,3.21033552051805,0.00132580119724085,0.0099981486063044
"Os03g0734200",33.4314930805621,-1.78304817351209,0.5556471235754,-3.20895780408038,0.00133217041197811,0.0100325119359209
"Os04g0606200",252.25815132211,-1.15711659995323,0.360621329646726,-3.2086748753513,0.00133348188710211,0.01003897397563
"Os10g0558725",56.4855626657267,-1.25610861928483,0.391497339935119,-3.20847293494511,0.00133441868102461,0.0100426118343188
"Os05g0143000",21.2184672015118,-2.637844132256,0.822249879673465,-3.20808089786958,0.00133623906005241,0.0100494799689608
"Os02g0671800",55.9921464316306,-2.01216807942283,0.628184808062509,-3.20314667530547,0.0013593472844149,0.0101852142890796
"Os07g0541000",72.32644809945,-1.63176750048604,0.509676801015857,-3.20157303066119,0.00136679423719398,0.0102375477691853
"Os05g0321900",25.6119278925137,-2.07408329235978,0.648195265744288,-3.19978161207059,0.00137531755193589,0.0102874682153421
"Os09g0278700",313.081852793826,1.24798524606884,0.390221284014065,3.198147556769,0.00138313487821137,0.0103215333125979
"Os11g0233201",11.1795935909352,2.85498206394792,0.893712663078828,3.1945189789664,0.00140064075401082,0.0104240628351441
"Os06g0710001",184.984128817784,-1.18217997405455,0.370126942505618,-3.19398519343565,0.00140323314261578,0.0104363402790245
"Os02g0535901",77.6399197276643,1.07355492622491,0.336160027041492,3.1935829362972,0.00140518967147874,0.010447382309003
"Os03g0691800",384.511849174165,-1.01721211120255,0.318584272546677,-3.19291377151557,0.00140844997936397,0.010457575785747
"Os12g0139300",241.542425566069,1.41845227890852,0.444829231527591,3.18875689449951,0.00142885986861662,0.0105595415056878
"Os03g0724100",1194.91653768435,-1.21757540831554,0.382043051152256,-3.18701100476318,0.00143751305269831,0.0106093254999311
"Os06g0247900",52.4981997518843,-1.68664960116537,0.529255110974166,-3.18683668082271,0.0014383797046386,0.0106121842853726
"Os07g0438700",143.196885285318,-1.21249968241638,0.38091560185272,-3.18311898099986,0.00145697730297054,0.0107386599417679
"Os02g0540400",55.7618376495095,-1.56941030192479,0.493167325689609,-3.18230795142448,0.0014610637705109,0.0107580355646431
"Os09g0536400",165.511337136078,1.05958242501076,0.333287330736766,3.17918602746899,0.00147689273389596,0.0108529313047429
"Os07g0580900",5726.72323832627,-1.11864338634056,0.35192500414916,-3.17864139561516,0.00147967029331707,0.010865986705821
"Os01g0878300",256.501734730549,-1.13265896262256,0.356574384866593,-3.17650120337816,0.00149063171113581,0.0109176568694204
"Os04g0371100",131.693816533525,-2.21210928701624,0.696385377975779,-3.1765590676908,0.00149033436618687,0.0109176568694204
"Os01g0609300",10571.1237380024,-2.16388835728393,0.681253981744336,-3.17633131735002,0.00149150501328224,0.0109204406412308
"Os06g0185100",17.2823052316917,-2.96843846454098,0.935093592642688,-3.17448273402432,0.00150103820816356,0.0109757222480017
"Os03g0210000",47.6347277764028,1.35954025230067,0.428318534503122,3.17413360100755,0.0015028449868144,0.0109853056629441
"Os06g0196200",9.20707917468111,-3.3573662863049,1.05787952555293,-3.17367545661693,0.00150521894372505,0.0109953984272571
"Os03g0660400",23.3214017457384,-2.7039912119057,0.852630713269207,-3.17135093754469,0.00151731717348865,0.0110728146137812
"Os05g0280700",23.7288295574037,1.7094006002917,0.539087242101867,3.17091644318433,0.00151958846187719,0.0110784353422531
"Os05g0150733",22.0131725639436,2.16616093176055,0.683094263419959,3.17110104382302,0.00151862309279631,0.0110784353422531
"Os07g0121000",158.103000015914,-1.4885446760152,0.469738508750309,-3.16887938350067,0.0015302788660934,0.0111380356259612
"Os11g0229700",37.0677249016609,-1.85946460242065,0.587319061673138,-3.16602120340426,0.00154539528370971,0.0112185563857759
"Os10g0441900",193.768151709627,-1.13981561866962,0.360058505645646,-3.16564003015493,0.00154742160291802,0.0112259048853892
"Os08g0104900",1512.32207877973,-1.10114918359545,0.347983346431125,-3.16437322328412,0.00155417354726711,0.0112638155515683
"Os04g0517100",1421.26976768865,-1.97563906878694,0.624539566044477,-3.16335293422586,0.00155963129119411,0.0112959752758681
"Os10g0555900",13.366427630472,-2.68071714415242,0.847572040316877,-3.16281922554948,0.00156249323807291,0.011313002872522
"Os01g0571000",295.475474716632,-1.02380884526685,0.323866723760299,-3.16120419344037,0.0015711831318625,0.0113684855302508
"Os08g0485000",28.0098848571287,3.18638584294556,1.0079394160683,3.16128706958876,0.0015707361248588,0.0113684855302508
"Os02g0534000",23.8227090824477,1.67840835552861,0.531060039997985,3.1604870054523,0.00157505630607771,0.0113904578376071
"Os11g0153500",154.147296976521,1.03667270711267,0.328014125097235,3.16045141899106,0.0015752487195137,0.0113904578376071
"Os11g0536000",157.431058830325,-1.18686891544565,0.375727569666988,-3.15885500895658,0.00158390268837708,0.0114492946207499
"Os06g0233800",140.322154459002,1.00925232851742,0.319517444058431,3.15867677112756,0.00158487160807824,0.0114525594890536
"Os02g0131000",26.1267986806034,1.49522095644016,0.473541766374658,3.15752709182821,0.00159113450940895,0.0114903161033345
"Os10g0413700",91.9284237428471,1.00647027670998,0.318915873909574,3.15591150848563,0.00159997394144801,0.011535338012895
"Os10g0543400",30.3456847774871,1.62721738838411,0.515694888030281,3.15538785850552,0.00160284870311236,0.0115447863160737
"Os05g0227600",1138.55695320884,-1.07401511300375,0.340592401243004,-3.15337367799192,0.00161395063173906,0.0116042830457023
"Os11g0130900",55.2533505469109,-1.78510481391765,0.566201654591188,-3.15277216066516,0.00161727982398497,0.0116184920774988
"Os05g0320700",1150.84155001088,-1.24951118305412,0.396994871409812,-3.14742399219629,0.00164715923878968,0.0117943303528905
"Os08g0139500",131.770997011711,1.13047622377351,0.359191436525879,3.1472805552035,0.00164796754958377,0.0117943303528905
"Os10g0146901",106.351923644526,-1.73763139380493,0.552338469320759,-3.14595395816226,0.00165546064171379,0.0118390032519978
"Os12g0123800",353.984990916724,-1.35614306254191,0.431413636946079,-3.14348677557314,0.00166947959100735,0.0119084882810869
"Os07g0645300",27.6937254151001,2.41846317667789,0.769897251217363,3.14128044080403,0.00168210878375788,0.0119831308176265
"Os03g0125600",3891.38105292258,1.11865252253274,0.356210251055858,3.14042765253638,0.001687013700607,0.0120103441624243
"Os11g0149100",15.084399666831,2.11560087951378,0.673827027262767,3.13967946359738,0.00169132783292198,0.0120300554846962
"Os02g0205500",47.3774672449349,-1.36745261664139,0.435792457404663,-3.13785287791618,0.00170190277339363,0.0120812164444852
"Os11g0521000",96.7538565635068,1.30510935628497,0.41594870725803,3.13766898060187,0.00170297080182641,0.0120812164444852
"Os01g0369700",282.805994661897,-1.14445864767224,0.364802913043736,-3.13719711863986,0.00170571407596583,0.0120902345897144
"Os07g0685500",806.927341402008,-1.26098592440236,0.401949548808073,-3.13717462338656,0.00170584495855485,0.0120902345897144
"Os09g0428750",29.6431717936707,1.70576879504578,0.543799872160697,3.1367583597771,0.00170826854407292,0.0120993239797564
"Os05g0585400",17.3282154045671,2.03433632566709,0.648722923674912,3.13590941744882,0.00171322110616622,0.0121189867449286
"Os02g0690000",154.814750144264,1.11633186706653,0.356105833965415,3.13483172863421,0.00171952715181564,0.0121558271610313
"Os07g0561300",112.093357347503,-1.75266132943617,0.559312565182257,-3.13359906167145,0.00172676621278663,0.0121992120986946
"Os07g0676900",236.126244043295,1.7330206627718,0.553173187756208,3.13287176806474,0.00173105051209139,0.0122255787522219
"Os12g0174700",545.206341686983,-1.27764978055208,0.408059012357973,-3.13104169215421,0.00174187429812786,0.0122785223925021
"Os11g0590900",39.4144383018851,1.49489491696804,0.477661400095433,3.12961214087924,0.0017503724777184,0.0123227335545828
"Os01g0777900",49.6259280418667,-1.79096716690902,0.572327978651229,-3.12926719244041,0.00175242877582493,0.0123332884696566
"Os09g0484800",69.8558838924895,-1.12938717804849,0.3609860406637,-3.1286173170908,0.00175630883172159,0.0123527426439478
"Os01g0734600",1753.53568861881,1.31713129383671,0.421138307190829,3.12755043021978,0.00176269576944541,0.0123859684734536
"Os10g0109600",559.353984972623,-2.20397632609613,0.705029233511087,-3.12607792888274,0.00177154600262913,0.0124298286561552
"Os07g0117400",91.3054189347886,-1.96359753125914,0.628404594883284,-3.12473452175162,0.00177965595156086,0.0124773155235937
"Os09g0479000",346.318970468735,1.00268880264558,0.321232179100973,3.12138343503376,0.00180003493237698,0.0125856501515341
"Os08g0154900",23.4023601608856,-1.62573179030887,0.520889685689637,-3.12106734875441,0.00180196817734668,0.0125898950503732
"Os09g0421700",41.1013332797465,-1.49350245886545,0.478512812017705,-3.1211336903769,0.00180156226096102,0.0125898950503732
"Os03g0405400",360.030956775108,-1.36417081108638,0.437169000250583,-3.12046556435714,0.00180565408342445,0.0126116678426186
"Os05g0119100",103.447670377645,-1.66081054811292,0.532345649125279,-3.11979735504905,0.00180975495736355,0.012625448128713
"Os12g0152200",25.3683138864221,1.77969178192217,0.570490717472493,3.11958061264684,0.00181108696665588,0.0126296933948749
"Os01g0725400",326.099101390659,-1.7305345268063,0.555372629949996,-3.11598813748187,0.00183329647135832,0.0127684860561008
"Os05g0199800",14.5638590708843,-2.98472859524214,0.958150583486544,-3.11509343800766,0.00183886649677234,0.0127992276344031
"Os08g0395800",34.6091198623658,-2.01263923932567,0.646547764456117,-3.11290108785501,0.00185258095043782,0.0128784913104062
"Os05g0430900",111.096314252377,1.10515809628133,0.355110709453375,3.11215085003352,0.00185729567335925,0.01290721390579
"Os01g0201700",18.8710188130641,1.89812382851507,0.610596039110276,3.10864091303458,0.00187949995634403,0.0130410556356669
"Os03g0770800",226.180054519641,1.43943078869269,0.4632203339409,3.10744300978018,0.00188713367246657,0.0130718344368549
"Os06g0696900",19.316563784143,2.57724161877451,0.82936132180001,3.10750158107323,0.00188675976191907,0.0130718344368549
"Os11g0543500",1458.50898951599,2.1550276549352,0.693799375865463,3.10612509883995,0.00189556503876261,0.0131073408879584
"Os07g0540600",117.518793118355,-1.11682188737579,0.359598752899097,-3.10574460665377,0.00189800567482388,0.0131160248583881
"Os07g0180100",42.7932326343246,2.37826480651804,0.765818691954993,3.10551940231019,0.00189945158900919,0.0131219212581131
"Os11g0514500",1607.18120024249,-2.4688670961303,0.795053551013968,-3.1052840314739,0.00190096385782894,0.0131282722321243
"Os01g0215100",220.773273909623,1.02811545919696,0.331131535873792,3.10485516422941,0.00190372219363061,0.0131428907471634
"Os04g0513400",411.359516042031,-1.01007975780054,0.325331547196768,-3.10477039962443,0.00190426780709544,0.0131428907471634
"Os02g0828900",42.9890528298863,1.62991952509158,0.525127811658293,3.10385298379928,0.00191018223186109,0.0131754968210705
"Os04g0679000",120.401988805647,-1.45390151710366,0.468463810827774,-3.10355140247573,0.00191213015692814,0.013180720362561
"Os03g0291500",7811.17981902514,-1.20722397808657,0.389084318744659,-3.10273100180844,0.00191743839023181,0.01320908630931
"Os03g0342850",293.498317282667,1.33453677630718,0.430134482429567,3.1026035596337,0.00191826419181858,0.013210664843252
"Os01g0223800",47.7200635549893,-1.98157920977728,0.638940992923787,-3.10134931350952,0.00192640891519593,0.0132585078617821
"Os12g0448900",3294.88412177452,-3.42160896256138,1.10420374693151,-3.09871160288102,0.00194364117774251,0.0133584971605934
"Os09g0542900",118.276361587853,-1.87534724565302,0.605727996386914,-3.0960220706971,0.00196135761956291,0.01345304183852
"Os08g0200750",27.7959279566684,-1.42993220089349,0.461986021840097,-3.0951849910914,0.0019669017925392,0.0134806222502235
"Os06g0535400",813.015167863404,1.0145123006466,0.327992062675475,3.09310015727543,0.00198077272543309,0.0135651991691352
"Os02g0661600",17.6174849029043,1.82861400428284,0.591293006589381,3.09256829339216,0.00198432569792114,0.0135771378277095
"Os11g0614400",88.1625001348739,-1.75937171685235,0.568903932569569,-3.0925638163649,0.00198435563029981,0.0135771378277095
"Os06g0289300",55.2498918539462,1.26011242881065,0.407818578700159,3.08988480325494,0.00200234140412289,0.0136832842681126
"Os12g0143800",311.022118545517,1.43195524839573,0.463524747533285,3.08927464178793,0.00200645863562166,0.013698735939346
"Os09g0457100",64.8424673654879,1.18169474894727,0.383026718555607,3.08514965588676,0.00203449754455867,0.0138730551691018
"Os05g0261700",2812.11510114252,-1.21634815166625,0.39429850635197,-3.08484088088449,0.00203661078736319,0.0138831894836849
"Os07g0151800",53.5671807799822,-1.29392481534891,0.419490050264472,-3.08451848746626,0.00203881938310529,0.0138896922957951
"Os04g0231800",386.843612898259,1.42801764349151,0.463160026124421,3.08320572360426,0.00204783534479367,0.0139425345538366
"Os02g0282600",121.999525675774,1.06524199257421,0.345594410165562,3.08234728699429,0.00205375078701383,0.013978259937158
"Os05g0239350",40.2243345164867,1.41761570395613,0.459987349212939,3.08185802583863,0.00205712926986239,0.013988605394356
"Os04g0526800",31.3566160900241,-2.01625726787737,0.654331340924236,-3.081401029988,0.00206028955658631,0.0140052468202615
"Os01g0857500",587.180447354189,1.2407264834153,0.402854001694036,3.07984152620536,0.00207110763584279,0.0140577541892076
"Os05g0545400",61.7842302053522,-1.593140012925,0.517660891640768,-3.07757460270065,0.00208692593899129,0.0141521063446267
"Os05g0499400",70.7327425505473,-1.62371356377582,0.527909823267888,-3.07574038634979,0.00209980588820096,0.0142220257481363
"Os01g0795900",9.97403370651015,-2.53155349852128,0.823221995857526,-3.07517718338445,0.00210377532992213,0.0142401985875285
"Os03g0581701",27.2328643684895,-1.47715969463052,0.480616723948287,-3.07346711220449,0.00211587008165322,0.0142914824520695
"Os11g0697600",14.9565845254804,2.41281119487248,0.785592884026755,3.07132516591165,0.00213110928721456,0.0143812528888198
"Os02g0740700",457.962448587307,-1.22117044255322,0.397746172050254,-3.07022550652965,0.00213897202014764,0.0144167365290986
"Os06g0612951",304.350061451448,1.62692287091188,0.529980629447192,3.0697779890727,0.00214217944663678,0.014429569555213
"Os01g0191200",7194.04336464191,3.21076559112975,1.04612937718672,3.06918595457498,0.00214642942498774,0.0144537998475223
"Os10g0508900",32.0839640470773,3.04750068900062,0.993161298595453,3.06848514265553,0.0021514702640822,0.0144792227652212
"Os10g0580500",63.8626837678797,-1.06846020459937,0.348343242731343,-3.06726261207658,0.0021602897390605,0.0145250455853442
"Os10g0377300",17.286076897361,2.63263225867715,0.859474045794265,3.0630735989756,0.00219076171612378,0.0146897804835544
"Os06g0140700",60.1023852097716,1.48688998230213,0.485912720885426,3.05999394210699,0.00221341468468302,0.0148147565095425
"Os04g0457000",25.5177738689912,1.90554719936719,0.622960363869706,3.05885785016933,0.0022218254730989,0.0148620658005688
"Os06g0222100",18.3983991959259,2.00298253388529,0.655008927081423,3.05794692418949,0.00222859044425317,0.0148938186013309
"Os05g0390800",198.400492809463,1.01607334505243,0.332410208279238,3.05668514307145,0.00223799221570512,0.0149279963837877
"Os11g0119100",394.634141565013,1.12652547096762,0.368551792911769,3.05662729807235,0.00223842409982273,0.0149279963837877
"Os10g0491801",41.4118970997684,-1.78798342986671,0.584895750030996,-3.05692669124705,0.00223618958626664,0.0149279963837877
"Os02g0223300",41.8501154806222,1.55695740391573,0.509730184106712,3.05447362636423,0.00225455836658657,0.0150129855021333
"Os12g0624300",28.8555948856523,-2.17556357147512,0.712520994395355,-3.05333258751386,0.00226314959219599,0.0150611346921585
"Os09g0243200",22.6155674571414,2.01653649040535,0.660567756214516,3.05273224651688,0.00226768177248958,0.0150731738591089
"Os01g0615100",4172.73747223903,-3.06062438856158,1.00263177425756,-3.05259065904622,0.00226875187599189,0.015075760890257
"Os06g0622000",118.871880852289,1.03101202233539,0.337905170974153,3.05118746588894,0.0022793821040862,0.0151327733632901
"Os05g0533301",40.993845872967,-1.83073433148295,0.60031802278115,-3.04960747805227,0.00229140628346065,0.0151784610258037
"Os01g0111100",878.284458864333,1.04834150822205,0.344486797945028,3.0431979236236,0.00234078320547993,0.0154339728864
"Os03g0278200",67.1951755217216,-1.12790282696743,0.370719665370422,-3.04246829161447,0.00234646537137782,0.0154488411318925
"Os04g0674400",466.348059924595,-1.07239450264205,0.352476076278978,-3.04246039607316,0.00234652692861906,0.0154488411318925
"Os05g0582600",239.199375609925,-1.48022968534203,0.486482248592422,-3.04272085903421,0.0023444970206141,0.0154488411318925
"Os11g0151700",647.351186656938,1.39214936889864,0.457607823947672,3.04223244456116,0.00234830478033508,0.015455950101486
"Os01g0823100",26.8834585308802,-3.31657086790957,1.09078961586379,-3.04052295665026,0.00236167686941716,0.0155255010587189
"Os06g0119100",111.219278436521,1.28700322190866,0.423988793074475,3.03546518901171,0.00240164945714413,0.0157555320387046
"Os02g0536500",1272.33049927661,-1.24111917175567,0.4089050492286,-3.03522584056383,0.00240355633619524,0.0157587032394725
"Os12g0616500",89.1984888019571,-1.40074219485609,0.461564380887606,-3.03477099372877,0.00240718390168077,0.015773145536287
"Os05g0546400",124.548796786474,-1.21714382786241,0.401155644008668,-3.03409373902791,0.00241259453598814,0.0157992474478892
"Os09g0555150",42.0973971900084,-1.62879779131171,0.537207271341724,-3.03197271928884,0.00242961160943914,0.0159012801195956
"Os03g0829200",91.7491784870206,-1.75795797745255,0.579866742760137,-3.03165856535375,0.00243214140562728,0.0159083613340062
"Os06g0246200",109.311673368062,1.19151475896136,0.393362610351677,3.0290493493932,0.00245324605724625,0.0160228085408523
"Os01g0508100",151.30480593453,-1.34684874988483,0.445092751377724,-3.02599569576418,0.00247815830528268,0.0161474111351571
"Os05g0366600",7929.62861549596,-1.0022121741859,0.331264046786734,-3.02541789218411,0.0024828980910755,0.0161640242971193
"Os07g0653900",24.7497147725243,-1.68016537021562,0.555534073158982,-3.02441461540163,0.00249114778848843,0.016203438068426
"Os11g0180000",7.37424491808448,-3.36140919455781,1.11272256338185,-3.02088706131889,0.00252035348674458,0.0163620902030798
"Os04g0109400",30.6907285270805,-2.51071389386772,0.831535009922333,-3.01937244242095,0.00253298932014521,0.016427333490725
"Os12g0111800",657.326512345055,-3.18617117179869,1.05605462748869,-3.0170514752399,0.00255246464007894,0.016534265534227
"Os02g0156000",141.384958387602,-1.58747298425589,0.526193241890949,-3.01690112657298,0.00255373093176604,0.0165376298801497
"Os06g0270200",93.3100997502624,-1.17829357271138,0.390614658127313,-3.01651140886613,0.00255701595260047,0.0165492225099465
"Os05g0568600",23.8018519275272,1.74994606629696,0.580537406138431,3.01435540206979,0.00257525936385514,0.0166235619752527
"Os05g0149500",142.400574389658,1.50935471371205,0.500852539957627,3.01357104795704,0.00258192577920407,0.0166520299089302
"Os11g0118600",44.3696074812088,1.27175708483767,0.422056144892008,3.01324148511822,0.00258473151849389,0.0166604354729713
"Os11g0125900",58.2621281507771,1.17996209894678,0.39221318074337,3.00847130305609,0.00262565597866538,0.01688978763034
"Os08g0244750",14.5268155489648,-2.18996501006562,0.728404620308296,-3.00652267847878,0.00264254341449102,0.0169650798938371
"Os08g0518900",12.641727609532,2.40032062902104,0.799412629456902,3.00260533868692,0.00267679316968652,0.0171440201243938
"Os01g0945300",43.5682760053934,1.33531590412551,0.444906771755073,3.00133868238945,0.00268795418664077,0.0171856753238271
"Os12g0267800",17.5097966222482,2.0440910758661,0.681290848491867,3.00032075932179,0.00269695431742116,0.0172151242714988
"Os09g0255400",1448.0631351018,-2.00327101797582,0.667906865732214,-2.9993268833667,0.00270576839265604,0.0172497604324208
"Os11g0471300",62.749778671855,1.8690550821786,0.623334732540195,2.99847735832381,0.00271332316409829,0.017287967820518
"Os04g0516600",23.9794363392066,-1.6741099204861,0.55862287211862,-2.99685172957009,0.00272783352752145,0.0173554488887507
"Os01g0186600",612.779521774986,-1.01814035936221,0.33994076436989,-2.99505227403199,0.00274397811647447,0.0174481388503335
"Os01g0609900",8138.59541888787,-1.95235142386712,0.651989016345421,-2.99445446920347,0.00274936086549784,0.0174723303452892
"Os05g0494000",271.179009114407,-1.11095229291923,0.371367933160295,-2.99151378920943,0.00277598000906656,0.0176039716080162
"Os06g0476900",190.091926282061,1.02191994794011,0.34212476725048,2.9869803234442,0.00281747855781165,0.0177808504862118
"Os09g0399800",65.0517114184272,-2.55375922864418,0.854920684423769,-2.98713000535887,0.00281609940162833,0.0177808504862118
"Os12g0289833",6.36595830814743,4.19870767417932,1.4061808385455,2.98589453012481,0.00282750144255784,0.0178206274543406
"Os01g0327000",58.5011146042265,-1.98815413977693,0.665941414997619,-2.985479045156,0.00283134536127238,0.0178346565132096
"Os06g0165900",33.7574661229544,2.0504567052871,0.686867614019981,2.9852283954495,0.00283366658989253,0.0178391276561873
"Os03g0684800",40.4005830456342,1.48805435670701,0.498587085976515,2.98454251736697,0.00284002728775496,0.0178690094282986
"Os01g0699600",143.010575644751,-2.05069064212969,0.687316993974403,-2.98361696292652,0.00284863136281097,0.0179129642158471
"Os06g0146100",73.8247624125872,1.16324437214922,0.39021670612021,2.98102145270754,0.00287288666709958,0.0180161789397595
"Os10g0520100",111.8478161999,-1.65387168779546,0.554806194077827,-2.98098994829078,0.00287318223369724,0.0180161789397595
"Os07g0148200",53.4859629666835,-2.12562756119996,0.713088510825382,-2.98087478472988,0.00287426290578542,0.0180178524906554
"Os03g0416400",12.032449641139,2.29347200615558,0.769522364130589,2.98038382386295,0.00287887414958626,0.0180416508763061
"Os09g0463232",38.5685135891813,1.2527392467899,0.420386434397747,2.97997067527785,0.00288275978988178,0.0180506743517456
"Os05g0125400",121.251140089119,-1.02866279458527,0.345250296119732,-2.97946969530921,0.00288747790158159,0.0180699966701295
"Os03g0351700",38.3406820085502,-2.11246429136488,0.710982427677963,-2.97119057958168,0.00296647631794059,0.0184237733956585
"Os07g0241050",8.81037127300826,3.64620006932027,1.22764427093425,2.97007867478214,0.0029772349010583,0.0184698677344723
"Os09g0560200",103.923481012343,1.04332421759778,0.351278087709573,2.97008055469823,0.00297721668133674,0.0184698677344723
"Os01g0757600",73.7892121295797,1.36954631944343,0.461545437556149,2.96730550884673,0.00300422282936985,0.0185852186826146
"Os05g0549800",578.857027969263,1.01274147453197,0.341293172721726,2.96736517304349,0.0030036398472388,0.0185852186826146
"Os06g0548500",35.0938079699123,1.37168950152581,0.462367323784524,2.96666617852314,0.00301047624328516,0.0186187023750214
"Os05g0553400",1199.0622315199,-1.06434271544629,0.358839157179367,-2.96607182954193,0.00301630033399181,0.0186339022586252
"Os11g0444900",129.540522505812,1.09771541634029,0.37018025738482,2.96535375520895,0.00302335053214261,0.0186604404916426
"Os05g0178300",159.313132885017,1.14024885277556,0.384950665725399,2.96206489376211,0.0030558337114116,0.018841329491608
"Os03g0230300",583.495507185031,-1.27522116470863,0.430606742492723,-2.96145192090247,0.00306192294969717,0.0188548865720161
"Os02g0176300",48.0096850141353,1.4311480673058,0.483242457349958,2.96155283034119,0.00306091976066439,0.0188548865720161
"Os03g0386800",13.3621942472185,2.20662818686481,0.745281850994336,2.96079689035871,0.00306844221561075,0.0188770155865067
"Os02g0807900",47.9135844951421,-1.24169921645766,0.419587957941041,-2.95932996397417,0.00308308790705456,0.0189460586594769
"Os01g0949700",246.107238679052,-1.2350720690948,0.417380652800137,-2.95910234652447,0.00308536612812229,0.0189531974501594
"Os02g0810500",27.378119628702,-1.57937561288663,0.533971906604891,-2.95778784117809,0.00309855305868504,0.0190186812203194
"Os05g0349400",12.2367400935964,-2.70014937895046,0.912892209313707,-2.95779649711369,0.00309846605574162,0.0190186812203194
"Os01g0888200",69.8963724361284,1.27713993864031,0.4320613230163,2.95592285309029,0.00311735054101754,0.0191088755062761
"Os09g0449400",51.1634825366914,1.22839675620675,0.415591023250787,2.95578269857257,0.00311876737012169,0.0191122691231288
"Os04g0219800",30.6911758690423,1.63309754844588,0.552758064812198,2.95445268446826,0.00313224179934685,0.0191842228711864
"Os02g0626200",30.1476406994807,-2.48214745659987,0.840234214881119,-2.95411376094827,0.00313568392251674,0.0191946855760142
"Os09g0345600",18.6407374298501,-1.83297884121006,0.620567690618791,-2.95371297751954,0.00313975874753718,0.0191983977987354
"Os12g0603800",32.1648532540266,-1.79708020869521,0.608805576794211,-2.95181298791331,0.00315914198970645,0.0193062552564423
"Os07g0677400",54.737556844741,2.36829749513851,0.802468030007002,2.95126709922368,0.0031647311525624,0.0193297413652094
"Os04g0412200",46.1146276289338,1.1932006578433,0.404413122755042,2.95044990062312,0.00317311500954449,0.0193542532854888
"Os07g0226200",280.865008962655,1.11881915589818,0.379562889504707,2.94765159301568,0.00320197716082433,0.0194659462706786
"Os11g0160550",62.6694205899777,1.00814448677634,0.342135753254866,2.94662126710081,0.00321266421236194,0.0194946527479939
"Os10g0503250",2206.65773745951,-1.00679890955773,0.341657567117726,-2.94680699757725,0.00321073532538446,0.0194946527479939
"Os12g0183200",45.8371886742004,-1.56171056727346,0.530192905006684,-2.9455516143766,0.00322379356136483,0.0195449105263359
"Os09g0375000",130.672064023256,-1.13607930458482,0.385770770226865,-2.9449595258778,0.00322996912211233,0.0195662780663992
"Os07g0539100",403.773068223973,-1.29644174611537,0.440474650645662,-2.94328344256588,0.00324750938327807,0.0196456571735409
"Os01g0795700",153.666966837664,-1.9161168946039,0.651315094833106,-2.9419199858939,0.00326184196289866,0.0197108195689245
"Os03g0730100",85.0888851163288,1.10367986657061,0.375554212753855,2.93880305183523,0.00329482369830525,0.0198613371914447
"Os06g0233000",242.026208329701,1.29901685493108,0.442274385324033,2.93712884588456,0.0033126643891857,0.0199441524301704
"Os11g0600500",36.7503471231584,-1.92015312203924,0.653760115820576,-2.93709125958095,0.00331306592467218,0.0199441524301704
"Os02g0562600",3054.55579181163,-2.24604379449052,0.764834401345647,-2.93664065128195,0.00331788323783374,0.0199568738845088
"Os01g0598600",59.1146830317822,1.36403403235581,0.464554555627157,2.9362192574225,0.00332239400027442,0.0199731538311365
"Os07g0195350",110.717562603466,1.06764935522186,0.364275057798879,2.93088788914918,0.003379947363132,0.0202696139130838
"Os03g0638400",47.1287702908406,-1.28482200615168,0.438410478234738,-2.93063708542055,0.00338267707200723,0.0202804909426786
"Os08g0113000",73.549454513957,-1.69905849014078,0.57990751471398,-2.92987838065659,0.00339094692191391,0.0203136132803037
"Os12g0630800",20.0353971903241,-2.73759391922322,0.934500118652885,-2.92947412694774,0.00339536078326429,0.0203345099005287
"Os12g0258700",578.705491858832,-3.59248121119583,1.22723679233901,-2.92729262488037,0.00341927001122512,0.0204477814896561
"Os12g0240900",46.4837811740759,-5.80344457183564,1.9830207889535,-2.9265676911528,0.00342724913799802,0.0204811668459957
"Os03g0179400",502.071064315354,-1.37770177984445,0.470857825226933,-2.92594007369519,0.00343417081939259,0.0205169930146172
"Os11g0171700",246.217785435168,1.07884618186504,0.368883301862872,2.92462731822457,0.00344868970792182,0.0205870689736039
"Os03g0157900",2038.60608961858,-1.07783994478324,0.368788090100208,-2.92265388638329,0.00347062072728439,0.0206900951865384
"Os04g0367201",55.6984587641424,-1.95277943497192,0.668306933446761,-2.92197991258381,0.00347813971860851,0.0207197354606778
"Os02g0598200",91.6042867395555,-2.27379171364014,0.778586961654018,-2.92040815686116,0.0034957321838086,0.0207838362732831
"Os01g0976200",12.1847377147331,2.31759459314113,0.794177478893001,2.91823257991602,0.00352021676535287,0.0209125622220762
"Os08g0320500",31.6736318568747,-1.29741302725559,0.444890989383221,-2.91624927952411,0.00354267326654923,0.0210346818972021
"Os05g0541800",57.6625059664761,1.26458269827483,0.433790851371021,2.91518987613051,0.00355472200380413,0.0210875600646518
"Os02g0654300",29.5516302747814,-1.50664111737559,0.516881048658153,-2.91487010654947,0.00355836610384009,0.0210995671947304
"Os01g0388000",182.843044943442,1.5266601864018,0.524237541860654,2.91215348863283,0.00358946207995204,0.0212554907494566
"Os04g0172400",182.82605281856,-1.68772791325038,0.57983887354684,-2.91068431291377,0.00360638190643587,0.0213214691029097
"Os08g0193100",62.079700193435,1.17903678566246,0.405196633064452,2.90978919727332,0.00361672607387596,0.0213712121701862
"Os09g0482000",46.9136602261238,1.08606032646266,0.373525164502055,2.9075961399026,0.00364218370462875,0.021504423841116
"Os04g0154800",506.382166128964,-1.25885495607868,0.433287383710382,-2.90535797580509,0.00366833286200802,0.0216069587384197
"Os02g0534400",275.703156576533,-1.12141317609683,0.386041598733462,-2.90490242444337,0.00367367607118102,0.0216326760351114
"Os07g0576600",62.7531675221292,1.0877089927537,0.374487338306179,2.90452808811494,0.00367807199627995,0.0216519975559559
"Os06g0203000",45.8775328642718,-1.17720024951386,0.405438665509028,-2.90352240587584,0.0036899056688829,0.0217051544672519
"Os01g0666400",12.8164167209151,2.03500689250522,0.701322072378517,2.90167238798508,0.00371176492538978,0.0217989886506777
"Os02g0762200",92.0763006863638,1.40774563267537,0.485174361240413,2.90152519411018,0.00371350916983061,0.0218034490928718
"Os07g0622200",893.633967553882,-1.91145321523489,0.660066926216174,-2.89584758653531,0.0037813600539279,0.0220846987480922
"Os11g0236200",291.681514871579,1.01512296120354,0.350761614938638,2.89405373327729,0.00380303075611372,0.0221824239877062
"Os09g0562600",146.703873482156,-1.04665018745525,0.361666480139822,-2.89396514449062,0.00380410387432005,0.0221824239877062
"Os07g0673900",145.800524341643,-1.00186006370176,0.346204239684963,-2.89384111706266,0.00380560673997365,0.0221853446102571
"Os04g0686000",96.3870800940638,-2.09258628525478,0.723489812765441,-2.8923507260678,0.00382370835389019,0.0222585203761191
"Os07g0297500",20.7535816251379,1.63853501839144,0.566593905210074,2.89190371326697,0.00382915279992404,0.0222756889498471
"Os09g0458500",11.801955442921,2.44008580168912,0.844045683345015,2.89094044296143,0.00384090901658886,0.0223264811069294
"Os03g0785800",82.0869926102184,1.37540808382048,0.475840007762028,2.89048432537084,0.00384648712830791,0.02233268718151
"Os07g0122100",463.265679951221,-1.25359825467316,0.433698484193284,-2.89048336658349,0.00384649886159113,0.02233268718151
"Os10g0559050",42.0113637049056,-1.06895973466658,0.369825854663728,-2.89044078770142,0.00384701995891238,0.02233268718151
"Os01g0103900",23.1998973386952,-1.90147476378463,0.657896715523496,-2.89023294830042,0.00384956450104764,0.022341600948282
"Os08g0199200",29.2491687115178,1.58931620756732,0.550043813826518,2.88943565515416,0.00385933981398708,0.0223865975429625
"Os01g0773800",59.9345708000268,-1.79376731026243,0.621173577143162,-2.88770703755968,0.00388061123935275,0.0224805372711955
"Os03g0737300",368.293898891651,-1.00969130338293,0.349712326724952,-2.88720535772548,0.00388680454648009,0.0225000142357619
"Os11g0267400",37.8514778257489,1.47064282261511,0.510394846317022,2.88138258688773,0.00395934719498069,0.0228100128224044
"Os05g0101600",82.2784620506066,1.66352587132435,0.578055991394084,2.87779366720594,0.00400466976677654,0.0229982158656176
"Os09g0556700",15.3516823033024,2.67505737834944,0.929571388606569,2.87773205063826,0.00400545198611228,0.0229982158656176
"Os08g0457400",161.89093184599,-1.36447568491851,0.474319323873116,-2.87670271111179,0.00401853993244526,0.0230353158241864
"Os06g0161900",66.2157692341653,1.14780730809605,0.399218498060713,2.87513558031945,0.00403854039959202,0.0231369979536704
"Os03g0405500",4048.43173380662,-1.04971437461499,0.365198597990025,-2.87436583927867,0.00404839725459541,0.0231556609697745
"Os06g0570900",81.4727509878177,-1.45843281589179,0.507897861976975,-2.8715080827765,0.00408518334813607,0.0233238897656216
"Os11g0207600",45.9613537691309,-1.23220130599676,0.429339502023028,-2.86999286157152,0.00410481065728719,0.0234238692688133
"Os12g0605100",62.2757527384623,1.13837809573339,0.396873812814386,2.86836283719681,0.00412602057586709,0.0235085490402144
"Os11g0506150",7.41632010055973,3.7216884870876,1.2978237157332,2.86763790950226,0.00413548526228137,0.0235442990980128
"Os01g0770200",133.473213941371,1.29982372085158,0.453463019287185,2.86643820017523,0.00415119200441369,0.0236215734180734
"Os03g0803600",25.8999587779606,-1.61720444952079,0.564626716226099,-2.86420107842221,0.00418062532012169,0.0237688417572202
"Os11g0530600",45.7693904702077,-2.62777978562801,0.917483652611343,-2.86411619231451,0.00418174586689183,0.0237688417572202
"Os02g0652000",129.82527964273,1.14783822230203,0.400902829608034,2.86313325207577,0.00419474111793002,0.0238142982287407
"Os12g0226700",327.014001846913,-1.36326925367577,0.476249283051456,-2.86251192850296,0.00420297439539099,0.0238365922357459
"Os12g0274700",3261.29118464406,1.04384253401364,0.364982673972481,2.8599783180183,0.00423669973174,0.0239909894528019
"Os03g0780200",8.4759309655037,2.93721161652652,1.02740939176664,2.85885221613165,0.00425176811133784,0.0240640076056061
"Os07g0121100",24.0370505543225,-1.52365684877985,0.533074137710446,-2.8582456754026,0.0042599043630796,0.0240977369706043
"Os06g0180666",34.6390666681073,1.94146295234061,0.679296220327517,2.85805057387859,0.00426252449159062,0.0241063996853916
"Os01g0585100",188.264062010737,-1.02090685721996,0.35726629351499,-2.85755156797943,0.00426923257419939,0.0241381712015702
"Os01g0595600",1675.60137189939,-1.7360211504561,0.607660620694887,-2.85689263271804,0.00427810523743795,0.0241636551178861
"Os12g0160500",143.584056674315,1.03795224824819,0.363569554667627,2.85489319697597,0.00430513038867234,0.0242667749326869
"Os11g0592900",56.0649457607894,2.38726530383594,0.836357341608797,2.85436043311805,0.00431235750340702,0.0242951418531641
"Os09g0376400",13.8290131140995,3.1910239688484,1.11801263152752,2.85419312703879,0.00431462933331094,0.0242955768232038
"Os10g0112100",57.7016355110866,-1.3202813492174,0.462596076372922,-2.85406949312958,0.00431630884105011,0.0242988543223215
"Os01g0813100",53.9435469541622,1.1811225176827,0.413894330453106,2.85368131616997,0.00432158589298811,0.0243038438548767
"Os07g0222900",40.9019936123687,1.08051871743562,0.378631626394726,2.85374660253334,0.00432069795187141,0.0243038438548767
"Os01g0642801",82.0080034859228,-1.67031117335062,0.585481833977412,-2.85288300407807,0.00433245689532232,0.0243402507280719
"Os03g0739700",595.918953557567,-1.24750270558059,0.437504065478465,-2.85140825883821,0.00435260444098218,0.0244410385310135
"Os05g0382600",271.393788678761,1.59599697663968,0.559757395161394,2.85122981926752,0.00435504798274734,0.024446788046454
"Os04g0610900",24.105513213325,1.55000378617588,0.543686658607196,2.85091377843747,0.00435937888065798,0.0244570835024557
"Os03g0221200",193.894280843114,-1.30914725309745,0.459317849012638,-2.85019895462722,0.00436918894755454,0.0244968884496847
"Os12g0639500",650.731491168876,-2.15909058837272,0.757548204405804,-2.85010323543204,0.00437050409248488,0.0244980585092931
"Os04g0345100",110.716799236889,1.11465820316472,0.391142752495514,2.84974781215589,0.00437539061225022,0.0245140309518569
"Os04g0648200",140.50717887456,-1.04351522561186,0.366391963330303,-2.84808437425012,0.0043983262006325,0.0246352998755892
"Os02g0577900",22.2609448490296,1.93335442107359,0.679397061579003,2.84569146734346,0.00443151090674223,0.0247772936833787
"Os12g0209200",217.324585760747,-1.08933423965635,0.382791375371284,-2.84576484671257,0.00443048992250718,0.0247772936833787
"Os02g0438601",159.920239620788,1.31931736135827,0.463730382961902,2.84500953535033,0.0044410093601212,0.0248181426341955
"Os12g0572500",51.7420796871767,1.40881986375251,0.495491726956407,2.84327625893228,0.00446523481426963,0.024921795821211
"Os12g0191601",98.7686367369697,-1.43603345308537,0.505439465630445,-2.84115814204215,0.00449500160528623,0.0250613775474829
"Os04g0106500",26.3873011564222,1.67026160227348,0.588113839083606,2.84003111519373,0.00451091336492978,0.0251008124686882
"Os06g0698300",180.12633279578,-1.35988887191994,0.478846196405103,-2.83992831545743,0.00451236726412376,0.0251025938680815
"Os06g0671600",126.763161644261,-1.54453181401096,0.543937836432274,-2.83953737092763,0.00451790028017212,0.0251207509048948
"Os07g0617600",61.4336258416419,1.13180500560201,0.398665864933968,2.83898147585191,0.00452577841568103,0.0251582374847084
"Os01g0934400",481.562764060006,-1.06154449719469,0.373956132744332,-2.83868722623799,0.00452995355142179,0.0251688084271091
"Os01g0631800",32.6917735275481,-1.50824292256345,0.531372862078606,-2.83838906763804,0.00453418771085393,0.0251860135740133
"Os08g0201600",18.069785893591,-1.70115717183205,0.599366241565131,-2.83825990497864,0.00453602306644099,0.0251898888171733
"Os01g0727700",49.5012917432218,-1.06351653298886,0.374719662124775,-2.83816580896341,0.00453736056114316,0.0251909980401883
"Os12g0168100",15.5222345348643,-2.52900192789582,0.891407092102677,-2.83708975427864,0.00455268118424273,0.0252570569031116
"Os11g0548600",182.133231683736,-1.10948312482207,0.391163254034303,-2.83636848139312,0.00456297671921899,0.0252888279199569
"Os03g0718000",468.495043624564,-1.12897919080051,0.398606729091657,-2.83231342675328,0.00462125261669328,0.0255478537293898
"Os10g0513200",80.3339218832131,1.11829679526371,0.395302047553,2.82896787959029,0.00466983855722552,0.0257453268882009
"Os07g0132500",147.444635892223,-2.0235830926408,0.715362172838434,-2.82875327977096,0.00467297082590424,0.0257501859274131
"Os08g0221300",184.624571130636,1.22477719830215,0.433145384921517,2.82763534124707,0.00468931888445862,0.0258209921464308
"Os06g0158000",438.265183253578,-1.13313299957318,0.40093580613825,-2.82622051267343,0.00471008270617505,0.0259031150515206
"Os04g0295400",280.95085838516,1.14744168642632,0.406198092261445,2.82483278057294,0.00473052968023068,0.0260091029674665
"Os08g0185900",277.226996421303,-1.07120374372934,0.379982567841909,-2.81908654339905,0.00481605312752888,0.0264071897713267
"Os01g0873300",116.829889553166,1.27967395513289,0.454524548687436,2.81541219022889,0.00487147076673134,0.026664829232682
"Os03g0642450",101.611939413767,1.18384760998136,0.420634004938953,2.81443629397764,0.00488628614863008,0.0267327061074422
"Os06g0531751",22.2700085105405,1.82259480097237,0.647641826260734,2.81420181197286,0.00488985196007946,0.0267456057925196
"Os08g0216600",98.8814409573052,1.01833577493328,0.362077368904085,2.81248115013519,0.00491609048220392,0.0268442609243783
"Os09g0561600",38.3879922953493,-1.99839316919667,0.710759166463744,-2.8116319331333,0.00492908714490163,0.0268975556469289
"Os02g0318450",176.090585853667,1.11492248153899,0.396795129685233,2.80981896734325,0.00495693734511579,0.027019091520977
"Os01g0794800",179.852893269312,-1.59301611264481,0.567168814360392,-2.80871598069312,0.00497395062216909,0.0270984844304739
"Os06g0215100",37.5823298284246,-1.40851466778814,0.501495852082725,-2.80862675521351,0.00497532920752331,0.0270993269332776
"Os11g0235200",48.6125724553777,1.18047254877894,0.420383144256378,2.80808725303935,0.00498367219209116,0.027138092967312
"Os02g0811200",223.050422063452,-3.36143576038536,1.19810839061893,-2.805619079797,0.00502200214390992,0.0272797226369748
"Os01g0821300",155.691609958224,-1.18900938601925,0.42405838776018,-2.80388130582545,0.00504914891025035,0.0273935814804835
"Os11g0673900",15.1198082058306,2.5709344867283,0.91703369188179,2.80353329380149,0.00505460132400428,0.0274097300795442
"Os01g0654100",89.1884287368961,-1.25760779583401,0.448603286715594,-2.80338515805684,0.00505692382793674,0.0274156098125239
"Os03g0226200",81.0962212134716,-2.35641828241305,0.842181409918768,-2.79799370380348,0.0051421114996692,0.0278433579638483
"Os03g0221700",17.5238032043918,2.01559243745925,0.720558161611026,2.79726543233205,0.00515371744014676,0.0278894374559621
"Os02g0575200",42.7990885533132,1.11713842715677,0.399605310058744,2.79560456039122,0.00518027416739129,0.0279985242487823
"Os12g0283100",75.8131451694375,-1.25592693682611,0.449293844536448,-2.79533528468856,0.00518459141639933,0.0280117224378959
"Os01g0945150",14.8393827468985,-2.34059546444132,0.837445904479484,-2.79492138169345,0.0051912337884186,0.0280407678237073
"Os10g0529500",342.567006644697,-1.39754321286837,0.501295066404657,-2.787865483879,0.00530565691381342,0.0285473996910676
"Os10g0391400",15.7754085570022,-2.5584283907347,0.917908772585041,-2.78723601641761,0.00531597463921928,0.0285959656187935
"Os09g0341500",83.9423738816908,-1.54460925489911,0.554356566972158,-2.78631001583622,0.0053311858366525,0.0286360469697533
"Os02g0590700",23.9796960962534,1.430721780634,0.513528929624533,2.78605877507247,0.00533531968435321,0.0286445408051606
"Os11g0121300",208.968125384169,-1.11494338773425,0.40025409076299,-2.78558898825711,0.00534305719773255,0.0286748673353163
"Os09g0569700",32.3810372934505,-1.23620522660998,0.444108961152946,-2.78356289726892,0.00537654367876505,0.0287945654462493
"Os10g0488400",194.597794921571,-1.12181459304295,0.40310692110489,-2.782920695006,0.00538719724422123,0.0288306867718951
"Os03g0197900",28.4283160218292,1.3102426510347,0.47094245631485,2.78217143828446,0.00539965083722248,0.0288567871559119
"Os01g0227800",1422.83893913023,1.94241853510993,0.698253877382595,2.78182276966522,0.00540545500762613,0.0288669028759889
"Os06g0484950",97.7803527439732,2.01120670374498,0.722976737619203,2.78184151590822,0.00540514280193104,0.0288669028759889
"Os08g0536350",53.2770578112799,2.05765172157584,0.740336189120139,2.7793477501367,0.00544681800661718,0.0290330856172861
"Os04g0583000",51.6647675700527,-1.44190902150945,0.518963892581599,-2.77843804187732,0.00546209289151093,0.029099181595511
"Os07g0522500",30851.4970798327,-1.73214207274312,0.623739040935796,-2.77703007037108,0.0054858103461153,0.0292044546461503
"Os07g0225000",35.0665784395989,-1.26519261112678,0.455748829364965,-2.77607429708526,0.0055019633918851,0.0292693348053167
"Os01g0847300",118.228355828553,-1.26050188752713,0.454286379304933,-2.77468562772171,0.00552550909847141,0.0293593225220195
"Os02g0514326",25.8356583539889,-1.46882745217166,0.529619420467004,-2.77336403351011,0.0055480019213934,0.0294478550487753
"Os05g0552000",17.8340786592895,3.01308760541123,1.08645665424767,2.77331598424207,0.00554882124852041,0.0294478550487753
"Os01g0728300",122.632134122195,-1.97466855842674,0.712543306409694,-2.77129620145692,0.00558336112512147,0.0296011791343783
"Os06g0470000",173.884921657658,-1.17252006556701,0.423103676482647,-2.7712358240761,0.00558439660558684,0.0296011791343783
"Os03g0292700",38.518498025532,1.3478434912376,0.486839502793457,2.76855818704882,0.00563049305409942,0.0297884699428472
"Os06g0696600",1065.36007708537,3.84345941687844,1.38960833524027,2.76585806187892,0.00567732397453493,0.0299717763758173
"Os01g0635200",296.102350503195,1.15600899763466,0.417970749479742,2.76576530552333,0.00567893896287656,0.0299731555606794
"Os07g0116900",231.090728772424,-1.52299016546937,0.550778549216523,-2.76515882406061,0.00568950867640203,0.0300076752771979
"Os09g0272000",119.590092841204,-2.02702903388372,0.734494682586587,-2.75975998457247,0.00578438413034595,0.0304353728683436
"Os01g0318202",116.780956538003,1.43268858633562,0.519304159948125,2.75886214059739,0.00580029983610899,0.0304901326380079
"Os03g0225900",5225.88666413259,-1.64100951725503,0.595852197298682,-2.7540546543163,0.00588619376728395,0.0308391424991562
"Os04g0604250",34.8115443050054,1.68261652242862,0.611244148438779,2.75277321954951,0.00590928148058536,0.0309099101073469
"Os09g0563700",60.8642610640344,-1.56625820607882,0.569640329182517,-2.74955638819768,0.00596759941636942,0.0311624100655272
"Os03g0713600",44.7273649469538,-1.22487404125648,0.446560294346209,-2.74290853164582,0.00608976459963695,0.0316139456038832
"Os03g0606100",79.9685654140449,1.25226876895953,0.456674343041116,2.74214829022437,0.00610387784585764,0.0316649389374728
"Os01g0873100",54.1197737620172,1.25638067804995,0.45849977604964,2.74019910952787,0.00614019744292583,0.0317899578538519
"Os04g0579200",41.4075085139179,1.05206183323703,0.384079394367483,2.73917801544549,0.00615930133678949,0.0318628717051065
"Os11g0178800",243.285433736024,-1.18760590983698,0.433746269316077,-2.73801988362823,0.00618103387058201,0.0319362571310975
"Os06g0654400",124.562617688472,1.05584256306477,0.385855106363785,2.73637058484156,0.00621210241913179,0.0320536377678856
"Os07g0539950",85.348236951375,1.32678545675436,0.485105954451705,2.73504261198766,0.00623722011760175,0.0321457845958614
"Os02g0640500",43.3194805252804,-2.03454857661235,0.744876768153106,-2.73138949098512,0.00630678879325865,0.032466545145673
"Os10g0112700",57.1985708272152,-1.14365325550983,0.419274514726742,-2.72769561549714,0.00637784295966118,0.0327257986025164
"Os06g0313000",58.7122667015772,1.25735522076956,0.461118808340753,2.72674893764128,0.00639616852461237,0.0328046252729772
"Os03g0363950",9.85764601255757,-2.92549474553667,1.07354290793427,-2.72508413395972,0.00642851035324011,0.0329019065490266
"Os01g0548750",33.3937950110656,-1.23275934448523,0.452446856536182,-2.72465003718429,0.00643696761857498,0.0329260580734975
"Os09g0414701",39.2077507136251,1.76401119316067,0.647435515145487,2.72461295664986,0.00643769050179172,0.0329260580734975
"Os08g0509100",17097.5629002007,-2.06196184019204,0.756855543301661,-2.72437965004135,0.00644224047849737,0.0329341136999331
"Os03g0820400",107.441431002306,-1.30720550844854,0.480402636778476,-2.72106230976272,0.00650724946022387,0.0332127732362417
"Os02g0629200",38.3244397051642,1.34181411409299,0.493624487152097,2.71828920367063,0.00656204538851733,0.0334231071882131
"Os02g0640300",119.491880812749,-1.17930021425678,0.433974077649364,-2.71744390965585,0.00657883052968768,0.0334777951638279
"Os10g0566400",84.4222931239541,-1.0926011151833,0.402221867280193,-2.71641400944065,0.00659933359990982,0.0335667000311517
"Os12g0628600",22915.0348544357,-1.01605212020801,0.374825955598886,-2.71073042042831,0.00671351841378514,0.0340380149300703
"Os06g0255100",202.80074334001,-1.01325474095905,0.373836708029082,-2.71042067083533,0.00671979209303603,0.0340620230613349
"Os05g0141300",79.042238462097,-1.81580470432876,0.670285479697439,-2.70900199889216,0.00674859331690748,0.0341767165209626
"Os10g0450900",12727.4149573239,-1.53006215752476,0.564912906839941,-2.70849212152675,0.00675897168485339,0.03420986589453
"Os12g0125300",20.1943267659268,-1.6387391539226,0.605319281875694,-2.70723104812498,0.00678470201427232,0.0342889950463373
"Os11g0114150",64.0368194320959,1.77326038786123,0.655113062467495,2.70680053483015,0.00679350613304445,0.0343178232470311
"Os06g0698812",8.88690894218479,-3.01305019805547,1.11333584142223,-2.70632641648045,0.00680321386577036,0.0343526835190863
"Os02g0218700",19.1627705759007,-2.46484199966034,0.911326633523417,-2.70467460182816,0.00683713277370722,0.0344831336543625
"Os01g0123900",2526.44316818413,1.06338644897746,0.393536355796205,2.70213014201956,0.00688967892246033,0.0346849433884025
"Os01g0771000",26.9618266724507,-2.41999983926084,0.896344309642773,-2.69985519317382,0.00693696624113556,0.034883345342944
"Os12g0433066",24.4374300531103,-1.70780341003422,0.632755385934296,-2.69899466365278,0.00695492915499222,0.0349498607400551
"Os12g0620100",19.9777778138028,1.93367069619906,0.716490205106344,2.69880967306743,0.00695879614772339,0.0349613581816981
"Os06g0201000",86.9004312405721,1.17151983946539,0.434672480734192,2.69517830410292,0.00703509735711375,0.0352806547188801
"Os03g0431600",70.8574226871783,2.1285659431433,0.79029210565086,2.69339137759737,0.00707291880950906,0.0354457723814334
"Os11g0117400",484.030922633457,-1.22715700244451,0.455655318702683,-2.69316949034722,0.00707762791645893,0.0354457723814334
"Os03g0233000",16.7080266959819,-2.42609774537611,0.901317192473596,-2.69172469540703,0.00710835966262873,0.035543403633754
"Os03g0365250",19.4932432143509,2.5653438561435,0.953039561894912,2.69174959646257,0.00710782898767773,0.035543403633754
"Os04g0607600",127.458925629901,-1.42056367824151,0.527939952432324,-2.69076752326982,0.00712878526887991,0.0356002546058548
"Os10g0113000",49.6212085909009,-1.50662868219576,0.560570025729111,-2.68767257085526,0.00719519122239885,0.0358965139376144
"Os07g0122350",20.9103625676587,-1.70545617315959,0.634597171157496,-2.68746261514034,0.00719971612251184,0.0359109967714653
"Os03g0843800",341.2719285456,2.83827299585372,1.05702252126348,2.68515848882868,0.00724954200983196,0.0360944703484797
"Os08g0174100",34.1296093863607,-1.59322118565651,0.593403537571646,-2.68488656501167,0.00725544263097596,0.0361076096409168
"Os08g0436500",10.6340854004796,2.12476944434561,0.791492983379561,2.68450825081626,0.00726365904327234,0.0361403763768748
"Os11g0587600",9227.1337772864,-2.74990345210898,1.02442194891167,-2.6843464795248,0.0072671750189819,0.0361497465952097
"Os03g0660500",116.056423974302,-1.98850214290195,0.740849114086313,-2.68408520047211,0.00727285694538513,0.0361698844626622
"Os08g0413100",24.4608262652422,-1.65620302716189,0.617100065888927,-2.6838484043526,0.00727800989493718,0.0361728207713288
"Os01g0206700",8.55714578590483,2.64055352614582,0.984083323932599,2.68326214043911,0.00729078175526123,0.0362135031097895
"Os02g0221100",158.413072966036,-1.17214268405277,0.437181901187297,-2.6811326838313,0.00733734169230683,0.0363948978860632
"Os04g0654800",7.62933321332495,-3.41540880553622,1.27462306543382,-2.67954417125958,0.00737224758368518,0.0365083725677418
"Os06g0537600",21.1952423382307,1.51481386058513,0.565576168609256,2.67835517948013,0.00739847182731885,0.0366100886893304
"Os11g0147150",104.893819632936,-1.50483943524352,0.562057455337503,-2.67737652254769,0.0074201197021674,0.0366798102982113
"Os09g0304400",50.1393189026873,-2.06982691231674,0.773104294482448,-2.67729325407819,0.00742196421935643,0.0366807387903506
"Os03g0182000",19.8207901954115,-1.94202393817024,0.725486042989845,-2.67685913042082,0.00743158735002017,0.0367119088614004
"Os01g0831300",21.8757060641101,-1.97905065032485,0.739923828828538,-2.67466808503536,0.00748032678673198,0.0369361987923802
"Os07g0173601",39.0633233578952,1.61395057210702,0.603525562051848,2.67420416563627,0.00749068329599734,0.0369571374268686
"Os09g0322100",10.7290457032878,-2.01983214722023,0.755277290516507,-2.67429217398943,0.00748871761500808,0.0369571374268686
"Os03g0561400",29.1352632298939,-2.48659888533285,0.929938865615007,-2.67393801600965,0.0074966306072246,0.0369754729950011
"Os04g0127500",369.349796436965,-1.43843728653737,0.537999466340722,-2.67367790589291,0.00750244705208243,0.0369959198619503
"Os05g0459600",12.8240877216543,2.14610770632061,0.802852728255056,2.67310258879611,0.00751532636515432,0.0370511781453756
"Os01g0841700",780.812114726385,-1.02524712423482,0.383659190001626,-2.67228610952986,0.00753363847890816,0.0370919033937082
"Os01g0329900",40.3158058292314,1.8265653355044,0.683485451978691,2.6724275260234,0.0075304639077245,0.0370919033937082
"Os04g0127100",2907.27417997923,-1.73788768287834,0.650284263809906,-2.67250459467733,0.00752873434630593,0.0370919033937082
"Os01g0104900",44.0296456758207,1.1563032445669,0.432777258238586,2.67182071736643,0.00754409425323508,0.0371186201913062
"Os09g0526500",24.0296948280295,-1.62238843310348,0.607358643695884,-2.67121979730289,0.00755761412271824,0.0371726942498931
"Os05g0532500",47.3018978552459,1.67867663075973,0.628768996630258,2.66978276562014,0.00759003347578893,0.0372701111526819
"Os06g0507900",90.0911606936101,1.33524727589821,0.500267412903385,2.6690670658496,0.0076062260839517,0.037341341845848
"Os04g0398000",527.20533891605,-1.01897959461552,0.381863152324099,-2.66844179233789,0.0076203981495884,0.0373836032046099
"Os01g0975000",79.2931041551957,-1.43144752375048,0.536769773085033,-2.66678117048836,0.0076581517656791,0.0375213848736227
"Os10g0380800",8.22504103879956,-3.52970288546895,1.3253367086124,-2.66324992172326,0.00773899118687457,0.0378086945870675
"Os11g0644500",59.0602738996269,2.05965690842289,0.773462143246538,2.66290590484192,0.00774690735622653,0.0378390195839867
"Os04g0518600",18.6453103364945,-2.14886653760059,0.807015579199203,-2.66273240937045,0.00775090241072676,0.037841836885535
"Os08g0507100",839.824845107396,-2.5021992070825,0.940361259093086,-2.66089142112862,0.00779340844143984,0.0380158308662524
"Os03g0437200",322.659085338032,-2.45169510877987,0.921603582318088,-2.66024910907266,0.00780828766634212,0.0380553357839248
"Os04g0650300",67.9715293302022,-1.03978881068603,0.390867945225408,-2.66020486813365,0.00780931344851272,0.0380553357839248
"Os08g0540400",30.5804969001582,2.31870138198817,0.871636245836303,2.66017090622874,0.00781010098017951,0.0380553357839248
"Os07g0175600",791.683409323859,-2.18876418675365,0.823212952438449,-2.65880678902134,0.00784179193859703,0.038192942215679
"Os01g0639900",58196.1619086976,1.68891069676121,0.635245948516398,2.65867212645058,0.00784492663733632,0.0381998066147489
"Os05g0399800",122.757783679762,-1.23415827483253,0.464336511048882,-2.65789625727409,0.00786300933039346,0.0382626130954377
"Os02g0179450",25.1930170401923,1.32174648466275,0.497543004059361,2.65654722080074,0.00789453938845095,0.0383738741162881
"Os02g0627100",1489.51762322829,-2.10753363770281,0.793937395643173,-2.6545337822203,0.00794180869940908,0.0385528582358291
"Os02g0554100",38.523042465622,1.28684920047288,0.485040734969218,2.65307448982517,0.00797622663884529,0.0386521413899482
"Os05g0550700",139.844600338642,-1.04800502138341,0.395125171272616,-2.65233677218793,0.00799367675574728,0.0387199435478591
"Os02g0760600",41.5689193276004,1.09099087092341,0.411737445365693,2.64972468062608,0.008055738821756,0.0389777345394448
"Os02g0297200",69.7337145356516,1.77698485567309,0.670720771913051,2.64936607018256,0.00806429283035657,0.0390105981116287
"Os04g0519700",79.2729674510316,1.00079773852427,0.37824289214116,2.6459128758744,0.00814707967866869,0.0392310768084827
"Os09g0107900",117.625994936639,1.05030877326091,0.39694749701149,2.64596396543219,0.00814584933478207,0.0392310768084827
"Os12g0287800",39.2650692013836,1.10147262145078,0.416385279137776,2.64532075613153,0.00816135130579463,0.0392656408651888
"Os01g0897300",25.9460084495969,1.48682538568709,0.562097165628141,2.64513944671037,0.00816572580738766,0.0392732788708583
"Os10g0111700",64.8210581416384,-1.10360752123983,0.417265240473751,-2.64485850771281,0.00817250824405316,0.0392937035899199
"Os04g0344100",31.4771511239047,-1.62970930685489,0.616442059565043,-2.64373477047429,0.0081996879838257,0.0393730842875482
"Os09g0391800",39.229324067007,1.11319681222974,0.421179484788761,2.64304614168957,0.00821638374000019,0.0394276012976472
"Os07g0463600",312.212389120318,-1.10652731585315,0.419126207375758,-2.6400814274568,0.00828861097199659,0.0397173548084402
"Os01g0973200",34.1768327856317,1.7150494565817,0.649978441712463,2.63862513972486,0.00832429710293128,0.0398676378990782
"Os03g0238800",235.8172296818,-1.18340402461212,0.448580659102083,-2.63810755234282,0.00833701358040048,0.0398865491096236
"Os11g0210500",29.0116508743892,-1.59803330127179,0.605971901586638,-2.63714092532608,0.00836080894449896,0.0399561128513169
"Os10g0570001",69.5134356189454,1.12951448533363,0.428868291343365,2.63370948175161,0.00844577186070701,0.0402656365533364
"Os01g0155000",16.1908571751185,-1.80996728431712,0.68732143469399,-2.63336365338724,0.008454377294549,0.040290221196429
"Os04g0127200",33366.8710143582,-1.61493969302807,0.613413174470744,-2.6327111321361,0.00847063569139385,0.0403416530099271
"Os05g0493100",169.709946881788,-1.29287174543109,0.491130698550102,-2.63243928601462,0.00847741732980458,0.040365268193377
"Os03g0389000",54.6644499619614,1.09917621978409,0.417624876176807,2.63197017822938,0.00848913139633398,0.0404036668629043
"Os02g0810200",42.5508632078645,1.14770733595742,0.43617255842539,2.63131486332086,0.00850551946371467,0.0404729650647123
"Os01g0930500",30.6455757023477,-1.87958147124824,0.714462135314991,-2.63076428874649,0.00851931005419618,0.0405073828504001
"Os12g0610300",89.146893866953,1.65789196051219,0.630220684869859,2.63065303998161,0.00852209899931536,0.0405083284550969
"Os10g0496000",16.0122731310065,-2.58421606426827,0.982419951464459,-2.63045967299023,0.00852694854572754,0.040519167792516
"Os08g0132700",43.2164527679651,1.22767098813804,0.467205935057914,2.627687056214,0.00859675622350993,0.0407687152617986
"Os06g0119800",99.9981106534453,1.04241062820489,0.396732797958175,2.62748790513354,0.00860178996935522,0.040782062464988
"Os02g0231700",100.334818736163,-1.68041215757692,0.639683879091187,-2.62694154488358,0.00861561331217355,0.040838855565154
"Os07g0241500",81.7368911818024,1.3722147167476,0.522770992167373,2.6248868764858,0.00866777596176629,0.0410293686619396
"Os02g0212400",38.4866382066542,-1.96634889127546,0.749569171345502,-2.62330544857627,0.00870811631882381,0.0411715574236767
"Os01g0138400",43.2294000367603,-1.58932601105174,0.606631872246885,-2.61991841141661,0.00879508062171406,0.0415131518611623
"Os07g0605600",35.7795708537111,1.15478020155899,0.440939990501141,2.61890557997824,0.0088212359881851,0.0416175124684437
"Os01g0795000",365.244834289745,-1.15919696462132,0.44285596061391,-2.61754852077497,0.00885638962012923,0.0417300111894619
"Os03g0567100",24.8160987316743,1.74826900042293,0.669089033698413,2.61290936238981,0.00897751072619246,0.0421929664590591
"Os08g0487100",18.9086879590488,1.60667301738042,0.61574909282751,2.60929822893055,0.00907281334332092,0.042547420782885
"Os04g0322100",40.7603368561231,-1.53147520629161,0.587658243187922,-2.60606436486568,0.00915892487256181,0.0428636135285121
"Os09g0483500",13.1781051538115,-1.79658056295525,0.689753422498868,-2.60467074805736,0.009196258584759,0.0430201481777201
"Os04g0337000",394.25765654529,1.12203501540619,0.430950820414775,2.60362659090954,0.00922431953799521,0.043105879884076
"Os04g0414700",1410.61994167666,1.75552559727605,0.674906283512219,2.60113980290756,0.0092914580736281,0.0433373021293869
"Os03g0168300",97.2237701958828,-1.8952339710668,0.729008478187012,-2.59974201641674,0.00932938676449027,0.0435050447246375
"Os01g0348900",25.7247226706728,-2.95595024075665,1.13718428890003,-2.59935902176056,0.00933980333929197,0.0435166755118033
"Os06g0542200",22.6897784496175,1.69686378186505,0.652967575791917,2.59869531776842,0.00935787913687735,0.0435667853435539
"Os02g0758200",33.2041468527954,-2.21727561696444,0.853787188886929,-2.59698862412667,0.00940450386873995,0.0437264007051178
"Os04g0464100",209.074658139423,-1.42597924618701,0.549292850171199,-2.59602732084091,0.00943085660192928,0.0438305197362125
"Os03g0253600",83.288391301056,-1.04776369925976,0.403638563034195,-2.59579682224514,0.00943718516804688,0.0438507275562909
"Os11g0220100",78.6171398152523,1.28690420877987,0.495802362345045,2.59559918733156,0.00944261444544112,0.0438667491474007
"Os04g0185600",31.1252192189299,-1.90831456028424,0.735596062360347,-2.59424248977208,0.00947995988367696,0.0440310031014247
"Os10g0516400",11.5791880694803,2.15174449865347,0.830293693047476,2.59154624041018,0.00955457004790987,0.0443217547518903
"Os07g0654500",1696.93735627611,-1.97835430579161,0.763528355858154,-2.59106854462278,0.00956784323248092,0.0443647365466722
"Os02g0598800",36.2577065445522,1.73759969510812,0.670671589299761,2.59083539966606,0.00957432733225349,0.0443855070065797
"Os07g0532600",23.4660457996777,1.77347064557088,0.685298517706403,2.58788046340219,0.00965684858215637,0.04470322366178
"Os10g0567100",20.2509320805514,-1.58263481460828,0.611726844537006,-2.58715933221162,0.00967708330815199,0.0447774924818794
"Os09g0129600",119.205970692639,-1.77211129697548,0.685079696739194,-2.58672283737247,0.00968934957738393,0.0447968028801123
"Os01g0625900",15.3833263093441,1.99680828384481,0.772479147668446,2.58493486830256,0.00973973942071702,0.0449537986044381
"Os11g0294800",14.818152802364,1.7635895784896,0.683343304081818,2.5808251400945,0.0098564491909014,0.0452876923187294
"Os12g0221400",347.510546580711,-2.12202366250798,0.822231738550557,-2.58080971946999,0.00985688944871312,0.0452876923187294
"Os08g0448000",646.47722011482,-1.93688172147347,0.750760939474547,-2.57989144031532,0.00988313786677801,0.0453800405450709
"Os06g0683300",302.735134218369,1.14474229128981,0.443840673836873,2.57917392156479,0.00990369100052418,0.0454084950181416
"Os02g0629000",88.7412370526898,-1.03786177593315,0.402551754972908,-2.57820705812846,0.0099314467722204,0.0454350112267722
"Os02g0724500",88.9070395978003,-1.28812147646516,0.499561185175843,-2.57850592617948,0.00992285976954636,0.0454350112267722
"Os05g0582500",45.3676042774977,-1.35635484390013,0.526080239376869,-2.57822807696922,0.00993084264776548,0.0454350112267722
"Os10g0498300",789.736561643244,2.17110417033439,0.841922649971202,2.5787454113613,0.0099159837149015,0.0454350112267722
"Os06g0315000",38.1616237068718,-1.87771766520333,0.72882828938376,-2.57635123739637,0.00998491608383676,0.0455468387050516
"Os06g0691400",62.5596088988704,1.01909068569032,0.395557803806108,2.57633821374399,0.0099852922214137,0.0455468387050516
"Os08g0476300",398.195262256331,1.14007133842662,0.44251350855146,2.57635375281213,0.009984843437284,0.0455468387050516
"Os08g0506400",35.1028236169996,1.34635265128575,0.522990439441481,2.57433511160082,0.0100432945092603,0.0457184616632624
"Os01g0909400",161.183841364038,1.38578465744192,0.538756308555557,2.57219198260026,0.0101056835275973,0.0459068401691693
"Os09g0456800",63.8642547480819,-1.59889764618796,0.622039293292077,-2.57041261449251,0.0101577450018242,0.0461055006325114
"Os02g0275300",33.1037498963119,-1.24592127280513,0.484892942705843,-2.56947701868483,0.0101852147195802,0.0461988501215375
"Os06g0146800",104.257678163869,-1.587981595661,0.618280917331714,-2.56838202691776,0.010217448391053,0.0462910834512595
"Os04g0517000",40.4543586023187,-1.37109712912324,0.534183924852502,-2.56671357061489,0.0102667379639168,0.0464301601384254
"Os04g0688100",26409.2276241817,-1.44989606321007,0.565705035236843,-2.56298949611266,0.0103775188023481,0.0468225061108016
"Os08g0500600",42.321586711891,1.00963762241214,0.393924355250337,2.56302411606542,0.0103764840761086,0.0468225061108016
"Os01g0117700",47.4058541029789,1.0385630589425,0.405373319614493,2.56199164742802,0.0104073821399029,0.0469200022595917
"Os03g0684300",79.8096440626991,1.06039853990453,0.413895345500107,2.56199677390248,0.0104072285209902,0.0469200022595917
"Os04g0653700",408.835824011394,-2.62955906939818,1.02631747593032,-2.56213026774641,0.0104032289813162,0.0469200022595917
"Os01g0723600",870.751873567625,-2.38414225954431,0.931448311174095,-2.55960768938331,0.0104790383570738,0.0471482195212298
"Os09g0400400",120.839413360948,-1.72479473040614,0.673896922784559,-2.55943405006102,0.0104842746584273,0.0471621952889557
"Os12g0442700",22.7821373223263,1.34039473051536,0.524362160459326,2.5562384771266,0.0105810574787841,0.0475203232530953
"Os12g0596201",35.378844591548,1.69584164889092,0.664070430767406,2.55370751402255,0.0106582746456895,0.0477798864001239
"Os03g0248400",11.0211450264794,1.8831657685868,0.73747535460285,2.55353044252026,0.0106636956295889,0.0477945111203904
"Os02g0805100",29.5763065923602,1.31716544967667,0.515947746410203,2.55290474440693,0.0106828708090302,0.047870763526156
"Os06g0318533",182.991153577319,1.39952913822717,0.548447986833546,2.55179920762828,0.0107168261069329,0.0479743725906997
"Os10g0343951",26.9395535754797,-1.59481165127719,0.625342431815298,-2.55030135512736,0.0107629840051408,0.0481129070982883
"Os10g0538950",17.9972861257595,-1.92146984274665,0.754031852193389,-2.54826084224071,0.0108261489205792,0.0483250650334814
"Os01g0940700",5858.74869663913,-1.46584131940384,0.575294315270519,-2.5479850582472,0.0108347111560318,0.0483323810308922
"Os02g0814000",242.885566155369,-1.01892062129551,0.400385733086755,-2.54484747356053,0.0109325480331012,0.0486156951196812
"Os12g0460100",160.789767341764,-1.44468801225636,0.567971720747951,-2.54359144915503,0.0109719332071106,0.0487516703067701
"Os12g0566600",35.4592899280448,1.04541638197998,0.41111865790951,2.54285803348308,0.0109949891912603,0.0488051434810935
"Os10g0554200",2933.71097666802,2.03525517373407,0.800759635644784,2.54165555197503,0.0110328841011872,0.0489258225180879
"Os02g0675700",24.1371901515373,1.83645682702008,0.722853609938255,2.54056533960859,0.0110673412178844,0.0490189107667524
"Os07g0563400",873.212718475867,1.88021271435355,0.740155966205088,2.54029258724176,0.0110759767325103,0.0490270293551601
"Os11g0498600",97.1412391119008,1.18097630652577,0.465178192888506,2.53876111258042,0.0111245754552904,0.049202801669114
"Os01g0521250",9.79479455908764,-2.15279557947653,0.848709463544026,-2.53655187310734,0.0111950155847299,0.0494422465105128
"Os05g0555100",8.07743157669476,2.30795882581472,0.910401683654952,2.53509947010319,0.0112415400316295,0.0496097292431827
"Os06g0185400",83.8778701682757,-1.00083693727369,0.394929623122737,-2.53421591766149,0.0112699265593902,0.0496967623882612
"Os10g0436900",76.197346950577,1.25255524236328,0.494609234148109,2.53241378422832,0.011328022384027,0.0498812343771206
"Os10g0416500",5945.17914521964,-1.67165169187543,0.660173538960813,-2.5321397984336,0.011336878179065,0.0498926296487135
