"","CK_1","CK_2","CK_3","Cd_1","Cd_2","Cd_3"
"ENSRNA049471555",99,97,69,94,44,75
"ENSRNA049471602",14,8,10,8,16,14
"ENSRNA049471381",28,29,32,24,35,36
"Os01g0873800",821,623,673,871,986,1040
"Os01g0734100",273,259,251,220,246,255
"Os01g0563000",3488,5474,4300,3617,3712,3382
"Os01g0973300",1561,1445,1128,1273,1332,1364
"Os01g0889800",1790,1567,1674,2445,2615,2699
"Os01g0878400",27,34,9,17,52,47
"Os01g0544450",20,14,36,14,8,6
"Os01g0810300",2341,2271,2033,2416,2817,3031
"Os01g0923000",1518,1579,1301,1012,1405,1593
"Os01g0647700",694,681,658,612,667,440
"Os01g0816400",4842,3892,3784,3717,3719,3542
"Os01g0688200",137,144,114,72,115,105
"Os01g0646700",1781,1825,1580,1564,1850,1855
"Os01g0633900",48,56,31,68,61,101
"Os01g0852100",326,305,323,208,283,278
"Os01g0604000",11,19,17,10,9,13
"Os01g0510500",1257,1138,1009,1231,1131,1151
"Os01g0116900",1814,1819,1302,2053,2328,2561
"Os01g0934900",14,22,14,13,10,16
"Os01g0661000",131,121,136,152,106,121
"Os01g0362533",50,92,50,100,58,78
"Os01g0229600",81,37,39,88,124,367
"Os01g0833700",181,193,136,142,163,169
"Os01g0329800",664,514,451,497,302,359
"Os01g0205100",759,955,792,774,596,689
"Os01g0275900",1118,1780,996,1072,1111,1216
"Os01g0127450",67,56,66,98,73,92
"Os01g0570700",3318,4024,3394,3144,3174,2719
"Os01g0226600",115,125,74,117,116,55
"Os01g0881966",498,505,408,516,584,453
"Os01g0164800",46,42,21,33,14,13
"Os01g0837600",7713,5917,6453,9773,12979,7593
"Os01g0221700",1332,1090,1310,1623,1894,1874
"Os01g0290700",125,99,99,55,75,49
"Os01g0200400",224,237,166,126,148,221
"Os01g0976600",883,881,665,778,536,585
"Os01g0764300",314,363,308,254,224,290
"Os01g0228300",1339,1595,1152,1193,1089,837
"Os01g0727200",67,73,40,54,26,28
"Os01g0818400",346,349,272,302,349,287
"Os01g0351300",2129,2223,1984,2043,2273,2168
"Os01g0337160",58,113,94,179,261,220
"Os01g0620400",10,2,7,7,22,16
"Os01g0299300",36,85,78,69,62,71
"Os01g0700100",573,421,351,547,354,237
"Os01g0566100",5060,4390,4865,4084,6909,6165
"Os01g0742766",24,33,13,12,13,16
"Os01g0766966",50,54,47,59,118,107
"Os01g0938200",226,171,212,208,262,292
"Os01g0868900",12,22,10,11,10,0
"Os01g0911200",4925,5109,3759,3771,3613,3393
"Os01g0898800",689,793,612,705,1212,1399
"Os01g0898600",10,26,14,22,28,12
"Os01g0926400",38,23,28,17,13,9
"Os01g0929000",101,113,86,82,75,96
"Os01g0840700",410,399,350,382,372,351
"Os01g0839500",1657,1665,1373,2028,2484,2270
"Os01g0373800",182,203,124,58,34,50
"Os01g0176000",65,82,51,57,27,61
"Os01g0834200",3462,3381,2785,2686,2242,2456
"Os01g0868200",297,365,274,280,269,292
"Os01g0182100",200,306,208,340,450,253
"Os01g0904200",1716,1513,1510,1672,1649,1698
"Os01g0825500",111,82,100,159,122,166
"Os01g0833500",43,31,36,33,17,12
"Os01g0190400",46,37,8,52,32,22
"Os01g0901900",2995,2437,2416,3161,3544,3302
"Os01g0641050",12,8,6,7,13,15
"Os01g0134700",2927,5268,3214,3241,2562,1662
"Os01g0784000",188,178,196,182,151,196
"Os01g0275600",7275,6654,6490,7570,7789,7899
"Os01g0829400",44,60,76,144,132,141
"Os01g0779400",6704,6903,5811,6027,5710,5608
"Os01g0867900",2581,2388,3148,3330,4623,4110
"Os01g0734000",62,2,5,48,8,28
"Os01g0870500",86,96,193,264,398,452
"Os01g0762300",691,689,980,1511,2231,2181
"Os01g0689900",1248,1735,1165,1134,840,848
"Os01g0668200",98,87,89,86,85,121
"Os01g0341000",34,36,27,36,45,54
"Os01g0882400",168,230,110,99,65,114
"Os01g0610050",12,22,14,47,44,26
"Os01g0862300",2307,2242,1879,1900,1694,1704
"Os01g0836600",18,20,14,12,10,18
"Os01g0203300",169,116,133,117,127,171
"Os01g0686400",257,338,167,245,237,178
"Os01g0823300",1106,1331,1083,1264,878,1027
"Os01g0673800",3478,3751,3245,4055,4198,4290
"Os01g0172400",23123,28681,17871,16636,16685,13613
"Os01g0664200",126,66,44,59,22,10
"Os01g0338200",3063,2896,2356,2192,2322,2390
"Os01g0795300",84,69,44,52,27,22
"Os01g0860900",14,18,14,6,19,28
"Os01g0760400",145,214,137,138,135,90
"Os01g0532700",136,119,112,177,160,191
"Os01g0724700",15,23,2,28,14,8
"Os01g0153700",103,212,140,172,169,165
"Os01g0624500",5898,5473,4206,4271,4966,4134
"Os01g0279800",1102,1008,846,1187,1125,1180
"Os01g0842200",14657,11289,13512,13983,20191,20572
"Os01g0745300",1153,1216,1567,1838,2317,1998
"Os01g0392100",776,962,648,857,669,692
"Os01g0535400",514,559,452,515,606,602
"Os01g0915350",1421,1177,1172,1469,1419,1562
"Os01g0810200",193,177,207,216,230,264
"Os01g0283100",2276,2538,1865,2100,2298,1968
"Os01g0709400",743,776,653,718,678,737
"Os01g0511300",1267,1138,879,955,942,854
"Os01g0829000",1902,1426,1468,2162,1955,2104
"Os01g0235800",1415,1316,1260,1349,1598,1352
"Os01g0589500",2153,2203,1917,2087,2013,2195
"Os01g0942900",747,728,585,585,405,454
"Os01g0298400",80,70,29,76,61,52
"Os01g0519100",122,166,125,147,194,161
"Os01g0924500",19,14,15,19,11,14
"Os01g0660900",169,236,185,244,265,301
"Os01g0372700",47,65,46,53,26,41
"Os01g0885700",107,129,62,18,8,6
"Os01g0208600",3766,3447,2970,2924,2910,3237
"Os01g0284900",300,273,174,203,122,138
"Os01g0612600",6115,6859,5982,7138,8641,7592
"Os01g0754100",1381,1549,1025,1400,1648,1590
"Os01g0150800",37,23,57,52,50,25
"Os01g0916350",49,16,14,20,50,31
"Os01g0550300",23032,24489,18455,22234,15854,16868
"Os01g0207200",18,30,14,28,14,20
"Os01g0167700",75,65,40,67,60,65
"Os01g0331100",21,27,25,64,20,34
"Os01g0844400",685,913,567,551,449,512
"Os01g0619900",290,103,473,383,682,568
"Os01g0558500",2126,1873,1566,1651,2091,2051
"Os01g0589300",2735,3036,2207,2758,2760,2607
"Os01g0824000",26,46,24,52,59,30
"Os01g0801700",981,894,740,838,903,898
"Os01g0314100",2871,2087,1924,1583,1380,1719
"Os01g0147900",20,23,12,17,25,28
"Os01g0705700",4,21,18,11,7,4
"Os01g0182600",17161,15777,16150,14135,18551,17699
"Os01g0813400",5788,6706,5123,5413,5456,5193
"Os01g0623200",458,270,328,420,243,341
"Os01g0830300",141,195,174,151,193,196
"Os01g0655400",4260,3999,4020,3826,4453,4576
"Os01g0649200",1223,1564,1074,953,690,540
"Os01g0156300",13,12,8,14,16,16
"Os01g0858900",833,769,734,1039,1227,1559
"Os01g0678100",174,170,149,355,578,933
"Os01g0919400",5833,6614,6011,8207,10651,9196
"Os01g0627933",4814,5638,4869,5220,6426,5008
"Os01g0546900",523,526,434,422,353,391
"Os01g0902200",779,585,738,977,1088,1069
"Os01g0773200",1792,1627,1414,1572,1490,1475
"Os01g0978400",163,207,250,356,457,535
"Os01g0223200",435,382,416,539,389,344
"Os01g0235100",721,694,546,904,709,798
"Os01g0649900",19,12,7,15,2,45
"Os01g0618900",262,177,206,451,501,470
"Os01g0195000",742,1012,742,1040,911,781
"Os01g0749200",3647,2773,2859,4686,5079,5318
"Os01g0846400",55,18,28,56,65,160
"Os01g0859500",183,135,194,249,329,184
"Os01g0528000",106,107,99,132,137,122
"Os01g0301000",606,521,467,474,521,455
"Os01g0706100",86,50,71,92,48,85
"Os01g0925400",417,530,393,433,353,467
"Os01g0612500",20,18,19,35,13,34
"Os01g0289600",2877,4556,2738,1975,1664,1303
"Os01g0788900",62,91,73,66,85,91
"Os01g0676200",798,822,982,1145,1827,1914
"Os01g0645200",7180,7150,5772,7716,6565,5524
"Os01g0853800",604,1043,835,840,950,925
"Os01g0654300",395,373,305,357,362,400
"Os01g0144700",255,192,192,190,296,286
"Os01g0180300",4580,3576,4676,5109,6671,7585
"Os01g0132766",262,306,286,435,486,447
"Os01g0617500",5319,4048,3925,4241,4069,3857
"Os01g0507500",1989,2390,2048,2046,2341,2262
"Os01g0882500",1660,2510,3427,4891,8395,7686
"Os01g0147200",3303,3182,2850,2711,3311,2955
"Os01g0839300",557,575,493,470,342,344
"Os01g0221100",849,854,913,994,2311,1784
"Os01g0286900",63,52,67,81,111,70
"Os01g0148700",800,1045,733,993,1082,895
"Os01g0229100",1755,1803,1517,1751,1513,1609
"Os01g0287400",28,27,29,24,40,31
"Os01g0176050",8,12,14,6,17,6
"Os01g0363300",204,169,240,490,805,999
"Os01g0158100",177,172,165,183,258,365
"Os01g0971700",2596,3009,2788,2809,3232,3133
"Os01g0199400",235,169,189,193,181,145
"Os01g0646400",71,100,68,65,60,91
"Os01g0276600",91,113,126,101,128,132
"Os01g0118066",447,305,296,360,309,397
"Os01g0744000",41,46,39,40,63,54
"Os01g0864500",2088,3198,2085,1897,1021,818
"Os01g0610700",766,877,673,759,699,646
"Os01g0627800",532,594,128,330,0,312
"Os01g0572700",330,467,394,383,520,472
"Os01g0888300",222,210,317,250,354,381
"Os01g0355600",3140,3086,2275,2464,2133,1911
"Os01g0690600",924,1034,597,546,303,274
"Os01g0151600",1279,893,801,766,954,904
"Os01g0896800",3592,3842,2572,3239,2724,2749
"Os01g0915300",1165,884,931,1193,1322,1272
"Os01g0777200",2300,1237,1850,2053,2576,2020
"Os01g0771350",341,332,293,285,259,260
"Os01g0804200",1227,1994,1208,1289,995,684
"Os01g0648500",204,166,177,287,333,333
"Os01g0935700",1879,2064,1486,1583,1248,1286
"Os01g0885000",414,502,464,348,322,279
"Os01g0720800",568,643,756,328,369,409
"Os01g0218900",947,1027,797,852,1044,1101
"Os01g0810100",1090,869,888,1092,1006,1084
"Os01g0766900",368,291,287,333,354,403
"Os01g0585200",40,87,34,37,8,6
"Os01g0909000",11,15,8,15,5,17
"Os01g0784750",28,21,19,29,8,8
"Os01g0897000",262,295,310,386,507,419
"Os01g0776700",2576,3118,2514,2911,3150,3008
"Os01g0910200",173,151,182,254,259,321
"Os01g0191200",734,231,2986,6467,15196,18043
"Os01g0973400",4042,3218,3457,5669,6221,6332
"Os01g0142100",4268,3668,4361,6271,6490,6292
"Os01g0935400",11,28,9,18,29,36
"Os01g0186200",906,742,1136,726,1434,1371
"Os01g0339600",22,31,31,52,33,32
"Os01g0512100",2301,2109,1821,1865,1988,2032
"Os01g0350900",2875,3265,3167,3315,4101,3732
"Os01g0144800",38,61,22,37,35,32
"Os01g0818000",1934,1764,1569,2154,1901,1981
"Os01g0599550",1169,916,1009,1624,1630,1646
"Os01g0246100",3436,2682,2878,2772,2966,3114
"Os01g0267300",18,20,6,8,18,34
"Os01g0727500",348,298,323,184,168,120
"Os01g0971400",40,12,6,17,4,16
"Os01g0521400",2077,1592,1472,1407,1277,1269
"Os01g0964800",637,517,476,490,413,489
"Os01g0882200",81,103,146,254,340,231
"Os01g0678000",360,553,307,608,503,518
"Os01g0620900",14,28,18,18,4,0
"Os01g0752100",639,863,626,774,698,490
"Os01g0969100",165,187,106,118,93,112
"Os01g0162400",9,17,9,8,25,18
"Os01g0734200",150,157,98,93,100,109
"Os01g0961300",642,572,810,827,811,736
"Os01g0927900",860,756,594,905,752,792
"Os01g0228500",33,6,18,13,54,19
"Os01g0660300",817,1146,747,537,209,98
"Os01g0126600",161,180,170,165,173,117
"Os01g0533500",397,333,479,499,583,518
"Os01g0853400",3866,4515,3358,3651,3640,3537
"Os01g0588400",40,74,21,30,29,23
"Os01g0582400",1889,1928,1640,1900,1970,2142
"Os01g0183850",14,19,9,22,12,15
"Os01g0870300",243,198,249,268,286,270
"Os01g0275950",245,319,234,307,266,262
"Os01g0220200",3191,2805,2351,2766,1937,1515
"Os01g0519400",758,750,774,1224,1218,1182
"Os01g0808900",39,67,69,55,74,36
"Os01g0151200",15024,12539,13987,16291,17943,17755
"Os01g0845100",80,97,62,58,18,30
"Os01g0923200",52,17,14,40,29,55
"Os01g0138600",105,97,98,102,94,92
"Os01g0801800",39,28,56,31,20,64
"Os01g0284700",804,907,690,807,615,658
"Os01g0571166",85,33,85,43,113,81
"Os01g0887400",421,396,385,670,636,631
"Os01g0113000",36,16,22,28,37,26
"Os01g0267900",2569,3460,2218,1972,2082,1608
"Os01g0691700",2096,2307,1869,2037,1911,1954
"Os01g0755100",2408,2193,1879,1841,1951,1863
"Os01g0281400",6637,7369,5809,5422,5082,5403
"Os01g0897800",8712,7379,6523,7192,6828,6939
"Os01g0169800",381,516,478,689,506,332
"Os01g0833200",2292,2473,2066,2476,3044,2620
"Os01g0570601",6,12,26,4,19,12
"Os01g0600900",241,717,336,444,692,854
"Os01g0550000",4708,4545,3851,4262,4310,3763
"Os01g0622033",453,419,294,244,255,245
"Os01g0859600",2021,2191,1603,1725,1461,1151
"Os01g0938400",7,4,10,12,38,8
"Os01g0309900",2289,2141,2158,2283,2700,2774
"Os01g0259200",5353,5714,4260,4372,4234,4494
"Os01g0590900",1017,1075,1067,1106,1118,1102
"Os01g0376600",34,16,57,3,6,0
"Os01g0702450",19,10,14,11,2,9
"Os01g0871800",389,262,447,216,232,318
"Os01g0267100",3305,2899,2900,3589,4075,3959
"Os01g0679000",1294,950,981,1042,1046,867
"Os01g0778800",16830,20923,12328,9517,6056,4611
"Os01g0961600",1213,1076,1026,1033,1107,971
"Os01g0627500",154,95,57,86,40,64
"Os01g0911800",2805,2336,2133,2253,2529,2880
"Os01g0170900",8,2,10,22,12,13
"Os01g0949750",551,1007,622,565,388,290
"Os01g0823400",28,18,26,43,26,27
"Os01g0168300",516,608,461,508,485,481
"Os01g0182900",960,1151,830,1158,952,977
"Os01g0861900",179,216,179,240,350,307
"Os01g0209400",896,1112,776,913,633,678
"Os01g0118700",1242,1591,1242,1137,1233,1120
"Os01g0810401",174,164,165,209,188,213
"Os01g0143900",641,1024,493,460,330,188
"Os01g0862600",113,106,136,111,143,145
"Os01g0589800",532,512,712,698,886,984
"Os01g0348900",114,16,10,10,8,0
"Os01g0619000",2112,2407,2186,2172,2736,2463
"Os01g0184900",8013,7714,6578,7259,7822,7392
"Os01g0135600",176,257,219,322,477,420
"Os01g0960400",2474,2786,2132,1915,1797,1420
"Os01g0900900",763,683,758,1182,1419,1265
"Os01g0149400",7,10,11,11,23,8
"Os01g0265800",2161,2456,2092,2155,2272,2275
"Os01g0880400",519,518,516,689,624,641
"Os01g0901500",372,435,470,341,509,453
"Os01g0558600",8767,9309,6133,6343,5415,5087
"Os01g0116901",174,272,163,181,185,226
"Os01g0894300",2846,2998,2417,2783,2837,2753
"Os01g0567400",1058,1489,1192,1120,2008,1313
"Os01g0237000",13,4,10,3,13,28
"Os01g0172600",25,28,10,9,24,12
"Os01g0946300",14,9,10,19,6,23
"Os01g0694400",159,138,144,136,140,147
"Os01g0666600",414,525,345,406,392,440
"Os01g0560000",3071,3166,2377,2589,2624,2465
"Os01g0692200",11,15,15,17,32,21
"Os01g0652600",4787,4390,4168,5062,5701,4880
"Os01g0105400",110,138,90,121,203,160
"Os01g0500900",495,451,396,623,486,600
"Os01g0886500",1390,1492,1201,1110,1369,1308
"Os01g0605300",63,64,52,42,60,48
"Os01g0498300",211,370,243,170,61,47
"Os01g0673500",1523,1731,1489,1625,1576,1518
"Os01g0673300",176,317,203,189,254,241
"Os01g0816100",1377,2015,1761,634,283,190
"Os01g0639600",946,1677,838,819,429,581
"Os01g0268900",638,756,863,1014,1301,1195
"Os01g0219300",59,60,36,50,33,30
"Os01g0342800",61,112,87,127,98,163
"Os01g0757800",1534,1420,1459,1541,1679,1527
"Os01g0781100",368,207,116,235,75,102
"Os01g0926800",7905,13219,6448,6496,3765,3087
"Os01g0815900",18,12,16,3,13,7
"Os01g0104100",3683,3669,2946,3484,3421,3649
"Os01g0279400",308,391,391,399,332,447
"Os01g0745000",73,104,168,124,103,6
"Os01g0637500",128,100,77,95,117,90
"Os01g0933400",347,272,446,388,334,364
"Os01g0605400",28,20,19,23,7,12
"Os01g0209000",1668,1636,1507,1879,1670,1639
"Os01g0873300",68,33,98,122,221,163
"Os01g0182400",230,206,98,114,112,102
"Os01g0137300",135,100,116,113,142,108
"Os01g0706400",4802,4808,4055,3551,3658,3320
"Os01g0158400",111,99,96,111,150,122
"Os01g0522400",1585,4404,1997,1256,126,5
"Os01g0959000",1788,1910,1746,1972,2460,2132
"Os01g0601625",901,1205,743,986,748,1058
"Os01g0694300",1631,1560,1418,1506,1712,1396
"Os01g0539900",986,1188,1097,1243,1199,989
"Os01g0773800",44,102,127,51,16,15
"Os01g0610100",2456,2834,2027,2281,1918,1989
"Os01g0872700",6618,6489,6097,6363,6516,6090
"Os01g0113350",130,104,83,100,87,93
"Os01g0740350",2,0,1,11,14,22
"Os01g0391500",865,781,806,955,1047,986
"Os01g0178000",4040,3829,3200,3331,3813,3169
"Os01g0719100",1472,1093,1805,3073,5054,2804
"Os01g0174300",1019,1028,732,559,520,440
"Os01g0784600",491,439,505,619,760,793
"Os01g0184800",546,769,525,538,635,569
"Os01g0974400",841,1774,1115,975,767,806
"Os01g0763200",1550,1407,1878,2020,1955,2820
"Os01g0259900",209,137,128,205,262,194
"Os01g0783900",397,328,405,340,388,429
"Os01g0714600",1917,3495,2564,1913,1271,1121
"Os01g0757051",36,26,40,28,38,43
"Os01g0674500",1900,1936,1776,1631,2293,1779
"Os01g0588900",9651,9969,13400,11040,20287,15863
"Os01g0610500",537,560,533,516,465,650
"Os01g0219200",10,27,24,24,21,19
"Os01g0338150",388,510,289,327,370,336
"Os01g0781700",101,88,60,48,58,43
"Os01g0681900",10315,9582,7880,6183,4605,3755
"Os01g0553400",524,522,405,557,473,537
"Os01g0276800",5049,4616,4086,4424,4000,3940
"Os01g0587000",4763,5235,3364,3488,3163,3100
"Os01g0136500",40,57,61,42,30,31
"Os01g0580500",18,19,12,24,4,2
"Os01g0204000",266,264,204,350,321,355
"Os01g0246400",32,14,5,6,5,12
"Os01g0731800",90,67,62,88,120,118
"Os01g0606050",179,164,154,197,145,145
"Os01g0874100",1675,2303,1474,1749,1767,1442
"Os01g0738800",30,41,34,30,9,19
"Os01g0175100",1722,3156,2556,2870,3284,2886
"Os01g0136450",398,448,337,257,278,261
"Os01g0103700",285,316,226,209,188,252
"Os01g0604100",219,339,279,356,304,328
"Os01g0972000",249,356,357,324,278,291
"Os01g0940000",203,178,183,205,197,138
"Os01g0360200",131,75,157,267,254,295
"Os01g0279900",1325,1419,1274,1461,1701,1671
"Os01g0115533",76,88,58,91,88,97
"Os01g0874900",3316,3439,3139,2565,4731,4634
"Os01g0746200",1806,1757,1641,1612,1795,1738
"Os01g0973000",12,6,0,30,6,10
"Os01g0507700",930,934,1227,1654,2177,2227
"Os01g0233000",3321,2529,2341,2879,4638,4280
"Os01g0779300",334,423,325,407,441,495
"Os01g0938100",831,556,1034,1201,1572,1330
"Os01g0166300",184,117,152,100,135,147
"Os01g0290650",27,32,16,35,26,41
"Os01g0155000",34,24,18,12,6,4
"Os01g0923900",1195,1159,910,1111,1155,1352
"Os01g0951000",2670,2573,2634,3011,3226,3138
"Os01g0867100",710,596,584,686,662,751
"Os01g0695700",47,57,40,65,97,77
"Os01g0613300",765,1000,831,1147,1448,1325
"Os01g0101200",1161,1090,1523,3218,5100,5150
"Os01g0699600",122,241,313,130,20,20
"Os01g0545900",82,63,52,40,70,56
"Os01g0705500",92,106,81,109,120,160
"Os01g0759400",52,40,24,35,26,21
"Os01g0176700",67,107,86,87,92,92
"Os01g0102800",857,866,692,823,759,668
"Os01g0205200",400,290,311,536,550,352
"Os01g0863166",612,769,872,768,868,764
"Os01g0772400",892,902,636,632,574,629
"Os01g0851300",12,14,10,12,4,8
"Os01g0737200",19,14,6,7,22,18
"Os01g0254900",3275,3144,2560,2782,2630,2656
"Os01g0958400",811,991,769,904,759,829
"Os01g0770700",47,85,38,39,69,49
"Os01g0158900",764,884,781,764,810,676
"Os01g0934000",1219,1515,1176,1443,1524,1158
"Os01g0723600",1344,1519,1490,673,94,89
"Os01g0672700",1619,1387,1369,1403,1391,1381
"Os01g0930200",9829,10900,9219,7727,8306,8155
"Os01g0135900",1013,1397,940,757,707,727
"Os01g0905800",10659,12125,9078,11282,12989,11031
"Os01g0910500",793,1367,783,1200,3256,2497
"Os01g0292900",12084,13015,10047,8436,7950,7609
"Os01g0664500",1265,1123,846,1173,910,1037
"Os01g0690200",48,76,54,120,116,89
"Os01g0298301",122,218,128,120,194,84
"Os01g0207400",138,143,138,255,543,476
"Os01g0966400",2925,2815,2444,2605,2365,2188
"Os01g0115800",133,223,130,164,138,133
"Os01g0275300",846,688,694,668,844,1165
"Os01g0825700",1953,1752,1700,1493,1578,1474
"Os01g0733200",465,491,673,425,789,655
"Os01g0921300",725,664,643,716,771,875
"Os01g0337700",347,316,293,329,476,552
"Os01g0848700",9,4,18,11,15,15
"Os01g0742100",621,647,533,652,666,753
"Os01g0763700",212,90,319,630,1018,983
"Os01g0128800",3052,3381,2629,2536,1765,1887
"Os01g0388200",84,106,127,215,244,156
"Os01g0330100",12,6,8,10,4,20
"Os01g0773700",15771,18644,20197,26136,38703,37500
"Os01g0314300",1688,1562,1156,1274,1098,1062
"Os01g0722100",270,273,190,336,327,356
"Os01g0546800",491,724,625,733,846,827
"Os01g0713900",73,45,61,41,36,45
"Os01g0708100",52,69,33,34,61,60
"Os01g0510701",123,120,90,158,96,79
"Os01g0126401",66,88,43,42,66,42
"Os01g0723400",3936,5139,3856,2779,2350,2084
"Os01g0185500",97,111,90,65,179,179
"Os01g0102900",25496,30286,35477,48118,72259,69828
"Os01g0323000",30,42,26,38,36,26
"Os01g0260100",136,79,106,162,97,54
"Os01g0739000",1576,1747,1279,1373,1133,1174
"Os01g0205500",24,19,15,18,13,15
"Os01g0822200",2073,1946,1285,1252,882,937
"Os01g0966100",2699,2896,2318,2034,2113,1917
"Os01g0518400",60,41,27,37,10,24
"Os01g0355800",74,112,84,103,59,64
"Os01g0917400",2468,2415,3672,4042,5088,4575
"Os01g0869800",4225,4891,5847,6543,9870,8557
"Os01g0559750",135,155,116,211,164,182
"Os01g0522100",91,336,188,82,17,1
"Os01g0351100",108,79,91,139,128,87
"Os01g0123900",1129,945,2654,2779,3380,4289
"Os01g0850550",1546,3331,1147,1323,401,165
"Os01g0147700",1406,1280,964,1373,1272,1417
"Os01g0546400",2,7,8,66,37,58
"Os01g0256400",328,436,368,439,486,413
"Os01g0170800",188,209,177,165,170,183
"Os01g0259933",351,303,258,673,505,194
"Os01g0316500",393,434,375,533,463,455
"Os01g0355900",2253,2221,1901,1966,2638,2411
"Os01g0201700",10,8,6,24,25,42
"Os01g0367700",938,1379,894,919,1260,1149
"Os01g0901000",114,112,131,119,142,133
"Os01g0748100",131,78,114,155,179,227
"Os01g0185900",121,178,116,60,33,26
"Os01g0908800",426,423,459,419,445,413
"Os01g0906200",1529,1831,1385,1466,1651,1837
"Os01g0176100",236,249,219,241,217,206
"Os01g0802200",66,30,44,52,24,50
"Os01g0856900",1090,1044,1008,1479,1941,1818
"Os01g0254200",1844,2251,1726,1617,1449,1205
"Os01g0776300",371,417,397,468,543,432
"Os01g0876400",2049,1755,1223,1078,722,878
"Os01g0299150",17,6,10,12,31,15
"Os01g0623500",927,1204,925,762,705,783
"Os01g0611100",57,77,38,32,28,11
"Os01g0692000",60,30,20,70,14,38
"Os01g0698900",27,30,30,14,18,22
"Os01g0170000",8,17,18,8,14,5
"Os01g0675500",3587,3573,3187,3029,3058,2820
"Os01g0824600",274,319,216,257,219,242
"Os01g0951400",783,890,812,856,727,644
"Os01g0776400",876,940,785,715,748,856
"Os01g0168200",1000,977,680,850,770,771
"Os01g0666950",1792,2056,1668,1805,1985,1864
"Os01g0521200",416,360,407,276,278,276
"Os01g0862800",175,190,373,233,95,213
"Os01g0891700",52,56,42,35,17,16
"Os01g0159300",3589,3794,3021,2598,2626,2322
"Os01g0966000",7633,6883,7446,7327,7489,7816
"Os01g0224100",8,22,12,6,16,10
"Os01g0956800",111,126,74,92,52,16
"Os01g0618700",19,51,49,26,12,2
"Os01g0232300",2397,1881,1771,2677,2365,2163
"Os01g0957900",1064,1059,769,955,704,823
"Os01g0607200",261,281,198,212,132,81
"Os01g0359600",409,333,414,456,540,475
"Os01g0571300",51,34,18,30,22,44
"Os01g0144200",45,77,44,52,86,51
"Os01g0556400",1642,2366,1759,1886,2186,1908
"Os01g0865600",2770,2132,2075,2161,2260,2264
"Os01g0511000",629,394,585,588,1451,839
"Os01g0873900",2980,3526,2429,2290,2477,2077
"Os01g0258100",86,47,49,40,38,74
"Os01g0581900",354,325,258,297,308,298
"Os01g0744300",2380,2622,1917,2376,2270,2306
"Os01g0276200",741,677,403,419,341,253
"Os01g0638000",594,627,140,336,4,464
"Os01g0618100",720,875,714,837,906,772
"Os01g0337500",733,1152,493,477,263,129
"Os01g0635550",250,304,280,330,214,198
"Os01g0976700",1165,1032,831,1078,797,863
"Os01g0121300",31,39,26,46,27,47
"Os01g0264000",287,237,220,268,415,314
"Os01g0809300",6992,9162,6392,6297,6418,5587
"Os01g0952500",730,1149,680,2053,313,304
"Os01g0788400",128,110,66,76,32,64
"Os01g0885500",105,152,73,166,104,156
"Os01g0672166",24,16,38,42,40,33
"Os01g0513500",112,118,104,91,77,70
"Os01g0716300",35,20,13,14,40,24
"Os01g0646800",904,887,937,1036,987,1073
"Os01g0656900",165,153,124,75,93,133
"Os01g0971200",5668,6160,5100,4398,4304,4222
"Os01g0844900",79,72,55,65,71,68
"Os01g0966700",119,118,101,120,111,101
"Os01g0197450",30,42,16,52,39,40
"Os01g0241000",134,175,158,178,157,310
"Os01g0796000",379,643,419,372,235,146
"Os01g0748600",2710,2483,1977,1814,2051,1908
"Os01g0140400",21,25,26,31,36,22
"Os01g0631700",141,60,265,410,712,672
"Os01g0274800",174,141,100,182,54,37
"Os01g0617800",406,442,471,356,353,420
"Os01g0301300",93,96,73,66,78,81
"Os01g0222600",3235,3242,3575,3588,6673,6033
"Os01g0977600",5817,5156,4750,5093,4720,4574
"Os01g0259400",135,71,87,87,67,92
"Os01g0607600",62,50,79,34,52,105
"Os01g0158000",1525,1535,1400,1530,1222,1344
"Os01g0846600",221,248,182,266,263,292
"Os01g0722800",896,1206,862,963,981,842
"Os01g0894700",1721,1660,1988,2863,3503,3183
"Os01g0667900",1199,1600,1328,1028,985,1087
"Os01g0542700",200,211,132,131,129,134
"Os01g0618200",1245,1028,1476,1595,2038,2033
"Os01g0141600",1286,1165,1129,1566,2033,1665
"Os01g0858700",375,447,327,428,411,328
"Os01g0290000",12617,12697,10567,12969,12915,13428
"Os01g0916000",543,1339,744,489,371,79
"Os01g0618500",896,892,687,731,789,774
"Os01g0510200",524,488,308,238,21,208
"Os01g0310800",1296,1354,1184,1164,1295,1050
"Os01g0738900",198,246,280,246,299,341
"Os01g0835700",64,64,116,118,170,190
"Os01g0215750",40,69,54,127,96,30
"Os01g0875700",88,98,71,101,86,95
"Os01g0612700",395,447,412,512,602,504
"Os01g0953000",12,9,11,26,12,11
"Os01g0843432",21,28,4,21,18,29
"Os01g0112100",111,74,55,57,32,54
"Os01g0848900",481,295,315,296,206,162
"Os01g0718300",743,483,1023,994,1027,940
"Os01g0723700",128,51,106,103,99,84
"Os01g0920200",1226,1115,1014,945,1190,1056
"Os01g0578500",157,152,131,194,171,212
"Os01g0369700",466,455,258,279,151,109
"Os01g0811400",160,181,155,212,200,208
"Os01g0138100",17,5,8,15,12,14
"Os01g0775400",30,18,32,26,56,20
"Os01g0940600",827,623,783,982,1566,1380
"Os01g0511200",958,976,713,726,750,789
"Os01g0268300",3995,3042,3213,4010,4018,3675
"Os01g0575000",13097,11916,9959,9840,10661,10511
"Os01g0686000",16,11,9,14,12,18
"Os01g0748000",80,37,88,81,81,102
"Os01g0683100",917,799,819,984,1228,1290
"Os01g0857300",469,297,258,325,277,359
"Os01g0887100",332,431,343,364,209,233
"Os01g0349600",1625,1480,1740,2153,3172,2870
"Os01g0306800",6377,4175,4450,7419,8104,7589
"Os01g0682500",7538,7373,6652,8964,10153,9149
"Os01g0514450",4,5,10,18,8,15
"Os01g0819900",5796,6292,5404,5469,5898,6004
"Os01g0661400",515,522,388,536,387,460
"Os01g0113500",246,208,146,276,157,108
"Os01g0254100",13177,13405,12844,12069,14825,12223
"Os01g0821300",121,212,301,123,63,104
"Os01g0651100",155,151,145,118,177,134
"Os01g0364100",269,255,241,233,229,177
"Os01g0727100",52,30,16,28,22,0
"Os01g0696800",12,20,40,36,54,76
"Os01g0803200",19518,23281,15260,13773,10078,8044
"Os01g0170100",200,223,203,212,229,191
"Os01g0824800",1492,2943,1285,1432,1023,659
"Os01g0287600",125,150,103,133,165,192
"Os01g0273500",1543,1590,1412,1250,1459,1214
"Os01g0832900",424,477,285,224,168,267
"Os01g0113200",183,89,132,72,116,72
"Os01g0962400",1369,1675,1103,1296,1285,1170
"Os01g0114550",318,394,256,242,227,258
"Os01g0191700",5687,6322,4942,4176,3159,2265
"Os01g0160700",11,11,13,18,35,18
"Os01g0549500",76,109,75,71,154,97
"Os01g0366300",13,20,40,8,16,13
"Os01g0821600",379,658,695,613,475,564
"Os01g0224400",298,412,282,295,286,263
"Os01g0873200",1155,648,1724,2528,4439,4387
"Os01g0607400",6484,6119,5475,6135,5942,5854
"Os01g0615200",38,32,42,23,25,19
"Os01g0547200",1256,1039,1060,949,1024,974
"Os01g0776600",754,903,572,661,473,435
"Os01g0771900",164,120,159,195,166,262
"Os01g0269900",157,191,160,166,121,206
"Os01g0919700",3405,2925,3509,4237,4787,4718
"Os01g0369600",868,715,653,913,874,862
"Os01g0367900",1386,1124,723,750,1059,748
"Os01g0206200",138,209,185,182,177,210
"Os01g0783500",1245,1299,914,1137,1072,1086
"Os01g0844300",122,45,16,51,6,54
"Os01g0377700",1120,1332,930,1401,1293,1396
"Os01g0328500",578,507,425,481,473,434
"Os01g0152950",455,603,503,574,736,726
"Os01g0925000",1485,1431,1357,1579,1363,1647
"Os01g0810833",10,11,7,10,2,4
"Os01g0707500",68,65,58,116,64,209
"Os01g0499300",1901,1896,1623,1704,1928,1767
"Os01g0626400",226,323,235,203,163,56
"Os01g0770500",317,338,271,333,312,354
"Os01g0185350",22,12,7,10,8,11
"Os01g0278900",3378,3481,3900,5730,7214,6816
"Os01g0896700",11277,11964,9590,10422,8887,8192
"Os01g0918200",770,763,644,506,275,490
"Os01g0281600",2,4,22,0,32,24
"Os01g0556700",27,18,64,37,77,113
"Os01g0169500",3962,4317,3541,3719,3441,3295
"Os01g0110500",13,14,16,35,24,27
"Os01g0109700",14349,11976,9752,10721,9487,9772
"Os01g0286000",455,451,458,471,542,531
"Os01g0832300",169,167,174,118,120,123
"Os01g0251000",1172,1052,895,1253,1178,1218
"Os01g0661500",1939,1219,1202,1455,1563,1588
"Os01g0127600",24,14,76,22,12,26
"Os01g0137500",186,151,139,110,84,126
"Os01g0730200",343,610,392,474,492,411
"Os01g0802000",197,197,223,216,239,224
"Os01g0149800",2027,2511,1557,1981,2748,2394
"Os01g0868000",239,180,234,220,192,227
"Os01g0698000",1010,1015,1016,1300,1030,1263
"Os01g0750900",84,153,107,117,122,108
"Os01g0510800",2352,2040,2047,2213,2315,2287
"Os01g0673700",44,78,49,81,82,105
"Os01g0300200",4613,4775,3621,3598,3555,3265
"Os01g0143800",4552,4517,3652,4775,4882,4635
"Os01g0663800",8491,8058,7773,9190,12299,10468
"Os01g0186900",66,82,92,122,32,137
"Os01g0112500",3052,3783,2575,2372,2556,2549
"Os01g0672500",1421,1163,813,984,561,647
"Os01g0705300",2059,1955,1530,2446,2294,2486
"Os01g0117200",198,326,114,774,2061,3594
"Os01g0271200",311,265,208,232,266,238
"Os01g0972200",36,18,16,34,22,10
"Os01g0913800",541,574,489,431,517,495
"Os01g0166800",413,514,284,654,721,594
"Os01g0720200",36,32,13,23,28,23
"Os01g0772700",2643,2248,1964,2158,2135,2203
"Os01g0603300",509,774,681,1427,1782,1680
"Os01g0976200",2,4,6,16,28,18
"Os01g0951500",1239,1796,1410,1345,1590,1294
"Os01g0962100",821,464,562,476,595,997
"Os01g0883200",2343,2192,1877,1858,1880,1984
"Os01g0264900",210,276,222,245,219,276
"Os01g0252200",328,362,306,351,423,408
"Os01g0963000",13663,21413,15674,13060,5597,1988
"Os01g0749100",290,234,297,208,192,186
"Os01g0271000",346,398,330,397,382,408
"Os01g0873700",1463,1518,1285,1467,1309,1441
"Os01g0768600",589,440,591,520,495,541
"Os01g0328900",159,176,129,168,214,134
"Os01g0172200",620,743,545,656,677,620
"Os01g0819233",135,105,87,101,90,95
"Os01g0667700",187,242,224,257,298,269
"Os01g0585700",4660,4203,3732,3850,4236,4060
"Os01g0682200",690,870,643,614,651,622
"Os01g0202500",125,109,219,114,152,159
"Os01g0836800",7530,10132,6626,6317,6956,7092
"Os01g0303000",13518,13068,11801,13619,18472,17661
"Os01g0601700",1003,1172,814,749,808,623
"Os01g0922700",62,117,72,80,156,119
"Os01g0390600",481,484,418,484,413,380
"Os01g0974500",166,212,122,136,93,108
"Os01g0391600",24,56,28,47,14,24
"Os01g0789100",182,243,136,184,128,169
"Os01g0601651",34,17,25,14,32,7
"Os01g0301900",10,27,22,24,55,60
"Os01g0604700",2987,3305,2313,2319,2193,2326
"Os01g0834500",1536,1551,1382,1172,1049,931
"Os01g0138900",2890,3104,2732,2901,2527,2342
"Os01g0195200",42,24,51,20,30,88
"Os01g0516600",1344,1700,1275,1346,1357,1197
"Os01g0728900",323,355,284,333,375,343
"Os01g0254850",68,71,45,39,49,80
"Os01g0694100",173,166,193,90,71,107
"Os01g0841700",681,1316,1119,818,478,278
"Os01g0851600",52,91,65,63,54,69
"Os01g0168100",2233,2213,2661,2703,2949,3390
"Os01g0117266",11,13,11,77,167,298
"Os01g0948600",4551,4671,3749,2570,1439,1274
"Os01g0616600",99,132,57,90,128,132
"Os01g0342750",321,137,207,60,26,38
"Os01g0521250",22,13,13,6,2,3
"Os01g0749900",1501,1520,1252,984,899,962
"Os01g0915800",1281,1704,1080,1153,865,821
"Os01g0322800",1226,1128,962,1061,1060,1006
"Os01g0976500",662,684,481,529,596,534
"Os01g0688000",47,20,18,37,12,20
"Os01g0361800",1197,994,969,1016,1111,1105
"Os01g0704400",1718,1728,2095,2294,3098,2857
"Os01g0142800",457,416,366,489,538,474
"Os01g0756300",28,7,15,24,4,3
"Os01g0919900",670,527,709,784,1222,1254
"Os01g0680700",2075,2541,2011,2658,3579,3220
"Os01g0837500",3026,2475,2283,2658,2716,2472
"Os01g0362100",1516,791,1239,1919,2567,2845
"Os01g0227100",10776,8098,9205,7100,8921,7244
"Os01g0764700",74,51,61,43,30,60
"Os01g0968700",1341,1554,1361,1178,1441,1353
"Os01g0253900",1446,1179,1196,819,983,809
"Os01g0761000",2075,1859,2520,3345,4392,3999
"Os01g0841600",198,137,105,109,76,128
"Os01g0951100",22,14,24,18,12,19
"Os01g0556800",51,35,30,19,22,22
"Os01g0125550",136,97,121,153,134,139
"Os01g0777900",95,56,78,42,10,16
"Os01g0797800",123,139,123,188,182,148
"Os01g0911000",1149,956,957,997,891,988
"Os01g0349400",2041,1969,1906,1486,1894,1830
"Os01g0827700",50,54,51,34,35,28
"Os01g0945300",29,32,14,53,56,82
"Os01g0916200",3197,3480,2892,2844,3526,3174
"Os01g0691050",227,303,180,193,141,147
"Os01g0228600",1371,1857,1610,1935,2381,2243
"Os01g0356951",2,14,8,14,17,2
"Os01g0145000",18,35,31,30,26,8
"Os01g0120400",770,912,656,791,556,501
"Os01g0911900",596,444,454,459,455,533
"Os01g0720400",279,357,371,250,325,360
"Os01g0812000",39,44,47,61,32,50
"Os01g0643800",70,56,45,83,67,108
"Os01g0847600",42,15,52,27,29,28
"Os01g0948100",489,439,450,518,704,613
"Os01g0243400",35,14,6,16,14,5
"Os01g0531000",510,531,453,491,460,531
"Os01g0978000",826,1057,733,942,998,923
"Os01g0225300",885,752,717,904,981,811
"Os01g0907300",1230,1254,1122,1164,1299,1244
"Os01g0526200",1118,947,846,1016,874,987
"Os01g0287700",279,298,237,301,298,301
"Os01g0859400",711,683,559,561,585,543
"Os01g0608400",84,64,46,55,22,32
"Os01g0931000",180,217,98,116,83,250
"Os01g0359400",1312,1318,1468,1893,1889,1510
"Os01g0107000",2472,2332,2157,2581,3228,2752
"Os01g0871900",613,699,846,511,1001,916
"Os01g0647800",288,351,232,277,255,325
"Os01g0635200",93,145,294,388,482,380
"Os01g0824700",99,126,94,87,90,121
"Os01g0872500",77,62,55,37,58,52
"Os01g0725400",444,728,346,317,96,49
"Os01g0265900",372,399,317,359,332,357
"Os01g0909500",1441,1302,1419,1186,1510,1295
"Os01g0226500",800,698,775,955,955,899
"Os01g0916600",1976,2094,1397,1339,1052,1045
"Os01g0659900",14,12,34,4,20,32
"Os01g0221800",417,384,448,546,638,606
"Os01g0293200",417,645,504,524,443,543
"Os01g0901700",775,724,490,422,386,341
"Os01g0343200",445,516,391,533,539,590
"Os01g0926600",184,235,212,276,231,233
"Os01g0260800",319,436,320,378,416,422
"Os01g0936100",2274,2485,2162,2142,2184,2288
"Os01g0118100",2385,2498,2055,2554,2137,2226
"Os01g0278000",101,58,51,133,79,150
"Os01g0757200",250,251,205,614,309,170
"Os01g0858350",332,670,478,412,333,242
"Os01g0837900",2302,2514,2010,2267,2127,2016
"Os01g0592900",618,483,529,673,690,642
"Os01g0973600",488,423,377,444,418,372
"Os01g0142500",820,836,602,827,836,795
"Os01g0500500",1518,1491,1284,1301,1632,1561
"Os01g0235300",446,524,411,477,518,504
"Os01g0738100",5,18,8,13,4,10
"Os01g0875400",1029,1101,875,1031,1226,1098
"Os01g0963600",14631,25409,10107,41773,47928,43140
"Os01g0866700",429,536,348,466,387,377
"Os01g0647850",802,717,615,857,730,778
"Os01g0359800",140,114,123,99,133,99
"Os01g0302800",263,326,277,314,451,414
"Os01g0718900",353,330,337,402,470,593
"Os01g0668901",1021,774,687,441,319,360
"Os01g0262600",581,533,491,525,511,1246
"Os01g0777101",383,381,348,290,309,378
"Os01g0737900",807,881,666,722,652,590
"Os01g0243450",32,14,10,28,24,42
"Os01g0798900",94,96,77,154,108,138
"Os01g0691600",2965,2979,2333,2703,2637,2448
"Os01g0919600",3687,3834,3991,4822,5875,6873
"Os01g0889400",8,18,11,12,0,10
"Os01g0912600",189,156,147,172,240,166
"Os01g0954400",2464,2889,2252,2510,2483,2411
"Os01g0783700",22,31,29,19,4,12
"Os01g0708400",773,934,768,786,777,759
"Os01g0711500",1279,1017,974,1140,1224,1050
"Os01g0331900",673,814,574,600,504,517
"Os01g0327000",61,109,107,52,10,10
"Os01g0886300",3176,3407,2868,2703,2225,1973
"Os01g0908500",3630,3605,2991,3598,3857,3527
"Os01g0880200",115,59,144,427,418,459
"Os01g0784900",96,126,105,129,188,135
"Os01g0243200",1018,1050,756,660,492,602
"Os01g0250600",748,793,621,757,621,784
"Os01g0865700",14,17,28,10,4,32
"Os01g0286600",1235,1051,1155,2289,2518,2645
"Os01g0785300",659,603,844,1023,1729,1734
"Os01g0583100",755,333,348,349,433,947
"Os01g0906425",16,15,13,10,16,18
"Os01g0975300",11331,12064,12675,13069,13627,4981
"Os01g0621700",908,1013,702,691,535,550
"Os01g0922800",2571,2629,2457,2651,2933,2473
"Os01g0970700",8510,8416,6570,6750,7443,7484
"Os01g0622300",1326,1115,1056,1262,1249,1330
"Os01g0354700",61,61,42,68,49,67
"Os01g0720700",2143,2074,2738,1533,3766,3037
"Os01g0897600",1374,1246,1014,1826,1822,1911
"Os01g0772150",69,47,39,64,80,82
"Os01g0149900",1035,897,718,729,623,703
"Os01g0779100",926,875,855,1063,602,617
"Os01g0152800",18,12,8,7,8,10
"Os01g0764600",1360,1190,1230,1448,1643,1998
"Os01g0786800",218,241,362,496,724,555
"Os01g0111900",182,158,212,182,263,366
"Os01g0846500",680,761,523,402,534,474
"Os01g0209200",153,142,93,131,99,84
"Os01g0902300",463,635,456,402,394,412
"Os01g0714800",256,366,414,53,18,8
"Os01g0826400",2629,3733,3079,1927,2010,1601
"Os01g0332100",4118,3835,4193,2888,3440,3935
"Os01g0161300",141,108,127,141,149,136
"Os01g0923800",32,20,14,10,20,18
"Os01g0888700",49,55,44,58,48,69
"Os01g0839100",96,46,20,28,2,16
"Os01g0796700",756,831,711,567,705,670
"Os01g0798100",3823,3237,3477,3297,2856,2661
"Os01g0286500",10,8,12,8,16,13
"Os01g0114300",1788,1762,1305,1780,2223,2263
"Os01g0270100",1909,2435,1359,1564,1361,1439
"Os01g0508300",195,281,258,340,187,258
"Os01g0223900",723,767,782,452,425,227
"Os01g0584800",430,543,363,426,313,401
"Os01g0181300",24,49,24,56,50,44
"Os01g0820800",633,850,862,832,1006,873
"Os01g0551400",45,27,22,25,26,24
"Os01g0346400",68,88,109,98,88,63
"Os01g0670200",24,18,6,36,27,17
"Os01g0675100",6471,8094,5446,7039,6138,5748
"Os01g0728400",1506,1415,1356,1371,1399,1418
"Os01g0279700",3782,3339,3092,4128,4907,5040
"Os01g0341750",7,4,6,14,30,50
"Os01g0721900",4364,4252,3457,4407,3874,4093
"Os01g0764950",69,58,60,34,80,57
"Os01g0933900",996,1467,1200,828,658,442
"Os01g0881900",1430,1118,1618,1668,2950,2380
"Os01g0970400",1487,1401,942,1054,954,1045
"Os01g0725000",181,194,140,230,200,185
"Os01g0665900",124,125,100,78,190,192
"Os01g0392800",982,898,951,1265,1258,1165
"Os01g0948200",762,967,738,778,362,260
"Os01g0748900",2655,2514,2246,1963,1894,1843
"Os01g0830700",4402,5706,4652,3408,3065,2264
"Os01g0532300",389,484,588,619,943,856
"Os01g0557500",1532,1389,1212,1642,1655,2112
"Os01g0265200",1497,1056,1042,1546,1464,1633
"Os01g0934300",2556,2713,2536,2515,2711,2713
"Os01g0615100",9994,7118,5367,2134,437,161
"Os01g0784450",28,10,17,30,23,10
"Os01g0819500",460,584,415,488,476,575
"Os01g0175850",41,50,18,37,16,71
"Os01g0956600",22,11,22,16,8,26
"Os01g0152900",1296,1423,1193,1496,1663,1498
"Os01g0869200",1268,2089,1233,1278,871,997
"Os01g0723100",94,113,76,163,216,179
"Os01g0765300",1464,1753,1349,1508,1538,1333
"Os01g0236700",1805,1575,1504,2012,2083,2346
"Os01g0960300",3115,2422,2358,3096,2808,3145
"Os01g0372350",149,147,119,150,153,196
"Os01g0806200",913,265,566,364,873,552
"Os01g0695300",783,681,553,794,771,1305
"Os01g0185250",20,10,16,8,11,12
"Os01g0753000",5033,5305,4548,4672,5531,4995
"Os01g0715400",3045,2295,2693,3420,4145,4370
"Os01g0222800",64,85,81,59,94,61
"Os01g0283400",36,18,9,8,22,11
"Os01g0232400",2193,2424,1904,1674,1582,1579
"Os01g0148400",679,633,554,664,762,802
"Os01g0144380",11,10,8,11,5,4
"Os01g0382700",2563,2150,2928,3291,4129,4387
"Os01g0113600",15,9,5,10,9,18
"Os01g0229300",298,240,217,279,216,230
"Os01g0276000",240,251,159,206,176,205
"Os01g0665750",436,550,314,262,274,213
"Os01g0289732",41,54,38,15,7,2
"Os01g0695900",20,30,2,29,4,8
"Os01g0707300",5341,6219,4386,4500,5021,4365
"Os01g0728300",256,217,120,107,6,39
"Os01g0894500",1562,2121,1582,1500,1525,1522
"Os01g0251100",729,729,478,610,559,594
"Os01g0236000",42,49,48,53,66,42
"Os01g0121100",2836,3675,2928,3114,3495,3155
"Os01g0812050",890,588,537,593,494,541
"Os01g0534700",176,104,134,117,113,94
"Os01g0794600",150,182,123,132,106,106
"Os01g0205700",709,781,599,701,791,760
"Os01g0132500",152,151,166,94,147,137
"Os01g0227800",436,323,941,1111,2326,3465
"Os01g0127300",2582,2562,2144,2446,2545,2509
"Os01g0747400",880,1000,734,804,735,763
"Os01g0590300",14,8,24,16,10,24
"Os01g0129500",73,119,49,87,138,85
"Os01g0900800",7823,7239,10624,8514,17864,17691
"Os01g0871350",495,709,345,397,297,284
"Os01g0881400",311,392,301,360,412,403
"Os01g0806300",56,67,25,57,83,79
"Os01g0800400",176,144,103,116,135,138
"Os01g0967900",1692,1663,1679,1848,2303,2336
"Os01g0928300",807,855,621,613,671,720
"Os01g0179700",20,17,22,24,16,19
"Os01g0934100",1762,2405,1917,1821,1890,1726
"Os01g0884300",10738,10366,8871,6587,7886,6553
"Os01g0631800",28,64,52,12,22,18
"Os01g0144900",103,95,106,101,86,81
"Os01g0354200",121,143,112,62,87,118
"Os01g0757700",2746,1859,2246,2629,2917,2980
"Os01g0530366",540,771,467,542,480,534
"Os01g0639200",310,334,330,335,369,400
"Os01g0167800",182,151,186,195,225,143
"Os01g0329400",2956,3329,2594,2503,2244,2353
"Os01g0598200",16,22,7,10,10,10
"Os01g0944100",1016,333,338,469,389,619
"Os01g0812200",2041,1965,2197,1906,2714,2367
"Os01g0800300",666,791,506,674,544,748
"Os01g0233900",126,88,59,70,44,44
"Os01g0692300",2562,2369,2680,3589,4505,4697
"Os01g0269500",91,50,91,53,58,47
"Os01g0672300",940,1019,753,1061,1032,1068
"Os01g0974800",1080,1405,1015,1116,1128,1203
"Os01g0242300",67,56,55,92,58,49
"Os01g0974900",20,47,22,37,44,36
"Os01g0536000",817,600,599,805,848,941
"Os01g0120800",9541,7530,6783,6698,6509,6520
"Os01g0976800",159,227,181,274,230,240
"Os01g0313300",69,52,51,48,6,40
"Os01g0866800",1197,1255,1084,1550,1671,1793
"Os01g0876650",141,163,133,279,291,225
"Os01g0310100",605,385,461,445,702,706
"Os01g0278200",474,490,440,578,630,548
"Os01g0335700",966,1102,1001,913,1060,834
"Os01g0541600",1302,1160,1037,759,1030,1043
"Os01g0595700",43,46,26,30,20,33
"Os01g0935500",1300,1286,1113,1726,1894,1703
"Os01g0365000",321,320,398,625,486,265
"Os01g0171800",1226,1317,993,1108,1363,1208
"Os01g0856000",156,98,113,108,82,79
"Os01g0704300",517,975,707,521,798,635
"Os01g0867200",707,601,625,677,727,640
"Os01g0930950",88,115,54,51,32,83
"Os01g0802100",4298,6110,3523,3400,1888,1570
"Os01g0178200",370,439,289,341,330,336
"Os01g0851400",373,373,290,360,313,350
"Os01g0625900",4,4,10,16,20,39
"Os01g0639900",16911,15977,46527,73861,108595,89324
"Os01g0650000",22,29,42,71,44,48
"Os01g0589900",136,128,124,124,147,138
"Os01g0835500",46,36,65,76,80,93
"Os01g0834900",50,75,87,200,146,194
"Os01g0252900",300,288,255,274,310,327
"Os01g0888800",71,120,146,61,24,20
"Os01g0719700",1519,1263,1451,1829,2153,1817
"Os01g0679700",4510,5290,4573,5012,4961,4985
"Os01g0616100",3784,3653,3287,2956,3300,3542
"Os01g0810600",12,14,6,12,12,14
"Os01g0672400",3190,3353,2679,2733,3196,2540
"Os01g0736100",14,24,12,20,2,4
"Os01g0805900",36,37,52,28,82,62
"Os01g0206600",169,237,200,231,217,158
"Os01g0102700",2607,3468,2404,2620,2302,2416
"Os01g0562600",149,234,160,197,122,100
"Os01g0301700",162,124,92,118,102,103
"Os01g0687300",4678,4475,4704,2722,3843,2860
"Os01g0763000",813,801,596,778,538,658
"Os01g0126100",73,55,40,45,49,39
"Os01g0721300",225,338,184,126,36,30
"Os01g0925100",293,404,369,241,217,290
"Os01g0342500",50,26,20,33,83,70
"Os01g0773000",136,73,87,134,162,158
"Os01g0701700",175,140,101,70,82,177
"Os01g0870201",138,158,139,195,196,237
"Os01g0107900",6289,5326,5565,6531,6548,6651
"Os01g0805800",951,903,877,871,794,746
"Os01g0615050",17258,24019,16606,8715,1398,522
"Os01g0782200",945,757,901,1234,1723,1824
"Os01g0678600",5583,5188,5981,8238,10325,9347
"Os01g0777400",44,25,23,150,34,25
"Os01g0183600",48,11,16,26,46,20
"Os01g0877600",931,685,907,988,1119,1062
"Os01g0346250",135,214,151,207,387,271
"Os01g0318202",76,25,84,92,213,216
"Os01g0826800",24,48,39,30,54,40
"Os01g0636400",28,0,6,10,4,24
"Os01g0105900",5279,5683,4509,5112,4409,4266
"Os01g0889000",3272,3296,2625,2639,2740,2551
"Os01g0765200",564,591,591,515,519,471
"Os01g0672100",57,82,12,110,2,93
"Os01g0236800",455,561,453,570,762,741
"Os01g0912900",60,47,41,54,28,30
"Os01g0629400",4944,5158,3912,4589,4203,4450
"Os01g0258700",2924,3183,2615,2781,2764,3025
"Os01g0621900",5353,5442,4243,4928,3614,3741
"Os01g0694900",593,659,503,488,545,566
"Os01g0953400",145,145,101,133,164,149
"Os01g0777600",21,28,18,15,20,20
"Os01g0200000",227,258,199,242,220,211
"Os01g0687400",3375,5791,4569,4755,3415,2893
"Os01g0906450",190,284,344,392,420,463
"Os01g0723200",1032,963,884,996,840,908
"Os01g0683400",101,104,78,49,83,98
"Os01g0502400",2244,2146,1864,1861,1876,1861
"Os01g0768700",444,366,350,399,339,374
"Os01g0977400",95,120,96,98,95,66
"Os01g0610400",224,288,202,183,176,157
"Os01g0641100",281,281,227,255,190,226
"Os01g0801100",83,56,26,57,69,62
"Os01g0928800",3548,4239,3567,3322,3634,2905
"Os01g0938600",268,233,184,308,371,332
"Os01g0664000",2143,1874,1805,2196,2617,2451
"Os01g0212400",693,998,628,1601,1170,911
"Os01g0860800",1669,1091,1380,1134,1326,923
"Os01g0708300",711,885,693,768,729,566
"Os01g0889200",4706,4030,4867,4493,5203,5159
"Os01g0754500",3899,4432,2976,3877,3343,3947
"Os01g0846000",1564,1258,1449,1820,2125,2140
"Os01g0834400",955,1027,838,776,768,796
"Os01g0600400",321,248,285,399,283,300
"Os01g0841200",2444,2388,1951,2130,1915,1907
"Os01g0595400",1695,2067,1435,1551,1495,1355
"Os01g0103600",3303,4486,3142,2803,2935,2764
"Os01g0952300",1617,1736,1584,2193,2220,2079
"Os01g0186700",2871,3028,2317,2210,1991,2050
"Os01g0976475",7,17,15,20,1,8
"Os01g0743300",1840,2031,1734,2092,1999,1659
"Os01g0957200",69,109,37,104,67,60
"Os01g0973200",11,6,29,45,68,47
"Os01g0924600",2414,2649,2168,2482,2855,2629
"Os01g0190000",2807,2885,2727,4248,4939,4539
"Os01g0834250",152,160,117,175,125,112
"Os01g0520800",162,177,178,371,396,370
"Os01g0117050",35,45,44,89,88,176
"Os01g0505600",49,14,10,18,7,16
"Os01g0687600",476,503,469,469,456,537
"Os01g0747800",1825,2838,2261,2759,2886,2910
"Os01g0768100",108,134,66,102,46,58
"Os01g0198200",1663,1438,1300,1202,1094,1271
"Os01g0805300",1285,1362,2089,1880,2426,2412
"Os01g0246500",179,158,213,210,216,175
"Os01g0111200",2592,2556,2513,2684,2720,2620
"Os01g0559600",12805,13446,10847,14214,22222,19511
"Os01g0684200",1402,1496,1414,1483,1372,1484
"Os01g0173000",397,368,300,323,367,492
"Os01g0633000",5889,6023,5488,8225,9761,9557
"Os01g0162500",94,67,21,57,18,50
"Os01g0321900",55,39,46,51,55,34
"Os01g0227200",221,250,209,294,370,377
"Os01g0939200",110,157,126,149,146,159
"Os01g0373400",214,198,189,198,122,168
"Os01g0327900",387,430,466,604,566,602
"Os01g0746400",21,25,21,19,4,34
"Os01g0637600",876,662,585,914,868,942
"Os01g0358300",1615,1664,1806,2290,2635,2457
"Os01g0343300",147,126,81,106,79,75
"Os01g0257900",52,20,20,43,47,51
"Os01g0631100",1099,1113,810,981,794,803
"Os01g0205300",236,109,327,505,693,761
"Os01g0898900",405,368,268,240,212,208
"Os01g0513800",216,217,240,232,260,238
"Os01g0863100",83,77,115,88,69,42
"Os01g0391800",31,46,41,33,34,44
"Os01g0884500",609,667,445,516,628,644
"Os01g0115600",3906,5300,3236,4337,4857,5535
"Os01g0221600",344,199,259,500,408,1209
"Os01g0788950",723,779,735,689,688,789
"Os01g0300600",2425,2445,1715,1783,1460,1419
"Os01g0892800",80,112,135,80,107,118
"Os01g0672800",698,879,889,692,927,643
"Os01g0875500",15,6,10,18,20,8
"Os01g0218032",10856,9506,8275,8291,6979,6976
"Os01g0760600",2104,2462,1592,1678,1256,1064
"Os01g0210500",981,1229,872,1487,1308,1273
"Os01g0836400",1763,1376,1961,2276,2419,2786
"Os01g0713600",9,13,9,8,11,14
"Os01g0892300",100,135,110,139,146,156
"Os01g0821700",1147,1083,982,929,622,572
"Os01g0549700",2343,2304,2138,2263,1832,1915
"Os01g0666800",2235,2281,1914,2067,2145,2074
"Os01g0833400",593,667,582,633,505,559
"Os01g0343500",783,657,792,954,1096,993
"Os01g0648000",29,37,26,24,25,19
"Os01g0500600",700,718,793,935,968,908
"Os01g0543600",55,42,22,33,15,35
"Os01g0348700",4019,4544,3747,4490,4409,4218
"Os01g0858200",25,6,21,8,10,6
"Os01g0155500",1395,2079,1551,2001,1512,1546
"Os01g0802400",118,112,143,118,148,85
"Os01g0110700",18,10,2,14,26,22
"Os01g0869500",19,9,11,17,9,8
"Os01g0819100",31,26,41,30,18,36
"Os01g0920000",819,1041,787,930,843,865
"Os01g0831200",1610,1912,1478,1632,1780,1703
"Os01g0949500",568,877,836,675,661,505
"Os01g0369900",82,57,197,248,476,622
"Os01g0541900",4114,4155,4260,3305,3759,3629
"Os01g0913100",67,182,162,122,189,138
"Os01g0374200",59,47,48,56,71,76
"Os01g0106800",1366,1869,1405,1776,1940,1981
"Os01g0603500",56,42,37,70,72,94
"Os01g0750600",187,253,296,199,317,226
"Os01g0201000",159,105,158,136,152,150
"Os01g0304300",568,650,500,507,313,280
"Os01g0934500",304,325,407,391,413,499
"Os01g0751600",84,104,70,83,53,61
"Os01g0194200",190,285,207,218,160,122
"Os01g0966200",275,491,460,818,1202,1016
"Os01g0800500",226,147,76,190,70,132
"Os01g0179500",1597,1498,1254,1388,1221,1554
"Os01g0252100",1935,2214,1959,2031,1946,2017
"Os01g0151400",224,212,151,186,332,219
"Os01g0674000",704,860,718,582,853,805
"Os01g0352100",105,166,100,247,260,278
"Os01g0683600",2716,2771,2180,2297,2128,1962
"Os01g0955000",58,64,54,93,107,86
"Os01g0727820",11,8,20,25,24,42
"Os01g0661601",336,373,354,340,764,550
"Os01g0733600",326,312,233,250,211,242
"Os01g0307500",4,3,0,20,20,29
"Os01g0881800",638,876,713,1187,1852,1689
"Os01g0523000",23,62,58,62,42,97
"Os01g0139700",46,40,51,31,50,56
"Os01g0346600",61,85,61,63,70,69
"Os01g0353900",810,856,1039,978,1301,1112
"Os01g0712500",10,14,4,10,1,18
"Os01g0558850",921,717,765,869,958,1064
"Os01g0182500",371,373,315,314,433,359
"Os01g0543100",17,22,10,8,12,10
"Os01g0855000",77,121,64,72,36,90
"Os01g0227700",737,724,653,802,1166,690
"Os01g0218100",2262,2996,1272,1691,1184,1600
"Os01g0272600",49,54,37,37,21,18
"Os01g0167750",24,33,50,34,36,21
"Os01g0631200",904,720,660,815,1301,1586
"Os01g0239000",6323,5727,6545,6880,9507,8871
"Os01g0278600",191,210,199,268,248,290
"Os01g0797600",1767,2059,2576,2831,3043,2662
"Os01g0879500",278,228,216,217,222,238
"Os01g0144340",219,304,244,235,265,285
"Os01g0513700",912,1070,758,1012,940,961
"Os01g0268000",36,18,13,11,13,10
"Os01g0537250",474,631,548,588,526,286
"Os01g0215000",42,74,70,66,72,38
"Os01g0110800",11,0,22,16,18,14
"Os01g0970600",2124,1699,1961,1950,2192,2161
"Os01g0503400",3097,2528,3012,3492,3852,3774
"Os01g0885300",33,21,41,6,16,22
"Os01g0225100",3637,3398,3258,3337,3624,3513
"Os01g0819300",81,56,67,61,41,65
"Os01g0819800",91,92,91,74,113,125
"Os01g0328400",7290,8396,6435,7022,6070,5817
"Os01g0115100",314,297,276,322,479,383
"Os01g0260500",176,145,181,215,303,263
"Os01g0117900",116,71,95,117,138,168
"Os01g0243000",81,129,90,121,80,158
"Os01g0236300",180,171,182,312,414,670
"Os01g0742500",1323,1442,1170,1292,1506,1494
"Os01g0778700",2073,2357,1834,2032,1699,1678
"Os01g0214800",638,893,611,548,372,319
"Os01g0375500",97,37,133,229,270,462
"Os01g0293000",18,12,12,40,46,320
"Os01g0174900",1144,1076,935,979,810,955
"Os01g0798500",2093,1960,2479,3548,3701,4052
"Os01g0901200",1314,1125,883,1199,1188,1134
"Os01g0558100",330,452,164,144,101,90
"Os01g0688300",8,2,16,25,8,21
"Os01g0801600",303,290,232,225,186,199
"Os01g0102500",593,740,584,512,444,449
"Os01g0832000",2515,3445,2204,2027,1757,1611
"Os01g0861700",75,120,90,70,123,138
"Os01g0136400",3508,3967,2939,2579,2637,2222
"Os01g0756501",789,830,738,636,588,629
"Os01g0609200",186,116,95,65,16,24
"Os01g0730800",1656,1380,1878,2090,2984,2892
"Os01g0264500",1743,1947,1620,1664,2120,1779
"Os01g0189700",2075,1825,1933,2518,2504,2484
"Os01g0831300",31,30,42,8,2,17
"Os01g0788500",623,866,547,640,715,627
"Os01g0752300",16,18,19,5,11,7
"Os01g0867700",494,641,531,582,457,387
"Os01g0769900",2428,2406,2261,4086,4631,3772
"Os01g0291500",36,45,32,51,79,81
"Os01g0233500",9,18,28,34,18,6
"Os01g0954000",1274,1183,729,652,247,217
"Os01g0939300",29,26,28,32,4,18
"Os01g0318600",352,287,281,214,244,232
"Os01g0763750",3561,3466,2587,2860,3069,3410
"Os01g0687500",494,437,564,660,707,619
"Os01g0855200",1433,2800,2042,2407,1449,1041
"Os01g0679600",618,906,564,516,478,399
"Os01g0266100",26,54,34,8,13,22
"Os01g0152600",316,294,200,240,220,269
"Os01g0210600",2541,3489,3079,3992,4085,4357
"Os01g0283000",54,33,33,50,66,56
"Os01g0842600",34,26,25,28,32,76
"Os01g0502800",1493,1348,1630,1645,2064,1844
"Os01g0727700",85,61,55,38,27,33
"Os01g0369200",35,28,10,50,10,15
"Os01g0217500",101,131,195,60,108,84
"Os01g0871300",999,1065,767,664,311,323
"Os01g0847900",194,120,124,102,104,115
"Os01g0699100",97,141,122,48,64,74
"Os01g0916800",4973,4395,3640,3907,3269,3528
"Os01g0260700",2401,2236,2059,2351,2389,2144
"Os01g0584300",77,114,78,106,117,134
"Os01g0655300",2710,2446,2242,2219,2141,2013
"Os01g0807900",2748,2728,2507,2592,2946,2885
"Os01g0886900",1245,1571,1152,1069,727,513
"Os01g0178700",122,167,76,98,78,65
"Os01g0822800",31,24,21,30,20,18
"Os01g0794100",34,30,20,32,8,24
"Os01g0694000",32,22,12,26,34,106
"Os01g0172100",745,682,652,778,1502,1635
"Os01g0561600",56,38,34,7,0,2
"Os01g0685100",112,186,129,135,146,192
"Os01g0795400",260,411,141,280,115,74
"Os01g0737401",22,30,8,21,8,4
"Os01g0265400",640,480,740,913,982,909
"Os01g0602466",578,947,419,488,728,590
"Os01g0296000",199,213,144,182,236,249
"Os01g0805700",3932,4074,3055,2933,2869,2425
"Os01g0881500",8866,9894,7753,6755,6494,5707
"Os01g0849500",25,32,40,34,60,42
"Os01g0837800",10741,11232,10039,10662,12549,12434
"Os01g0739500",2499,3300,3057,2539,2005,1646
"Os01g0953600",1565,2353,1647,1517,1579,1286
"Os01g0238200",51,52,55,110,179,144
"Os01g0227400",39,42,31,40,36,16
"Os01g0538000",4400,4113,3736,3579,3160,3346
"Os01g0706000",623,968,719,684,705,865
"Os01g0197700",81,271,75,174,20,8
"Os01g0589700",328,414,294,351,267,351
"Os01g0622500",369,304,285,306,227,239
"Os01g0614500",660,702,639,724,713,742
"Os01g0328300",692,688,622,786,769,861
"Os01g0229400",33,15,31,64,50,55
"Os01g0221500",1983,2210,2086,2160,3035,3027
"Os01g0164500",895,759,712,690,705,723
"Os01g0731100",282,540,420,1316,468,136
"Os01g0892600",808,839,752,1106,742,701
"Os01g0327400",2011,4434,2481,2527,1428,1032
"Os01g0373700",181,151,71,43,26,9
"Os01g0866600",923,1090,955,1286,1312,1269
"Os01g0853700",257,326,312,267,414,414
"Os01g0231700",527,781,472,603,477,415
"Os01g0141900",614,539,513,566,648,734
"Os01g0649000",970,901,737,706,700,575
"Os01g0121200",123,203,57,100,68,68
"Os01g0703400",3282,2562,2623,4168,4570,4021
"Os01g0283300",3685,3451,2739,3114,3271,3826
"Os01g0581300",1411,1063,1284,2163,2349,2672
"Os01g0952100",10,0,6,2,10,40
"Os01g0719125",11,8,13,16,24,19
"Os01g0728250",11,0,3,14,5,16
"Os01g0535900",1196,955,849,1357,1480,1573
"Os01g0533800",65,37,63,70,66,68
"Os01g0933500",100,98,37,140,223,222
"Os01g0815400",601,495,392,694,430,431
"Os01g0809900",368,340,350,309,356,301
"Os01g0160100",37,17,16,8,0,15
"Os01g0128700",281,231,187,197,139,126
"Os01g0170051",375,491,451,638,538,433
"Os01g0771200",907,870,552,617,519,532
"Os01g0721800",20,24,30,11,16,0
"Os01g0843300",24,32,18,19,64,69
"Os01g0810500",63,84,66,46,31,56
"Os01g0227500",385,450,281,475,450,599
"Os01g0158200",1401,1846,1240,985,764,778
"Os01g0559300",270,450,285,304,336,289
"Os01g0734501",13,29,30,44,56,52
"Os01g0132700",188,193,139,159,204,256
"Os01g0101700",285,247,258,419,393,425
"Os01g0362800",38,34,49,64,74,56
"Os01g0362400",270,326,320,291,495,339
"Os01g0280000",2351,2324,1887,1811,1673,1734
"Os01g0155400",1796,1659,1289,1493,1320,1311
"Os01g0311800",71,12,10,4,2,2
"Os01g0847100",30,49,65,165,132,139
"Os01g0928000",229,199,271,319,413,315
"Os01g0253300",12096,11664,10925,12271,13553,12258
"Os01g0629750",576,898,671,984,1440,1467
"Os01g0848300",80,47,67,83,64,88
"Os01g0752500",342,441,391,208,176,379
"Os01g0317800",144,382,313,308,212,147
"Os01g0947700",959,1213,1322,1375,1629,1261
"Os01g0504100",388,594,510,677,1047,655
"Os01g0116600",2923,2602,2428,3147,2863,2890
"Os01g0254000",1495,1547,1312,1542,1896,2047
"Os01g0149500",33,30,38,46,46,59
"Os01g0530300",125,137,91,111,97,93
"Os01g0197350",241,224,256,252,320,398
"Os01g0323600",78,78,85,47,18,21
"Os01g0841800",2909,2378,2435,2803,3173,3107
"Os01g0680400",1079,1012,906,915,1294,1309
"Os01g0917300",125,107,153,182,218,212
"Os01g0756600",22,38,26,30,22,33
"Os01g0857500",293,179,541,644,1045,835
"Os01g0814700",1092,1285,1252,1004,1451,1321
"Os01g0347300",26,41,43,25,33,19
"Os01g0835000",138,90,144,126,146,167
"Os01g0920500",62,112,109,95,134,62
"Os01g0507000",1711,1998,1769,2329,2255,1658
"Os01g0688900",14,25,14,22,14,6
"Os01g0852500",1044,1112,998,948,1141,1012
"Os01g0959200",2269,2529,1248,752,294,308
"Os01g0120700",3969,4154,3888,3834,5015,4055
"Os01g0733001",389,454,449,519,576,360
"Os01g0231000",984,868,1304,1224,1571,1832
"Os01g0872566",30,16,13,31,38,50
"Os01g0143300",12,22,3,15,4,4
"Os01g0121800",553,604,525,588,479,498
"Os01g0924400",2401,2817,2603,2922,3382,3487
"Os01g0905300",113,194,165,100,76,72
"Os01g0167400",114,68,91,112,130,149
"Os01g0621600",17,14,10,28,24,28
"Os01g0750100",4715,6179,4973,3783,5432,3796
"Os01g0897700",36,24,15,44,12,37
"Os01g0911300",1804,1497,1392,1715,1493,1446
"Os01g0551000",1086,1885,1353,1233,971,991
"Os01g0310500",2054,1719,2193,2379,2592,2597
"Os01g0850400",26,23,16,31,20,4
"Os01g0701900",931,793,518,478,436,508
"Os01g0955100",957,817,740,592,163,255
"Os01g0376700",1569,1282,1146,1879,2138,2166
"Os01g0506200",1182,1083,1086,922,1103,1199
"Os01g0389200",81,166,178,71,22,22
"Os01g0897100",64,75,41,74,68,71
"Os01g0768300",9,6,30,14,8,20
"Os01g0948500",1099,933,1007,813,738,677
"Os01g0234800",449,446,383,491,526,481
"Os01g0927300",155,166,80,43,38,23
"Os01g0738600",2631,3088,2117,2265,1780,1681
"Os01g0326000",34,44,52,36,39,20
"Os01g0754000",144,115,88,127,142,128
"Os01g0948900",515,858,566,1059,1252,717
"Os01g0225000",39,29,12,30,16,27
"Os01g0960500",6465,5810,4533,5068,4718,4636
"Os01g0691500",2474,1785,2085,2438,2812,2503
"Os01g0670800",469,414,496,512,504,517
"Os01g0963400",1483,1370,1171,1399,1295,1292
"Os01g0226250",21,18,15,19,16,9
"Os01g0534800",972,982,764,784,695,735
"Os01g0505500",84,55,77,110,79,74
"Os01g0750300",45,37,24,54,46,87
"Os01g0933200",1948,1530,1533,2602,3604,5892
"Os01g0715700",43,21,34,18,35,14
"Os01g0144600",746,777,728,755,1041,942
"Os01g0770100",5,0,13,7,11,31
"Os01g0557400",200,238,226,222,273,262
"Os01g0255700",21,18,29,35,21,29
"Os01g0923600",2529,3095,2146,2421,1769,1802
"Os01g0654100",183,128,71,81,45,35
"Os01g0566900",8459,9133,7656,9432,8733,8163
"Os01g0769000",3576,3361,2902,2831,3002,2792
"Os01g0776800",799,1078,891,945,931,734
"Os01g0125900",3112,2955,2420,2681,2237,2432
"Os01g0743800",897,821,821,1096,1990,1949
"Os01g0539400",6912,6455,6915,8768,8936,10004
"Os01g0857000",1457,1473,1264,1597,1278,1437
"Os01g0183000",519,795,482,372,182,156
"Os01g0959600",52,22,47,76,36,42
"Os01g0750800",772,1068,834,863,1070,1008
"Os01g0174200",23,33,32,20,30,36
"Os01g0100400",58,36,95,89,110,93
"Os01g0327600",818,846,804,825,783,717
"Os01g0549400",3410,3530,3159,3270,3601,3450
"Os01g0725800",8821,6774,7657,7732,11950,10582
"Os01g0186600",656,1384,462,462,372,405
"Os01g0695800",4891,5678,2784,2917,1251,1738
"Os01g0582600",1568,1757,1704,1575,1361,1526
"Os01g0787400",315,310,211,268,288,283
"Os01g0622700",4572,5385,4070,4589,4672,4886
"Os01g0309451",138,165,152,173,184,223
"Os01g0104600",1803,1568,1666,2116,2099,2258
"Os01g0570500",6531,6384,6645,6977,7746,6574
"Os01g0864200",680,1109,673,828,691,612
"Os01g0681200",1185,1196,685,602,392,325
"Os01g0783400",16,19,22,15,13,19
"Os01g0328700",7615,7034,7814,9496,11105,11315
"Os01g0508000",86,72,123,225,204,397
"Os01g0385400",26,10,2,8,10,5
"Os01g0767900",1023,1178,1115,1122,1177,1160
"Os01g0825900",320,442,423,360,375,284
"Os01g0273000",543,594,481,618,530,582
"Os01g0586600",1571,1636,1106,1417,1088,1126
"Os01g0752200",1025,1309,977,830,572,706
"Os01g0837300",413,414,326,370,246,296
"Os01g0904500",231,280,215,191,179,247
"Os01g0311300",20,12,20,46,37,40
"Os01g0239200",740,573,697,758,1268,1538
"Os01g0935900",2216,2203,1658,1693,1319,1408
"Os01g0698300",804,670,695,665,676,624
"Os01g0167100",644,925,482,675,646,578
"Os01g0666200",538,559,509,581,726,682
"Os01g0356400",18308,21672,17051,21016,19660,20990
"Os01g0843500",79,146,64,108,169,240
"Os01g0138000",12,15,20,7,7,4
"Os01g0118600",16,8,18,20,8,27
"Os01g0650700",1425,1352,1133,1339,1385,978
"Os01g0339500",262,324,465,592,970,919
"Os01g0376200",167,164,136,161,132,143
"Os01g0888500",1787,1609,1405,1613,1312,1353
"Os01g0369000",10491,9323,7244,8340,7215,7776
"Os01g0305200",1441,1554,1279,828,453,389
"Os01g0827500",1612,1604,1535,1576,2267,2209
"Os01g0730100",52,74,50,44,18,18
"Os01g0642700",585,726,352,248,134,59
"Os01g0534900",478,399,378,498,420,288
"Os01g0234300",13,23,16,32,78,85
"Os01g0731000",587,501,355,436,387,438
"Os01g0940800",7636,13091,11693,7179,3603,2912
"Os01g0912700",3753,3647,5083,6819,9419,9167
"Os01g0513100",753,880,800,781,844,791
"Os01g0814000",1544,1468,1357,1701,1903,1679
"Os01g0720300",377,377,345,369,383,402
"Os01g0559525",193,114,138,216,211,184
"Os01g0248500",4253,5672,3348,2890,1575,1096
"Os01g0678700",105,95,96,120,158,195
"Os01g0742000",520,490,386,531,459,501
"Os01g0775500",359,272,169,281,373,321
"Os01g0230200",444,500,407,446,427,420
"Os01g0571700",1272,1117,1188,1184,1139,1404
"Os01g0850100",2642,2890,1758,1498,1039,946
"Os01g0922600",106,188,159,188,177,227
"Os01g0920400",3566,3279,2807,3190,3485,3423
"Os01g0916100",3605,8892,4232,3366,4077,1795
"Os01g0593000",1074,823,854,919,933,842
"Os01g0658500",1365,1624,1074,1004,1038,1152
"Os01g0739700",17,8,10,8,21,24
"Os01g0730300",4004,3552,3447,4475,5352,5915
"Os01g0183950",54,77,40,62,35,28
"Os01g0706850",9,10,8,22,20,22
"Os01g0722700",146,185,161,124,128,99
"Os01g0850900",4159,4416,2517,2854,1711,1683
"Os01g0135700",777,659,478,553,496,614
"Os01g0757400",10,11,14,14,6,8
"Os01g0133400",3599,4367,3126,3200,3194,3217
"Os01g0777800",439,367,356,287,353,358
"Os01g0836700",26,19,5,17,0,0
"Os01g0565600",1400,1897,1364,1636,1546,1353
"Os01g0971500",440,618,395,361,396,296
"Os01g0580200",201,157,142,191,187,224
"Os01g0187200",46,26,115,65,18,31
"Os01g0706500",77,57,51,67,44,80
"Os01g0978100",8246,8267,7827,9388,9802,8995
"Os01g0866750",26,17,32,26,54,50
"Os01g0818300",631,497,355,591,580,559
"Os01g0814800",687,494,496,1161,1232,1210
"Os01g0618400",5239,4252,4650,6206,6623,6256
"Os01g0810000",1196,1016,902,1039,1021,853
"Os01g0641800",17,17,12,25,12,32
"Os01g0943000",35,29,21,22,17,16
"Os01g0714900",573,580,474,518,415,527
"Os01g0266200",1600,1378,1878,2246,2326,2240
"Os01g0190300",40,40,124,72,206,346
"Os01g0555300",914,1138,835,923,906,880
"Os01g0921600",2270,2652,2085,2578,2534,2464
"Os01g0908400",951,905,724,708,550,658
"Os01g0728000",8,6,30,27,11,17
"Os01g0110400",3627,3554,2974,2736,2404,2334
"Os01g0620301",204,196,265,401,633,704
"Os01g0511600",2870,2842,4320,5126,7715,6855
"Os01g0147800",29,20,14,16,4,28
"Os01g0654500",2376,2627,1860,1537,1206,1130
"Os01g0917500",230,97,190,373,388,423
"Os01g0102600",2739,2348,2779,4063,5023,4669
"Os01g0263300",52,50,45,78,62,65
"Os01g0833800",4929,5429,4548,4996,6336,6292
"Os01g0547500",130,92,94,104,67,91
"Os01g0976000",1496,1392,1248,1351,1382,1452
"Os01g0615300",24,31,22,26,16,21
"Os01g0364000",255,239,188,329,209,236
"Os01g0103100",11,21,15,7,18,16
"Os01g0832200",2538,3127,2270,1991,2164,1966
"Os01g0808100",3963,3660,2993,5082,6319,5505
"Os01g0668300",871,936,904,956,953,920
"Os01g0172800",243,387,348,380,384,376
"Os01g0179400",2586,2017,1863,2232,2148,2179
"Os01g0128300",114,153,100,143,168,147
"Os01g0823700",273,310,121,462,311,141
"Os01g0117000",3,6,13,15,18,30
"Os01g0100900",7234,7150,5875,5654,4869,4328
"Os01g0947000",94,12,24,6,0,0
"Os01g0116400",55,47,46,69,92,117
"Os01g0898500",29,6,11,24,14,14
"Os01g0924300",1856,1474,1255,1602,1671,1645
"Os01g0863300",185,54,71,53,48,60
"Os01g0533900",63,75,33,23,10,54
"Os01g0847300",159,246,102,117,44,52
"Os01g0719800",1576,1388,1578,1879,2323,2052
"Os01g0715000",1445,1255,1321,1604,2024,1841
"Os01g0965000",363,249,268,391,291,275
"Os01g0645900",306,340,235,368,339,244
"Os01g0969200",392,332,278,411,376,291
"Os01g0865400",226,288,298,416,525,468
"Os01g0795700",234,360,145,138,46,13
"Os01g0695600",229,261,217,335,291,316
"Os01g0234900",1283,1635,1394,1495,1931,1696
"Os01g0882300",1576,1512,1249,1197,1176,1116
"Os01g0370750",26,31,1,14,2,0
"Os01g0770400",1250,1271,1335,1272,1704,1422
"Os01g0198900",165,128,120,417,403,341
"Os01g0732100",141,212,139,140,177,135
"Os01g0886350",169,105,194,273,295,394
"Os01g0351800",270,180,196,204,198,204
"Os01g0853600",203,188,210,190,234,223
"Os01g0511700",454,498,469,692,679,734
"Os01g0602400",19,30,17,21,6,7
"Os01g0278100",43,18,14,18,6,27
"Os01g0276700",1213,1161,1069,892,686,718
"Os01g0388101",28,7,46,120,76,17
"Os01g0266500",316,142,150,247,256,377
"Os01g0214400",2534,2509,2632,2827,3270,3161
"Os01g0908200",3476,3413,3761,3078,6163,5979
"Os01g0857100",36,17,5,19,10,12
"Os01g0852900",259,305,280,205,198,164
"Os01g0229500",77,114,83,70,98,86
"Os01g0621300",957,962,810,1855,1046,949
"Os01g0860450",76,41,63,70,70,66
"Os01g0857925",35,9,16,32,14,40
"Os01g0101600",3937,3866,4048,4642,5034,4953
"Os01g0201100",686,1291,1047,494,423,276
"Os01g0711200",4,10,6,18,17,2
"Os01g0100800",754,723,577,661,737,806
"Os01g0728200",137,109,84,76,69,65
"Os01g0958500",682,763,648,555,525,541
"Os01g0642900",432,677,547,537,523,433
"Os01g0171000",154,94,191,366,449,625
"Os01g0764500",862,826,1084,1250,1780,1353
"Os01g0839700",24,40,20,20,24,29
"Os01g0102400",72,50,48,65,15,86
"Os01g0721200",82,195,170,159,14,7
"Os01g0807532",66,56,63,87,94,86
"Os01g0271400",2657,2350,2337,2765,3059,3078
"Os01g0730500",561,582,661,812,1180,1406
"Os01g0859200",3731,4878,4091,4895,6249,4759
"Os01g0328600",2118,2037,1906,2003,2008,1788
"Os01g0585300",1141,1112,1294,1596,2961,2761
"Os01g0220300",697,788,599,606,639,587
"Os01g0127400",685,459,630,832,1017,1069
"Os01g0595100",1383,1008,928,1004,1002,1105
"Os01g0838900",196,273,186,227,259,225
"Os01g0691400",26,22,34,28,39,38
"Os01g0669100",337,248,702,817,1539,1314
"Os01g0677900",914,1724,1137,1439,1597,1561
"Os01g0558200",2003,2009,1875,1953,2223,2109
"Os01g0681400",1098,1047,784,924,919,966
"Os01g0174700",131,230,216,266,324,285
"Os01g0833100",1444,1631,1302,1399,1691,1501
"Os01g0108400",4,46,44,68,21,82
"Os01g0805500",92,50,70,51,86,70
"Os01g0629600",167,171,159,141,72,71
"Os01g0546500",102,98,82,132,121,126
"Os01g0902100",19,29,33,36,46,33
"Os01g0612900",1662,1830,1305,1446,1056,944
"Os01g0773100",1750,1461,933,989,649,820
"Os01g0974100",68,30,15,24,1,8
"Os01g0872400",240,311,280,324,376,288
"Os01g0883900",310,180,237,226,216,113
"Os01g0104000",1372,1432,1145,1398,1575,1478
"Os01g0732801",367,514,465,486,722,508
"Os01g0693900",751,664,529,733,582,711
"Os01g0572100",217,262,170,238,225,254
"Os01g0357800",5604,4480,5470,6022,6521,6201
"Os01g0753500",181,230,213,275,355,335
"Os01g0367100",18,20,6,24,42,31
"Os01g0797900",238,232,196,262,203,272
"Os01g0924200",48,85,46,21,20,40
"Os01g0230800",19,14,6,29,26,25
"Os01g0154600",4,8,2,20,14,16
"Os01g0814300",156,167,162,167,172,144
"Os01g0819700",177,185,217,143,114,98
"Os01g0611300",18,31,29,44,43,57
"Os01g0145200",16,12,8,17,23,7
"Os01g0106600",64,75,63,40,47,50
"Os01g0883800",24,24,25,40,50,19
"Os01g0317500",17,43,27,39,47,45
"Os01g0872800",5569,4748,5575,7512,10349,8111
"Os01g0963300",268,221,200,225,288,241
"Os01g0662600",5527,5304,4679,5201,5224,5173
"Os01g0953500",166,225,118,191,120,195
"Os01g0192300",1167,847,681,1018,806,963
"Os01g0170600",1549,2184,1324,1160,858,660
"Os01g0333001",40,33,17,20,30,21
"Os01g0299500",3064,3156,2925,3493,3305,3559
"Os01g0650100",37,22,55,69,63,67
"Os01g0921100",10,0,8,8,17,24
"Os01g0772800",4107,4016,3003,3098,2618,2484
"Os01g0913400",162,172,125,142,106,116
"Os01g0262500",68,46,53,74,71,114
"Os01g0633200",5746,4984,3967,4639,4337,4652
"Os01g0559550",68,35,62,99,85,80
"Os01g0936200",1294,1352,842,1164,1014,973
"Os01g0276100",4764,5152,3988,4200,4455,4128
"Os01g0387133",43,52,38,63,53,65
"Os01g0247500",120,106,100,115,132,162
"Os01g0183100",1035,849,905,931,804,984
"Os01g0686100",1936,1707,2068,2344,2798,2907
"Os01g0222900",57,43,11,30,15,32
"Os01g0855600",15,18,24,18,4,9
"Os01g0649100",4799,5785,3813,3846,3228,2932
"Os01g0635400",154,166,122,161,99,96
"Os01g0956075",90,124,47,51,65,66
"Os01g0187400",6704,7295,5496,5617,4711,4401
"Os01g0777700",1626,1209,1176,1392,1452,1447
"Os01g0184500",3455,2892,3312,3796,4927,4436
"Os01g0197400",890,1183,1008,1280,1624,1587
"Os01g0248701",159,479,549,307,122,211
"Os01g0930300",135,112,142,108,160,105
"Os01g0151900",127,128,125,70,112,150
"Os01g0949060",569,541,567,651,633,729
"Os01g0702700",34,20,26,38,24,21
"Os01g0660200",6571,12343,8303,5960,6057,5252
"Os01g0841000",776,1202,758,1017,1145,578
"Os01g0187000",41,45,42,26,69,42
"Os01g0235400",1054,1070,823,901,763,718
"Os01g0616400",1441,1334,1422,1423,1652,1482
"Os01g0558800",1582,1260,1240,1755,1820,1681
"Os01g0269100",1748,1804,1505,1614,1705,1704
"Os01g0918500",834,749,603,733,679,691
"Os01g0310600",324,401,381,693,726,607
"Os01g0591000",492,373,344,382,513,337
"Os01g0357900",233,290,309,278,190,259
"Os01g0736400",367,415,412,345,270,258
"Os01g0949900",84,117,51,66,2,35
"Os01g0167900",224,242,156,181,81,72
"Os01g0108800",100,123,139,128,138,169
"Os01g0509700",46,84,73,60,143,108
"Os01g0780400",1202,1108,878,917,722,687
"Os01g0775100",9219,7477,6154,7360,6401,6285
"Os01g0670100",755,1028,749,456,449,246
"Os01g0686800",3753,4959,3877,4779,4358,4025
"Os01g0310700",174,186,370,352,429,351
"Os01g0338600",1239,1607,1576,1809,2210,2021
"Os01g0593600",206,160,150,161,156,196
"Os01g0965900",3200,3457,1950,1668,1838,1683
"Os01g0904400",134,76,92,122,91,121
"Os01g0770200",78,52,97,96,194,290
"Os01g0248600",1076,978,928,1131,1193,1265
"Os01g0666400",6,4,5,25,21,17
"Os01g0736551",69,32,59,66,37,62
"Os01g0785700",489,589,468,586,462,492
"Os01g0920100",6500,7712,5040,5650,5244,3592
"Os01g0817700",7518,7046,5100,4885,3822,3943
"Os01g0929500",488,409,376,417,409,404
"Os01g0801200",484,544,438,503,551,556
"Os01g0302250",46,51,59,159,347,163
"Os01g0144100",340,265,456,688,838,752
"Os01g0252600",404,452,820,998,1705,1580
"Os01g0706900",192,379,194,332,233,224
"Os01g0140500",1494,2040,1691,1807,1904,2017
"Os01g0185200",5279,4416,3909,4177,4581,4439
"Os01g0899000",688,735,484,621,591,593
"Os01g0192000",227,298,331,720,541,352
"Os01g0540800",1943,1589,1815,2041,1744,1907
"Os01g0276400",380,465,375,394,352,397
"Os01g0718000",175,96,216,187,374,208
"Os01g0884900",994,1096,1109,1333,1472,1527
"Os01g0838350",31,9,9,8,17,18
"Os01g0299200",76,45,51,29,80,55
"Os01g0964133",178,186,176,201,300,243
"Os01g0811100",3610,4017,2861,2703,2603,2379
"Os01g0314800",16562,19868,15969,10642,4556,4334
"Os01g0580100",248,228,178,243,193,250
"Os01g0909100",151,252,159,186,241,227
"Os01g0142300",280,235,237,457,451,413
"Os01g0665500",216,312,257,214,227,148
"Os01g0117700",28,37,28,45,68,82
"Os01g0184200",1728,1750,2135,2358,2477,2573
"Os01g0600000",1461,1682,1195,1308,936,934
"Os01g0526100",591,840,609,784,875,805
"Os01g0670500",142,249,201,115,118,102
"Os01g0793300",2,0,114,75,18,201
"Os01g0928100",2597,2426,2323,2327,2709,2544
"Os01g0214500",589,624,460,267,180,153
"Os01g0659200",7196,7063,5646,5708,6232,5756
"Os01g0708900",1419,1368,1206,867,922,812
"Os01g0373500",16,16,15,10,0,0
"Os01g0332900",1429,1591,1452,1559,1529,1568
"Os01g0781200",480,434,350,598,638,647
"Os01g0898300",3342,3573,2272,2562,2330,2190
"Os01g0605700",58,4,57,65,74,95
"Os01g0764900",3668,3073,2360,4706,4188,3772
"Os01g0754200",1446,1198,1055,1594,1568,1784
"Os01g0552100",138,174,125,123,151,99
"Os01g0726801",122,154,305,267,537,403
"Os01g0219000",81,156,85,119,116,91
"Os01g0591300",3120,4172,2299,2948,3608,2601
"Os01g0659800",40,58,70,46,78,70
"Os01g0228901",58,32,36,56,51,42
"Os01g0384300",333,521,479,365,435,367
"Os01g0559900",15,19,21,13,3,36
"Os01g0868300",10,6,8,15,6,10
"Os01g0939100",83,63,42,78,53,71
"Os01g0770000",221,149,196,294,275,328
"Os01g0793800",87,88,54,63,10,15
"Os01g0249300",5460,5756,4814,5141,5320,5219
"Os01g0180700",126,139,114,130,157,142
"Os01g0555100",16,24,28,16,54,50
"Os01g0919800",417,552,426,928,1531,1608
"Os01g0644600",22,18,8,12,20,16
"Os01g0211600",73,119,83,103,101,49
"Os01g0899500",990,874,716,1135,1077,1005
"Os01g0165200",56,40,25,66,26,32
"Os01g0753150",7,20,10,11,2,7
"Os01g0730900",129,133,105,159,132,120
"Os01g0276066",9,10,13,14,11,3
"Os01g0678500",2699,2050,2351,2264,2440,2425
"Os01g0223800",138,51,42,35,12,12
"Os01g0121600",211,239,192,207,196,206
"Os01g0667200",1313,870,728,1080,889,700
"Os01g0180800",151,158,134,118,116,104
"Os01g0690900",31,57,61,65,30,38
"Os01g0152951",68,40,51,47,33,35
"Os01g0113400",49,29,44,33,33,50
"Os01g0321800",576,546,520,531,527,551
"Os01g0647200",6,20,24,1545,218,1678
"Os01g0720600",1690,1362,1212,1166,1132,1119
"Os01g0915600",1426,1259,2281,3756,5474,4906
"Os01g0205600",27,41,36,27,44,27
"Os01g0626100",455,457,369,458,550,483
"Os01g0962500",238,198,200,248,268,254
"Os01g0748950",51,45,27,51,2,17
"Os01g0767100",1779,1734,1819,2264,2432,2331
"Os01g0346700",275,354,265,288,284,319
"Os01g0755500",8,6,34,27,38,21
"Os01g0388500",1167,1024,1098,1201,1247,1455
"Os01g0627400",14,12,9,26,4,26
"Os01g0933600",4026,4331,4713,4253,6054,5667
"Os01g0930400",10229,15838,8743,8041,1885,1370
"Os01g0844800",2431,2328,1872,2272,2284,2328
"Os01g0617900",175,123,147,175,296,274
"Os01g0606900",48,10,22,10,4,0
"Os01g0929200",79,53,64,60,29,77
"Os01g0918400",32,5,1,11,2,12
"Os01g0256800",151,113,96,111,103,162
"Os01g0272850",246,371,265,292,414,475
"Os01g0108600",1357,1828,1973,2229,2488,2382
"Os01g0290600",104,125,83,91,66,73
"Os01g0715800",646,742,594,643,727,656
"Os01g0720801",194,150,140,96,77,90
"Os01g0391100",296,366,261,433,350,419
"Os01g0393400",26,28,28,15,46,25
"Os01g0864700",83,81,59,83,56,62
"Os01g0128200",217,144,80,113,27,47
"Os01g0584250",20,22,14,12,4,17
"Os01g0349800",10,2,6,18,15,10
"Os01g0310550",112,85,74,136,167,95
"Os01g0208700",2906,3441,3764,5250,8450,8445
"Os01g0515300",8,8,2,14,18,138
"Os01g0771300",112,188,146,112,226,228
"Os01g0223600",322,358,283,404,353,300
"Os01g0735632",17,35,13,21,30,20
"Os01g0740600",87,97,58,42,20,28
"Os01g0116300",103,103,75,90,72,67
"Os01g0237500",1756,4212,1560,1240,185,14
"Os01g0832600",235,314,217,270,165,117
"Os01g0914800",4133,4511,3645,4212,4571,4533
"Os01g0725600",1552,1244,1032,1249,1075,1122
"Os01g0100500",2059,1968,1675,1869,2100,2120
"Os01g0837200",34,39,12,10,13,4
"Os01g0690800",1365,1928,1303,1312,1226,943
"Os01g0937300",347,318,228,303,287,354
"Os01g0197200",1456,1372,1184,1461,1486,1421
"Os01g0355100",4,6,10,21,13,18
"Os01g0729100",1681,2304,1564,1218,1059,904
"Os01g0217800",812,683,609,648,612,680
"Os01g0908301",147,93,120,86,147,144
"Os01g0812900",1356,1235,777,702,265,329
"Os01g0253100",2289,2275,2126,2137,2280,2194
"Os01g0137200",35,68,42,29,32,37
"Os01g0617650",2,2,2,27,24,13
"Os01g0666000",22,81,103,30,26,33
"Os01g0874300",161,200,175,180,150,107
"Os01g0744400",30,47,48,54,44,47
"Os01g0885200",1487,1228,1571,1907,2507,2226
"Os01g0968600",668,570,500,655,628,598
"Os01g0258600",96,109,79,153,113,121
"Os01g0316800",1308,1568,1170,1085,1285,1306
"Os01g0925700",6584,7103,4622,3711,2115,3106
"Os01g0511800",36,16,18,13,7,14
"Os01g0747300",243,194,232,124,133,164
"Os01g0754700",63,64,73,48,52,54
"Os01g0743600",97,58,29,59,95,74
"Os01g0115300",183,182,148,177,176,182
"Os01g0750000",31,21,33,15,25,12
"Os01g0735500",159,169,106,111,130,91
"Os01g0262700",1492,1204,1334,1885,2297,2528
"Os01g0901600",203,271,541,413,660,455
"Os01g0755700",158,242,137,226,412,247
"Os01g0266000",3207,2947,2702,2802,2733,2418
"Os01g0174400",22,12,13,9,3,7
"Os01g0629900",1130,1309,1246,869,803,710
"Os01g0750500",188,258,237,100,105,90
"Os01g0971800",722,1086,854,708,729,697
"Os01g0873100",36,17,41,64,73,96
"Os01g0850200",210,171,132,163,87,135
"Os01g0263500",471,554,466,424,459,382
"Os01g0506100",261,287,267,283,224,234
"Os01g0303200",1007,1100,859,726,663,565
"Os01g0974701",59,67,61,66,75,55
"Os01g0124401",425,334,426,92,40,18
"Os01g0881300",387,203,443,1377,2422,2892
"Os01g0866300",2474,2687,2340,2272,2389,2071
"Os01g0969000",563,872,518,764,605,468
"Os01g0210750",31,22,41,49,33,40
"Os01g0680650",14,16,26,19,12,14
"Os01g0905700",954,899,806,1082,1172,1006
"Os01g0117300",59,86,39,350,607,1580
"Os01g0795200",207,269,50,117,19,36
"Os01g0650800",776,507,741,764,595,625
"Os01g0762500",29,17,27,39,41,37
"Os01g0706600",67,29,30,39,30,31
"Os01g0851100",1666,1127,1073,1296,911,1303
"Os01g0612200",1022,1243,747,754,640,618
"Os01g0124000",591,262,1469,2027,1612,3757
"Os01g0840100",299,205,142,354,133,222
"Os01g0711600",375,397,337,391,581,447
"Os01g0239700",6205,5215,6670,8277,10459,7448
"Os01g0625200",31,26,29,33,32,33
"Os01g0542000",318,485,369,423,593,484
"Os01g0377500",1982,2022,1873,1884,2184,2002
"Os01g0959900",2961,2254,2999,3895,5257,6200
"Os01g0307686",616,727,438,365,233,227
"Os01g0527700",1388,1710,1368,1158,1232,1108
"Os01g0148500",235,162,78,149,95,171
"Os01g0673900",198,256,126,147,211,231
"Os01g0575500",6021,6025,4788,4612,4624,4323
"Os01g0835900",920,1169,949,1603,1724,1478
"Os01g0553600",2287,2070,2453,3144,3887,3765
"Os01g0815800",690,945,660,784,750,733
"Os01g0259300",146,189,133,121,83,59
"Os01g0660800",7,12,10,14,10,7
"Os01g0103900",53,44,15,12,6,12
"Os01g0173100",1016,814,717,828,891,828
"Os01g0783200",2277,2065,2081,1721,2043,1916
"Os01g0910300",43,77,96,81,88,109
"Os01g0936600",199,230,252,221,162,128
"Os01g0558300",1987,2075,1551,1802,1770,1720
"Os01g0192900",1524,1392,1617,4404,7211,1263
"Os01g0893400",1087,885,1400,2221,2353,2558
"Os01g0923400",1232,935,1006,1288,1183,1217
"Os01g0689800",903,847,752,968,978,901
"Os01g0692700",1788,2322,2172,2415,3246,2699
"Os01g0960800",472,454,315,400,214,338
"Os01g0105800",206,197,120,178,127,106
"Os01g0835800",211,161,150,179,139,221
"Os01g0935600",2396,2300,1870,2014,2055,2287
"Os01g0111800",101,140,112,92,116,86
"Os01g0368700",36,22,40,63,119,118
"Os01g0710000",3241,3233,2837,3175,3344,3213
"Os01g0507900",3703,3742,3118,4085,4193,3894
"Os01g0153300",2635,2893,2392,3227,3252,2713
"Os01g0257300",85,98,34,29,4,4
"Os01g0621200",36,18,22,66,73,77
"Os01g0187300",55,25,106,28,36,28
"Os01g0587400",517,1317,604,464,346,221
"Os01g0130200",70,186,151,133,89,123
"Os01g0658400",203,212,174,208,193,222
"Os01g0193600",196,140,139,165,137,179
"Os01g0616900",72,97,67,122,115,90
"Os01g0719300",58,10,18,42,55,64
"Os01g0895600",18252,20043,14967,15943,14426,14520
"Os01g0512200",889,940,831,919,1064,1017
"Os01g0194300",5882,7134,5549,4140,4435,3631
"Os01g0787600",220,235,178,104,50,36
"Os01g0805100",105,156,141,99,110,122
"Os01g0231800",341,472,268,203,126,102
"Os01g0566701",16,31,57,74,29,16
"Os01g0309800",2102,3276,3142,6770,7545,6908
"Os01g0641700",904,1143,799,1048,989,969
"Os01g0667600",251,251,222,274,336,294
"Os01g0931300",519,690,401,480,352,373
"Os01g0614900",4140,3273,3040,2641,2804,2711
"Os01g0916300",1826,1746,1470,1621,1687,1720
"Os01g0500825",77,49,27,28,24,30
"Os01g0694200",1104,1166,1079,1076,1141,1052
"Os01g0970900",473,508,326,385,417,319
"Os01g0771100",193,136,110,121,92,104
"Os01g0109750",627,530,588,643,991,932
"Os01g0546700",78,68,74,73,89,100
"Os01g0610300",1517,1219,1380,1625,1913,1878
"Os01g0189800",3653,4248,3540,3631,5138,4675
"Os01g0906600",2036,2170,1909,2126,2111,2060
"Os01g0219100",94,128,113,99,68,55
"Os01g0508500",320,1673,1526,930,251,672
"Os01g0782100",576,803,465,443,447,412
"Os01g0555600",60,30,41,66,57,43
"Os01g0702400",1633,1416,1415,1690,1668,1751
"Os01g0632700",379,521,450,522,570,541
"Os01g0136300",12,16,4,41,20,14
"Os01g0194000",896,1571,950,653,727,701
"Os01g0531500",1555,1643,1225,1446,1404,1336
"Os01g0831250",521,1036,582,368,113,102
"Os01g0653700",1257,1154,1086,1167,1749,1689
"Os01g0721000",1383,1685,1372,1010,1149,832
"Os01g0220400",770,1033,509,565,446,416
"Os01g0952200",2051,1882,1751,1932,2078,2134
"Os01g0856500",142,119,150,254,288,243
"Os01g0765400",118,44,53,77,40,77
"Os01g0689600",180,193,148,144,198,106
"Os01g0694800",16,16,15,24,32,15
"Os01g0874800",2068,1755,1691,2403,2622,2382
"Os01g0866400",15427,11290,18710,29028,39942,31366
"Os01g0747600",84,79,78,84,81,44
"Os01g0811300",1105,1081,839,994,880,948
"Os01g0834700",624,633,356,392,408,435
"Os01g0229900",197,271,193,338,441,399
"Os01g0966500",873,1113,729,780,677,732
"Os01g0114800",29,59,39,35,28,37
"Os01g0830100",2000,2031,2049,2100,2629,2176
"Os01g0155600",2944,3900,3560,3987,4239,4243
"Os01g0972900",22,24,26,18,6,28
"Os01g0607800",611,430,623,708,1049,1065
"Os01g0260000",46,50,35,36,24,27
"Os01g0268600",777,1023,1008,752,958,751
"Os01g0823200",200,251,171,187,203,171
"Os01g0225200",1173,1122,1008,1269,1262,1201
"Os01g0886000",845,945,832,790,752,794
"Os01g0295900",1272,1013,1457,1371,2220,1981
"Os01g0976300",399,385,272,199,128,69
"Os01g0174000",203,228,228,240,267,204
"Os01g0121500",167,276,207,128,87,37
"Os01g0183300",57,56,37,60,54,60
"Os01g0794800",258,374,186,183,64,27
"Os01g0182200",2277,2786,2299,2529,3008,2721
"Os01g0323300",528,482,686,908,1243,1177
"Os01g0817800",8,26,32,33,31,25
"Os01g0187900",1259,1147,873,903,954,837
"Os01g0195500",1417,1491,1243,1439,1551,1515
"Os01g0598400",57,43,66,47,46,48
"Os01g0276500",337,274,203,346,357,317
"Os01g0863400",886,860,848,752,997,1066
"Os01g0136700",376,439,284,234,237,180
"Os01g0179300",4379,3719,3444,3888,4435,4048
"Os01g0303800",297,251,213,270,540,349
"Os01g0774200",130,106,90,205,187,208
"Os01g0860400",10,24,16,20,32,32
"Os01g0668000",823,897,594,786,849,1128
"Os01g0242900",261,394,208,267,277,207
"Os01g0166400",80,42,42,42,40,53
"Os01g0235350",270,191,137,211,235,213
"Os01g0816000",155,144,137,93,140,140
"Os01g0685650",84,62,55,80,38,74
"Os01g0360100",80,43,64,58,68,42
"Os01g0974300",2550,2417,2086,2373,2279,2107
"Os01g0256600",451,639,606,570,693,652
"Os01g0109500",27,59,41,59,55,38
"Os01g0930000",891,810,959,1228,1434,1286
"Os01g0363500",1823,2280,1913,2558,3300,3230
"Os01g0501700",3239,2982,2768,3632,3851,3946
"Os01g0100600",999,895,864,1107,1135,1101
"Os01g0901300",120,102,52,126,96,103
"Os01g0639100",2112,2095,1924,2284,2213,2205
"Os01g0681800",122,185,208,308,680,663
"Os01g0180400",21,16,26,38,49,42
"Os01g0201200",1809,2618,1353,2338,1443,1885
"Os01g0179800",362,356,341,409,509,622
"Os01g0915900",1607,2796,1600,1704,1252,651
"Os01g0143100",658,503,481,576,665,606
"Os01g0181000",585,620,499,521,536,666
"Os01g0856800",1068,1172,953,1222,1332,1209
"Os01g0247600",1350,1176,2597,2688,3832,3099
"Os01g0620100",796,931,841,837,903,928
"Os01g0909400",54,72,134,85,336,292
"Os01g0969700",82,39,9,50,28,40
"Os01g0619800",186,176,201,194,255,195
"Os01g0937200",135,176,167,121,177,162
"Os01g0698100",2486,2450,2403,2509,2678,2585
"Os01g0767700",3707,3242,3096,3541,3428,3503
"Os01g0266400",38,38,30,43,37,48
"Os01g0625300",20,14,20,20,18,39
"Os01g0144000",567,635,483,560,477,549
"Os01g0100700",1826,2016,1858,2177,2035,2145
"Os01g0732200",2532,2460,2391,3601,3841,3858
"Os01g0705400",60,63,33,55,37,53
"Os01g0878800",1705,2889,1753,1957,1761,1557
"Os01g0386700",6590,6121,8198,8822,10573,9978
"Os01g0952600",6937,6503,5378,6990,6608,6660
"Os01g0847700",692,399,355,418,391,345
"Os01g0705000",32,43,28,44,63,46
"Os01g0609900",11858,16335,10709,6349,2449,1426
"Os01g0838300",12,44,16,18,2,14
"Os01g0939700",1488,1603,1257,1605,1408,1554
"Os01g0131800",374,526,365,381,450,376
"Os01g0930500",62,38,44,22,2,16
"Os01g0749000",12,11,3,10,0,2
"Os01g0739300",285,336,377,447,588,595
"Os01g0760000",24,54,27,25,18,40
"Os01g0382400",45,22,68,36,48,109
"Os01g0654200",1529,1449,1334,1354,1390,1444
"Os01g0747700",470,325,432,609,582,596
"Os01g0150100",471,514,485,438,539,489
"Os01g0970500",319,363,234,323,290,323
"Os01g0908100",747,824,840,1122,1115,1182
"Os01g0971100",4850,5182,4526,6442,7400,7668
"Os01g0710700",8653,10045,12545,14981,23130,17669
"Os01g0826000",143,123,32,126,68,106
"Os01g0633400",193,151,117,404,597,580
"Os01g0740650",254,231,157,161,105,144
"Os01g0367400",432,555,549,312,341,333
"Os01g0607300",75,67,44,91,76,50
"Os01g0564300",4057,9406,4288,5139,4824,3410
"Os01g0934400",541,839,574,533,209,212
"Os01g0920700",17,56,49,50,65,19
"Os01g0622600",4386,4894,3891,3639,3111,2724
"Os01g0304000",1603,1442,1157,1189,992,825
"Os01g0684800",71,75,41,29,21,13
"Os01g0314000",109,71,38,81,18,53
"Os01g0674150",22,26,36,44,32,31
"Os01g0769100",205,248,202,260,215,214
"Os01g0846450",1114,1173,972,1088,1080,1087
"Os01g0271700",546,607,558,622,592,637
"Os01g0922000",737,900,819,991,741,706
"Os01g0866133",8802,9842,7759,7428,9186,9576
"Os01g0600300",1094,1373,1005,1163,1027,1065
"Os01g0225400",518,597,586,801,943,644
"Os01g0716500",13,14,12,15,12,18
"Os01g0712700",383,461,427,368,211,329
"Os01g0777300",38,32,13,10,37,41
"Os01g0799900",1362,1632,1160,1314,1327,1257
"Os01g0949700",300,482,261,250,121,78
"Os01g0646000",96,102,94,89,72,114
"Os01g0827400",115,156,197,181,293,295
"Os01g0764000",218,240,157,199,134,135
"Os01g0218800",1660,1514,1654,1803,2282,2140
"Os01g0361000",6593,6457,7508,9138,10714,10989
"Os01g0975000",85,127,131,69,14,48
"Os01g0580800",733,911,941,767,1021,815
"Os01g0724450",44,55,22,58,50,55
"Os01g0321300",9923,7701,7893,9684,9285,9417
"Os01g0964333",231,240,224,301,498,409
"Os01g0253500",14,25,28,20,51,22
"Os01g0723800",2440,2410,2315,2806,2180,2278
"Os01g0347200",379,384,302,389,356,404
"Os01g0973100",3,0,26,6,19,149
"Os01g0650200",4182,4533,4146,4154,4354,3478
"Os01g0665200",4610,3769,5307,5527,6479,7228
"Os01g0816600",32,19,48,60,54,56
"Os01g0686200",115,172,97,169,172,130
"Os01g0626200",1187,1014,838,884,894,857
"Os01g0627967",164,131,39,250,14,143
"Os01g0847200",796,695,539,726,735,527
"Os01g0693300",1566,1547,1043,831,479,499
"Os01g0716400",394,191,211,315,305,326
"Os01g0624000",93,77,68,72,57,62
"Os01g0795000",411,763,354,408,152,131
"Os01g0155200",18,16,7,14,4,18
"Os01g0960200",420,678,443,299,130,109
"Os01g0738000",169,206,135,242,217,241
"Os01g0908700",5579,5991,5198,3536,3789,3019
"Os01g0772200",2135,2185,1731,1974,1845,1908
"Os01g0749300",531,587,443,416,316,322
"Os01g0741900",7300,4824,6618,6471,7811,6892
"Os01g0739400",1070,942,1009,1146,1038,1153
"Os01g0305900",103,79,139,177,229,421
"Os01g0311500",470,478,499,510,654,505
"Os01g0589200",207,506,182,273,230,115
"Os01g0967100",6188,4968,5476,5453,6074,5787
"Os01g0825800",964,993,1111,560,1369,794
"Os01g0139200",6919,10437,7498,6580,5033,4149
"Os01g0721100",461,349,436,452,567,521
"Os01g0590200",1441,1341,1033,1192,1002,1017
"Os01g0268100",92,107,77,109,105,107
"Os01g0209800",23,71,34,25,22,15
"Os01g0881000",10,4,15,16,16,42
"Os01g0644000",6488,5496,4774,2543,835,910
"Os01g0221400",83,72,154,258,407,511
"Os01g0120500",1911,1778,1719,2489,2496,2284
"Os01g0817100",1124,1886,819,1019,527,448
"Os01g0878300",456,262,333,215,92,184
"Os01g0934800",49,83,66,45,24,14
"Os01g0727900",126,174,133,172,129,203
"Os01g0178400",511,324,397,563,710,631
"Os01g0784500",162,184,129,180,134,103
"Os01g0241100",435,347,261,319,270,269
"Os01g0152300",408,507,433,679,676,448
"Os01g0142200",190,225,144,224,184,216
"Os01g0521500",29,36,46,31,25,11
"Os01g0531200",1203,1269,1161,1139,1302,1338
"Os01g0530400",1564,1186,1025,1219,1216,1210
"Os01g0919500",742,987,850,796,786,770
"Os01g0855900",210,159,168,165,160,134
"Os01g0588700",1092,1287,1103,1353,1193,1196
"Os01g0708350",3795,3554,2874,2823,2494,2532
"Os01g0799000",29,15,39,38,38,30
"Os01g0869600",1308,1215,1272,1099,1054,1119
"Os01g0767600",303,202,126,180,146,136
"Os01g0131300",2147,3101,2606,5501,5354,4526
"Os01g0286100",650,459,568,572,541,555
"Os01g0642801",109,198,73,76,28,16
"Os01g0203800",120,100,74,69,71,41
"Os01g0175000",2943,3304,2827,3463,3497,3454
"Os01g0894000",603,498,406,477,409,479
"Os01g0724500",387,451,321,349,329,319
"Os01g0756400",2333,2387,1887,1866,1683,1721
"Os01g0104900",18,41,23,55,67,64
"Os01g0142600",34,36,18,34,22,15
"Os01g0139000",32,37,35,40,3,10
"Os01g0821800",1903,1582,1438,1495,1478,1280
"Os01g0867600",1139,938,1010,927,1207,1096
"Os01g0134900",44,22,24,48,8,30
"Os01g0533000",395,436,353,400,319,457
"Os01g0246700",6019,7060,6032,4225,4826,4675
"Os01g0125600",79,60,45,70,49,87
"Os01g0533100",78,34,66,56,67,81
"Os01g0603800",12,0,8,12,13,6
"Os01g0642200",6516,8911,5652,8877,14445,16876
"Os01g0872100",13,12,17,8,18,10
"Os01g0871200",55150,47828,51296,67684,62767,57821
"Os01g0585600",609,490,461,426,354,360
"Os01g0266600",801,755,749,999,1150,1160
"Os01g0130400",9,4,46,18,32,50
"Os01g0248400",318,265,208,234,172,160
"Os01g0847800",1085,1088,707,622,611,608
"Os01g0243100",213,112,157,175,271,383
"Os01g0674700",4977,3799,3891,4639,5052,4754
"Os01g0958000",3999,4624,3798,4301,4713,4405
"Os01g0938900",4049,4832,3557,3670,3621,3428
"Os01g0950800",904,1027,868,1017,885,932
"Os01g0148050",7059,6541,5955,6913,7423,6604
"Os01g0917200",24,16,21,30,40,50
"Os01g0504500",3814,4791,3420,3199,2271,2574
"Os01g0856600",347,432,348,426,441,461
"Os01g0199900",1705,1442,1551,1640,1980,1735
"Os01g0167500",2231,2678,2117,1922,1929,1769
"Os01g0153100",1579,1968,1566,1622,1965,1745
"Os01g0332800",1562,861,1713,3357,3956,4366
"Os01g0198000",132,91,87,214,124,206
"Os01g0841100",39,64,61,58,60,66
"Os01g0663500",1013,1159,849,982,963,825
"Os01g0215100",108,127,192,236,384,286
"Os01g0780800",689,788,635,1065,1115,1090
"Os01g0893300",111,118,138,149,161,115
"Os01g0948300",2003,2580,1862,1953,2403,2330
"Os01g0927600",17684,17443,18815,22813,29066,26958
"Os01g0510100",6958,9243,6360,5681,4075,3577
"Os01g0761100",677,753,635,545,698,568
"Os01g0326300",2598,3791,3731,3896,4238,2026
"Os01g0141000",5032,6857,7483,4636,8351,2831
"Os01g0524500",679,1027,981,764,1395,1164
"Os01g0583200",814,773,756,670,655,674
"Os01g0603000",1392,1655,1423,1564,1550,1640
"Os01g0237750",2776,4481,1881,1216,213,11
"Os01g0945800",2277,2319,2029,2253,1810,1895
"Os01g0256900",1021,1187,960,907,1009,830
"Os01g0366100",561,543,450,735,485,604
"Os01g0818700",889,854,641,449,171,220
"Os01g0897500",512,519,536,587,602,612
"Os01g0830500",2279,2187,1787,1905,2341,2165
"Os01g0944200",20404,17589,19021,18894,21628,20285
"Os01g0510901",13,19,24,26,19,9
"Os01g0383700",28883,20997,23454,20459,16749,17760
"Os01g0222700",592,550,567,514,532,548
"Os01g0390300",547,423,399,555,603,819
"Os01g0721500",178,217,216,248,235,261
"Os01g0925200",2263,2426,1895,1988,1708,1815
"Os01g0901800",538,598,470,425,580,396
"Os01g0860300",852,689,629,669,520,576
"Os01g0730700",471,851,384,280,144,69
"Os01g0574600",1492,1461,1555,1993,2616,2490
"Os01g0910900",28542,41601,20648,75407,67583,82859
"Os01g0834600",1392,1412,1090,1209,967,1015
"Os01g0762000",2971,2691,2186,2171,2694,2480
"Os01g0196300",1705,3646,1783,1328,169,53
"Os01g0719000",48,36,30,53,34,46
"Os01g0180600",340,247,385,293,423,349
"Os01g0541800",406,270,623,579,679,772
"Os01g0232800",2938,3468,2432,2459,2057,2209
"Os01g0153400",1359,1115,987,1220,1327,1250
"Os01g0759700",1315,1500,1169,1046,1184,1072
"Os01g0275800",93,73,96,160,156,166
"Os01g0613800",79,98,106,85,134,123
"Os01g0813100",31,30,37,61,108,60
"Os01g0914200",36,33,16,35,41,33
"Os01g0347100",1879,1781,1658,1658,2158,2504
"Os01g0598600",30,21,46,60,87,113
"Os01g0920450",37,48,71,39,56,30
"Os01g0280500",109,166,42,40,2,40
"Os01g0498200",353,227,158,205,192,236
"Os01g0164600",1356,1192,1277,1562,1869,1691
"Os01g0761300",1645,1614,1548,1305,1346,1437
"Os01g0188200",333,273,282,348,308,294
"Os01g0231900",2302,1999,1973,2279,2504,2266
"Os01g0866500",49,42,49,47,92,69
"Os01g0684900",4110,6039,3721,2842,2108,1941
"Os01g0563700",27,19,7,20,6,16
"Os01g0552050",164,106,118,181,132,152
"Os01g0757600",23,33,64,90,119,116
"Os01g0185300",19,20,10,10,5,11
"Os01g0356500",376,310,258,397,401,363
"Os01g0382000",26977,77283,29026,48134,5271,3321
"Os01g0614700",29,17,17,30,12,17
"Os01g0693400",929,1349,1600,1510,3122,2439
"Os01g0731201",57,88,131,387,299,140
"Os01g0617700",475,416,391,503,494,719
"Os01g0255000",1717,2142,1729,1921,1956,2269
"Os01g0286200",18,20,16,15,22,33
"Os01g0913000",172,220,145,253,205,205
"Os01g0297200",719,1406,913,556,301,129
"Os01g0823600",1047,695,504,568,295,462
"Os01g0306900",932,882,904,1172,1007,1134
"Os01g0817000",351,298,330,437,368,466
"Os01g0543000",155,224,160,239,127,203
"Os01g0341200",131,148,128,152,158,148
"Os01g0845000",72,93,82,102,43,37
"Os01g0610600",2225,1886,1774,1969,1991,1608
"Os01g0200950",321,265,297,351,435,429
"Os01g0106400",144,566,138,68,180,60
"Os01g0580300",216,305,278,326,457,507
"Os01g0136800",46,30,52,37,44,39
"Os01g0921400",479,439,323,301,337,353
"Os01g0544700",736,676,666,648,611,657
"Os01g0740700",91,114,61,23,26,18
"Os01g0183633",364,389,272,313,340,374
"Os01g0894600",326,394,310,476,517,436
"Os01g0864300",20,51,44,20,22,5
"Os01g0277500",271,278,335,309,381,434
"Os01g0552000",624,455,461,547,348,386
"Os01g0968000",601,604,623,700,739,822
"Os01g0231500",1803,1697,1518,1733,1700,1691
"Os01g0276900",50,46,58,69,18,36
"Os01g0838800",873,853,813,794,899,729
"Os01g0702000",9351,10417,9884,10350,14331,13936
"Os01g0194600",46,100,70,73,91,64
"Os01g0558900",926,887,822,1011,1151,1042
"Os01g0531400",45,15,36,45,26,32
"Os01g0104800",1884,1556,1309,1497,1161,1347
"Os01g0550200",203,244,214,289,237,261
"Os01g0197900",161,128,149,148,188,109
"Os01g0527400",2406,2456,2032,1889,1977,1998
"Os01g0732000",333,396,369,490,434,384
"Os01g0125700",234,231,162,217,234,205
"Os01g0104400",2619,3041,2161,3058,3385,2931
"Os01g0375200",1327,1235,967,699,302,336
"Os01g0151100",3310,3895,2692,2399,2004,1744
"Os01g0971000",8586,8752,5682,5202,5250,6091
"Os01g0371500",8,19,10,16,2,14
"Os01g0118300",59,47,26,33,43,65
"Os01g0833000",184,189,224,300,395,263
"Os01g0713200",2823,3946,4526,2703,2853,4472
"Os01g0782500",2262,2137,1587,2262,2145,1879
"Os01g0351200",116,36,110,126,114,147
"Os01g0742400",2526,2970,2198,1885,1744,1917
"Os01g0505700",31,37,38,51,36,28
"Os01g0758200",213,229,172,142,91,66
"Os01g0124200",26805,27732,30832,8536,3358,1516
"Os01g0645400",8,34,11,23,21,14
"Os01g0613900",753,693,638,851,882,780
"Os01g0193900",947,1015,785,600,794,634
"Os01g0873000",21,12,6,14,0,11
"Os01g0163000",58,41,24,21,27,17
"Os01g0261100",4700,4423,3937,3987,4137,3746
"Os01g0753100",2210,2172,1753,1570,1898,1782
"Os01g0532800",63,64,68,65,45,85
"Os01g0221000",275,442,426,493,1238,1052
"Os01g0812800",180,145,113,130,88,138
"Os01g0799100",1022,1044,823,1017,898,832
"Os01g0223500",101,112,75,104,152,175
"Os01g0284500",25,39,28,6,10,2
"Os01g0721400",184,313,172,176,90,82
"Os01g0518800",110,136,95,109,80,74
"Os01g0318700",28,10,11,6,18,10
"Os01g0953100",236,239,209,296,260,303
"Os01g0133500",304,255,175,276,283,423
"Os01g0221900",553,406,475,952,1182,1217
"Os01g0561500",13,21,5,15,24,30
"Os01g0886600",830,679,786,841,1224,1161
"Os01g0149200",228,203,147,217,292,243
"Os01g0612800",242,176,216,220,235,274
"Os01g0575200",2908,5059,3095,2058,1806,1057
"Os01g0317125",10,1,9,11,12,12
"Os01g0636700",2433,2268,2074,2013,1852,1726
"Os01g0642000",97,28,36,48,8,37
"Os01g0603700",38,25,16,31,39,30
"Os01g0862000",965,1219,1080,1093,1118,1013
"Os01g0814200",81,65,85,74,76,64
"Os01g0769700",33,21,72,56,54,150
"Os01g0513200",724,682,651,653,673,804
"Os01g0501000",642,697,496,556,593,684
"Os01g0150000",2442,2634,2136,3385,4186,4185
"Os01g0675800",176,147,131,205,169,149
"Os01g0904300",347,325,330,434,394,501
"Os01g0372100",11,6,10,12,8,20
"Os01g0251200",577,590,487,601,532,437
"Os01g0729900",437,471,292,308,254,233
"Os01g0364800",427,396,406,422,511,455
"Os01g0238500",374,307,700,1493,1706,3045
"Os01g0787000",16,26,22,21,4,2
"Os01g0776500",99,50,43,79,44,80
"Os01g0607900",10,10,10,4,10,28
"Os01g0876800",254,357,158,101,42,22
"Os01g0238600",722,1091,643,748,593,494
"Os01g0833150",780,764,694,992,1509,1256
"Os01g0685400",32,87,54,38,55,51
"Os01g0838600",107,169,115,34,20,32
"Os01g0815700",1724,1478,1138,1454,1307,1165
"Os01g0767966",23,31,22,13,16,11
"Os01g0680500",48,53,75,90,74,40
"Os01g0296100",3573,3574,3132,3527,3882,3704
"Os01g0626500",781,731,703,778,596,688
"Os01g0565900",961,1445,952,1021,783,905
"Os01g0514000",1331,1535,1154,1441,1710,1651
"Os01g0696701",41,25,15,22,5,11
"Os01g0238800",17,16,17,16,11,13
"Os01g0119500",839,1022,710,1091,1104,883
"Os01g0667100",271,326,303,322,340,358
"Os01g0124100",19,30,37,7,6,6
"Os01g0867400",482,393,291,348,383,309
"Os01g0179000",31,77,97,39,20,26
"Os01g0532600",61,73,50,85,79,59
"Os01g0259966",20,5,5,18,15,7
"Os01g0501800",25563,29592,31116,42683,61718,57061
"Os01g0126200",579,1059,617,676,991,740
"Os01g0552500",388,398,399,527,607,732
"Os01g0709500",1574,1083,1306,1460,1396,1838
"Os01g0618000",40,37,33,43,26,38
"Os01g0280400",320,209,161,231,141,148
"Os01g0127900",264,339,285,477,450,354
"Os01g0132800",1582,1289,1251,1883,1977,1800
"Os01g0375000",2656,2268,1996,2300,1893,2106
"Os01g0277700",623,727,545,718,758,734
"Os01g0112300",986,1016,914,757,924,913
"Os01g0772000",1022,1241,986,1308,1473,1255
"Os01g0699400",34,0,12,12,2,6
"Os01g0626900",2848,2885,2430,2880,2424,2716
"Os01g0967600",1436,1379,1203,1252,1116,1037
"Os01g0945001",401,321,321,216,226,214
"Os01g0857200",238,221,227,282,289,213
"Os01g0580000",1188,1090,997,1226,1093,1157
"Os01g0604600",18,42,28,43,40,44
"Os01g0555200",2302,2256,1511,1446,1451,1019
"Os01g0224300",30,12,14,7,14,18
"Os01g0959750",2984,3264,1900,1658,1741,2925
"Os01g0746700",2,0,14,20,18,2
"Os01g0898400",22,56,42,70,59,57
"Os01g0939000",179,157,167,124,160,154
"Os01g0965500",218,185,247,267,244,291
"Os01g0574500",1325,1420,1095,944,942,970
"Os01g0121700",4769,4428,4373,5328,5238,4965
"Os01g0224700",70,59,53,99,95,154
"Os01g0743500",172,9,9,20,9,12
"Os01g0585100",364,228,170,156,80,144
"Os01g0159800",1376,1291,867,533,363,265
"Os01g0571766",24,59,41,75,85,77
"Os01g0668600",110,160,104,97,106,203
"Os01g0837000",4671,4670,3547,2299,1883,1499
"Os01g0924800",575,512,607,414,596,1061
"Os01g0697100",132,143,179,168,241,256
"Os01g0762400",327,241,297,323,350,295
"Os01g0955700",2501,1796,1636,1758,893,1059
"Os01g0869000",3997,3830,3154,3495,3609,3536
"Os01g0902000",457,423,389,371,355,370
"Os01g0550600",16,10,52,46,67,50
"Os01g0389700",555,939,748,421,337,145
"Os01g0775600",867,1073,846,1004,845,935
"Os01g0182700",16,7,14,14,10,12
"Os01g0242500",447,463,495,397,453,513
"Os01g0221300",185,266,188,286,341,313
"Os01g0923300",4417,4261,3890,4142,5166,4637
"Os01g0772600",3115,3416,2220,2668,2470,2610
"Os01g0563500",90,199,155,165,178,215
"Os01g0110100",18,19,25,97,164,197
"Os01g0277600",1189,1068,807,1051,856,940
"Os01g0555800",244,198,187,309,312,345
"Os01g0664100",1677,1579,1377,1519,1478,1443
"Os01g0958100",2901,2261,2276,2863,3350,3281
"Os01g0883000",937,990,1258,1195,2549,2141
"Os01g0943800",639,632,381,512,382,406
"Os01g0609300",17436,18140,16108,7640,2182,1973
"Os01g0765000",188,232,175,158,194,253
"Os01g0805000",2848,2578,2854,4209,4881,4804
"Os01g0665300",5498,5728,4352,3526,4438,4740
"Os01g0358100",24,92,46,26,42,11
"Os01g0896500",8560,7695,9841,11465,13914,12463
"Os01g0229200",2388,3157,2730,3306,4179,3560
"Os01g0710800",777,801,883,1121,1343,1175
"Os01g0763300",1172,1680,1157,1590,1769,1542
"Os01g0254400",44,44,18,17,9,0
"Os01g0131900",60,71,55,33,85,98
"Os01g0337600",4443,3787,3712,3872,3766,3806
"Os01g0748200",133,180,183,178,196,177
"Os01g0524700",1180,684,721,868,857,948
"Os01g0838100",1652,1473,1872,2009,2107,2011
"Os01g0576000",34,56,38,34,70,128
"Os01g0827600",740,987,630,580,490,367
"Os01g0823900",686,1159,1015,926,1231,617
"Os01g0283500",263,244,157,184,154,144
"Os01g0292200",1017,1139,1079,1406,1405,1842
"Os01g0128000",271,114,79,53,24,26
"Os01g0775200",3667,3215,3142,2787,3119,2824
"Os01g0130900",446,230,991,278,1151,545
"Os01g0921200",2862,2869,2436,2505,2292,2274
"Os01g0656400",275,362,206,310,321,403
"Os01g0710250",323,289,137,247,157,181
"Os01g0879200",138,184,106,114,14,20
"Os01g0794400",255,303,145,341,351,416
"Os01g0199700",77,99,114,71,107,131
"Os01g0222500",253,282,156,273,243,247
"Os01g0600200",2477,2134,1924,2235,2040,2012
"Os01g0103400",33,20,37,36,56,67
"Os01g0685600",2,17,2,19,17,11
"Os01g0601000",14,28,17,48,16,13
"Os01g0151700",12,8,10,17,15,18
"Os01g0738500",555,585,567,568,696,665
"Os01g0652800",10,8,9,0,10,20
"Os01g0795050",5,14,11,19,27,18
"Os01g0907400",760,671,620,827,747,773
"Os01g0944900",111,52,35,60,36,59
"Os01g0551900",1114,1093,923,1071,955,1116
"Os01g0780500",3281,3916,2575,2665,1989,1810
"Os01g0966300",1676,1399,1326,1516,1431,1656
"Os01g0634300",2155,2003,1616,1526,1124,1304
"Os01g0279200",2465,2349,1799,2178,1703,2062
"Os01g0604550",10,15,10,2,2,12
"Os01g0833600",128,119,88,118,100,72
"Os01g0269000",1197,1225,963,883,831,739
"Os01g0267800",44,43,29,11,34,24
"Os01g0866100",1122,1289,1079,914,1298,1101
"Os01g0164400",725,909,731,733,990,969
"Os01g0879400",1020,1307,932,1089,669,808
"Os01g0937400",721,630,694,755,813,867
"Os01g0140100",20,16,33,24,24,19
"Os01g0976100",215,139,149,180,276,225
"Os01g0588200",47,40,24,38,18,32
"Os01g0214200",1420,1873,1133,1374,1367,824
"Os01g0102850",375,358,227,249,358,394
"Os01g0819000",1590,1793,1123,1126,1188,1342
"Os01g0751300",1439,1508,1265,1465,1322,1550
"Os01g0550100",4401,4136,2943,2673,2363,2104
"Os01g0795832",32,24,28,36,56,55
"Os01g0196600",195,281,196,255,225,224
"Os01g0149350",47,14,37,48,19,25
"Os01g0165800",1060,1032,871,1092,1012,925
"Os01g0920300",5310,4403,4694,6968,7449,6875
"Os01g0176300",223,133,161,170,164,164
"Os01g0940100",536,561,565,665,668,797
"Os01g0921800",659,1002,1005,1374,1716,1617
"Os01g0257400",1002,690,805,915,1077,1044
"Os01g0895000",62,154,68,33,26,8
"Os01g0227350",136,176,124,199,120,137
"Os01g0140700",145,186,351,418,385,95
"Os01g0292700",1523,1555,1719,2316,2858,2725
"Os01g0357100",66,137,113,119,85,76
"Os01g0106500",748,733,622,694,744,839
"Os01g0852200",2124,1876,1654,1955,1639,1698
"Os01g0232500",1470,1694,1273,1507,1681,1433
"Os01g0934350",29,42,42,27,19,9
"Os01g0752600",418,417,363,356,379,432
"Os01g0618800",8130,8046,8021,9352,10718,10436
"Os01g0784700",11,4,8,17,34,21
"Os01g0924000",8121,7817,8111,11486,11871,12462
"Os01g0513400",2069,2213,1678,1972,1937,1811
"Os01g0278466",78,85,59,116,102,108
"Os01g0175400",422,519,416,280,191,173
"Os01g0698800",44,28,73,36,10,12
"Os01g0130000",965,631,547,732,528,514
"Os01g0178500",4871,4476,4498,6573,7314,5191
"Os01g0337900",1708,1454,1123,1236,961,924
"Os01g0201250",14,3,7,16,7,20
"Os01g0344620",16,14,15,22,2,6
"Os01g0679900",726,691,540,638,512,538
"Os01g0571000",423,422,343,300,175,121
"Os01g0884700",371,325,259,329,306,276
"Os01g0281100",38,25,16,22,12,10
"Os01g0693700",32,52,39,37,49,55
"Os01g0708000",2355,2765,2508,2462,2748,2543
"Os01g0687150",6,18,8,10,46,14
"Os01g0111700",551,807,528,522,503,611
"Os01g0757900",163,133,231,184,313,541
"Os01g0641000",476,510,572,712,1032,1077
"Os01g0500400",4,10,9,22,11,21
"Os01g0579800",185,244,155,192,146,154
"Os01g0759800",7,10,13,19,11,5
"Os01g0176200",438,361,260,270,162,185
"Os01g0141100",881,796,712,619,617,813
"Os01g0528800",7564,6343,5066,7129,7468,8657
"Os01g0892500",384,469,603,482,471,333
"Os01g0681700",885,487,957,619,2292,2445
"Os01g0813500",1415,1686,1634,1659,1646,1803
"Os01g0382900",34,38,55,47,4,31
"Os01g0673600",2578,3698,2731,3225,3658,2946
"Os01g0716800",182,193,304,274,272,565
"Os01g0299400",314,365,348,350,302,347
"Os01g0672201",89,58,69,90,92,98
"Os01g0191000",89,109,72,74,67,65
"Os01g0593500",197,180,176,199,194,160
"Os01g0589000",2786,2207,2203,2971,3241,2954
"Os01g0206700",3,1,3,10,11,24
"Os01g0178100",522,731,558,804,756,652
"Os01g0762900",8,2,6,20,16,14
"Os01g0687700",913,953,733,872,1096,1028
"Os01g0295700",2489,2914,2558,2337,2627,2616
"Os01g0816550",19,8,14,13,22,39
"Os01g0795900",16,20,15,4,3,2
"Os01g0578700",301,350,394,360,292,299
"Os01g0203000",2152,2867,2387,2102,2925,2494
"Os01g0102300",2710,3550,3768,6338,9279,8450
"Os01g0830200",1767,1844,1670,2252,2131,2105
"Os01g0181166",6,6,11,14,21,14
"Os01g0914000",32,58,32,50,34,20
"Os01g0127700",1187,1756,1254,1403,1333,966
"Os01g0924966",19,44,18,20,18,38
"Os01g0185400",2417,1815,1797,1870,2083,2066
"Os01g0752400",1023,1298,936,982,917,908
"Os01g0763100",246,194,155,207,245,289
"Os01g0210800",132,147,113,115,97,93
"Os01g0962200",1427,1751,1287,1396,1457,1494
"Os01g0184700",42,37,23,23,34,44
"Os01g0108000",2371,2156,1839,2158,1910,1963
"Os01g0906000",60,34,57,85,146,164
"Os01g0232000",103,57,215,440,774,703
"Os01g0939600",66,54,42,68,64,67
"Os01g0867300",2085,1682,1451,1746,1556,1237
"Os01g0615000",105,114,146,142,257,186
"Os01g0945150",29,37,10,9,4,2
"Os01g0801901",131,118,113,105,206,229
"Os01g0214300",805,816,780,828,1012,933
"Os01g0710200",19,33,41,90,88,102
"Os01g0737800",1722,1817,1732,1734,2000,1821
"Os01g0597800",522,661,344,271,139,144
"Os01g0840200",2309,2477,2234,3234,3470,3649
"Os01g0191900",459,815,661,491,566,504
"Os01g0172300",656,718,562,566,573,571
"Os01g0752800",5718,5729,4450,5055,5269,5381
"Os01g0268800",1296,1537,1101,953,818,866
"Os01g0174100",192,169,152,203,226,282
"Os01g0916950",64,30,42,49,30,26
"Os01g0579600",148,138,204,114,256,239
"Os01g0125800",73,61,47,87,62,52
"Os01g0686700",6,10,4,4,12,12
"Os01g0885600",533,362,409,346,265,228
"Os01g0549200",1483,1272,1086,1210,1178,1169
"Os01g0243800",21,15,28,16,16,30
"Os01g0166100",494,468,355,476,534,645
"Os01g0572300",363,454,380,394,488,507
"Os01g0261200",6497,7224,3559,5617,5281,5484
"Os01g0734800",3016,5290,1612,3503,1161,1806
"Os01g0956200",17,17,21,32,22,27
"Os01g0932600",2074,2165,1651,1814,1606,1861
"Os01g0183800",3665,4310,3548,3758,3943,3706
"Os01g0315800",582,827,526,453,352,336
"Os01g0807800",436,550,458,441,374,293
"Os01g0965201",120,136,207,191,275,210
"Os01g0911100",11187,10730,11044,12738,13929,13348
"Os01g0226300",122,67,55,53,56,55
"Os01g0929100",19539,20529,22581,32741,38780,36629
"Os01g0958800",967,1063,1143,1370,1406,1480
"Os01g0601200",13,17,10,8,15,2
"Os01g0508100",115,255,271,132,58,71
"Os01g0648600",5,10,18,10,16,15
"Os01g0962600",53,61,50,45,45,31
"Os01g0162300",9,8,12,10,10,7
"Os01g0764800",242,228,111,705,405,161
"Os01g0814900",2450,2938,2185,1856,1245,1262
"Os01g0279000",12,10,13,8,0,6
"Os01g0867800",4804,4465,4211,5492,6627,6043
"Os01g0884400",1578,1584,1077,816,951,807
"Os01g0805200",11222,13638,12912,17745,22118,22129
"Os01g0120300",4206,3438,3584,4473,4749,4408
"Os01g0927400",137,196,132,183,134,121
"Os01g0736900",2434,2785,1611,1542,998,1132
"Os01g0153150",31,12,10,20,22,25
"Os01g0106200",1022,1430,1025,1174,1505,1260
"Os01g0530500",428,547,364,404,429,414
"Os01g0137700",50,60,61,55,49,26
"Os01g0188400",425,524,536,629,542,820
"Os01g0617600",271,318,263,378,220,199
"Os01g0367300",929,1272,863,1236,1112,1303
"Os01g0880900",48,48,30,34,54,38
"Os01g0709750",29,10,11,12,23,29
"Os01g0134500",984,886,1023,1655,2344,1838
"Os01g0829800",372,340,178,177,110,126
"Os01g0737500",4,30,16,12,2,4
"Os01g0182300",11,4,2,14,12,12
"Os01g0343400",22,25,15,36,15,17
"Os01g0749400",3045,3359,3540,3396,3372,3562
"Os01g0628700",833,754,876,854,998,810
"Os01g0390900",1629,1559,1209,1583,1873,1898
"Os01g0238900",2456,2269,1963,2214,2123,1902
"Os01g0200200",12,13,18,22,33,26
"Os01g0264700",1915,2452,1402,1492,1143,1223
"Os01g0870100",2730,2580,2286,2415,2465,2170
"Os01g0290100",2531,2736,2311,2611,2965,2823
"Os01g0644900",38,78,74,13,8,2
"Os01g0247700",26,2,124,105,269,180
"Os01g0589100",98,177,124,92,97,55
"Os01g0827200",424,569,442,446,363,356
"Os01g0818200",86,55,74,61,89,60
"Os01g0678800",13,22,8,13,2,6
"Os01g0916700",195,199,177,176,251,211
"Os01g0332150",119,93,101,71,51,68
"Os01g0166700",1428,1381,1120,1497,1557,1754
"Os01g0909200",1618,1514,1145,1362,1281,1277
"Os01g0348600",5291,5029,3456,3682,3108,2971
"Os01g0670300",643,821,540,419,222,189
"Os01g0964000",551,536,325,437,453,522
"Os01g0200500",487,620,437,698,697,581
"Os01g0959100",1151,1335,719,487,162,159
"Os01g0138500",158,73,98,105,141,129
"Os01g0766400",26,24,22,32,28,18
"Os01g0574400",730,774,538,586,605,591
"Os01g0835600",3413,3805,3197,3501,3439,3467
"Os01g0964900",569,647,572,751,1111,924
"Os01g0265000",19,12,2,11,26,47
"Os01g0602800",340,203,330,373,462,464
"Os01g0170700",50,50,46,114,112,121
"Os01g0311400",71,59,92,131,152,164
"Os01g0737300",75,65,57,85,41,115
"Os01g0747500",501,569,397,454,504,479
"Os01g0718700",14,14,12,14,4,2
"Os01g0104350",114,177,133,211,217,258
"Os01g0254950",55,55,60,40,38,55
"Os01g0899200",223,222,234,454,400,445
"Os01g0888900",85,146,187,119,179,154
"Os01g0372500",18,21,13,6,2,22
"Os01g0974000",2854,2889,2261,2490,2286,2185
"Os01g0173900",11263,11546,7861,6895,5557,5269
"Os01g0721700",42,45,43,40,56,42
"Os01g0940700",5988,9784,9738,5455,1839,2228
"Os01g0392600",636,501,575,409,497,381
"Os01g0560200",1147,1100,891,1047,1032,903
"Os01g0653800",3250,3562,2881,2919,3387,3391
"Os01g0793200",459,517,375,584,470,500
"Os01g0952800",39,34,51,66,2,270
"Os01g0958900",169,148,167,170,225,219
"Os01g0624700",33,55,38,35,49,54
"Os01g0223700",431,366,353,443,519,499
"Os01g0232700",2534,2686,2599,2841,2983,2925
"Os01g0199550",14,14,6,7,10,6
"Os01g0877300",1334,994,982,950,891,915
"Os01g0783800",465,455,419,579,536,753
"Os01g0106700",2819,1928,2358,2271,2251,2322
"Os01g0960000",503,572,433,353,425,521
"Os01g0819466",3679,4490,3679,4157,4588,4431
"Os01g0740500",411,607,296,530,425,359
"Os01g0530650",244,372,277,313,502,474
"Os01g0167600",21,26,20,30,47,53
"Os01g0739200",608,699,625,609,802,654
"Os01g0978500",1520,1889,1714,2316,2763,1805
"Os01g0838400",273,230,185,197,193,225
"Os01g0777000",1430,1586,1290,1225,1261,1237
"Os01g0502900",283,332,352,432,464,418
"Os01g0912850",146,450,370,639,402,142
"Os01g0242600",2453,2775,2218,1642,1671,1782
"Os01g0660550",455,443,401,542,553,558
"Os01g0101150",73,45,74,89,96,82
"Os01g0559200",397,372,318,389,445,412
"Os01g0149600",900,1034,938,1038,1263,1105
"Os01g0611900",282,251,266,411,382,349
"Os01g0148000",1539,1146,1186,1458,1391,1600
"Os01g0962700",8234,13617,9030,6778,6229,3943
"Os01g0564400",767,546,610,681,647,664
"Os01g0804900",106,126,80,90,92,82
"Os01g0636600",83,81,106,124,172,110
"Os01g0390400",2109,1720,1480,1800,1713,1962
"Os01g0947800",18,9,29,44,39,8
"Os01g0203400",72,90,118,94,118,91
"Os01g0604500",209,260,277,261,317,307
"Os01g0859100",58,26,15,20,26,4
"Os01g0584900",1988,3963,1856,1836,573,619
"Os01g0496900",688,846,656,617,509,541
"Os01g0566800",107,52,312,411,305,112
"Os01g0954500",1069,758,762,752,581,744
"Os01g0704200",397,420,408,569,606,520
"Os01g0510600",2108,1593,1689,2246,2596,2580
"Os01g0168600",699,901,574,521,440,388
"Os01g0977250",33,42,16,14,19,35
"Os01g0708600",1150,972,842,967,933,912
"Os01g0895500",178,204,138,192,161,193
"Os01g0805400",740,1301,664,583,366,406
"Os01g0663400",334,436,218,271,130,138
"Os01g0138400",65,99,34,40,12,14
"Os01g0939550",45,37,17,69,17,28
"Os01g0184100",16,17,13,16,9,16
"Os01g0794900",40,86,46,52,34,43
"Os01g0311100",73,103,78,120,146,187
"Os01g0814400",2595,3174,2568,2922,3638,3641
"Os01g0933075",214,389,208,423,655,487
"Os01g0589400",77,94,62,89,92,101
"Os01g0862500",5,8,15,17,19,16
"Os01g0633100",1093,912,1092,1248,1576,1741
"Os01g0263600",446,330,369,349,427,380
"Os01g0640700",893,868,823,905,816,941
"Os01g0783600",285,296,185,202,209,234
"Os01g0962000",164,160,136,175,181,150
"Os01g0768333",77,223,165,138,71,104
"Os01g0273300",849,896,766,868,1026,950
"Os01g0668700",239,131,230,314,289,311
"Os01g0148100",941,991,859,1016,1073,1064
"Os01g0965400",4636,4129,4165,5006,5722,5927
"Os01g0869900",1547,1837,1302,1410,1466,1485
"Os01g0923700",10146,8895,8356,8402,9921,10458
"Os01g0689000",187,257,186,125,216,104
"Os01g0897300",23,8,10,36,38,43
"Os01g0595300",278,322,293,393,297,361
"Os01g0936800",1276,1371,1139,1145,1234,1066
"Os01g0100100",1947,1628,1529,1759,1685,1729
"Os01g0103800",1119,879,725,927,703,815
"Os01g0841500",1959,1732,1377,1414,1078,1358
"Os01g0865100",5214,7660,3913,4261,3981,4806
"Os01g0583300",10,3,2,4,16,34
"Os01g0717000",1900,1872,2113,1203,1106,750
"Os01g0265700",568,582,507,493,636,617
"Os01g0771000",47,63,28,18,8,0
"Os01g0544200",63,72,46,40,24,43
"Os01g0188900",3117,2226,3580,4190,5499,5126
"Os01g0525100",12,25,11,26,18,18
"Os01g0279300",4561,5318,3397,3097,2339,1878
"Os01g0267600",107,142,96,83,91,117
"Os01g0975900",433,353,320,437,337,495
"Os01g0735300",1,8,16,10,10,4
"Os01g0612000",855,886,737,926,961,848
"Os01g0813800",4203,2534,4235,5670,5657,3012
"Os01g0574800",95,115,211,174,369,228
"Os01g0795766",69,105,109,128,160,101
"Os01g0783100",1021,911,1146,1442,1833,1754
"Os01g0656200",20,15,4,47,32,35
"Os01g0256500",19583,17012,19844,16954,20631,22280
"Os01g0605100",42,52,21,36,23,69
"Os01g0388000",87,45,142,303,407,121
"Os01g0212100",2715,2262,2372,2869,2898,2614
"Os01g0355500",1958,1774,1706,1640,1539,1579
"Os01g0904700",506,358,489,627,1058,1022
"Os01g0821900",85,52,63,71,81,76
"Os01g0764750",13,1,11,1,2,10
"Os01g0239300",20,39,26,39,88,65
"Os01g0266800",1072,643,573,878,848,1028
"Os01g0237100",1289,1142,1219,1443,1682,1741
"Os01g0118400",707,504,533,399,375,417
"Os01g0189100",671,559,436,525,597,726
"Os01g0815100",433,484,362,382,645,614
"Os01g0578000",521,537,649,731,794,756
"Os01g0767000",9638,7816,8221,7932,8991,9057
"Os01g0128400",2854,3365,2485,2754,2114,1977
"Os01g0213400",211,358,231,152,215,119
"Os01g0952700",649,433,555,827,759,850
"Os01g0155800",56,36,20,35,13,4
"Os01g0685500",238,217,222,262,253,267
"Os01g0647000",506,605,465,660,687,929
"Os01g0729200",133,95,122,252,263,304
"Os01g0557200",6,3,12,17,9,14
"Os01g0106900",10327,13511,10047,12920,12199,12069
"Os01g0971900",1037,953,753,921,685,740
"Os01g0704100",48,40,24,26,28,26
"Os01g0840900",242,216,264,326,483,386
"Os01g0926700",815,1027,838,447,260,206
"Os01g0872000",29,24,23,29,44,32
"Os01g0681600",1912,2697,2729,3418,5184,4202
"Os01g0813900",4480,4532,4472,4828,5518,4930
"Os01g0616500",1132,1117,897,924,868,1056
"Os01g0224000",258,140,182,94,85,87
"Os01g0895100",7278,6404,6234,7746,8212,8018
"Os01g0717700",378,392,431,447,544,786
"Os01g0773600",1496,1213,1129,1349,1168,1145
"Os01g0548600",323,251,170,107,50,59
"Os01g0858500",1073,929,1044,1049,1159,1084
"Os01g0689451",6324,5232,5171,6462,7253,7875
"Os01g0931100",1124,957,1242,1872,3047,2727
"Os01g0897200",3522,3853,2861,3011,3369,2807
"Os01g0861000",194,250,188,193,182,189
"Os01g0559100",116,155,94,126,117,111
"Os01g0674100",1513,1321,1135,1085,953,1008
"Os01g0588800",1426,1510,1357,1405,1443,1286
"Os01g0642100",68,5,7,26,15,16
"Os01g0640800",577,479,536,727,693,798
"Os01g0888600",327,313,428,426,415,405
"Os01g0548750",42,61,38,15,21,25
"Os01g0934200",1227,997,909,870,899,920
"Os01g0726100",17,14,10,10,7,9
"Os01g0571200",430,553,394,474,514,443
"Os01g0224500",1303,1125,1030,1058,1165,1128
"Os01g0239100",238,238,234,210,278,328
"Os01g0279100",2282,2153,1576,3605,3702,3542
"Os01g0361500",4757,3160,3095,2628,3011,3094
"Os01g0844500",10,26,76,80,116,120
"Os01g0115900",498,720,286,614,658,799
"Os01g0502700",70,28,63,96,126,87
"Os01g0806000",44,19,19,27,8,34
"Os01g0165000",762,723,604,585,473,477
"Os01g0191500",3964,4253,3271,3084,2865,2479
"Os01g0708500",416,323,250,264,325,280
"Os01g0786900",2965,2650,2078,2386,2126,2242
"Os01g0184000",595,639,540,491,468,578
"Os01g0907200",22,4,91,1,26,8
"Os01g0883100",20,34,17,24,20,27
"Os01g0752700",2772,2426,2188,2177,1881,2129
"Os01g0965600",917,1083,855,1050,1086,953
"Os01g0254800",235,251,280,292,262,277
"Os01g0854000",371,292,512,985,981,852
"Os01g0191300",241,302,233,360,381,528
"Os01g0675700",1534,1704,1741,1717,2179,1845
"Os01g0753200",1800,1929,1353,1348,1313,1274
"Os01g0516700",67,57,55,74,59,68
"Os01g0939400",398,403,395,464,382,340
"Os01g0889900",97,109,180,201,215,208
"Os01g0105700",22,14,18,9,2,16
"Os01g0379400",288,256,183,238,187,228
"Os01g0766200",681,871,539,740,566,481
"Os01g0864401",251,271,236,431,321,425
"Os01g0828100",516,768,639,709,748,585
"Os01g0851000",1406,1182,1296,1599,1623,1601
"Os01g0329900",9,9,33,33,71,88
"Os01g0168500",957,1067,871,1052,893,1030
"Os01g0228400",920,924,842,1089,1044,937
"Os01g0663300",41,16,10,7,7,13
"Os01g0971600",247,155,201,185,211,212
"Os01g0587300",43,45,27,52,49,48
"Os01g0495701",23,24,34,220,29,236
"Os01g0927000",101,73,99,93,70,54
"Os01g0253600",368,566,330,402,291,325
"Os01g0798800",201,347,216,269,284,255
"Os01g0507300",1051,1205,891,931,886,845
"Os01g0910800",0,44,2,58,10,114
"Os01g0151500",13,19,16,18,32,28
"Os01g0113800",545,506,331,321,208,258
"Os01g0924900",3740,3422,3082,3610,3543,3027
"Os01g0876500",407,371,410,411,408,335
"Os01g0200700",93132,70743,85697,129423,201020,199903
"Os01g0111300",138,163,77,82,102,106
"Os01g0179200",820,988,681,677,733,834
"Os01g0879300",21,11,19,13,4,19
"Os01g0169900",2172,2741,2273,2535,2670,2721
"Os01g0947833",20,28,36,35,41,23
"Os01g0107400",133,160,233,337,500,355
"Os01g0704700",2053,1593,1931,2905,3326,3350
"Os01g0667800",168,169,182,132,139,149
"Os01g0946700",223,465,217,160,255,46
"Os01g0175500",317,386,382,330,335,272
"Os01g0138800",217,312,283,213,207,307
"Os01g0918100",639,552,424,523,487,514
"Os01g0229700",20,19,6,12,1,7
"Os01g0220700",8,2,26,4,13,38
"Os01g0302000",18,30,37,82,80,82
"Os01g0871500",859,1035,742,1762,1662,3188
"Os01g0157900",1683,2223,1320,1745,1430,1298
"Os01g0236400",6,16,6,12,16,10
"Os01g0360600",1870,2046,1847,2049,3087,2892
"Os01g0178900",1000,1017,749,909,825,701
"Os01g0823100",89,23,35,14,1,0
"Os01g0774500",12,14,38,41,28,39
"Os01g0884800",10,8,7,18,2,14
"Os01g0662700",1053,675,871,1636,2035,1895
"Os01g0927500",227,160,202,183,207,274
"Os01g0672600",135,125,54,126,2,4
"Os01g0714100",811,775,649,716,667,594
"Os01g0570800",3111,4177,3980,4216,3941,3882
"Os01g0305300",98,91,93,18,31,24
"Os01g0700000",2284,1976,1753,2411,2201,2358
"Os01g0780900",1770,2599,1325,1854,1602,1588
"Os01g0951200",1720,1882,1660,2064,2112,1836
"Os01g0931400",430,584,386,359,358,355
"Os01g0363600",160,193,143,159,264,184
"Os01g0197500",113,144,138,128,125,148
"Os01g0764400",2836,3671,2238,1982,820,875
"Os01g0871100",345,408,342,283,225,207
"Os01g0182832",260,159,161,146,130,148
"Os01g0944000",4808,3749,5554,5842,6037,5536
"Os01g0234700",10,9,2,22,36,54
"Os01g0915000",11,11,6,8,33,29
"Os01g0781000",1050,1456,1314,1267,1873,1727
"Os01g0874700",3424,4169,2616,1849,1456,1162
"Os01g0223000",339,445,316,312,280,281
"Os01g0267200",4168,5076,3348,3348,3227,3198
"Os01g0948400",655,609,451,562,577,580
"Os01g0766300",162,245,137,140,151,70
"Os01g0228800",1527,1393,1207,1289,1353,1437
"Os01g0681000",283,334,355,384,476,370
"Os01g0196500",149,178,172,151,207,132
"Os01g0316600",538,249,214,312,209,254
"Os01g0950900",108,75,42,59,51,103
"Os01g0967400",889,857,793,883,916,974
"Os01g0857950",471,369,360,373,413,361
"Os01g0933300",378,309,412,327,299,270
"Os01g0830000",5970,6249,5238,5680,6183,5450
"Os01g0218700",4678,4120,4182,4899,4707,4280
"Os01g0914600",39,20,33,23,38,25
"Os01g0887700",1441,1585,1316,1521,1655,1481
"Os01g0197100",135,146,159,158,117,101
"Os01g0267400",334,353,398,384,418,464
"Os01g0339900",1221,1195,975,1016,774,695
"Os01g0234100",117,103,102,103,104,100
"Os01g0269550",23,13,12,14,21,3
"Os01g0261500",738,717,678,797,976,997
"Os01g0794500",2325,2439,1739,1994,1309,1467
"Os01g0264400",146,144,114,74,20,44
"Os01g0590700",421,322,313,517,402,567
"Os01g0201900",912,914,992,1075,1264,1070
"Os01g0547000",632,477,657,577,722,792
"Os01g0829100",28,24,20,34,60,66
"Os01g0857400",1460,2134,1272,1948,2164,1563
"Os01g0757500",102,122,63,81,54,52
"Os01g0662300",2379,2307,2347,3688,3942,4465
"Os01g0656600",2787,2149,1959,1958,1691,1828
"Os01g0551100",3492,3450,2673,3778,6147,5761
"Os01g0692100",35,11,5,20,6,18
"Os01g0588500",115,180,139,170,252,232
"Os01g0338000",1817,2126,1693,1823,1952,1662
"Os01g0605650",1223,1249,1115,1149,1255,1193
"Os01g0349000",21,45,59,39,79,92
"Os01g0134200",119,54,70,62,71,75
"Os01g0527600",554,505,401,610,678,761
"Os01g0945650",84,55,6,57,8,3
"Os01g0559000",833,910,693,814,934,865
"Os01g0150200",992,1035,939,823,842,779
"Os01g0530316",51,43,30,27,27,19
"Os01g0696000",690,673,618,675,862,828
"Os01g0187500",596,552,498,626,541,829
"Os01g0763600",1657,1501,1532,1569,1855,1871
"Os01g0959800",3835,4241,3207,2785,2273,1992
"Os01g0495900",3783,3082,2764,4208,3975,4170
"Os01g0711400",28697,26533,26743,35160,39274,31160
"Os01g0108200",1048,2099,1987,1983,1840,1869
"Os01g0766600",1082,1127,874,939,1096,1126
"Os01g0186000",110,117,127,105,70,55
"Os01g0177200",3294,3161,2424,2529,2493,2329
"Os01g0342900",5,1,10,12,16,5
"Os01g0743400",1263,918,1231,1344,1593,1360
"Os01g0118000",1340,1448,829,803,521,416
"Os01g0711100",2431,2634,2190,2182,2125,2124
"Os01g0665400",654,1040,685,820,776,601
"Os01g0362000",614,566,478,499,494,436
"Os01g0925800",865,1244,826,998,976,946
"Os01g0848200",294,183,280,293,349,327
"Os01g0818600",823,1118,726,455,223,207
"Os01g0846300",304,157,185,185,229,537
"Os01g0888200",27,63,33,85,138,80
"Os01g0851700",3976,3877,2833,3821,2720,3252
"Os01g0727400",62,68,51,80,74,77
"Os01g0695200",928,1034,817,783,562,712
"Os01g0820400",20,17,54,3,6,0
"Os01g0159400",5557,4689,4303,3460,3835,3446
"Os01g0172000",1582,1641,1385,1300,1402,1399
"Os01g0655500",2687,2583,2242,3315,2314,3516
"Os01g0109000",185,277,242,313,381,422
"Os01g0511100",2455,1958,1059,1509,736,1210
"Os01g0974200",491,586,553,1134,1291,1319
"Os01g0383900",62,60,48,79,69,68
"Os01g0157800",143,123,83,89,83,98
"Os01g0227300",1352,1430,1065,1267,1064,1091
"Os01g0120600",765,799,616,465,515,465
"Os01g0388700",0,0,4,18,27,18
"Os01g0918300",14679,18245,13938,16828,18323,18872
"Os01g0552300",3507,3330,3626,4717,5841,5536
"Os01g0131450",564,521,575,452,580,479
"Os01g0576050",38,12,32,34,43,74
"Os01g0804400",1241,1723,1161,1515,1330,1016
"Os01g0655800",8345,8488,5721,5756,4302,4243
"Os01g0949400",477,357,333,518,427,500
"Os01g0680900",28,28,49,40,51,60
"Os01g0826900",2076,1716,1252,1641,1184,1540
"Os01g0691000",132,188,125,96,97,100
"Os01g0905200",147,209,214,345,303,216
"Os01g0900200",289,217,242,202,118,104
"Os01g0532200",3170,2807,2506,2413,2474,2477
"Os01g0579900",1696,1403,1368,1773,1728,1637
"Os01g0519700",536,514,459,633,610,548
"Os01g0593200",1283,1429,1195,1363,958,859
"Os01g0259600",8468,7486,8966,9734,12743,11997
"Os01g0541000",2652,2536,2641,2798,2977,3002
"Os01g0307624",322,200,117,94,2,22
"Os01g0734600",903,509,1507,1418,3235,3002
"Os01g0141700",636,499,417,455,406,500
"Os01g0191100",2222,2356,1969,1884,1342,1600
"Os01g0930800",3318,2132,2996,5066,5756,7151
"Os01g0290800",2679,1972,2420,1666,1766,1401
"Os01g0949800",237,265,68,224,28,121
"Os01g0606400",774,552,714,934,1071,1184
"Os01g0935300",241,239,157,202,204,178
"Os01g0111400",723,765,715,728,795,868
"Os01g0558700",33,35,33,22,16,32
"Os01g0793900",264,294,202,190,125,130
"Os01g0597600",487,753,1189,685,247,305
"Os01g0775300",2315,2276,2235,2050,2381,2035
"Os01g0666500",475,722,593,486,710,854
"Os01g0846700",25,28,18,19,14,20
"Os01g0393000",2355,2235,2598,4089,4720,4765
"Os01g0961200",366,367,317,389,328,295
"Os01g0693800",2223,2395,2359,3329,2553,2856
"Os01g0111100",519,369,787,805,1427,1389
"Os01g0101300",75,156,61,59,115,119
"Os01g0946200",187,290,298,276,395,448
"Os01g0706700",282,197,175,165,115,131
"Os01g0616800",39,20,21,65,34,93
"Os01g0557100",398,465,385,446,611,558
"Os01g0796400",4231,4326,3581,4036,3635,2931
"Os01g0235200",448,357,329,354,309,317
"Os01g0249200",113,210,146,84,46,54
"Os01g0152000",340,706,280,438,326,217
"Os01g0326100",567,770,721,674,709,405
"Os01g0862200",1324,1101,2163,2939,5516,4724
"Os01g0322700",12,0,98,64,151,49
"Os01g0768200",3230,3637,2796,2975,2971,2808
"Os01g0715900",103,63,66,71,72,56
"Os01g0585400",14,24,19,20,8,4
"Os01g0688600",537,594,649,611,865,824
"Os01g0866200",551,492,582,707,669,570
"Os01g0132000",1002,212,562,612,258,807
"Os01g0658900",261,191,196,115,152,147
"Os01g0880300",65,93,82,85,69,98
"Os01g0595600",3516,2617,1669,1275,789,304
"Os01g0164700",1077,1036,807,988,1126,916
"Os01g0712501",8,17,4,12,30,40
"Os01g0103000",78,56,63,73,86,71
"Os01g0957000",2880,2789,2739,3217,2868,2827
"Os01g0565800",23,27,49,23,52,67
"Os01g0581400",77,76,86,81,75,132
"Os01g0729500",34,24,34,26,42,30
"Os01g0668400",6,10,8,19,7,11
"Os01g0154950",7,66,16,30,5,6
"Os01g0961000",16,31,10,30,30,40
"Os01g0281000",6260,7691,6182,6900,9057,11117
"Os01g0727600",22,53,46,37,16,16
"Os01g0711000",263,130,99,140,113,234
"Os01g0384800",1377,1667,1983,1335,2002,1690
"Os01g0179600",1513,741,706,1768,2163,3132
"Os01g0375100",875,859,784,892,660,808
"Os01g0695100",213,337,189,316,177,198
"Os01g0177900",42,24,28,28,11,20
"Os01g0250900",7064,5474,6684,7760,8177,8852
"Os01g0556650",151,263,583,448,1464,1800
"Os01g0890600",193,64,222,397,542,671
"Os01g0178300",111,89,117,163,196,144
"Os01g0324400",238,253,232,255,229,247
"Os01g0321700",995,932,785,897,876,860
"Os01g0795600",33,17,30,19,27,23
"Os01g0958700",4738,4647,3231,3367,2531,2419
"Os01g0857900",372,243,383,492,575,580
"Os01g0687800",25,22,7,7,0,16
"Os01g0796500",747,681,643,869,887,798
"Os01g0827800",10,20,22,11,4,0
"Os01g0263400",161,151,166,166,189,147
"Os01g0386600",18,28,40,41,56,44
"Os01g0571133",14,12,17,13,14,11
"Os01g0117100",174,184,221,297,448,730
"Os01g0949300",2612,3491,2845,1999,2421,1753
"Os01g0509900",77,153,56,69,61,101
"Os01g0674800",1147,1339,1080,778,598,367
"Os01g0271500",2547,2643,1958,2147,2132,1897
"Os01g0514300",1631,1509,1045,1118,1015,1077
"Os01g0188100",7327,6161,5789,7120,8137,8472
"Os01g0850000",49,50,29,15,31,35
"Os01g0926200",347,356,307,369,384,483
"Os01g0363900",2433,2032,1687,1962,1598,1878
"Os01g0891601",156,200,185,279,235,166
"Os01g0374900",1054,1342,860,924,902,889
"Os01g0813000",319,313,338,533,460,466
"Os01g0600500",286,423,278,438,491,462
"Os01g0302100",64,76,42,80,92,126
"Os01g0316900",1006,1014,1120,1399,1625,1687
"Os01g0740300",246,311,295,501,612,538
"Os01g0726001",163,273,187,230,288,330
"Os01g0925600",53,45,17,21,4,11
"Os01g0956700",506,628,436,463,424,457
"Os01g0152700",512,694,667,699,924,976
"Os01g0364400",149,254,170,357,623,523
"Os01g0520600",1070,734,560,540,399,441
"Os01g0976450",470,537,478,416,381,332
"Os01g0967800",6902,6146,5195,5900,6031,6013
"ENSRNA049472915",47,26,37,44,15,14
"ENSRNA049472923",16,12,12,10,6,6
"ENSRNA049473196",31,23,25,50,11,13
"ENSRNA049473206",17,15,27,27,12,10
"ENSRNA049473244",124,83,109,91,112,95
"Os03g0729000",616,279,224,207,184,231
"Os03g0744650",1114,1450,1194,1084,765,656
"Os03g0142900",11833,13212,10022,8533,8638,7347
"Os03g0744200",8,11,5,10,12,12
"Os03g0780600",91,125,108,141,163,164
"Os03g0626800",268,193,193,153,161,224
"Os03g0818000",355,440,374,390,556,468
"Os03g0575200",3584,4909,3083,4275,4106,4186
"Os03g0765100",818,761,675,673,906,861
"Os03g0341000",27,30,6,10,9,2
"Os03g0647500",122,114,122,105,93,118
"Os03g0777100",131,120,116,183,235,254
"Os03g0796700",64,68,53,57,54,88
"Os03g0405100",695,797,563,567,689,695
"Os03g0577000",6595,7139,5314,6002,4867,4972
"Os03g0379100",182,173,103,118,131,112
"Os03g0143000",619,445,447,464,512,606
"Os03g0196900",457,605,435,402,415,388
"Os03g0182700",1747,1949,1349,1442,1173,1162
"Os03g0804500",684,1553,1035,1058,861,784
"Os03g0158000",24,35,34,54,20,34
"Os03g0701000",5203,4157,4409,4949,6039,5803
"Os03g0756300",14,8,30,35,12,6
"Os03g0756000",6150,8215,5948,6998,6516,6548
"Os03g0803000",8782,9743,6901,7144,7918,7424
"Os03g0790500",324,526,401,279,74,102
"Os03g0267100",36,15,10,7,8,30
"Os03g0178200",831,853,1095,1674,2341,2169
"Os03g0644000",1210,1138,705,972,751,802
"Os03g0348200",20,4,6,28,34,248
"Os03g0321000",853,1430,903,875,949,874
"Os03g0128500",141,92,92,164,122,141
"Os03g0253100",2149,2045,2058,2094,2476,2456
"Os03g0821250",739,621,1083,1134,1575,1626
"Os03g0139100",3574,4488,3211,3498,3411,3366
"Os03g0806500",2030,1673,1560,1217,1476,1283
"Os03g0226700",285,317,203,279,286,321
"Os03g0185500",483,364,402,325,354,217
"Os03g0770800",87,70,196,218,479,314
"Os03g0167700",301,295,266,302,345,288
"Os03g0712300",664,693,560,688,744,693
"Os03g0801600",7012,6800,5124,5342,5283,5188
"Os03g0261900",928,740,670,788,792,768
"Os03g0232800",44,18,14,70,19,71
"Os03g0220700",2184,2107,1909,2170,1998,2172
"Os03g0810300",275,212,308,284,401,426
"Os03g0274800",885,974,638,775,692,552
"Os03g0158600",69,89,89,97,80,57
"Os03g0140900",104,51,35,129,22,51
"Os03g0262300",906,712,658,820,838,798
"Os03g0708500",1792,1835,2088,2446,3842,4304
"Os03g0803700",1761,1431,1170,1324,1034,1126
"Os03g0240900",1386,1140,1157,1391,1483,1435
"Os03g0196250",7,4,11,42,10,20
"Os03g0168200",2431,2499,1823,1590,1376,1364
"Os03g0240700",945,1096,716,929,625,705
"Os03g0777000",178,184,119,124,117,169
"Os03g0178550",97,118,77,110,68,61
"Os03g0577300",12,12,6,14,22,39
"Os03g0752400",11,2,14,45,52,37
"Os03g0271100",4201,4268,5126,6054,8623,8236
"Os03g0235700",153,111,92,79,54,60
"Os03g0781700",27,45,34,63,56,57
"Os03g0230500",607,407,464,768,1013,836
"Os03g0112700",6327,6870,5517,4673,3692,3461
"Os03g0805500",2394,2276,1897,1893,1601,1309
"Os03g0102366",26,24,24,33,29,90
"Os03g0655400",5728,4683,5018,8406,13908,15868
"Os03g0271500",652,538,772,923,1247,1280
"Os03g0105700",154,238,182,228,221,227
"Os03g0266900",76,51,32,123,8,80
"Os03g0792500",1577,1668,1256,1407,1628,1374
"Os03g0401300",81,123,34,53,6,3
"Os03g0292800",1354,1606,1213,1221,1409,1283
"Os03g0666100",1362,1502,1355,1486,1351,1415
"Os03g0670100",2730,2839,2173,2191,1682,1791
"Os03g0376600",1724,1371,1224,1944,1916,1936
"Os03g0146400",3416,2617,2157,2247,2084,2054
"Os03g0211800",503,417,359,362,270,215
"Os03g0392050",201,244,158,158,180,106
"Os03g0650200",12,0,2,8,16,15
"Os03g0142800",2279,1550,1588,1883,1404,1630
"Os03g0757600",248,196,99,207,85,86
"Os03g0307333",19,4,19,20,27,30
"Os03g0109700",1057,841,832,1127,1204,1098
"Os03g0726200",1876,1975,2423,2237,4389,3032
"Os03g0400700",41,45,68,68,166,112
"Os03g0376000",16,12,9,32,12,26
"Os03g0638900",178,198,244,95,32,56
"Os03g0441601",309,317,232,361,370,340
"Os03g0302100",54,25,28,44,13,16
"Os03g0594600",2,5,7,11,15,14
"Os03g0772800",2634,3458,2414,2524,2421,2527
"Os03g0818400",2224,2486,2294,2597,3035,2491
"Os03g0576400",100,123,79,106,81,100
"Os03g0741000",75,42,72,82,76,99
"Os03g0708400",3967,3988,3193,3319,3818,3509
"Os03g0201700",369,379,210,312,285,347
"Os03g0389000",42,30,32,47,97,84
"Os03g0788200",66,68,45,92,107,75
"Os03g0792800",89,79,83,92,29,42
"Os03g0180400",2854,3044,2101,2472,2043,2079
"Os03g0322600",1681,1443,1587,1789,2080,2109
"Os03g0170100",52,122,84,112,56,44
"Os03g0262100",827,890,790,806,1026,848
"Os03g0247100",985,1012,907,1028,1095,1209
"Os03g0785800",36,27,70,80,138,144
"Os03g0718600",272,361,300,286,317,292
"Os03g0583800",4573,6041,4752,7073,6645,7650
"Os03g0196800",5274,4674,4724,6138,7143,7087
"Os03g0201000",59,27,52,46,24,34
"Os03g0104100",786,985,923,853,1286,1281
"Os03g0556600",42,28,58,50,42,40
"Os03g0291500",9740,11683,11058,7986,4478,1983
"Os03g0220300",463,602,537,580,676,618
"Os03g0821200",188,151,130,131,156,158
"Os03g0790900",21730,20090,19492,21349,25566,16685
"Os03g0832500",41,32,54,59,20,28
"Os03g0217900",132,187,183,164,208,268
"Os03g0119300",18,0,44,88,136,194
"Os03g0213100",133,133,123,158,118,158
"Os03g0855500",333,649,429,379,746,738
"Os03g0843200",1097,949,992,1428,1334,1211
"Os03g0703100",285,247,170,182,93,109
"Os03g0158300",2551,2687,3514,4010,6555,6497
"Os03g0125700",152,254,162,160,193,217
"Os03g0163000",13,37,16,13,47,27
"Os03g0128700",1855,1768,1625,2100,2881,3232
"Os03g0293400",278,280,266,268,248,303
"Os03g0377300",1039,1024,859,900,768,922
"Os03g0187100",4080,3469,3119,3357,3305,3037
"Os03g0831550",8,8,8,11,23,12
"Os03g0411600",321,382,349,352,390,308
"Os03g0743900",3396,5125,2989,2927,4834,4186
"Os03g0146000",827,526,472,525,497,570
"Os03g0176800",127,125,79,141,127,131
"Os03g0750700",1850,3380,1612,1744,1214,833
"Os03g0803600",34,55,29,18,14,7
"Os03g0650000",119,122,160,115,145,112
"Os03g0816400",177,190,112,126,168,156
"Os03g0604700",175,117,142,187,254,258
"Os03g0625900",508,439,364,394,317,350
"Os03g0278200",118,85,74,51,29,49
"Os03g0101800",2916,4067,2958,3314,3541,3431
"Os03g0622700",4,6,10,7,16,14
"Os03g0160200",9667,11908,10615,10875,11779,11090
"Os03g0275400",33,13,6,22,9,12
"Os03g0348500",203,328,291,319,591,496
"Os03g0610650",1227,1508,1006,1322,817,837
"Os03g0311300",8349,5939,8446,12179,13187,13792
"Os03g0304800",8,10,7,8,14,14
"Os03g0388432",673,704,526,399,324,292
"Os03g0437200",386,533,688,231,48,26
"Os03g0139500",23,11,4,17,0,7
"Os03g0685500",4005,5107,3165,3514,2430,2761
"Os03g0324700",125,137,142,84,114,40
"Os03g0819600",106,251,111,172,84,102
"Os03g0595200",311,420,302,404,394,503
"Os03g0328900",413,389,413,606,701,670
"Os03g0376800",3396,3594,2897,3478,3473,3233
"Os03g0253600",65,155,115,64,44,58
"Os03g0773450",19,20,15,8,7,8
"Os03g0591700",239,199,120,239,116,169
"Os03g0826200",2246,2020,2467,1909,3453,2635
"Os03g0755700",47,76,66,83,76,60
"Os03g0566800",1721,1808,1427,1728,1393,1502
"Os03g0860050",59,45,69,71,44,17
"Os03g0128400",516,537,473,693,840,722
"Os03g0764450",1051,1055,895,896,1126,1076
"Os03g0685000",1923,1753,2163,2678,3735,3443
"Os03g0781300",86,75,36,52,43,40
"Os03g0704200",128,70,124,123,154,160
"Os03g0414400",625,556,602,663,885,766
"Os03g0800800",1330,1216,1110,1201,1217,1260
"Os03g0207900",871,883,730,889,891,1023
"Os03g0808200",31,13,13,21,21,31
"Os03g0588200",1601,1467,1449,1360,1550,1518
"Os03g0597450",158,187,186,267,329,358
"Os03g0587200",24,17,9,31,31,23
"Os03g0665200",42,25,71,168,127,188
"Os03g0594100",20,38,5,15,1,0
"Os03g0211400",191,192,115,178,165,128
"Os03g0691800",536,563,445,390,233,155
"Os03g0800500",390,553,381,581,560,640
"Os03g0231400",297,653,345,312,488,376
"Os03g0330300",1750,1531,2037,2473,2251,3293
"Os03g0306700",18,21,32,12,6,12
"Os03g0175200",184,290,254,313,341,333
"Os03g0267700",812,818,654,651,594,602
"Os03g0161800",7775,7644,5684,6674,5693,6205
"Os03g0257000",26,28,22,21,36,38
"Os03g0264400",4121,4263,3372,3001,2083,2146
"Os03g0192300",42,76,55,17,11,15
"Os03g0733800",746,900,696,558,476,587
"Os03g0258200",81,123,145,108,78,64
"Os03g0100900",1475,1492,1573,1713,2330,2303
"Os03g0297600",1390,1915,2702,1770,4255,2162
"Os03g0251500",4709,3909,3169,3077,2826,2583
"Os03g0847600",2337,2340,2161,2377,2175,2045
"Os03g0215000",2182,2484,1609,1367,818,771
"Os03g0158900",60,93,128,121,81,130
"Os03g0794800",3517,3114,2826,3123,3235,3125
"Os03g0266100",1223,1716,1266,1505,1575,1437
"Os03g0352800",789,1111,969,1011,1119,921
"Os03g0754800",1635,1510,1167,1188,847,803
"Os03g0135400",1607,1543,1341,1511,1863,1722
"Os03g0139400",253,308,259,308,300,267
"Os03g0764300",55,43,62,38,31,26
"Os03g0661800",276,165,251,246,231,362
"Os03g0848600",1783,1815,1629,1596,2171,1871
"Os03g0265600",957,577,424,668,498,536
"Os03g0701550",69,75,37,55,64,50
"Os03g0176900",60,63,47,93,112,146
"Os03g0618900",11,13,23,25,44,55
"Os03g0698350",468,464,379,499,452,509
"Os03g0847851",95,125,124,75,93,85
"Os03g0255200",887,896,661,955,909,1012
"Os03g0235000",180,319,315,128,44,12
"Os03g0181100",620,916,1197,489,300,214
"Os03g0344300",1308,1389,1105,1223,1115,1102
"Os03g0797500",2808,5635,8580,3181,525,344
"Os03g0268100",3243,3086,2551,2449,2781,2730
"Os03g0198400",183,221,153,164,105,126
"Os03g0197175",392,779,277,490,464,447
"Os03g0859600",1123,1009,685,648,488,484
"Os03g0254400",393,442,294,332,407,365
"Os03g0413400",966,924,753,712,693,504
"Os03g0736900",111,130,104,369,370,780
"Os03g0266000",705,626,692,885,892,919
"Os03g0138500",39,25,18,24,2,12
"Os03g0649000",204,165,106,186,151,186
"Os03g0640400",465,582,412,446,607,545
"Os03g0269950",81,90,82,83,68,67
"Os03g0120100",253,154,528,463,595,545
"Os03g0288600",1385,1365,1202,1319,1236,1357
"Os03g0808350",97,107,91,125,119,160
"Os03g0181800",1695,1454,1539,1454,1471,1258
"Os03g0626200",767,948,742,1002,882,895
"Os03g0741600",1253,1706,939,1071,879,1007
"Os03g0295500",1178,1431,1072,1099,1195,954
"Os03g0292200",866,862,710,945,754,787
"Os03g0689900",1623,1468,1448,1330,1466,1313
"Os03g0825700",2990,3048,2526,2326,2395,2230
"Os03g0194600",163,166,112,124,86,92
"Os03g0728200",211,255,184,216,204,236
"Os03g0736600",2130,2565,2923,3646,4790,4275
"Os03g0811600",1006,1152,1015,1086,1096,1112
"Os03g0363850",51,61,72,80,29,57
"Os03g0190900",1025,1050,829,762,765,757
"Os03g0132900",1294,1527,1434,1724,1869,3166
"Os03g0784400",3922,4283,2965,2774,2745,2511
"Os03g0832600",3171,3515,2474,2423,2645,2394
"Os03g0143700",2115,2512,1948,1853,1536,1669
"Os03g0101900",1164,1168,1136,1165,1350,1099
"Os03g0751100",24,24,32,67,67,85
"Os03g0770900",11,2,9,17,10,7
"Os03g0788250",42,31,61,74,102,94
"Os03g0577500",953,1013,795,864,667,607
"Os03g0687000",436,498,566,750,917,704
"Os03g0673800",28,26,18,18,23,24
"Os03g0118200",96,91,164,143,406,594
"Os03g0395100",124,123,100,105,124,93
"Os03g0626500",688,285,187,299,184,78
"Os03g0295600",34,29,25,24,21,58
"Os03g0120400",78,83,100,125,163,137
"Os03g0862000",87,78,71,83,55,32
"Os03g0816950",449,390,282,428,340,318
"Os03g0149400",604,590,550,525,713,643
"Os03g0586300",1198,1362,986,1013,808,796
"Os03g0672300",236,293,182,194,97,126
"Os03g0356526",131,247,146,163,131,143
"Os03g0185600",481,654,453,513,485,440
"Os03g0809300",4967,4947,4410,4463,4103,4203
"Os03g0589300",36,45,56,40,65,103
"Os03g0116900",293,276,296,319,331,383
"Os03g0703300",9298,7402,9746,11654,13878,12233
"Os03g0345700",208,307,253,421,426,332
"Os03g0316200",47,58,50,49,40,66
"Os03g0761100",3319,4774,3203,2899,2644,2094
"Os03g0795300",45,35,51,18,22,22
"Os03g0295400",842,634,598,574,497,514
"Os03g0252100",569,834,761,973,1433,1157
"Os03g0728800",1564,1386,1131,1299,1431,1351
"Os03g0174500",1882,1715,1485,1317,1289,1117
"Os03g0822800",809,716,730,987,961,996
"Os03g0801900",942,1228,965,734,1034,848
"Os03g0617900",2347,2650,1888,1961,1589,1333
"Os03g0755800",179,115,85,113,148,46
"Os03g0133900",1478,1181,1534,1858,2100,2138
"Os03g0190100",1934,1701,2096,2539,3196,2986
"Os03g0614901",522,558,399,394,341,425
"Os03g0828701",87,62,102,130,197,176
"Os03g0576700",4341,4383,3845,3760,3656,3294
"Os03g0175600",1844,1746,1709,2020,2355,2220
"Os03g0152700",2201,1839,1844,2667,2721,2516
"Os03g0192900",584,562,484,484,583,554
"Os03g0580200",210,244,177,175,108,377
"Os03g0107900",206,209,244,293,205,252
"Os03g0829000",993,1065,666,680,628,614
"Os03g0738900",395,542,454,507,556,575
"Os03g0103200",3436,3687,3991,7297,4721,10074
"Os03g0570200",190,171,135,167,128,141
"Os03g0594400",604,683,625,694,1058,948
"Os03g0689866",117,188,108,110,126,62
"Os03g0329500",382,337,367,495,689,813
"Os03g0117000",4,4,17,6,16,16
"Os03g0101000",173,252,217,380,536,378
"Os03g0327700",132,118,112,211,263,261
"Os03g0310000",210,240,180,140,122,72
"Os03g0351200",242,263,381,504,605,521
"Os03g0834000",2989,2479,2527,2724,2804,2673
"Os03g0265700",3748,3210,2825,3043,2884,2770
"Os03g0448600",842,770,641,601,392,405
"Os03g0149800",4,40,32,14,42,2
"Os03g0811100",5969,4239,5144,7194,7615,7633
"Os03g0308850",274,268,256,321,262,256
"Os03g0184300",30,55,28,64,98,32
"Os03g0694000",19,4,8,32,94,87
"Os03g0198300",8938,7488,6982,8241,8076,8018
"Os03g0267800",200,204,160,208,211,228
"Os03g0284500",396,348,302,302,255,280
"Os03g0130900",632,742,603,807,1027,1298
"Os03g0200500",7033,6779,5288,5915,4572,4730
"Os03g0221100",353,336,287,354,381,381
"Os03g0235200",31,54,36,37,54,53
"Os03g0754900",691,710,585,649,765,761
"Os03g0624300",1087,2571,1665,691,542,346
"Os03g0206900",796,788,765,699,851,867
"Os03g0667100",1881,2115,1714,1532,1378,1122
"Os03g0751600",83,64,66,144,180,194
"Os03g0786800",2114,1843,1667,1828,1922,1924
"Os03g0823900",277,244,276,318,369,314
"Os03g0410300",1479,2038,1834,1950,2328,2444
"Os03g0195100",563,1804,956,730,97,163
"Os03g0806600",5936,5907,4285,2961,3204,1896
"Os03g0346200",11,1,50,17,72,30
"Os03g0695700",2901,3099,2636,2583,2666,2635
"Os03g0638000",20,9,19,14,6,13
"Os03g0107400",368,289,273,362,270,267
"Os03g0306900",957,1064,747,1042,854,838
"Os03g0638200",2511,1587,1347,1737,1552,1402
"Os03g0747600",1718,1523,1302,1497,1727,2015
"Os03g0601000",44,56,19,36,44,23
"Os03g0608600",30,20,22,38,17,6
"Os03g0656500",510,737,561,737,553,447
"Os03g0395300",2176,2555,1662,1566,1249,1151
"Os03g0367900",3215,2878,2710,3010,3370,3355
"Os03g0284900",2968,2495,2618,3005,3280,3121
"Os03g0271300",16,15,10,15,17,10
"Os03g0277600",334,416,469,166,117,111
"Os03g0102400",1751,2031,1510,1617,1569,1572
"Os03g0108700",390,584,386,381,392,299
"Os03g0756700",2744,2322,2258,2314,2274,2356
"Os03g0562200",459,622,464,401,560,380
"Os03g0851200",1518,1776,1386,1612,1416,1494
"Os03g0815700",1074,1230,877,1017,1345,974
"Os03g0826300",46,29,14,10,10,25
"Os03g0192550",17,21,13,11,8,23
"Os03g0565200",3730,3126,3770,4476,5307,5694
"Os03g0249900",358,316,297,326,306,370
"Os03g0619700",135,215,181,330,308,151
"Os03g0417700",23,13,10,57,108,269
"Os03g0711400",879,974,695,753,652,775
"Os03g0846900",184,107,156,304,366,333
"Os03g0330200",18,6,8,12,15,6
"Os03g0321900",442,432,283,282,289,379
"Os03g0351700",61,50,73,32,4,8
"Os03g0816600",43,56,24,48,50,46
"Os03g0695600",1557,1882,1350,1778,1290,1236
"Os03g0734300",2902,1329,1160,702,314,273
"Os03g0835900",560,796,443,342,113,85
"Os03g0177500",11157,11967,9507,11334,11805,11102
"Os03g0401200",1173,987,939,919,1105,1060
"Os03g0410900",215,246,178,237,174,208
"Os03g0668400",272,214,231,220,285,300
"Os03g0850400",1116,980,765,826,457,553
"Os03g0796900",599,617,541,505,675,498
"Os03g0351400",1181,1051,1117,1241,1427,1352
"Os03g0752200",230,228,209,252,271,235
"Os03g0264800",48,26,28,8,12,32
"Os03g0397600",45,7,10,8,0,14
"Os03g0426900",4948,3819,3982,5328,5429,5796
"Os03g0701400",620,499,501,487,506,512
"Os03g0431100",1950,3696,3011,3733,4345,3063
"Os03g0740900",91,43,53,56,45,69
"Os03g0862200",10,4,11,12,16,12
"Os03g0366800",68,77,60,52,65,55
"Os03g0749300",219,240,192,174,86,90
"Os03g0103300",494,592,504,582,402,482
"Os03g0331700",1047,1337,1076,708,409,471
"Os03g0431200",1062,1200,1070,1243,594,816
"Os03g0228200",8,12,4,14,2,19
"Os03g0616400",3654,3440,3820,3184,4036,3267
"Os03g0596900",11454,10000,8122,9146,9236,9496
"Os03g0299600",1333,2056,1163,1889,1920,1471
"Os03g0163400",15,13,25,11,6,14
"Os03g0129400",138,159,110,156,180,152
"Os03g0130950",82,97,63,58,94,84
"Os03g0737400",978,1045,997,1033,1559,1485
"Os03g0789200",425,448,446,539,706,757
"Os03g0597400",41,37,40,32,56,53
"Os03g0577350",3,6,12,11,32,10
"Os03g0816500",40,47,47,30,34,32
"Os03g0423800",1979,2135,2211,2174,2602,2314
"Os03g0372700",332,299,255,281,260,250
"Os03g0849700",67,32,59,69,76,119
"Os03g0761700",561,613,571,470,624,567
"Os03g0231700",119,128,120,182,154,139
"Os03g0674300",431,348,379,252,394,363
"Os03g0164300",343,313,423,473,451,358
"Os03g0392250",185,152,158,148,184,139
"Os03g0598100",7,12,5,11,8,17
"Os03g0796800",1081,1077,797,771,838,746
"Os03g0246800",2248,2244,1899,2295,2220,2183
"Os03g0101300",424,334,327,439,428,476
"Os03g0688250",31,14,13,19,14,19
"Os03g0751000",735,1002,787,868,965,934
"Os03g0164700",1123,1005,837,946,863,864
"Os03g0816900",44,25,44,52,67,38
"Os03g0336000",665,779,945,1188,1969,1721
"Os03g0245700",140,123,198,274,249,288
"Os03g0132200",91,92,95,79,117,73
"Os03g0224200",7672,6535,8555,7682,13791,11749
"Os03g0436300",341,291,215,242,309,298
"Os03g0285900",2253,2592,2190,2275,2550,2467
"Os03g0762000",2949,2738,2404,2086,2279,2364
"Os03g0679300",360,374,384,378,497,520
"Os03g0269100",4267,5285,3946,4985,5255,4888
"Os03g0820300",473,206,128,169,25,85
"Os03g0388000",45,76,66,96,115,81
"Os03g0727900",639,694,605,474,498,463
"Os03g0760700",446,458,489,507,612,660
"Os03g0196000",64,26,27,39,7,36
"Os03g0233800",88,57,68,87,95,105
"Os03g0169800",708,689,816,861,1333,1258
"Os03g0147900",80,49,50,58,46,41
"Os03g0783800",12,12,4,37,25,16
"Os03g0708100",2565,2356,1791,1969,1606,1440
"Os03g0718200",293,289,161,309,265,272
"Os03g0695425",157,260,178,264,377,408
"Os03g0798600",4387,4761,3708,4161,3643,3333
"Os03g0760300",168,121,213,359,329,400
"Os03g0805400",1878,2453,1565,1030,849,636
"Os03g0711700",429,415,400,414,394,415
"Os03g0654600",936,742,793,966,1178,1133
"Os03g0844850",20,26,19,34,35,29
"Os03g0833200",184,168,153,201,201,203
"Os03g0370900",1958,2188,1745,1686,2214,1881
"Os03g0132250",30,33,48,36,31,17
"Os03g0807800",4456,5138,4141,5134,4639,4851
"Os03g0576500",26,20,21,30,13,12
"Os03g0298700",202,152,168,278,205,304
"Os03g0698400",153,101,100,141,105,158
"Os03g0161600",28,26,24,38,42,32
"Os03g0356638",2345,2045,2237,2560,3125,2902
"Os03g0711650",15,22,26,17,33,38
"Os03g0828800",688,757,533,910,1115,1318
"Os03g0302900",14,6,10,18,2,6
"Os03g0111400",164,83,85,106,59,180
"Os03g0323350",239,257,229,258,291,129
"Os03g0313600",2146,1964,2015,2489,2451,2233
"Os03g0195300",13,13,9,7,4,15
"Os03g0230000",6,4,10,20,13,22
"Os03g0810700",83,92,88,78,128,141
"Os03g0262400",1459,1829,1315,1309,1332,1111
"Os03g0428800",6730,6987,5898,6401,6667,6779
"Os03g0127000",281,248,279,352,308,246
"Os03g0306200",1194,976,847,928,984,1097
"Os03g0375200",58,50,77,144,256,254
"Os03g0718000",610,887,449,512,180,207
"Os03g0832400",208,267,210,286,186,206
"Os03g0296700",109,48,96,102,205,128
"Os03g0248400",5,4,5,14,20,19
"Os03g0143600",1078,1024,885,1082,1168,1247
"Os03g0244950",665,950,700,614,816,773
"Os03g0305600",51,15,2,6,4,12
"Os03g0278000",1356,1750,1181,1118,1225,1068
"Os03g0161950",69,60,55,76,112,102
"Os03g0736200",111,93,97,114,109,153
"Os03g0143400",701,543,354,457,285,358
"Os03g0118600",500,387,595,923,952,1061
"Os03g0314500",52,78,154,74,97,131
"Os03g0685100",154,176,168,255,447,351
"Os03g0137300",16,21,14,16,3,5
"Os03g0788800",4219,5361,3985,3912,4238,3561
"Os03g0784600",2671,2519,2074,2270,2522,2672
"Os03g0735300",1476,1570,1298,1354,1714,1568
"Os03g0165600",3149,2667,2264,2389,2271,2341
"Os03g0424600",716,641,618,600,558,662
"Os03g0850700",37,16,32,56,57,80
"Os03g0255400",6524,6394,5929,6273,6790,6286
"Os03g0336200",106,89,143,100,139,160
"Os03g0174900",759,959,652,870,1213,865
"Os03g0846400",5265,5363,4544,4675,4502,4631
"Os03g0270000",2934,3762,2652,1772,1764,1243
"Os03g0793000",211,219,232,240,275,240
"Os03g0360500",1684,2203,1545,1686,1754,1775
"Os03g0302200",6932,6918,5846,4613,4951,4545
"Os03g0112101",1404,1201,956,988,914,939
"Os03g0635000",35,27,40,86,144,144
"Os03g0644850",13,16,14,18,21,22
"Os03g0708700",85,96,58,63,53,52
"Os03g0367800",258,245,212,287,303,336
"Os03g0600400",195,284,178,213,174,241
"Os03g0157300",904,717,912,1115,1211,766
"Os03g0295300",76,86,53,52,25,41
"Os03g0376900",1807,2369,1704,1924,2229,2162
"Os03g0187600",487,526,390,398,341,356
"Os03g0247000",3172,2820,2646,3600,3437,3256
"Os03g0234200",276,331,257,332,319,277
"Os03g0308100",3786,3777,3335,4600,4796,4290
"Os03g0859800",2044,1890,1540,1822,1903,1777
"Os03g0238000",234,362,328,312,352,276
"Os03g0270200",5293,4663,4831,4722,5160,4893
"Os03g0282800",1062,1124,811,712,683,602
"Os03g0375900",102,98,84,41,36,21
"Os03g0554900",4899,4937,4211,4803,4774,4509
"Os03g0360600",235,249,280,407,849,682
"Os03g0353900",185,103,177,180,299,307
"Os03g0818100",1268,700,502,531,290,306
"Os03g0777600",374,295,338,337,338,278
"Os03g0853200",36,87,71,53,15,14
"Os03g0100200",463,647,549,868,839,823
"Os03g0669000",1457,1377,1057,1251,1183,1329
"Os03g0347800",243,230,252,222,278,278
"Os03g0122200",3021,2378,2356,3288,3914,3828
"Os03g0695500",2639,2834,2387,2412,2722,2607
"Os03g0283400",93,135,119,89,101,104
"Os03g0819700",554,583,409,333,326,209
"Os03g0202001",51,27,21,52,32,61
"Os03g0272400",290,321,358,426,515,594
"Os03g0288101",219,197,236,401,339,380
"Os03g0402800",7166,7316,7920,5965,4263,4202
"Os03g0606200",2448,3213,2134,2418,2468,2514
"Os03g0744700",2802,2630,2233,2675,2831,2550
"Os03g0286800",337,230,251,335,369,323
"Os03g0241800",115,68,92,66,108,104
"Os03g0242200",183,276,151,231,206,261
"Os03g0249500",306,369,214,216,171,178
"Os03g0110300",2507,4006,2855,2966,2778,2381
"Os03g0848300",1034,937,736,878,853,879
"Os03g0722100",2361,2463,2160,2066,2287,2343
"Os03g0243200",114,94,105,94,62,87
"Os03g0115500",873,821,638,689,793,751
"Os03g0243100",3136,3623,2580,3081,2666,2515
"Os03g0699600",2225,2187,1941,2028,2680,2487
"Os03g0860600",586,764,792,1208,1741,1456
"Os03g0180800",114,128,222,69,13,8
"Os03g0811900",14859,17699,13899,15682,15642,14921
"Os03g0823100",1866,1642,1840,1914,2018,1807
"Os03g0734700",750,711,560,502,545,486
"Os03g0766800",1692,1809,1400,1629,1172,1291
"Os03g0730100",54,52,55,71,129,155
"Os03g0686500",884,1060,1186,935,1620,1540
"Os03g0412800",188,150,147,173,242,228
"Os03g0170500",199,221,348,468,654,586
"Os03g0377500",688,604,554,632,575,542
"Os03g0224300",637,610,522,1044,1145,991
"Os03g0293850",4156,3135,4533,6072,6361,6122
"Os03g0285700",19874,25042,17730,16298,15055,10918
"Os03g0666500",560,433,407,345,420,367
"Os03g0752800",4,12,12,17,2,8
"Os03g0200800",2297,2508,2131,1972,2288,2096
"Os03g0859900",35,28,68,118,314,328
"Os03g0353600",182,127,159,184,165,180
"Os03g0780200",2,4,0,14,18,14
"Os03g0648100",327,381,362,488,453,429
"Os03g0194900",10558,17533,13421,9210,8928,5439
"Os03g0167100",129,183,87,124,148,131
"Os03g0843700",1629,1508,1459,1374,1413,1351
"Os03g0148800",325,322,326,395,360,363
"Os03g0861900",133,162,169,177,181,198
"Os03g0706900",2217,2007,1775,1810,2070,1779
"Os03g0418766",6,17,4,10,11,1
"Os03g0265400",4022,3944,3703,5612,6619,6658
"Os03g0730000",816,997,889,1392,1746,1967
"Os03g0836500",2202,2310,1827,1700,1532,1429
"Os03g0310400",2673,3063,2392,2154,2574,2322
"Os03g0366350",46,52,21,71,143,264
"Os03g0854000",4962,5701,4410,5329,6910,6120
"Os03g0835150",506,661,559,957,715,726
"Os03g0853600",96,102,88,115,134,86
"Os03g0182800",774,1415,780,554,322,210
"Os03g0114000",10,8,12,10,2,0
"Os03g0347300",2063,1898,1639,1710,1795,1853
"Os03g0336300",3291,2651,2346,2759,2611,2653
"Os03g0787200",60,52,54,209,210,240
"Os03g0418600",1699,1721,2098,2031,2306,2238
"Os03g0646800",1312,1201,1019,1297,1076,1037
"Os03g0249200",1097,894,755,681,890,799
"Os03g0151201",91,102,85,163,147,116
"Os03g0122600",1119,1269,946,1213,1222,1405
"Os03g0781200",74,107,79,53,48,38
"Os03g0194500",27,18,20,22,15,30
"Os03g0796501",3822,4556,3941,4545,4822,4454
"Os03g0648500",25,37,14,10,0,9
"Os03g0355600",6713,6941,5432,5853,6050,6176
"Os03g0581800",2929,2839,2056,2100,1515,1532
"Os03g0210500",4,1,22,60,91,122
"Os03g0748800",1801,1591,1427,1491,1376,1307
"Os03g0249700",1128,1492,1181,1859,2326,2686
"Os03g0309200",7842,7331,7438,7668,8504,8156
"Os03g0364700",719,981,646,722,1207,1143
"Os03g0144800",320,331,233,253,212,166
"Os03g0799700",1162,928,944,1720,1910,1849
"Os03g0169500",24,18,21,21,30,21
"Os03g0602500",131,89,100,145,197,172
"Os03g0109300",167,189,218,142,326,313
"Os03g0390700",736,802,527,743,757,686
"Os03g0101600",2818,3482,2525,2895,2592,2685
"Os03g0131000",98,104,67,84,58,62
"Os03g0839600",50,45,47,57,83,68
"Os03g0823500",96,76,86,48,73,50
"Os03g0135550",10,20,29,15,7,13
"Os03g0197200",136,115,59,91,60,47
"Os03g0715400",485,565,424,454,429,544
"Os03g0369800",2500,2302,2073,2468,2382,2412
"Os03g0840200",82,106,93,96,110,118
"Os03g0822300",431,507,326,359,368,259
"Os03g0197900",17,18,14,32,52,40
"Os03g0752300",1008,891,852,956,990,785
"Os03g0565900",14,14,10,16,16,23
"Os03g0701100",33,2,18,22,9,20
"Os03g0421400",2630,2683,2002,1876,1536,1793
"Os03g0261950",97,85,88,117,112,94
"Os03g0255100",821,410,244,426,174,520
"Os03g0213300",8429,7348,6794,7054,6495,6672
"Os03g0225200",255,208,180,224,218,150
"Os03g0351300",2012,1637,1497,1265,2033,2207
"Os03g0210400",1355,1221,1100,1312,1333,1347
"Os03g0791700",119,97,73,113,89,98
"Os03g0289800",760,763,753,261,126,62
"Os03g0170200",550,596,556,700,678,743
"Os03g0685700",573,464,428,486,432,488
"Os03g0439000",205,192,167,85,44,46
"Os03g0578300",1644,1388,1637,1709,2099,1968
"Os03g0718100",65,71,44,69,19,35
"Os03g0238800",616,220,160,175,127,139
"Os03g0236966",134,101,88,93,90,123
"Os03g0845800",609,600,495,799,745,750
"Os03g0289400",190,214,188,250,324,322
"Os03g0285200",286,201,195,156,91,211
"Os03g0813700",787,774,679,591,727,606
"Os03g0688200",1325,1448,1153,1356,1608,1517
"Os03g0313800",55,83,69,38,48,66
"Os03g0363500",1669,1352,1710,2727,2945,2664
"Os03g0796502",2,12,12,21,2,14
"Os03g0670000",310,367,295,364,450,428
"Os03g0694700",242,272,319,314,373,390
"Os03g0713600",62,72,54,42,22,18
"Os03g0356414",971,1393,992,716,616,668
"Os03g0657100",880,1565,1074,1041,1197,911
"Os03g0800050",372,335,339,342,298,385
"Os03g0833300",4117,4157,3740,3814,4198,3677
"Os03g0848100",1646,1191,1315,2051,2327,2017
"Os03g0688300",111,91,65,86,66,37
"Os03g0332900",28,35,43,46,32,30
"Os03g0339900",430,401,347,240,333,239
"Os03g0285100",279,253,205,250,175,178
"Os03g0149300",774,857,974,430,793,648
"Os03g0116600",2,16,4,15,14,18
"Os03g0595800",285,232,183,460,359,425
"Os03g0645100",1897,2288,2248,2519,2889,2878
"Os03g0650400",616,633,488,625,599,637
"Os03g0684400",1962,1797,1721,2334,2184,2690
"Os03g0277100",2654,3030,2342,2405,1895,1483
"Os03g0445700",78,84,77,50,86,50
"Os03g0205150",903,818,738,709,710,739
"Os03g0617101",106,100,99,105,134,124
"Os03g0598200",2742,2225,2029,2375,2229,2344
"Os03g0801700",437,301,293,427,354,449
"Os03g0789800",1203,1064,1048,1442,1625,1508
"Os03g0569900",1807,1688,1314,1624,1474,1503
"Os03g0433200",41,54,32,30,44,67
"Os03g0388500",6544,7857,5210,3488,2709,2373
"Os03g0184600",1856,2212,1694,1498,1511,1407
"Os03g0757000",4180,6639,4133,4141,4932,3422
"Os03g0852900",2169,2031,1701,2075,1728,1758
"Os03g0278366",41,63,45,58,16,33
"Os03g0188900",499,443,513,917,841,463
"Os03g0324800",401,469,339,391,387,439
"Os03g0713000",2781,2375,2638,2307,3054,2443
"Os03g0419100",1489,1542,1447,1505,1548,1403
"Os03g0642450",37,57,88,109,137,185
"Os03g0115400",1209,1483,1212,1244,1256,983
"Os03g0856100",1095,1266,1457,2157,2252,2076
"Os03g0179950",63,72,39,32,32,38
"Os03g0567600",299,364,375,574,712,734
"Os03g0178500",81,80,72,106,83,97
"Os03g0431500",965,766,1048,1098,1172,1219
"Os03g0171600",4467,4519,3867,3365,2749,3027
"Os03g0213900",6261,5384,6907,7580,8833,8894
"Os03g0559700",368,420,261,290,315,338
"Os03g0673400",28,26,16,18,6,18
"Os03g0666200",3237,3426,2852,2905,3058,2921
"Os03g0178000",9246,11203,9163,11069,11604,10718
"Os03g0797600",1415,1478,1221,1587,2158,2490
"Os03g0817000",142,143,117,95,141,129
"Os03g0815100",3113,2695,3260,1630,2061,1753
"Os03g0732100",905,871,1316,1144,1530,1526
"Os03g0157800",1610,1260,1343,1598,2002,2117
"Os03g0797300",15,38,44,39,21,59
"Os03g0128100",9408,9576,8652,10291,10423,7058
"Os03g0176700",1023,905,847,998,867,816
"Os03g0120900",182,168,145,263,250,352
"Os03g0454300",2745,2799,3146,4171,4090,4115
"Os03g0305400",20,24,22,14,42,45
"Os03g0358100",2075,2218,1644,1740,1599,1359
"Os03g0760100",56,95,43,90,87,142
"Os03g0704901",19,48,34,29,6,11
"Os03g0363950",16,19,17,0,1,6
"Os03g0771100",16,14,6,24,24,8
"Os03g0802700",2087,1662,1545,1570,1607,1507
"Os03g0292700",16,19,29,41,75,53
"Os03g0268600",15,21,10,40,14,24
"Os03g0145300",52,44,58,102,90,62
"Os03g0227300",1437,1439,1071,1346,1320,1241
"Os03g0264700",591,846,659,785,857,821
"Os03g0179000",1054,891,795,976,863,686
"Os03g0367150",293,662,344,290,404,237
"Os03g0424300",6,2,4,15,22,14
"Os03g0116800",310,291,269,327,457,442
"Os03g0370000",3199,3650,3283,3402,4185,3310
"Os03g0204100",36,36,20,27,30,26
"Os03g0150600",15478,30403,22350,17712,25086,20182
"Os03g0660000",156,212,202,326,400,358
"Os03g0268400",26,22,40,13,46,25
"Os03g0704100",2340,1876,1707,1837,1848,1894
"Os03g0661300",6,25,23,14,6,15
"Os03g0823400",2927,2714,4053,3046,4413,5318
"Os03g0736000",2060,1788,1796,2213,2250,2302
"Os03g0128200",2675,1903,2039,2451,2164,1679
"Os03g0809400",766,690,497,456,444,362
"Os03g0692400",42,38,24,33,68,67
"Os03g0587000",462,528,389,545,514,586
"Os03g0772900",30,12,6,10,1,22
"Os03g0711500",743,944,738,819,887,848
"Os03g0156700",1218,1341,1011,752,462,433
"Os03g0613100",106,108,91,83,63,98
"Os03g0647600",184,173,141,269,355,314
"Os03g0314400",110,65,101,69,92,53
"Os03g0170900",1439,2257,1387,2790,2855,2118
"Os03g0392300",454,437,441,466,484,403
"Os03g0215700",338,344,347,341,462,432
"Os03g0300700",258,271,227,255,279,306
"Os03g0776000",3623,3409,2684,3597,3644,3874
"Os03g0779300",38,44,36,56,32,40
"Os03g0241900",584,338,352,447,391,402
"Os03g0150700",481,603,488,533,597,571
"Os03g0407050",2429,1897,2383,2120,2821,2379
"Os03g0178400",119,148,150,110,126,114
"Os03g0191000",10577,10539,9199,8660,8933,8901
"Os03g0633800",16,32,24,4,36,12
"Os03g0103900",37,36,33,34,19,20
"Os03g0795900",1799,1478,1469,2084,2106,2032
"Os03g0291700",17,13,8,18,16,8
"Os03g0186100",566,486,420,491,559,542
"Os03g0684800",29,11,23,46,61,75
"Os03g0621700",8,13,6,23,28,78
"Os03g0149200",487,600,404,316,423,310
"Os03g0780400",7032,8618,5626,5992,4745,4996
"Os03g0241200",3950,4269,3297,3989,3044,3616
"Os03g0278400",589,746,694,574,897,838
"Os03g0206600",343,380,368,356,410,421
"Os03g0604566",50,33,57,107,270,131
"Os03g0389100",141,128,124,388,536,898
"Os03g0610800",386,466,316,450,292,388
"Os03g0825800",414,407,311,295,357,329
"Os03g0690500",429,715,559,508,752,505
"Os03g0753600",454,318,608,856,1149,1257
"Os03g0237950",19,18,13,10,15,19
"Os03g0634400",225,295,173,75,92,38
"Os03g0187525",10,6,1,7,12,11
"Os03g0744675",125,89,86,86,38,77
"Os03g0108400",1416,1866,1440,1568,1758,1857
"Os03g0563200",76,41,54,36,18,54
"Os03g0125400",1384,1268,1115,1273,1292,1411
"Os03g0860100",66,38,26,8,4,8
"Os03g0573750",860,1036,955,1124,1259,1148
"Os03g0412400",1066,2192,1425,1479,1167,1253
"Os03g0792400",3973,2890,3580,3920,4293,4244
"Os03g0408500",770,885,722,806,789,797
"Os03g0348800",3969,3477,3821,4212,3904,4339
"Os03g0100040",244,322,412,465,1027,934
"Os03g0346700",3345,3585,3027,2775,2693,2500
"Os03g0644200",371,360,368,463,505,532
"Os03g0232600",1392,1343,1824,2838,3622,3202
"Os03g0773150",1045,1005,824,947,815,869
"Os03g0280400",27,30,20,6,7,3
"Os03g0187500",117,130,91,149,182,153
"Os03g0851700",383,342,301,424,470,422
"Os03g0126000",4179,4297,2684,2433,899,916
"Os03g0166000",370,389,325,366,454,462
"Os03g0744300",2026,1948,1956,1838,1807,1680
"Os03g0395600",4322,4801,4141,4340,4032,3942
"Os03g0684500",134,109,122,147,207,198
"Os03g0854500",5628,5587,4440,5478,5103,5347
"Os03g0692700",3227,3270,2443,2214,2113,2103
"Os03g0662000",197,195,158,192,154,173
"Os03g0237900",319,289,257,292,252,303
"Os03g0756800",2348,3025,2534,2254,3382,2635
"Os03g0299800",294,310,198,134,148,161
"Os03g0119000",762,930,729,766,678,704
"Os03g0101700",612,437,811,592,1159,905
"Os03g0113800",937,994,850,746,961,787
"Os03g0372950",28,41,30,58,50,60
"Os03g0793600",39,92,61,43,20,23
"Os03g0214400",574,746,545,416,480,364
"Os03g0319100",2129,2567,2246,2120,2581,2421
"Os03g0721200",10639,8785,8295,7997,7314,6818
"Os03g0830900",1969,1972,2541,1531,2149,2191
"Os03g0279200",272,204,312,785,766,740
"Os03g0349600",828,1107,844,842,1117,1226
"Os03g0226400",74,72,57,87,146,148
"Os03g0708600",1919,2110,1761,1954,2183,1975
"Os03g0838500",32,25,19,14,6,1
"Os03g0453800",220,179,187,338,240,331
"Os03g0174600",1166,976,1012,1116,1179,985
"Os03g0125900",1871,2980,1910,1895,1972,1891
"Os03g0306302",123,83,101,105,74,112
"Os03g0323800",1876,1720,1712,1765,1720,1713
"Os03g0117050",31,20,22,15,31,16
"Os03g0317300",56,196,117,180,90,37
"Os03g0767700",71,87,82,110,123,92
"Os03g0331600",3642,3295,3137,4732,5492,5602
"Os03g0286200",1880,1715,1546,1506,1265,1501
"Os03g0432666",365,320,374,292,239,317
"Os03g0774300",2380,1958,2495,2978,3823,3461
"Os03g0749900",211,274,222,238,289,244
"Os03g0626600",212,176,171,203,192,170
"Os03g0187700",654,787,526,649,628,613
"Os03g0355800",303,343,237,270,333,326
"Os03g0701600",1762,1613,1528,1699,2259,1963
"Os03g0694900",4559,3690,3464,3885,3466,3729
"Os03g0724600",6,12,8,11,0,22
"Os03g0333100",1958,1533,1402,1504,1349,1368
"Os03g0326200",490,666,361,292,131,67
"Os03g0189600",15468,22904,16241,14737,11501,7944
"Os03g0312500",17,14,26,20,54,14
"Os03g0105401",189,169,190,243,397,346
"Os03g0367200",31,64,24,24,19,14
"Os03g0411300",327,662,374,252,359,253
"Os03g0352300",2936,2858,2273,2870,2202,2459
"Os03g0359700",1598,1627,1212,1273,1027,1042
"Os03g0826700",1365,1604,1116,1482,1686,1427
"Os03g0259300",2230,2109,1679,1784,1606,1531
"Os03g0274700",254,282,182,256,335,341
"Os03g0259700",1157,1528,1270,1427,1777,1535
"Os03g0361500",13,24,16,66,78,42
"Os03g0377600",26,12,11,6,15,18
"Os03g0807200",840,808,652,582,606,530
"Os03g0400800",61,46,98,87,126,74
"Os03g0190800",941,1022,687,989,736,737
"Os03g0191200",83,124,142,181,214,290
"Os03g0837300",97,53,106,92,172,156
"Os03g0802800",2051,1866,1736,1858,1970,1992
"Os03g0157900",2485,3353,2458,2280,1024,705
"Os03g0777700",4196,3748,3332,3316,4450,3892
"Os03g0167500",1795,1848,1615,1984,2115,1942
"Os03g0184100",1094,1093,812,644,367,578
"Os03g0127900",944,1010,700,789,635,669
"Os03g0281000",9776,12181,9097,9846,10142,9469
"Os03g0312600",1783,1720,1299,1650,1610,1642
"Os03g0587100",1286,1453,1477,1884,2689,2833
"Os03g0180700",744,673,719,630,710,775
"Os03g0207250",671,546,570,533,526,516
"Os03g0806400",161,130,119,113,122,96
"Os03g0776900",551,415,242,391,178,253
"Os03g0648300",595,703,480,459,486,484
"Os03g0179750",18,22,31,19,9,27
"Os03g0277500",64,88,136,32,40,10
"Os03g0116300",132,127,135,103,47,25
"Os03g0223400",2176,2349,1818,3148,3590,3840
"Os03g0786500",10,12,25,49,26,44
"Os03g0780800",12,15,20,18,32,40
"Os03g0822700",1294,1385,1227,1549,1310,1309
"Os03g0358000",5125,4457,3995,4624,4433,4497
"Os03g0393700",771,1241,747,827,676,530
"Os03g0729100",1027,1056,1138,1728,1836,1889
"Os03g0825850",36,22,27,36,22,24
"Os03g0667700",1096,1033,1040,1312,1260,1076
"Os03g0227400",1567,1852,1726,2104,2275,2181
"Os03g0405500",2458,8738,5170,3125,2546,2395
"Os03g0845000",1768,2352,1685,1730,1772,1589
"Os03g0372500",1190,1400,984,1035,821,750
"Os03g0356400",369,497,328,427,659,666
"Os03g0851800",1075,1135,871,1161,1135,1194
"Os03g0577200",40,27,23,30,21,38
"Os03g0586600",1532,1427,1271,1334,1319,1158
"Os03g0283900",94,95,48,59,48,60
"Os03g0235100",1746,1978,1467,1660,1723,1501
"Os03g0795800",3944,4668,3138,3340,3055,2864
"Os03g0146200",17,13,15,9,1,7
"Os03g0854300",788,831,648,853,835,827
"Os03g0794700",3729,4520,3561,4064,3823,3668
"Os03g0647800",54,66,71,61,92,75
"Os03g0702800",863,921,713,794,650,613
"Os03g0803800",117,71,63,64,38,45
"Os03g0218400",17230,24365,16090,16552,9299,8026
"Os03g0769600",4415,3556,4403,5098,5907,5552
"Os03g0774600",173,234,189,317,354,382
"Os03g0113500",420,203,836,601,1122,505
"Os03g0823700",218,252,203,209,97,134
"Os03g0651900",92,95,144,190,284,441
"Os03g0344900",4665,3960,3617,4616,5229,5324
"Os03g0223900",247,234,287,227,322,339
"Os03g0603600",616,453,436,632,549,414
"Os03g0754300",404,363,335,476,305,408
"Os03g0396200",8,4,18,5,13,16
"Os03g0295800",5839,7126,5479,6101,6825,6872
"Os03g0237100",161,295,144,156,166,170
"Os03g0216600",6374,6204,5043,5182,4524,4942
"Os03g0746400",804,895,696,988,1058,997
"Os03g0278700",1330,1114,1077,1128,999,918
"Os03g0119900",214,283,269,372,409,380
"Os03g0845600",18,29,8,34,26,37
"Os03g0753500",5298,6535,5498,7417,8546,6872
"Os03g0719700",26,14,33,18,6,13
"Os03g0121700",3396,3842,3293,3064,4195,3798
"Os03g0603500",68,79,56,47,36,47
"Os03g0669600",423,610,477,364,372,451
"Os03g0159700",208,146,122,174,166,198
"Os03g0300600",176,216,174,131,99,100
"Os03g0146100",163,155,153,122,288,253
"Os03g0643522",12,24,27,40,47,42
"Os03g0310600",106,129,93,91,173,110
"Os03g0196400",671,1145,675,835,671,603
"Os03g0783000",1323,1551,1130,1469,1631,1514
"Os03g0857100",328,645,547,624,1163,1066
"Os03g0233000",44,14,26,2,2,12
"Os03g0696000",135,175,92,128,95,81
"Os03g0828500",738,856,828,935,1284,1271
"Os03g0117800",1013,875,999,1464,1560,1511
"Os03g0434400",107,138,66,96,94,126
"Os03g0448500",2253,2099,2081,2435,2363,2029
"Os03g0810600",3135,3085,2871,3020,3004,3050
"Os03g0200700",588,696,530,574,720,685
"Os03g0721400",1009,1456,1121,1289,1297,1025
"Os03g0342400",462,396,614,509,738,545
"Os03g0294650",15,22,12,10,14,7
"Os03g0132000",2881,3617,2900,2302,2166,1582
"Os03g0221300",1178,1134,1093,1196,1030,1100
"Os03g0388900",2008,2346,2050,3167,5736,6161
"Os03g0210000",34,32,15,56,87,67
"Os03g0799100",1109,1366,1151,1220,1549,1403
"Os03g0219300",1433,1313,1191,1542,2297,2660
"Os03g0794200",369,461,406,417,414,459
"Os03g0203000",575,501,425,515,571,570
"Os03g0289300",18,24,12,14,22,11
"Os03g0738200",1215,1040,1047,1011,898,847
"Os03g0263800",1871,2175,1934,2123,2431,2230
"Os03g0800400",383,629,355,642,562,571
"Os03g0705300",1025,1126,981,1229,1149,1311
"Os03g0178100",1107,979,1016,1109,1303,1083
"Os03g0674600",41,24,26,57,27,43
"Os03g0407900",188,279,145,140,76,98
"Os03g0160400",278,188,196,276,283,255
"Os03g0403100",956,658,682,633,584,643
"Os03g0162900",268,150,193,295,248,326
"Os03g0764800",2744,2697,2333,2310,2907,2330
"Os03g0818800",697,646,547,730,746,1011
"Os03g0261500",3936,3722,3110,3266,3065,2959
"Os03g0277300",169,14,10,79,6,12
"Os03g0618300",1032,1043,880,936,1939,1694
"Os03g0137500",2434,2388,2166,1915,1938,1901
"Os03g0596600",14,44,29,32,23,32
"Os03g0611700",434,400,360,421,578,464
"Os03g0759500",12,8,18,8,18,6
"Os03g0654400",1533,1536,1795,1995,2170,1871
"Os03g0123800",434,394,358,277,257,232
"Os03g0854200",294,215,208,397,230,257
"Os03g0179400",627,1065,504,485,269,100
"Os03g0739700",771,957,781,598,359,124
"Os03g0432200",24,30,24,32,66,71
"Os03g0419200",14,22,28,25,18,26
"Os03g0335200",1358,3996,2030,1865,1374,1415
"Os03g0214200",1437,1721,1551,910,1142,1019
"Os03g0379300",218,285,175,388,262,444
"Os03g0566700",16,26,16,11,7,5
"Os03g0205500",499,606,451,495,441,438
"Os03g0850100",120,103,82,72,30,77
"Os03g0454100",1946,1943,1642,2027,2215,2169
"Os03g0848700",422,322,343,588,860,551
"Os03g0216000",60,57,40,34,70,82
"Os03g0784100",93,75,100,58,92,137
"Os03g0572300",1186,1363,1171,1128,1491,1579
"Os03g0616500",87,76,51,70,29,47
"Os03g0151300",4424,4108,3762,4212,4540,4333
"Os03g0292100",2140,2022,1900,1690,1535,2059
"Os03g0300200",456,481,402,418,355,378
"Os03g0294200",1005,919,743,896,753,680
"Os03g0192000",343,313,176,289,222,244
"Os03g0386500",124,293,192,111,50,56
"Os03g0640100",2516,2981,2274,2713,2821,2612
"Os03g0673600",329,539,398,581,898,714
"Os03g0165300",1383,1387,1246,1404,1309,1243
"Os03g0857000",305,354,374,365,674,431
"Os03g0228800",12,4,8,24,21,15
"Os03g0334700",4835,3935,3801,4111,4133,4008
"Os03g0399532",1492,1000,1074,1550,1284,1574
"Os03g0822100",292,278,207,171,84,196
"Os03g0801500",1044,1101,971,1243,1492,1436
"Os03g0432000",268,463,245,197,120,92
"Os03g0858200",24,34,17,58,38,75
"Os03g0646200",257,310,220,284,250,243
"Os03g0672700",1854,1736,1743,1782,2115,1891
"Os03g0642900",169,251,159,98,44,64
"Os03g0850000",1250,1479,1247,1446,1760,1637
"Os03g0761000",40,58,32,98,46,81
"Os03g0742800",16,12,14,20,11,11
"Os03g0855700",1166,844,845,1128,1899,1086
"Os03g0830800",36,3,11,11,8,12
"Os03g0151600",147,219,162,163,157,148
"Os03g0757900",645,864,630,558,332,340
"Os03g0826800",498,401,391,978,1900,2007
"Os03g0371350",19,11,8,23,89,204
"Os03g0743400",4859,5551,4530,4928,5892,5502
"Os03g0752100",4478,4059,3932,4921,5255,5603
"Os03g0146600",317,271,327,320,371,271
"Os03g0668900",139,205,122,149,106,134
"Os03g0131400",101,89,52,80,86,96
"Os03g0187400",345,405,271,213,318,352
"Os03g0329700",3806,4609,4002,3152,4439,4230
"Os03g0732200",3578,3929,4101,4628,6076,5574
"Os03g0205400",1366,1152,964,961,918,1007
"Os03g0701700",162,128,154,208,220,240
"Os03g0764600",2390,3360,2921,4108,2395,2537
"Os03g0255500",17562,19960,21298,27798,29671,32377
"Os03g0298600",484,635,484,541,721,701
"Os03g0302700",119,182,97,206,159,177
"Os03g0137600",891,758,942,1092,1267,1192
"Os03g0140100",103,130,158,245,265,281
"Os03g0235300",286,264,214,253,222,231
"Os03g0847500",680,605,593,698,707,642
"Os03g0180300",3812,3777,3719,3965,4129,4450
"Os03g0397400",885,1043,637,493,347,330
"Os03g0704700",1477,1900,1588,1087,810,747
"Os03g0738400",84208,73308,81325,103374,123135,119441
"Os03g0644700",179,343,265,245,150,164
"Os03g0130500",4779,4676,4207,4623,5177,5420
"Os03g0857600",114,64,141,152,184,294
"Os03g0267000",73,16,20,60,4,42
"Os03g0288400",2219,2002,1866,2148,2228,2014
"Os03g0678100",26,32,28,73,61,66
"Os03g0177000",1218,1224,1212,1468,1788,1635
"Os03g0182600",5587,6209,4952,5869,5471,5356
"Os03g0574300",48,22,32,32,19,30
"Os03g0310633",93,68,51,55,48,65
"Os03g0593200",1356,1170,997,1170,1104,1042
"Os03g0221200",276,360,199,209,66,66
"Os03g0724500",230,140,90,186,58,110
"Os03g0844450",373,291,221,358,242,365
"Os03g0333200",2526,2689,2610,2948,2898,2514
"Os03g0708000",0,4,46,69,188,156
"Os03g0839200",27,31,35,127,128,123
"Os03g0146300",95,113,86,154,131,145
"Os03g0255000",2845,2669,2461,2641,3307,3134
"Os03g0728600",137,154,93,136,180,161
"Os03g0761500",4,12,20,19,22,16
"Os03g0585600",4,28,13,16,22,18
"Os03g0119500",7832,7081,5908,6178,5377,5573
"Os03g0161000",2174,2051,2142,2277,3198,2934
"Os03g0115200",3523,3977,3578,3466,3233,2996
"Os03g0206400",339,452,344,277,295,277
"Os03g0124200",210,285,296,317,304,329
"Os03g0390600",1999,2095,1929,2146,2032,2055
"Os03g0735000",2125,1819,2057,2807,3347,3096
"Os03g0348900",62,54,62,36,31,42
"Os03g0192800",273,299,193,247,282,265
"Os03g0741700",158,220,143,158,120,145
"Os03g0756200",6899,7187,5880,6312,5989,5340
"Os03g0562000",1716,1534,1845,2177,2312,2557
"Os03g0390400",2019,1981,1405,1418,1194,1138
"Os03g0128866",11,7,2,15,11,5
"Os03g0198500",970,968,845,1209,1478,1518
"Os03g0152200",72,61,70,73,64,61
"Os03g0124500",38,40,37,82,36,60
"Os03g0741400",2507,3394,2260,2452,2233,2309
"Os03g0763000",676,720,721,829,831,876
"Os03g0676300",84,87,83,94,155,173
"Os03g0302500",732,1352,828,836,955,1034
"Os03g0438400",473,386,446,526,490,291
"Os03g0397300",707,722,658,640,587,535
"Os03g0655300",92,75,44,54,61,44
"Os03g0423850",13898,13168,15290,14269,14002,14508
"Os03g0159900",1796,2236,2121,2492,3519,2734
"Os03g0340500",371,443,353,451,431,260
"Os03g0151900",562,595,468,540,450,531
"Os03g0328400",64,82,63,61,52,56
"Os03g0712900",343,298,316,231,354,315
"Os03g0610900",270,261,350,350,509,476
"Os03g0158700",44,29,19,33,40,43
"Os03g0843500",5898,5211,5917,6518,7216,7598
"Os03g0685600",1034,1034,829,949,862,1104
"Os03g0112600",789,649,599,539,374,376
"Os03g0711600",298,282,307,376,385,394
"Os03g0842501",86,84,93,138,151,154
"Os03g0797000",852,789,709,771,780,691
"Os03g0215800",885,905,733,796,734,777
"Os03g0203200",22841,33322,28421,27053,39430,33159
"Os03g0752700",6450,6230,5985,6296,6690,6686
"Os03g0689400",44,42,7,24,18,20
"Os03g0283500",198,162,153,136,219,119
"Os03g0118400",189,401,374,368,381,473
"Os03g0370800",41,41,36,55,51,73
"Os03g0801800",1053,957,890,989,951,1012
"Os03g0310800",1149,1143,866,1204,850,1237
"Os03g0773600",146,132,141,223,266,168
"Os03g0174800",453,677,539,507,712,725
"Os03g0214900",2160,1949,1564,1716,1590,1803
"Os03g0602300",751,598,474,604,585,477
"Os03g0326000",1099,1381,931,678,346,264
"Os03g0804100",33,53,55,43,26,24
"Os03g0738000",71,69,57,79,92,74
"Os03g0389700",111,92,159,123,16,18
"Os03g0288500",207,209,208,168,160,123
"Os03g0830400",66,131,118,86,94,66
"Os03g0192500",2473,2513,2210,2823,3309,2190
"Os03g0267600",385,304,341,418,515,550
"Os03g0825500",1079,684,807,1182,1276,1281
"Os03g0654500",1040,1020,803,832,802,780
"Os03g0108000",219,320,286,346,361,446
"Os03g0654700",6,26,2,28,20,12
"Os03g0160900",635,564,487,511,720,685
"Os03g0781100",379,308,275,253,236,208
"Os03g0353701",129,163,141,183,178,204
"Os03g0749800",955,951,725,768,740,773
"Os03g0593700",507,658,767,992,1158,1075
"Os03g0840350",297,211,195,241,262,264
"Os03g0110500",12,16,4,8,6,22
"Os03g0856400",3257,3224,2406,2574,2203,2297
"Os03g0381300",500,818,478,503,319,334
"Os03g0120200",94,71,52,96,70,74
"Os03g0301400",546,482,548,704,711,659
"Os03g0757200",47,53,20,61,48,140
"Os03g0272300",486,591,524,582,536,512
"Os03g0211500",417,376,237,296,284,209
"Os03g0641700",4474,3933,3498,4608,4660,4250
"Os03g0789466",281,201,213,274,210,211
"Os03g0787100",148,160,138,99,95,73
"Os03g0750800",4692,4583,4135,4561,4064,3794
"Os03g0761300",93,89,70,34,87,80
"Os03g0843150",10,8,11,7,13,2
"Os03g0185950",16,15,32,23,21,33
"Os03g0208600",54,84,52,38,50,52
"Os03g0679100",131,229,129,112,119,96
"Os03g0321700",60,79,62,25,35,16
"Os03g0710700",144,158,127,118,134,123
"Os03g0606100",40,28,70,84,113,147
"Os03g0322200",402,559,352,156,120,65
"Os03g0622600",131,75,84,36,59,81
"Os03g0827700",23486,21735,23157,27881,33843,31174
"Os03g0699200",6553,6209,5878,6314,6547,5924
"Os03g0439900",22,70,39,69,73,51
"Os03g0587250",17,6,10,26,95,88
"Os03g0748900",1177,1190,1116,1127,1134,1047
"Os03g0350100",3522,2830,2355,2452,2095,2366
"Os03g0285300",1062,1785,1112,1184,1072,736
"Os03g0110600",553,715,564,353,366,265
"Os03g0395700",383,591,354,379,352,318
"Os03g0307000",1106,1311,720,922,590,545
"Os03g0622500",3635,3123,2489,2664,1614,2036
"Os03g0213500",583,805,737,907,1074,1127
"Os03g0774400",517,441,619,669,739,783
"Os03g0215900",289,418,336,630,813,687
"Os03g0844000",512,347,471,719,744,797
"Os03g0350300",5955,5284,4504,4475,4232,3892
"Os03g0685800",335,390,317,381,376,333
"Os03g0390200",2249,2467,1898,1662,1353,1287
"Os03g0130400",2667,3296,2365,2154,1880,1954
"Os03g0387900",1170,949,682,749,441,457
"Os03g0810800",46,56,64,57,51,41
"Os03g0651100",773,785,676,795,669,696
"Os03g0675000",50,52,43,37,62,38
"Os03g0801300",32,14,28,46,24,24
"Os03g0152600",942,928,1104,1049,1442,1388
"Os03g0748000",7366,6835,6929,6816,7293,6595
"Os03g0758400",885,778,738,740,729,790
"Os03g0314800",199,183,158,197,170,182
"Os03g0328450",270,358,277,326,313,242
"Os03g0617500",155,195,195,261,238,304
"Os03g0111700",759,728,560,782,639,741
"Os03g0782500",287,327,438,526,519,526
"Os03g0203700",1002,1372,1250,745,384,438
"Os03g0143300",2843,2770,2320,2381,2294,2198
"Os03g0366700",33,23,27,28,17,32
"Os03g0366000",243,171,92,188,108,135
"Os03g0299200",77,162,74,92,36,27
"Os03g0762900",246,142,572,565,826,649
"Os03g0335600",1267,1094,919,942,849,890
"Os03g0152100",218,143,136,151,145,151
"Os03g0114200",419,464,350,438,389,444
"Os03g0416400",4,2,6,19,22,20
"Os03g0293000",184,80,60,98,43,84
"Os03g0717700",1656,1624,1454,2129,1645,1768
"Os03g0217200",1285,1201,929,1181,1263,1234
"Os03g0769900",609,700,790,829,920,964
"Os03g0623100",10,19,10,4,0,4
"Os03g0598900",1990,2063,1393,1424,1263,1155
"Os03g0136900",6954,7010,4413,3804,2562,2858
"Os03g0730800",1564,1324,1288,1274,1286,1438
"Os03g0192400",1586,2013,1456,1546,1590,1490
"Os03g0218500",258,44,76,225,73,128
"Os03g0140650",10,10,8,16,4,10
"Os03g0130700",242,243,187,333,353,337
"Os03g0314200",1371,1414,1025,1072,989,883
"Os03g0701900",3982,3397,3518,4146,4427,4955
"Os03g0718300",25,24,35,37,36,41
"Os03g0195450",3,13,10,6,18,20
"Os03g0620400",122,82,90,82,106,290
"Os03g0737000",7423,9187,6998,8026,9244,7439
"Os03g0265300",996,1059,726,825,634,461
"Os03g0387100",1370,1391,925,1087,919,933
"Os03g0370200",194,153,168,168,191,174
"Os03g0261800",880,1141,985,1482,1733,1612
"Os03g0678950",55,24,13,48,25,42
"Os03g0328000",1256,1054,910,1205,1237,975
"Os03g0859700",1012,968,660,782,645,635
"Os03g0848400",88,121,123,77,102,122
"Os03g0344232",19,10,12,31,18,26
"Os03g0626700",73,36,12,17,11,45
"Os03g0842400",97,92,96,106,124,157
"Os03g0137800",124,91,133,115,223,141
"Os03g0371300",29,16,13,44,152,225
"Os03g0856000",1686,2345,1761,1871,2447,1654
"Os03g0231900",659,697,557,598,613,572
"Os03g0249100",244,252,287,402,491,471
"Os03g0159800",1104,984,1132,959,1328,1231
"Os03g0406200",2183,2218,1891,1948,1918,1762
"Os03g0131300",683,754,530,611,653,720
"Os03g0824000",71,96,48,122,119,87
"Os03g0123600",1503,2408,1690,1905,1943,1736
"Os03g0841700",653,586,353,428,202,361
"Os03g0242100",304,240,183,244,217,270
"Os03g0138700",7195,12179,7705,5936,4678,4066
"Os03g0803500",249,465,271,158,105,75
"Os03g0592500",350,417,376,556,596,842
"Os03g0827500",1460,1410,1364,1387,1992,1783
"Os03g0412200",2809,3071,2570,2885,2563,2576
"Os03g0740600",314,355,268,264,306,250
"Os03g0117100",28523,29498,33163,42918,55866,52756
"Os03g0769050",207,208,246,251,246,203
"Os03g0278900",10515,12285,13571,17784,23906,23317
"Os03g0355100",344,403,403,515,740,694
"Os03g0586800",4361,3926,3303,3459,3217,3130
"Os03g0812400",265,310,214,135,125,110
"Os03g0331900",264,311,183,245,296,256
"Os03g0116700",2445,1981,2167,1557,3070,3463
"Os03g0226200",327,60,30,51,8,22
"Os03g0766100",37,24,26,39,29,22
"Os03g0431600",16,30,32,172,11,169
"Os03g0128800",1702,1852,2610,3304,4804,4360
"Os03g0115300",302,256,355,639,801,718
"Os03g0112800",981,920,616,624,491,559
"Os03g0165900",16,48,14,11,91,42
"Os03g0719400",62,32,48,77,68,52
"Os03g0619800",18,2,1,27,8,33
"Os03g0344700",7841,6398,6672,6897,7898,7324
"Os03g0210900",75,81,82,116,145,139
"Os03g0262700",399,896,548,382,306,261
"Os03g0669100",176,200,172,215,281,240
"Os03g0660400",36,32,51,7,12,0
"Os03g0702700",422,384,305,394,289,308
"Os03g0361100",3,2,2,26,30,11
"Os03g0307400",616,977,759,600,654,554
"Os03g0213200",211,147,171,199,230,188
"Os03g0437600",2168,3254,621,3119,3315,1600
"Os03g0779500",51,81,94,103,108,102
"Os03g0129100",3429,3921,3284,2436,2766,2753
"Os03g0255900",167,331,239,425,398,233
"Os03g0431800",3077,2671,2544,2752,2534,2631
"Os03g0215400",34,10,8,12,18,38
"Os03g0119966",31,16,11,24,22,10
"Os03g0169600",77,42,44,90,108,70
"Os03g0861800",4381,5197,4375,4851,5291,5315
"Os03g0297400",940,800,827,754,645,675
"Os03g0178066",241,247,221,247,291,231
"Os03g0795400",363,320,239,341,199,237
"Os03g0751400",1138,656,549,1263,1021,942
"Os03g0698500",2463,2624,2245,2890,3284,2823
"Os03g0596800",246,417,313,413,588,511
"Os03g0337200",1905,1715,2089,2191,2281,2161
"Os03g0746600",433,425,333,304,350,455
"Os03g0243300",4644,5138,4024,4715,4926,4775
"Os03g0193000",1596,1350,974,1104,735,934
"Os03g0646900",5173,4941,4773,4802,5509,5339
"Os03g0643250",52,21,4,11,0,12
"Os03g0129900",1475,2114,1447,1772,1555,1552
"Os03g0184550",564,364,368,238,331,289
"Os03g0765400",2004,1767,1743,1911,2831,2447
"Os03g0224700",1628,1734,1435,1077,1460,1324
"Os03g0663500",21,13,16,18,1,0
"Os03g0405200",2,17,11,13,19,14
"Os03g0734100",721,335,167,126,62,28
"Os03g0332100",20,7,87,66,82,73
"Os03g0775000",682,628,1253,1862,2994,2651
"Os03g0689100",5585,4382,6032,6681,9280,7853
"Os03g0374100",2003,2094,1703,1883,1836,1938
"Os03g0214100",40,9,17,44,10,15
"Os03g0247300",194,286,300,244,332,266
"Os03g0773000",8,4,3,19,11,12
"Os03g0186600",1584,1840,1367,1625,1555,1454
"Os03g0412900",1395,1127,1124,1349,1364,1273
"Os03g0423300",16,12,6,28,8,12
"Os03g0797400",195,254,271,262,200,279
"Os03g0333000",411,377,281,335,268,299
"Os03g0773300",2131,2100,1650,1433,1869,1604
"Os03g0305100",659,828,582,393,746,538
"Os03g0370250",114,119,147,114,151,159
"Os03g0708250",246,377,328,297,406,431
"Os03g0625800",186,231,142,133,218,246
"Os03g0181400",20,40,40,22,32,22
"Os03g0363200",764,986,665,434,532,393
"Os03g0163100",72,41,75,76,130,197
"Os03g0357200",140,146,148,181,271,219
"Os03g0647400",92,138,82,85,80,107
"Os03g0387300",341,621,327,253,78,46
"Os03g0358975",434,351,318,388,406,403
"Os03g0411000",2165,2203,1873,2282,2181,1898
"Os03g0395000",1063,825,770,1159,989,1016
"Os03g0288000",40,25,31,50,13,6
"Os03g0746900",257,289,233,274,226,238
"Os03g0668033",219,269,219,265,258,221
"Os03g0264000",310,257,247,239,258,198
"Os03g0196600",99,84,40,84,108,188
"Os03g0102333",15,5,8,16,26,14
"Os03g0843900",345,363,283,411,368,358
"Os03g0786000",1996,2220,1718,1848,1713,1579
"Os03g0424500",3364,3708,3252,3622,3358,3198
"Os03g0118500",7,12,5,14,13,8
"Os03g0294800",110,68,133,118,170,169
"Os03g0723600",400,589,501,597,743,753
"Os03g0131200",42151,45455,47699,67264,96200,87825
"Os03g0816000",289,328,304,341,463,403
"Os03g0235400",201,159,200,176,174,207
"Os03g0341600",158,40,197,148,34,166
"Os03g0834050",615,812,516,262,286,315
"Os03g0355200",6,104,11,13,14,17
"Os03g0579000",2138,2295,2751,3339,4300,4608
"Os03g0101200",244,78,235,123,56,132
"Os03g0744600",3678,4980,3172,3629,3301,2965
"Os03g0366200",3303,3216,2541,2745,2853,2852
"Os03g0327751",22,39,18,35,43,44
"Os03g0554950",404,298,258,314,281,276
"Os03g0301200",331,447,372,190,100,78
"Os03g0862300",57,64,56,51,68,65
"Os03g0313000",1470,2037,1337,1462,1565,1453
"Os03g0769800",461,229,425,606,950,960
"Os03g0390900",615,613,620,812,980,820
"Os03g0297700",816,1177,859,747,895,855
"Os03g0764100",2375,4015,3881,2660,3165,2778
"Os03g0206150",8,2,28,10,24,39
"Os03g0766000",1814,1889,1378,1372,1192,1187
"Os03g0844800",6,4,4,13,10,14
"Os03g0408300",4219,5896,4688,5606,5489,5360
"Os03g0854600",200,238,198,182,219,296
"Os03g0144700",225,285,199,165,224,226
"Os03g0731900",26184,34083,20148,21523,13086,10564
"Os03g0187550",135,148,88,96,63,84
"Os03g0591000",562,518,528,766,599,747
"Os03g0321800",102,88,71,40,18,25
"Os03g0699400",539,546,483,543,482,530
"Os03g0592100",41,70,41,96,71,86
"Os03g0817200",1272,1559,1320,854,753,476
"Os03g0663700",576,599,542,847,655,623
"Os03g0310666",53,101,89,77,101,105
"Os03g0180900",2862,2144,2418,1337,594,443
"Os03g0183300",9205,8142,12173,12425,25838,17587
"Os03g0263700",747,962,640,665,407,465
"Os03g0211900",758,700,790,854,755,717
"Os03g0324300",3661,3895,4209,5145,6392,5208
"Os03g0270600",224,254,204,207,194,275
"Os03g0582100",106,115,106,105,90,112
"Os03g0254000",148,86,148,161,259,275
"Os03g0777500",457,477,482,355,385,508
"Os03g0701800",1443,1273,1421,1359,1714,1727
"Os03g0158200",167,149,107,158,92,145
"Os03g0809700",333,390,336,310,421,396
"Os03g0276700",397,394,291,313,393,322
"Os03g0844900",1872,1949,2120,2673,2845,2978
"Os03g0263900",1486,1634,1854,1992,2788,2993
"Os03g0241600",2129,3188,2004,1397,1183,919
"Os03g0607800",93,85,91,99,100,52
"Os03g0829200",239,83,104,76,18,34
"Os03g0824400",1127,1152,954,865,899,1091
"Os03g0571800",3,6,2,17,10,23
"Os03g0201100",1469,1404,1189,1417,1232,1200
"Os03g0126700",181,68,97,127,64,205
"Os03g0364400",6400,13417,7796,8298,8768,7850
"Os03g0710600",3401,3742,3599,5220,5613,5758
"Os03g0177900",15506,18256,14446,16244,16614,15394
"Os03g0599800",14465,21074,15138,13845,12709,12054
"Os03g0137200",2327,2408,2108,1920,2319,1784
"Os03g0100400",2183,2046,1859,1854,2094,2089
"Os03g0276500",3526,4170,2784,2809,1601,1478
"Os03g0263400",525,478,560,684,804,709
"Os03g0332700",2204,2071,1754,2165,1812,1900
"Os03g0858100",5481,4783,4437,5090,4616,4357
"Os03g0735200",41,23,17,38,49,57
"Os03g0343300",1183,1038,1006,1024,783,941
"Os03g0776400",219,396,237,186,247,168
"Os03g0638800",4499,5239,4213,4535,4490,4177
"Os03g0221150",24,39,24,30,51,30
"Os03g0194100",1277,1751,1056,837,536,413
"Os03g0637900",35,43,48,33,22,30
"Os03g0786700",294,383,291,308,337,276
"Os03g0256400",549,449,451,544,477,461
"Os03g0807000",401,531,484,332,523,465
"Os03g0248600",2880,3385,2011,2258,2054,2166
"Os03g0843000",22,59,39,85,48,53
"Os03g0811700",737,815,737,799,973,869
"Os03g0789600",136,139,118,147,174,185
"Os03g0250000",4559,3893,5478,5006,8921,8317
"Os03g0725800",92,79,166,290,225,181
"Os03g0740700",2135,1881,1599,1710,2042,2120
"Os03g0755100",257,228,168,225,163,179
"Os03g0161500",1031,641,851,1009,972,971
"Os03g0266300",383,182,141,375,57,203
"Os03g0154100",569,589,593,769,1462,1375
"Os03g0758300",727,471,559,544,720,550
"Os03g0267500",202,171,255,140,154,180
"Os03g0856500",12560,11836,16709,12788,21094,15180
"Os03g0159150",33,37,27,44,40,29
"Os03g0767900",313,259,258,250,341,287
"Os03g0319300",7383,9880,6425,6501,3679,3741
"Os03g0651300",404,300,334,452,633,554
"Os03g0326100",835,1187,793,496,357,279
"Os03g0189100",1514,2110,1820,1863,2158,1704
"Os03g0701300",169,155,153,136,237,216
"Os03g0656800",183,94,135,115,137,149
"Os03g0135300",2718,2527,2696,3939,4332,4510
"Os03g0208700",13,16,13,15,7,1
"Os03g0127600",56,40,53,54,45,45
"Os03g0784000",2450,2091,2446,3106,3196,3102
"Os03g0697833",29,29,31,31,13,16
"Os03g0743500",4840,5664,3848,2889,2929,2387
"Os03g0760600",1015,1045,959,1094,1076,1069
"Os03g0616700",2035,2070,1673,1819,1744,1472
"Os03g0784800",1475,1411,1090,1140,1223,1177
"Os03g0836300",1122,1951,1290,1322,1543,1043
"Os03g0786900",4076,3548,3048,3170,3404,3183
"Os03g0307900",63,44,80,120,110,136
"Os03g0802500",1284,2652,1706,1624,983,907
"Os03g0862100",3881,3579,3187,3924,3613,3801
"Os03g0425200",6112,6716,5880,6741,7276,6158
"Os03g0793100",200,268,340,275,349,351
"Os03g0314700",1169,1511,1226,1455,1522,1260
"Os03g0183100",3637,2945,3145,4225,4343,4126
"Os03g0787000",799,976,766,595,769,627
"Os03g0399800",22,8,56,14,32,49
"Os03g0757750",20,20,12,15,9,9
"Os03g0276300",19,39,35,51,37,38
"Os03g0231950",281,224,182,269,341,377
"Os03g0349000",2409,2303,1984,2405,2329,2442
"Os03g0209000",219,173,162,201,304,339
"Os03g0561400",124,18,10,14,6,7
"Os03g0418700",235,178,205,264,284,284
"Os03g0746500",735,546,533,532,582,623
"Os03g0320000",206,217,204,222,201,206
"Os03g0700400",43,72,38,24,16,34
"Os03g0563300",3680,3501,3535,5380,5580,5933
"Os03g0686100",207,201,206,224,140,215
"Os03g0293100",3561,3895,5389,7566,11120,10559
"Os03g0378000",1619,1802,1543,1666,1830,1951
"Os03g0417800",151,351,232,319,330,313
"Os03g0158500",18415,20480,18937,19936,21739,17773
"Os03g0711200",2459,2710,2022,2145,2507,2080
"Os03g0397700",848,687,417,369,165,165
"Os03g0287900",1347,1664,1103,1175,1080,1000
"Os03g0231600",1998,2750,1742,814,341,141
"Os03g0140700",3036,3677,4141,6092,8406,6349
"Os03g0356300",2799,2380,2496,3662,4244,3970
"Os03g0329900",3209,2979,2256,3037,2416,2561
"Os03g0364500",731,1520,680,944,751,615
"Os03g0168900",617,745,561,708,700,741
"Os03g0192600",29,23,43,38,53,47
"Os03g0729200",4310,5253,3867,4008,3918,3922
"Os03g0217400",300,344,331,317,444,408
"Os03g0781000",1246,685,900,1302,1377,1374
"Os03g0119700",23,21,28,18,42,17
"Os03g0693000",6205,6647,5046,3856,2838,2563
"Os03g0355300",626,724,620,709,883,879
"Os03g0297300",932,974,829,1073,1093,1095
"Os03g0681800",982,1066,967,988,905,963
"Os03g0789100",12,10,5,10,9,2
"Os03g0424200",1729,1456,1322,1564,1645,1622
"Os03g0157400",1949,1466,1779,2363,2330,3192
"Os03g0684100",584,486,520,510,499,621
"Os03g0719100",213,215,184,189,154,177
"Os03g0110400",1321,1258,983,1135,1091,1109
"Os03g0840900",442,457,355,430,353,399
"Os03g0584400",125,300,171,128,109,142
"Os03g0135600",1688,1513,1361,1650,1631,1563
"Os03g0747300",1630,1924,1513,1504,1420,1365
"Os03g0716900",27,94,54,73,99,102
"Os03g0645200",21,29,26,26,5,21
"Os03g0229801",12,10,14,46,46,43
"Os03g0232500",706,681,661,968,1153,1316
"Os03g0144100",73,106,151,170,185,222
"Os03g0321400",963,931,809,902,848,796
"Os03g0838100",6006,8033,6333,6079,6688,6707
"Os03g0349200",331,363,356,503,596,490
"Os03g0581200",225,157,142,222,173,183
"Os03g0784300",257,274,209,178,262,251
"Os03g0126300",1641,1245,1136,1628,1527,1658
"Os03g0307500",114,103,98,155,200,145
"Os03g0399600",1201,974,1041,1643,1383,1534
"Os03g0225500",1465,1170,1099,1202,1091,1047
"Os03g0165400",16,14,32,12,6,4
"Os03g0186500",2522,2154,2130,2912,2915,2661
"Os03g0799600",313,330,210,297,303,274
"Os03g0391000",432,476,403,476,542,478
"Os03g0411900",667,776,479,1017,1174,1092
"Os03g0407000",23,26,25,41,51,25
"Os03g0253800",483,574,396,438,425,450
"Os03g0833700",2527,2335,2106,2468,2520,2564
"Os03g0717600",3583,3421,3079,3126,3334,3044
"Os03g0227000",4210,4512,3477,3692,3600,3292
"Os03g0187200",162,142,162,166,222,140
"Os03g0701500",6,16,8,10,18,18
"Os03g0140200",28,26,34,62,18,32
"Os03g0265900",1379,1699,1470,1294,1644,1715
"Os03g0227800",37991,46544,46503,54120,54571,56250
"Os03g0581650",186,221,150,135,130,119
"Os03g0107600",365,431,469,525,540,471
"Os03g0244000",997,775,1654,1466,2158,1831
"Os03g0663400",1069,261,152,225,49,356
"Os03g0289200",850,984,779,962,778,792
"Os03g0774200",2375,2317,1798,2052,1860,1912
"Os03g0809200",28,23,6,11,0,28
"Os03g0639600",2235,2721,2309,2099,2138,1880
"Os03g0835800",1978,2222,1859,1916,1730,1653
"Os03g0114800",476,486,555,515,630,594
"Os03g0619600",155,100,54,119,108,101
"Os03g0851400",164,137,144,184,226,204
"Os03g0675700",190,212,186,184,205,220
"Os03g0720400",32,18,18,17,30,52
"Os03g0287100",349,236,146,203,99,123
"Os03g0857500",12,20,53,30,93,96
"Os03g0100050",918,993,763,1102,1070,1002
"Os03g0427100",447,570,517,579,702,749
"Os03g0284600",1342,1206,1101,1249,1510,1560
"Os03g0751800",815,758,856,1028,972,863
"Os03g0274300",9253,8685,9047,8928,11405,11569
"Os03g0114100",14,54,15,21,30,2
"Os03g0817800",14,4,6,2,14,20
"Os03g0187800",371,755,592,271,84,8
"Os03g0638400",90,75,38,34,26,24
"Os03g0123300",942,909,949,1044,1125,1250
"Os03g0125800",2915,3209,2366,2858,2700,2436
"Os03g0337900",3010,3384,2288,2083,1487,1251
"Os03g0199000",41,41,21,22,26,28
"Os03g0610400",481,576,553,327,546,250
"Os03g0212400",790,823,537,647,615,658
"Os03g0591300",34,21,28,37,51,46
"Os03g0216300",263,165,249,218,158,183
"Os03g0114700",154,194,169,220,267,250
"Os03g0244200",386,270,259,247,110,127
"Os03g0114400",55,110,50,71,22,21
"Os03g0333400",650,563,962,1286,1706,1550
"Os03g0188100",34,20,16,44,12,38
"Os03g0356484",774,931,616,683,627,555
"Os03g0342900",13451,15813,17283,13877,18915,13398
"Os03g0815200",10929,13262,9152,7242,3191,2765
"Os03g0387500",230,194,176,331,358,307
"Os03g0775300",1004,883,1001,999,973,913
"Os03g0168300",289,124,56,92,16,18
"Os03g0791200",53,37,20,8,9,2
"Os03g0650850",238,190,137,158,138,123
"Os03g0684700",170,91,167,317,564,843
"Os03g0656201",132,88,114,90,113,104
"Os03g0253500",1036,1139,900,922,984,901
"Os03g0189400",4526,5866,4575,4420,4663,2859
"Os03g0197300",284,263,41,160,25,45
"Os03g0731500",6042,5792,5051,5956,6811,6415
"Os03g0201600",1416,1354,1093,1135,1251,1288
"Os03g0734900",1320,1123,1131,1154,1522,1407
"Os03g0612600",992,1074,860,1242,1291,1356
"Os03g0769700",53,36,41,28,97,80
"Os03g0290300",3010,2984,2783,2465,1735,1490
"Os03g0111500",1514,1500,1146,1278,1392,1260
"Os03g0198600",94,25,96,107,201,234
"Os03g0240800",732,942,711,703,797,737
"Os03g0745600",46,32,11,44,1,12
"Os03g0281600",13682,14190,11079,10719,10824,10798
"Os03g0719900",311,322,237,289,232,316
"Os03g0682100",1449,3103,1358,1083,488,459
"Os03g0157500",1057,1066,857,1055,1113,1140
"Os03g0154700",205,172,145,204,146,150
"Os03g0259900",717,663,565,605,573,609
"Os03g0621400",26,48,44,22,14,34
"Os03g0633900",1262,1169,1038,1176,1026,1287
"Os03g0792900",1799,2007,1377,1543,1574,1419
"Os03g0678800",18,12,35,16,6,30
"Os03g0791800",1630,1615,1411,1628,1672,1489
"Os03g0330000",118,149,124,122,124,146
"Os03g0586900",2945,2519,2384,2636,2856,2846
"Os03g0262900",1530,1648,1193,1387,1198,1269
"Os03g0778000",801,642,606,662,702,679
"Os03g0233500",1151,1219,958,1246,1020,908
"Os03g0164200",18,2,24,22,22,17
"Os03g0790600",23,28,52,35,67,45
"Os03g0165100",194,204,178,229,194,176
"Os03g0323200",4263,4376,4389,8105,11173,10446
"Os03g0231000",134,68,104,121,118,105
"Os03g0851000",1079,1234,894,936,791,786
"Os03g0400901",56,58,60,136,193,148
"Os03g0427000",1490,1716,1845,1878,2905,2911
"Os03g0780900",397,392,362,353,377,327
"Os03g0772300",3551,3027,3984,4369,4943,5033
"Os03g0415200",339,749,408,311,161,142
"Os03g0632800",389,435,308,265,304,272
"Os03g0152900",181,115,76,57,99,81
"Os03g0228500",356,352,231,362,490,413
"Os03g0438000",51,50,41,74,86,58
"Os03g0620500",2,10,0,12,10,4
"Os03g0815800",764,1189,1111,1312,1696,1684
"Os03g0711250",810,737,576,628,709,784
"Os03g0343900",472,344,738,817,1595,1812
"Os03g0218300",1316,1058,1085,1173,1615,1569
"Os03g0153500",56,13,8,45,22,27
"Os03g0310500",1740,1816,1390,1471,1160,1198
"Os03g0820900",362,269,186,220,198,207
"Os03g0608200",89,80,121,162,134,207
"Os03g0737600",576,591,487,461,560,442
"Os03g0370400",36,28,30,60,34,77
"Os03g0839100",1490,1296,1143,1257,1229,1179
"Os03g0109900",7696,6114,7496,8605,11496,11060
"Os03g0211600",610,430,456,812,994,947
"Os03g0803900",1107,1116,1048,1234,1524,1308
"Os03g0655600",4774,5196,4109,4406,4273,4376
"Os03g0378200",17,14,21,30,15,32
"Os03g0174300",572,501,461,391,292,319
"Os03g0351500",5486,7749,5093,5418,4734,4784
"Os03g0805100",166,86,240,245,376,211
"Os03g0221800",1354,989,1110,1216,1656,1566
"Os03g0112400",1628,1725,1496,1335,1410,1290
"Os03g0201901",35,20,38,22,20,30
"Os03g0163200",261,222,356,429,620,913
"Os03g0125000",3570,3536,3772,5198,7049,6311
"Os03g0223550",31,15,34,24,59,45
"Os03g0570800",80,101,97,137,132,94
"Os03g0444900",697,702,631,638,671,763
"Os03g0827600",70,88,49,61,92,57
"Os03g0144150",72,60,100,96,76,112
"Os03g0345901",2071,2447,2135,2976,3245,2488
"Os03g0339150",260,350,334,366,445,384
"Os03g0180100",135,113,118,138,187,185
"Os03g0325400",69,48,59,89,70,51
"Os03g0795500",1838,1835,1585,1471,1332,1456
"Os03g0326600",385,329,278,386,404,352
"Os03g0793500",1160,1170,834,960,818,1022
"Os03g0296400",1844,1780,1266,1558,1453,1515
"Os03g0138900",270,422,419,663,756,742
"Os03g0448700",4809,4045,3991,4404,4500,4461
"Os03g0336500",982,1220,790,875,701,691
"Os03g0797700",2523,2725,2164,2303,2432,2353
"Os03g0208900",1814,1888,1577,1544,1425,1481
"Os03g0794900",13573,17150,16396,18943,23747,23109
"Os03g0390000",4579,5264,4150,4430,3698,3945
"Os03g0427900",3617,3372,2779,2911,2614,2678
"Os03g0761900",79,104,61,90,102,96
"Os03g0136800",1105,1144,901,1001,958,1078
"Os03g0721300",138,96,129,172,256,242
"Os03g0114900",108,101,82,77,53,48
"Os03g0268300",5316,5203,5049,5820,6325,6363
"Os03g0815400",3275,2779,2855,4230,4604,4395
"Os03g0731100",2089,2141,1736,2370,2738,2878
"Os03g0681900",995,1040,770,938,993,1111
"Os03g0781400",477,393,567,924,1357,1180
"Os03g0324900",260,246,167,192,293,265
"Os03g0202200",25,25,17,22,11,17
"Os03g0798300",22,25,34,23,4,16
"Os03g0603300",1231,1366,1062,1019,1266,1224
"Os03g0295866",43,77,47,67,108,65
"Os03g0249300",673,736,523,689,639,602
"Os03g0251000",34,26,34,27,37,64
"Os03g0133400",2342,3143,3005,4523,4705,4462
"Os03g0200600",531,557,477,380,501,521
"Os03g0234350",2835,3861,2991,3255,3794,3383
"Os03g0133000",305,331,279,508,554,562
"Os03g0800700",883,1048,665,790,549,561
"Os03g0789433",1413,1675,2023,1956,3223,2973
"Os03g0802300",2696,2817,2603,2563,2909,2743
"Os03g0755000",1031,1095,1125,1156,1122,1156
"Os03g0142500",351,361,236,165,50,38
"Os03g0794500",1040,1428,1015,967,1232,908
"Os03g0679700",9504,9856,12006,13712,16795,16425
"Os03g0164400",817,610,491,505,515,505
"Os03g0413000",720,872,1053,1075,1990,1641
"Os03g0352500",7620,6761,5396,6175,5302,5421
"Os03g0758600",2657,2854,2120,2462,2143,2343
"Os03g0755600",39,35,19,23,8,23
"Os03g0156500",2049,2440,1732,1901,1893,1819
"Os03g0795000",1976,1794,1664,1847,1864,1995
"Os03g0661600",575,495,400,237,55,41
"Os03g0363400",1786,1767,1620,1703,2162,2013
"Os03g0775200",153,136,150,149,124,191
"Os03g0731025",40,42,34,41,44,60
"Os03g0429800",9315,8058,6463,7134,7182,7283
"Os03g0685300",222,210,183,83,946,593
"Os03g0131100",3639,2860,2757,3512,4120,4232
"Os03g0683866",1118,999,872,1020,1013,1058
"Os03g0805600",2294,2521,2580,3055,3992,3172
"Os03g0708200",168,274,213,166,299,219
"Os03g0784500",3285,3135,2894,2948,3136,3177
"Os03g0733000",360,595,403,541,437,554
"Os03g0737200",2050,1926,1777,1956,1971,1869
"Os03g0798200",385,357,271,368,343,330
"Os03g0327600",310,544,263,328,218,76
"Os03g0747100",22,22,35,29,50,49
"Os03g0582200",6016,7916,4868,3964,2714,2417
"Os03g0726800",575,831,552,448,207,217
"Os03g0271400",543,454,442,634,682,710
"Os03g0309000",3012,3670,2638,2147,1722,1378
"Os03g0298800",78,93,62,77,55,58
"Os03g0639800",34,34,50,54,54,46
"Os03g0270700",2492,2890,1982,2429,1983,2453
"Os03g0327100",1703,1466,1287,1298,1241,1298
"Os03g0293900",425,447,357,517,421,465
"Os03g0340001",205,265,177,228,250,187
"Os03g0410700",517,469,573,777,1090,1076
"Os03g0274000",10454,10975,8032,8519,7898,8774
"Os03g0234500",8,30,18,26,26,0
"Os03g0338200",715,660,613,745,570,638
"Os03g0713400",2946,3232,2407,2508,2137,2113
"Os03g0800900",205,315,177,227,153,157
"Os03g0129300",21878,25676,27791,37773,46910,38215
"Os03g0370500",211,266,254,242,160,198
"Os03g0302800",21,43,45,21,4,8
"Os03g0279000",5030,5778,4833,5613,6389,6081
"Os03g0346900",588,546,484,394,493,432
"Os03g0127950",213,208,155,190,141,173
"Os03g0700800",2248,2221,2126,2597,2596,2405
"Os03g0659200",759,743,797,979,1477,1393
"Os03g0222700",28,25,34,22,57,46
"Os03g0705800",346,423,383,362,471,394
"Os03g0559900",52,76,102,77,106,84
"Os03g0604600",104,49,68,109,125,118
"Os03g0214600",2401,2617,1817,2085,1818,1821
"Os03g0861100",179,143,142,174,154,231
"Os03g0226300",15,30,22,17,52,52
"Os03g0712600",143,76,73,106,72,87
"Os03g0161100",146,86,90,92,61,97
"Os03g0223100",331,606,236,802,749,1138
"Os03g0102200",192,167,195,265,259,317
"Os03g0625700",3647,3151,2986,2898,2888,2818
"Os03g0565600",2641,2633,2291,2270,2415,2149
"Os03g0847900",35,36,32,47,60,51
"Os03g0629900",489,439,479,853,849,925
"Os03g0707600",3725,4621,4524,4904,6851,6445
"Os03g0181600",472,446,463,449,528,465
"Os03g0283800",1324,1414,1112,952,882,784
"Os03g0681201",63,28,47,17,24,24
"Os03g0372600",19,30,12,12,14,22
"Os03g0356652",740,907,646,683,765,723
"Os03g0669300",411,546,482,482,355,372
"Os03g0126600",223,165,194,288,348,384
"Os03g0802200",361,210,127,232,86,150
"Os03g0667800",307,422,286,313,286,276
"Os03g0237000",6688,7332,4937,5179,4177,4051
"Os03g0758100",127,227,117,173,189,132
"Os03g0307800",789,762,660,791,799,797
"Os03g0168700",6,8,16,16,3,14
"Os03g0135800",52,38,40,34,52,66
"Os03g0608700",595,410,691,863,983,635
"Os03g0356582",69,34,107,168,196,293
"Os03g0227700",400,363,422,392,567,636
"Os03g0572900",646,599,376,512,408,362
"Os03g0836600",222,173,184,327,233,323
"Os03g0750300",44,24,40,27,51,49
"Os03g0744800",1874,2212,1528,1691,1928,1427
"Os03g0856300",134,119,116,106,92,69
"Os03g0762700",1177,1311,1367,1077,1465,1230
"Os03g0100300",153,213,167,142,108,106
"Os03g0858400",2243,2039,1809,2073,2041,1860
"Os03g0633400",2423,2041,2003,2176,2497,2303
"Os03g0748700",3413,2668,2248,2218,2115,1669
"Os03g0278566",107,171,118,240,269,226
"Os03g0381100",155,136,128,126,106,167
"Os03g0713200",76,101,78,160,183,234
"Os03g0392400",1079,1408,1094,1282,1281,1252
"Os03g0668500",374,442,347,364,467,481
"Os03g0271200",3137,2878,2364,2902,2856,2720
"Os03g0841900",2758,2136,2542,2478,3072,2795
"Os03g0103800",9036,8761,9157,8943,9768,10136
"Os03g0799500",541,704,616,733,736,891
"Os03g0147001",35,6,10,8,3,26
"Os03g0142200",20,18,28,14,2,0
"Os03g0280700",1220,1105,1011,979,1043,927
"Os03g0315800",8005,6341,6864,9876,12047,11003
"Os03g0734400",104,103,123,73,103,112
"Os03g0767800",2646,2794,2119,2152,2568,2348
"Os03g0193300",191,155,152,200,222,241
"Os03g0152800",1573,1701,1158,1268,1029,1151
"Os03g0265666",121,37,60,25,41,88
"Os03g0570300",621,707,658,832,790,730
"Os03g0603800",229,289,234,285,269,316
"Os03g0799900",208,225,193,264,277,226
"Os03g0247200",172,237,154,106,146,167
"Os03g0314100",3763,3800,3327,3386,3433,3338
"Os03g0839700",4,0,7,26,40,33
"Os03g0230300",1340,759,415,538,194,311
"Os03g0741050",1639,1043,1193,1096,828,1231
"Os03g0438200",11,14,13,11,14,13
"Os03g0634000",1066,1282,1191,1602,1613,1606
"Os03g0762500",64,28,48,48,50,44
"Os03g0172100",172,187,306,270,467,467
"Os03g0843300",3489,4081,2963,2636,2845,2687
"Os03g0360700",3927,5333,3231,3925,3644,3088
"Os03g0257900",198,195,182,159,133,132
"Os03g0130750",183,197,161,234,189,266
"Os03g0815900",4212,4035,3492,4272,4769,4462
"Os03g0681700",751,777,582,589,732,652
"Os03g0570775",18,10,9,19,20,7
"Os03g0666700",145,158,131,130,199,206
"Os03g0193075",363,374,255,268,345,366
"Os03g0389900",3031,2712,2342,2832,2723,2821
"Os03g0169400",69,93,82,119,111,137
"Os03g0352400",8299,8245,8140,8713,8973,7704
"Os03g0667400",258,257,228,235,202,232
"Os03g0752000",68,24,61,60,49,62
"Os03g0185300",331,437,339,432,430,455
"Os03g0430000",738,692,523,750,587,591
"Os03g0811400",97,101,74,190,79,160
"Os03g0316900",1233,1100,880,868,743,737
"Os03g0278300",3833,3226,3324,2735,3616,3604
"Os03g0775700",42,51,26,64,43,66
"Os03g0563100",50,6,102,121,445,615
"Os03g0685200",31,28,16,48,11,23
"Os03g0145700",926,597,802,1067,932,1102
"Os03g0284400",4905,6068,5423,7618,7917,8134
"Os03g0823000",796,1398,1057,1205,1146,1427
"Os03g0811200",35,10,14,26,27,35
"Os03g0238700",196,140,139,170,198,150
"Os03g0733400",37,31,69,40,38,34
"Os03g0766600",14,23,4,40,20,22
"Os03g0758000",731,706,562,712,683,589
"Os03g0666800",13,21,32,12,40,38
"Os03g0769000",14,8,22,16,32,17
"Os03g0130100",465,735,746,401,266,361
"Os03g0448200",42,38,62,4,16,2
"Os03g0107800",6603,6684,5593,6548,6665,6961
"Os03g0855600",2503,3578,2665,2916,2867,2617
"Os03g0665800",125,111,107,110,101,156
"Os03g0182400",10137,8548,7783,8280,9114,8795
"Os03g0725100",3418,2999,2769,2997,2503,2565
"Os03g0710000",798,1043,898,877,891,969
"Os03g0202300",337,381,335,489,512,403
"Os03g0229500",345,240,358,717,1202,1197
"Os03g0136600",70,94,76,53,74,96
"Os03g0145500",2412,2321,1956,1935,1775,1532
"Os03g0219900",2645,1913,2339,3281,4329,4887
"Os03g0840500",1271,879,897,1191,1100,1133
"Os03g0627300",579,580,461,555,498,521
"Os03g0241100",3745,4005,3544,3667,4124,3666
"Os03g0703200",15700,18118,13942,12712,14076,12293
"Os03g0696300",1981,1872,1443,2003,2290,2201
"Os03g0291800",688,765,812,870,1075,875
"Os03g0659300",207,180,164,193,175,175
"Os03g0635800",55,20,30,54,56,78
"Os03g0219200",4119,4603,4702,5830,6071,5912
"Os03g0645250",944,791,811,819,841,857
"Os03g0583900",1794,1992,947,1286,1149,1113
"Os03g0126100",1840,1945,1539,1855,1782,1825
"Os03g0121800",1862,1654,2003,2621,2307,2121
"Os03g0317000",3038,2398,2472,2845,2725,2923
"Os03g0593100",143,160,186,203,210,187
"Os03g0272900",160,129,170,262,416,378
"Os03g0278800",218,186,165,194,207,155
"Os03g0854400",38,51,76,82,49,57
"Os03g0701200",1200,1303,1214,374,531,282
"Os03g0785200",297,322,277,480,786,798
"Os03g0575700",230,218,311,731,765,517
"Os03g0847800",226,218,176,258,273,267
"Os03g0308000",3623,4333,3360,3859,4168,4168
"Os03g0603200",14,10,4,5,21,9
"Os03g0244700",506,797,682,335,361,235
"Os03g0735400",484,401,447,572,426,485
"Os03g0295700",3551,3355,2874,3060,3233,3360
"Os03g0239400",2718,2345,2407,2456,2668,2998
"Os03g0268200",180,105,134,211,167,152
"Os03g0723000",124,115,133,84,83,90
"Os03g0750100",964,875,867,1058,969,972
"Os03g0825600",15,21,10,13,11,19
"Os03g0280000",10390,9920,8465,8850,7181,7497
"Os03g0269900",4424,5703,4623,4937,5367,5787
"Os03g0851600",827,1020,902,927,1015,1079
"Os03g0704400",16,23,53,13,18,16
"Os03g0785900",80,14,4,44,32,38
"Os03g0360800",4,10,8,6,18,17
"Os03g0619400",1173,1289,947,1180,976,1057
"Os03g0678400",1012,1161,1126,874,1479,1423
"Os03g0831100",1957,1647,1670,1846,1523,1649
"Os03g0352200",1319,1184,1131,1094,1338,1176
"Os03g0633100",270,326,347,363,503,524
"Os03g0435200",91,67,77,82,55,81
"Os03g0747200",4410,4263,3732,3906,4155,3616
"Os03g0308800",4843,4660,3787,4625,4696,4492
"Os03g0821300",456,693,450,370,252,233
"Os03g0742400",1528,1794,1342,1416,1398,1362
"Os03g0336700",1402,1061,1019,870,752,809
"Os03g0195200",842,856,764,830,889,934
"Os03g0683900",117,100,103,75,113,118
"Os03g0266700",2738,2646,2220,2289,2714,2164
"Os03g0290500",1910,1679,1476,1555,1463,1664
"Os03g0386800",4,3,7,27,16,24
"Os03g0605300",511,521,907,1075,1824,1776
"Os03g0769100",1914,1891,1933,3286,4120,3773
"Os03g0247900",887,911,735,539,535,630
"Os03g0795100",2636,3732,2543,2664,2866,2403
"Os03g0156600",27,26,8,13,0,14
"Os03g0708800",84,93,129,132,184,184
"Os03g0373500",171,90,103,89,23,36
"Os03g0147150",13,23,25,24,19,18
"Os03g0796400",181,201,146,151,106,98
"Os03g0609500",233,198,177,177,393,535
"Os03g0311000",20,7,8,21,9,14
"Os03g0381200",634,594,492,569,623,595
"Os03g0322500",5019,5329,4091,4027,4789,4139
"Os03g0252800",2476,2483,2085,2137,2228,2218
"Os03g0266200",905,1038,659,672,654,577
"Os03g0151100",210,169,195,205,308,267
"Os03g0228400",319,403,309,375,403,325
"Os03g0712700",3073,2450,2432,3376,3971,4212
"Os03g0251700",166,150,247,248,437,375
"Os03g0281100",6,20,17,18,16,18
"Os03g0812000",2101,1753,1562,1935,1708,1790
"Os03g0666600",22,20,12,8,34,10
"Os03g0423200",767,759,693,607,612,663
"Os03g0773700",24,33,51,24,47,40
"Os03g0609800",5085,6266,3984,4074,3191,2338
"Os03g0131500",1825,1723,1506,1735,1545,1745
"Os03g0795200",1698,1640,1673,1660,2128,1890
"Os03g0125650",75,48,48,57,59,60
"Os03g0852300",196,342,206,225,231,283
"Os03g0574600",8,17,25,29,52,63
"Os03g0817900",568,418,801,853,1170,976
"Os03g0100500",721,602,577,440,458,478
"Os03g0728100",1002,1090,868,926,921,826
"Os03g0102000",217,329,233,285,269,269
"Os03g0398600",125,159,156,112,278,218
"Os03g0426800",2171,2223,2044,2827,2677,2482
"Os03g0598700",54,34,14,54,8,42
"Os03g0686700",210,249,234,287,423,396
"Os03g0294700",41,94,73,100,99,96
"Os03g0106100",21,5,13,6,14,17
"Os03g0116000",329,422,306,393,319,308
"Os03g0854100",3290,3229,2682,2358,2183,1954
"Os03g0729300",3736,3719,3700,3803,3928,3992
"Os03g0225700",2001,2681,1867,1502,1864,1580
"Os03g0197800",189,190,171,186,297,247
"Os03g0842700",1615,1449,1575,1755,1932,1965
"Os03g0790700",1960,2413,1661,1235,729,154
"Os03g0784900",576,841,562,726,639,652
"Os03g0333700",399,458,476,519,880,814
"Os03g0826900",48,14,36,183,330,89
"Os03g0748200",1149,1124,965,1023,990,1165
"Os03g0319000",57,121,39,61,54,74
"Os03g0297000",1188,1703,1029,1110,1196,955
"Os03g0279801",34,20,22,8,14,20
"Os03g0639300",245,273,214,201,175,157
"Os03g0145900",80,60,94,90,120,88
"Os03g0740833",263,189,191,153,154,230
"Os03g0736400",3148,2584,2612,3769,4114,4095
"Os03g0391700",4046,4353,3827,4402,4278,4312
"Os03g0699300",1892,1739,1624,1893,1967,1731
"Os03g0851900",2491,2147,1678,1861,1912,1554
"Os03g0396900",517,532,449,392,518,444
"Os03g0845700",654,800,611,756,665,757
"Os03g0715500",2227,1988,1695,1676,1660,1731
"Os03g0746700",138,132,109,99,198,177
"Os03g0277700",594,260,441,44,10,14
"Os03g0104800",463,300,354,486,468,513
"Os03g0422800",768,1013,654,454,309,260
"Os03g0212700",4897,5745,3989,4293,3817,3245
"Os03g0243600",2613,2187,2086,2381,3185,3499
"Os03g0818300",852,908,916,947,1572,1392
"Os03g0300300",885,848,684,750,606,600
"Os03g0337500",917,552,977,1489,1419,1523
"Os03g0186950",162,132,178,204,184,228
"Os03g0582900",6,12,21,12,25,18
"Os03g0574900",4363,4507,2938,2821,1093,1374
"Os03g0402000",755,860,669,770,765,719
"Os03g0163300",4157,3294,3250,4297,4639,4430
"Os03g0807900",4503,4122,3208,3620,3247,3421
"Os03g0204900",5,16,2,11,4,14
"Os03g0138400",572,566,468,515,555,642
"Os03g0385900",1541,1933,1424,1477,1722,1681
"Os03g0709300",112,215,126,126,156,100
"Os03g0687200",1932,2297,2232,3012,3761,3715
"Os03g0765200",2654,3372,2924,3331,3094,2400
"Os03g0841100",383,217,331,474,499,485
"Os03g0428000",252,239,228,301,319,338
"Os03g0404500",22,24,21,54,42,35
"Os03g0374575",461,404,322,385,398,451
"Os03g0395801",38,9,15,32,41,40
"Os03g0337700",416,510,356,491,427,426
"Os03g0441500",2534,2340,2044,2229,1827,1972
"Os03g0805300",1155,1036,945,961,1037,1046
"Os03g0143800",904,750,583,755,719,652
"Os03g0308900",219,152,189,208,194,225
"Os03g0799000",2729,3417,2683,2665,3707,3142
"Os03g0136200",449,531,468,503,767,671
"Os03g0319400",2433,2084,1810,2513,2060,2928
"Os03g0856700",52,24,20,64,47,62
"Os03g0416500",42,20,52,70,44,129
"Os03g0852700",475,524,603,575,977,788
"Os03g0246500",158,233,301,180,149,151
"Os03g0836200",3162,3850,3044,3087,2820,2522
"Os03g0716200",48,24,34,31,32,32
"Os03g0193225",339,397,390,474,507,507
"Os03g0284100",343,258,355,409,537,411
"Os03g0760000",124,28,52,40,47,103
"Os03g0786600",91,95,96,119,123,128
"Os03g0318600",7723,8618,5810,5181,4403,4205
"Os03g0759000",1544,2641,1642,1295,754,568
"Os03g0665000",38,23,12,25,22,21
"Os03g0583000",113,127,147,105,202,159
"Os03g0164901",14,12,11,17,5,6
"Os03g0810750",14,23,26,13,37,47
"Os03g0572250",601,564,483,589,728,686
"Os03g0207200",47,48,46,29,20,42
"Os03g0240500",3111,2610,2522,3275,3849,3492
"Os03g0833600",4,25,11,18,44,29
"Os03g0438100",1545,2240,1953,1958,1680,1955
"Os03g0693400",1812,2426,1729,1432,1359,1346
"Os03g0655700",117,117,93,85,66,63
"Os03g0109600",6487,6586,5952,7374,7514,7240
"Os03g0353500",857,947,709,712,738,678
"Os03g0788300",2161,1871,2055,2215,2362,2298
"Os03g0424000",1441,1062,1087,1551,1432,1379
"Os03g0620800",1406,1518,1316,1460,1426,1370
"Os03g0798400",48,68,72,34,111,89
"Os03g0627500",2291,2314,2102,2222,2481,2326
"Os03g0325500",1574,1455,953,1007,982,941
"Os03g0760200",7270,3963,2726,5263,3933,6027
"Os03g0279600",806,970,754,979,1158,1035
"Os03g0165050",46,43,35,32,23,32
"Os03g0818700",35,38,28,30,59,40
"Os03g0715332",161,284,191,176,176,151
"Os03g0287400",28,20,20,14,10,6
"Os03g0802600",30,38,14,27,33,20
"Os03g0722200",572,795,652,767,1167,1111
"Os03g0382100",42,41,107,32,80,28
"Os03g0804200",57,61,66,101,75,94
"Os03g0167200",353,304,300,333,497,459
"Os03g0820100",1580,1268,1117,1092,1160,1165
"Os03g0267300",12839,15543,18065,23972,35676,33303
"Os03g0594700",374,317,229,330,255,302
"Os03g0346800",333,261,251,328,384,365
"Os03g0779000",198,268,246,182,346,320
"Os03g0211100",1306,1420,1327,1182,1388,1299
"Os03g0843600",1792,1579,1367,1405,1181,1213
"Os03g0725300",573,487,437,364,496,415
"Os03g0144000",512,442,459,657,654,587
"Os03g0389400",24,15,12,33,23,49
"Os03g0122000",1483,1267,1498,1814,2533,2963
"Os03g0125100",211,244,186,207,199,180
"Os03g0251800",538,632,690,627,986,616
"Os03g0213700",50,70,97,94,83,77
"Os03g0105300",840,836,711,779,812,711
"Os03g0758900",1957,1649,1662,2256,2403,2389
"Os03g0738300",1038,1006,846,844,815,831
"Os03g0256800",10,10,12,16,15,28
"Os03g0175800",24,20,16,36,10,24
"Os03g0711525",829,719,611,647,747,774
"Os03g0210200",38,67,73,136,212,177
"Os03g0124900",12,12,6,10,9,6
"Os03g0781501",1072,935,755,801,545,637
"Os03g0832200",48,29,20,28,26,20
"Os03g0682666",13,26,45,25,27,4
"Os03g0169300",35,80,55,50,71,57
"Os03g0371400",27,6,7,24,81,161
"Os03g0605400",33,35,52,36,35,20
"Os03g0134300",3097,2542,2280,3508,3405,3496
"Os03g0136500",389,508,357,377,256,265
"Os03g0254200",26,19,21,46,25,32
"Os03g0265200",255,265,171,162,158,166
"Os03g0747900",898,710,643,630,550,551
"Os03g0425300",575,473,249,354,312,464
"Os03g0190000",292,430,397,438,675,730
"Os03g0824200",1695,1739,1558,1598,1844,1731
"Os03g0341200",223,211,222,257,265,240
"Os03g0395900",3251,3003,3615,3580,4438,4253
"Os03g0826400",416,447,347,482,299,353
"Os03g0358200",29,49,46,12,42,21
"Os03g0162000",504,552,585,581,797,637
"Os03g0809900",83,72,94,112,109,141
"Os03g0826500",776,591,563,662,531,618
"Os03g0113700",39,26,28,26,9,20
"Os03g0111600",427,457,250,354,310,331
"Os03g0439700",2124,2317,2112,3236,3865,3583
"Os03g0755625",6,14,20,12,12,16
"Os03g0648600",27,31,16,32,11,8
"Os03g0674900",28,14,8,12,4,14
"Os03g0639700",1537,1242,1160,1248,1214,1278
"Os03g0636600",670,836,633,620,718,683
"Os03g0411100",1736,3065,1790,2113,1745,1511
"Os03g0698800",2165,2449,1878,2296,1998,2078
"Os03g0343500",1837,1945,1618,1838,1786,1539
"Os03g0281500",2,14,6,14,11,7
"Os03g0177100",600,563,511,621,679,751
"Os03g0581100",217,219,168,199,221,181
"Os03g0571700",92,109,44,101,89,170
"Os03g0812500",171,124,104,89,56,71
"Os03g0153400",85,122,107,180,274,267
"Os03g0283300",924,1028,975,995,1218,1130
"Os03g0707300",2359,1750,1791,1837,1762,1743
"Os03g0820400",191,139,129,106,25,58
"Os03g0121200",4,12,10,28,8,30
"Os03g0804800",2822,2409,2079,2372,2326,1988
"Os03g0382350",6919,5550,7509,7660,8691,8839
"Os03g0664700",740,931,694,786,1005,858
"Os03g0209500",65,86,112,213,201,249
"Os03g0190400",39,47,46,51,51,33
"Os03g0343400",1887,2146,1809,2071,1924,2139
"Os03g0838900",2565,2195,1943,2599,2967,2983
"Os03g0820700",1019,1102,970,994,1068,976
"Os03g0309800",3925,3265,3820,5009,5511,5685
"Os03g0366900",53,53,53,58,67,64
"Os03g0776150",1162,1391,1974,1850,3115,2918
"Os03g0689688",107,161,120,116,95,79
"Os03g0719300",1947,1865,1425,2071,1941,2407
"Os03g0130800",2413,2150,2556,2351,2895,2917
"Os03g0219100",17,12,30,20,24,38
"Os03g0340700",1638,2105,1494,1466,1348,1289
"Os03g0208800",17,17,22,22,28,13
"Os03g0556200",352,333,382,430,384,465
"Os03g0126800",24,18,10,34,19,14
"Os03g0727100",128,218,167,251,295,269
"Os03g0169100",14131,12912,13631,15673,18806,16225
"Os03g0315400",258,304,337,184,205,249
"Os03g0304500",16,9,41,31,119,70
"Os03g0775500",2375,2712,2290,2576,3086,2837
"Os03g0151800",1325,1768,1044,1224,951,926
"Os03g0819100",1744,1987,1600,1919,2045,1989
"Os03g0725050",323,507,427,407,549,651
"Os03g0296300",390,420,322,410,368,437
"Os03g0170300",517,479,355,522,489,440
"Os03g0103700",963,888,1057,1183,1025,1151
"Os03g0159400",27,37,39,52,55,49
"Os03g0305700",417,526,411,538,432,531
"Os03g0831200",782,915,802,727,849,817
"Os03g0643611",5,20,5,17,42,23
"Os03g0686900",1185,1028,1239,1074,1353,797
"Os03g0599600",296,329,245,188,229,245
"Os03g0786100",14430,14652,15150,20015,26925,24500
"Os03g0429000",632,726,1134,1264,2170,2058
"Os03g0187000",370,408,315,399,465,448
"Os03g0268900",1682,1543,1643,2263,2224,2127
"Os03g0823200",635,645,691,695,730,658
"Os03g0745550",414,332,325,407,683,471
"Os03g0830500",516,16,77,0,2,0
"Os03g0734500",21,49,88,30,10,18
"Os03g0160000",256,214,266,259,310,200
"Os03g0229600",2600,2468,2338,2773,2936,2935
"Os03g0670700",68947,81207,74367,83838,108707,95234
"Os03g0602400",26,12,16,12,10,16
"Os03g0657400",177,494,238,285,310,437
"Os03g0833900",1077,977,853,1366,1721,1566
"Os03g0194400",430,637,488,474,450,361
"Os03g0852600",596,621,672,801,924,1023
"Os03g0793800",40,18,18,26,22,28
"Os03g0424800",3797,4502,3236,3963,3089,3112
"Os03g0328100",19,12,26,25,26,40
"Os03g0195475",390,267,413,576,1297,1377
"Os03g0219700",3616,3202,3494,4396,4644,4537
"Os03g0206300",293,290,288,351,342,405
"Os03g0385400",839,798,1332,1839,3152,3107
"Os03g0821700",83,64,73,85,64,47
"Os03g0816200",108,89,91,109,111,105
"Os03g0581701",41,43,36,16,10,18
"Os03g0266800",778,508,834,1083,1199,1236
"Os03g0347400",71,68,52,97,69,78
"Os03g0707200",2879,4569,2981,2840,2065,1732
"Os03g0294900",6,14,8,16,16,9
"Os03g0225100",363,446,427,306,566,463
"Os03g0179100",31,30,21,22,31,34
"Os03g0726900",142,126,111,176,201,222
"Os03g0748300",1385,1503,1623,2252,3586,3152
"Os03g0177300",1185,1282,1042,1035,1172,1155
"Os03g0725400",68,76,69,59,79,94
"Os03g0305200",161,179,133,150,138,77
"Os03g0747700",1622,1544,1839,2220,3268,2523
"Os03g0843800",78,14,148,211,505,1113
"Os03g0796600",1763,2417,1539,1726,1429,1667
"Os03g0754500",18,34,18,65,30,75
"Os03g0788500",128,195,137,92,71,74
"Os03g0824350",607,491,502,452,463,434
"Os03g0586500",8735,9902,8330,7551,12629,11161
"Os03g0363800",133,104,85,122,128,103
"Os03g0355700",20,14,15,32,32,42
"Os03g0804400",2953,3331,2646,2654,2447,2384
"Os03g0237600",1610,1347,1185,1327,1528,1484
"Os03g0786400",242,336,498,981,1136,1161
"Os03g0729700",137,99,97,121,173,168
"Os03g0795600",26,24,19,23,6,0
"Os03g0669800",1556,1645,1377,1296,1196,1216
"Os03g0681400",1840,2475,1623,1825,1815,1609
"Os03g0141200",2009,1555,1447,2248,2124,2227
"Os03g0791432",128,154,112,149,186,160
"Os03g0821275",81,57,55,55,55,90
"Os03g0229575",391,366,320,386,335,353
"Os03g0440900",17447,24021,15196,14270,10926,10467
"Os03g0236200",518,890,632,702,314,386
"Os03g0269000",1661,1652,1593,1890,2459,2011
"Os03g0231800",75,32,63,134,141,236
"Os03g0432100",1142,391,1061,1200,2864,1252
"Os03g0767600",22,18,17,26,20,11
"Os03g0839900",3888,3016,2680,3050,1963,2239
"Os03g0402400",2179,2404,1993,2394,2401,2258
"Os03g0265800",106,116,98,82,72,93
"Os03g0109400",180,138,167,238,258,200
"Os03g0168000",34,48,12,28,10,4
"Os03g0164100",938,681,815,1044,817,901
"Os03g0189300",77,76,37,66,26,52
"Os03g0165000",23,10,7,7,11,1
"Os03g0183200",7629,6916,11091,13683,25960,15208
"Os03g0292900",114,70,73,80,68,48
"Os03g0268000",4146,4317,4409,4831,5737,4748
"Os03g0296800",1459,1395,1306,1681,2175,1881
"Os03g0334200",234,208,212,159,193,272
"Os03g0787600",384,348,395,398,540,518
"Os03g0169000",409,368,385,432,514,399
"Os03g0111800",1099,782,733,1014,877,842
"Os03g0703400",4740,4846,4202,4234,4399,4111
"Os03g0835300",42,49,31,64,43,35
"Os03g0628800",365,238,747,1376,2818,2605
"Os03g0775400",362,372,340,403,510,428
"Os03g0831700",115,135,112,118,91,64
"Os03g0588100",49,66,29,85,140,166
"Os03g0421800",17,27,15,43,28,24
"Os03g0844700",2330,1936,1921,1446,1202,1133
"Os03g0722800",1130,1356,967,1135,946,1091
"Os03g0160600",334,150,301,416,412,358
"Os03g0164800",90,105,96,58,36,69
"Os03g0288300",965,739,885,807,1234,1349
"Os03g0232900",599,675,470,428,303,234
"Os03g0122300",9447,21048,14776,9425,6703,3203
"Os03g0558700",21,16,16,15,10,12
"Os03g0289100",438,466,319,329,241,192
"Os03g0320100",935,1225,1159,836,949,639
"Os03g0367000",3166,3400,2681,2961,2974,2772
"Os03g0200200",225,197,136,200,268,166
"Os03g0660050",56,82,78,91,167,153
"Os03g0102100",1849,1641,1567,2216,2289,2086
"Os03g0794300",74,127,89,204,140,109
"Os03g0363900",1919,1986,1619,1456,1529,1302
"Os03g0335300",14097,14733,10885,9944,7477,7693
"Os03g0836000",69,80,59,59,57,57
"Os03g0184000",5846,4679,4317,5118,5035,5416
"Os03g0409100",2023,2429,2128,2156,3453,3068
"Os03g0146500",1988,2247,1906,2251,2836,2759
"Os03g0106200",223,145,106,181,152,165
"Os03g0320900",222,238,230,292,266,230
"Os03g0778100",3620,4191,5717,8103,13317,12866
"Os03g0347900",11,1,16,47,52,89
"Os03g0565100",748,1203,759,1027,886,775
"Os03g0172000",2626,2467,2087,2298,2193,2074
"Os03g0723400",153,10,8,44,0,2
"Os03g0425000",2688,2102,2437,3581,3961,3853
"Os03g0806900",1430,2267,1440,1288,1365,1202
"Os03g0584050",404,463,658,863,916,937
"Os03g0596400",10,0,4,11,64,19
"Os03g0217000",324,445,421,429,549,518
"Os03g0359100",761,650,593,764,726,720
"Os03g0702600",16,40,14,28,36,8
"Os03g0417900",1857,1857,1421,1617,1558,1447
"Os03g0769400",93,92,74,63,74,77
"Os03g0687900",18,10,8,12,16,32
"Os03g0101100",2948,3233,2248,3323,3061,3160
"Os03g0761200",61,84,87,73,83,56
"Os03g0844100",1575,1565,1622,1889,2346,2218
"Os03g0245100",1654,1738,1321,1675,1570,1425
"Os03g0318500",38,46,32,24,22,16
"Os03g0660700",1213,1317,1259,1163,1434,1234
"Os03g0118800",94,74,78,123,167,161
"Os03g0138000",2262,2125,1852,1581,1458,1344
"Os03g0787400",11,6,14,14,20,19
"Os03g0387000",2305,1842,1568,1857,1637,1757
"Os03g0302000",493,576,362,455,330,352
"Os03g0782950",23,32,16,29,31,25
"Os03g0239200",4219,4855,4356,3867,4622,4251
"Os03g0812200",7098,7345,5516,6322,6846,6316
"Os03g0168550",33,2,12,26,23,24
"Os03g0635100",20,26,19,11,14,28
"Os03g0124000",901,987,610,818,773,869
"Os03g0101500",198,226,200,294,268,283
"Os03g0240400",299,319,246,408,370,323
"Os03g0606600",113,87,139,129,222,322
"Os03g0748400",1262,1278,1185,1170,1441,1324
"Os03g0285800",2272,3132,2718,1938,1805,969
"Os03g0238300",344,377,406,530,756,580
"Os03g0179200",12,26,14,5,19,6
"Os03g0135200",87,80,46,76,50,75
"Os03g0297100",3002,3381,2667,3272,3123,3053
"Os03g0225900",5551,11044,7147,4320,2410,1035
"Os03g0825300",14,24,28,14,54,46
"Os03g0809100",1622,1544,1225,1136,1110,1176
"Os03g0337800",9301,9734,7600,8906,8347,8220
"Os03g0645900",26,11,27,19,26,28
"Os03g0676400",80,111,151,63,41,28
"Os03g0225300",527,697,515,604,742,683
"Os03g0651000",1056,1138,978,1077,1490,1492
"Os03g0211700",271,179,212,363,254,389
"Os03g0326300",471,386,286,362,330,332
"Os03g0582000",131,102,137,176,116,203
"Os03g0802900",13,14,10,16,22,12
"Os03g0125300",8400,7433,6981,6829,6270,5616
"Os03g0351800",3527,3907,3217,3243,5095,4187
"Os03g0305500",2471,2832,1985,2053,1796,1820
"Os03g0107000",955,811,736,894,805,845
"Os03g0323600",904,879,730,774,1512,1516
"Os03g0758551",296,223,232,363,197,244
"Os03g0307100",4510,3993,3687,3877,4004,3865
"Os03g0337600",3667,3298,2819,3605,3176,3232
"Os03g0669200",2158,2372,1995,2112,1979,1951
"Os03g0708900",498,492,355,411,333,311
"Os03g0579800",19,3,10,29,11,22
"Os03g0698900",1327,1352,1153,1036,917,1026
"Os03g0106000",3422,3597,3446,4455,4722,5572
"Os03g0140500",81,81,97,130,180,210
"Os03g0622300",49,78,46,48,47,46
"Os03g0861700",3054,2993,3215,4023,4976,4426
"Os03g0169900",1274,1685,1408,1749,2108,1819
"Os03g0363700",363,414,285,283,296,243
"Os03g0387800",226,334,239,249,238,170
"Os03g0726100",2873,4185,3481,3481,3358,3033
"Os03g0389501",26,26,30,52,47,40
"Os03g0264150",238,228,158,161,130,138
"Os03g0185200",166,167,155,155,216,170
"Os03g0374400",1240,1668,993,738,409,508
"Os03g0760500",158,124,105,197,171,299
"Os03g0569800",41,17,60,48,57,51
"Os03g0152000",320,443,297,260,132,204
"Os03g0743200",939,843,812,982,905,811
"Os03g0740800",193,231,140,169,107,150
"Os03g0124300",2862,2943,2574,3373,3425,3543
"Os03g0269500",12,13,25,12,26,34
"Os03g0755900",18,28,20,21,36,41
"Os03g0737900",1949,1550,1408,1714,1719,1494
"Os03g0837100",186,137,394,240,428,395
"Os03g0133300",1074,694,887,921,1127,863
"Os03g0109800",227,255,217,357,330,292
"Os03g0281800",150,154,113,153,116,185
"Os03g0691400",1765,2629,2086,2014,2824,2487
"Os03g0841600",195,164,85,119,22,65
"Os03g0232400",290,175,172,227,208,264
"Os03g0788700",30,12,23,24,4,10
"Os03g0201400",390,323,361,477,465,500
"Os03g0811500",1586,1461,1620,1580,1770,1813
"Os03g0757550",37,48,43,44,43,41
"Os03g0789900",10,12,17,20,8,13
"Os03g0579300",142,102,80,121,75,98
"Os03g0191100",1109,817,859,1075,1454,1639
"Os03g0165266",77,84,25,95,37,54
"Os03g0240600",108,252,220,48,30,18
"Os03g0334800",498,553,387,441,304,377
"Os03g0738600",473,677,1489,105,70,32
"Os03g0601100",967,1080,789,842,685,625
"Os03g0233900",52,24,18,2,0,0
"Os03g0201800",23,13,4,21,2,20
"Os03g0852200",256,308,319,287,296,270
"Os03g0283100",5153,5928,2833,3313,3408,3781
"Os03g0743650",464,763,624,677,957,930
"Os03g0184700",628,629,609,681,591,611
"Os03g0850800",528,626,535,551,462,509
"Os03g0432900",6484,5955,5293,4937,4739,4964
"Os03g0183500",130,212,264,71,100,88
"Os03g0163500",117,71,88,96,68,94
"Os03g0298300",887,731,556,830,945,1119
"Os03g0221700",11,6,4,14,33,39
"Os03g0341300",61,21,19,14,31,39
"Os03g0161900",143,118,83,126,126,210
"Os03g0327800",1656,1828,909,1309,1620,959
"Os03g0857750",289,461,289,416,480,435
"Os03g0186800",1047,1033,778,765,931,735
"Os03g0197850",21,32,30,28,53,25
"Os03g0586400",274,258,269,303,345,263
"Os03g0212200",633,658,490,554,511,407
"Os03g0695400",4,5,20,12,18,6
"Os03g0323950",10,6,10,33,9,7
"Os03g0597200",2036,1797,1541,3021,2912,2704
"Os03g0283200",13,8,29,9,16,6
"Os03g0167800",458,311,369,418,506,506
"Os03g0758050",141,130,130,100,133,112
"Os03g0765800",1695,1703,1438,1288,1253,1327
"Os03g0254700",17882,16704,14848,15151,15315,15133
"Os03g0821800",1397,1696,1315,1275,1060,1075
"Os03g0722600",1025,955,706,1001,1121,1105
"Os03g0333800",1354,1947,1632,2017,2356,2174
"Os03g0736700",667,940,625,884,756,831
"Os03g0641250",94,199,101,91,177,137
"Os03g0452300",3684,3660,3802,6308,8051,6884
"Os03g0400600",230,254,193,259,300,343
"Os03g0111000",25,42,24,20,13,11
"Os03g0111100",3150,3749,3014,3434,2822,2492
"Os03g0210600",1531,1704,1194,1323,1191,1168
"Os03g0561283",13,4,10,6,27,4
"Os03g0205000",2946,2694,2302,2177,2258,1965
"Os03g0703900",229,299,234,216,163,190
"Os03g0353000",20,18,29,42,39,53
"Os03g0385301",393,568,463,474,550,709
"Os03g0276900",873,806,818,888,955,1114
"Os03g0322800",1826,1781,1283,1269,1050,1013
"Os03g0308500",1013,1081,983,1078,1060,964
"Os03g0851300",8264,8565,7105,7713,7451,6993
"Os03g0401100",4882,3359,3912,3490,4268,5980
"Os03g0257600",662,645,624,476,840,850
"Os03g0668000",705,773,550,567,632,610
"Os03g0151700",2740,2762,2241,2364,2183,2315
"Os03g0843400",2776,2265,2677,4217,5007,4873
"Os03g0209600",3630,2904,2742,3659,3167,3175
"Os03g0607600",4,17,11,18,6,14
"Os03g0441101",105,164,154,111,181,215
"Os03g0250200",23,21,16,8,20,17
"Os03g0430400",3932,3274,3191,3490,3543,3469
"Os03g0178600",89,82,92,90,82,79
"Os03g0659900",2106,2350,1945,2228,2163,2240
"Os03g0104000",193,181,113,193,132,166
"Os03g0353400",7465,11785,7887,6993,6289,5866
"Os03g0317100",179,161,130,121,128,144
"Os03g0405525",13,62,28,20,11,8
"Os03g0324200",2538,2719,3158,2798,4570,3582
"Os03g0108600",7325,6275,6163,8570,9917,10661
"Os03g0747800",568,533,385,501,445,341
"Os03g0679800",183,128,289,211,485,380
"Os03g0851500",398,468,383,350,330,422
"Os03g0273800",2646,3640,2646,2158,1871,1163
"Os03g0411500",1903,1718,1720,2285,2432,2464
"Os03g0279950",2466,1945,2738,4299,6458,6247
"Os03g0185800",61,86,53,87,103,93
"Os03g0141000",2294,2990,2424,3147,3023,3074
"Os03g0786250",34,17,27,24,6,32
"Os03g0251425",22,6,40,34,83,79
"Os03g0838800",155,69,42,28,21,24
"Os03g0765900",7660,8473,12821,16101,25631,21684
"Os03g0581600",697,903,721,744,826,851
"Os03g0811800",384,619,544,623,641,702
"Os03g0808100",262,140,695,650,1297,1142
"Os03g0226600",6622,6220,4986,5634,6767,6581
"Os03g0810900",867,692,454,814,639,638
"Os03g0681300",667,679,559,575,628,492
"Os03g0835600",3159,3487,2638,2671,2851,2799
"Os03g0843100",377,419,281,302,223,209
"Os03g0213600",78,53,45,63,38,50
"Os03g0197100",48,15,132,58,93,119
"Os03g0703000",1539,1136,1486,1166,1324,929
"Os03g0707900",2165,1857,1797,2091,2657,2463
"Os03g0714400",2193,2156,1883,2125,1725,1828
"Os03g0198200",26,22,10,38,4,8
"Os03g0167600",11,7,12,5,11,11
"Os03g0683700",1151,937,812,756,834,728
"Os03g0192700",5244,4758,3560,2902,2404,1968
"Os03g0746800",933,942,751,822,805,818
"Os03g0381500",46,50,114,57,102,91
"Os03g0418733",23,26,24,20,21,9
"Os03g0660500",100,322,139,97,40,6
"Os03g0824100",6061,5941,5194,6503,6535,6256
"Os03g0835100",6278,4990,6126,8593,10055,9454
"Os03g0271600",1210,1431,1130,1087,1177,1075
"Os03g0406250",237,279,133,147,130,146
"Os03g0857900",2237,3170,3359,3221,4718,4766
"Os03g0405900",2960,4330,1751,2222,670,942
"Os03g0177966",127,108,98,122,77,110
"Os03g0103950",390,375,389,487,453,410
"Os03g0288800",737,705,636,679,571,566
"Os03g0818200",47,49,113,100,109,158
"Os03g0694800",164,168,106,158,122,156
"Os03g0210700",4016,3960,2989,3446,3997,3499
"Os03g0860900",1850,1665,1525,1452,1530,1551
"Os03g0336600",652,846,520,407,371,383
"Os03g0284800",233,253,183,248,185,157
"Os03g0362200",333,288,419,650,815,1121
"Os03g0347200",1890,1752,1579,1538,1565,1384
"Os03g0296500",16,22,15,6,4,14
"Os03g0148700",2426,2665,2015,1928,2365,2405
"Os03g0421250",2,10,20,13,8,16
"Os03g0832300",468,666,567,601,684,725
"Os03g0766900",631,435,468,508,579,471
"Os03g0775600",355,387,287,330,255,291
"Os03g0173900",7,12,4,18,21,15
"Os03g0704000",4170,3693,3558,5884,5654,6071
"Os03g0383800",4353,4373,4205,5022,4502,4712
"Os03g0132800",2646,2414,2370,2543,2978,2942
"Os03g0719500",4325,3707,3480,3542,3272,3370
"Os03g0229000",236,151,157,352,297,313
"Os03g0174100",1382,1438,1211,1444,1245,1257
"Os03g0785300",925,1109,1041,1246,1140,1270
"Os03g0806700",37,43,52,59,80,90
"Os03g0153900",1960,1658,945,1168,798,435
"Os03g0231150",262,192,280,341,292,412
"Os03g0254800",8092,9133,6878,5560,3175,2630
"Os03g0757500",23,11,11,7,10,10
"Os03g0821100",1676,1844,1498,1995,1858,1697
"Os03g0283750",62,27,24,22,20,32
"Os03g0784700",986,898,697,709,704,750
"Os03g0344100",3987,4048,3979,4221,4672,4305
"Os03g0742900",268,175,191,273,220,242
"Os03g0568900",5342,6045,4752,4992,4987,4780
"Os03g0607500",6397,6149,6384,7204,7910,7753
"Os03g0186900",12,7,20,6,4,10
"Os03g0355900",255,141,158,214,196,207
"Os03g0689833",142,205,164,125,100,107
"Os03g0104400",923,1079,802,1054,983,1033
"Os03g0422900",112,64,56,82,106,62
"Os03g0648900",343,343,336,444,435,490
"Os03g0789500",256,258,178,254,232,207
"Os03g0760900",30,32,32,40,44,31
"Os03g0123100",1331,1563,1172,1440,1709,1577
"Os03g0441400",135,127,136,168,185,130
"Os03g0197000",408,451,329,292,196,218
"Os03g0748600",161,232,148,118,193,110
"Os03g0595300",1635,1864,2092,2891,3453,3607
"Os03g0804300",2578,2874,2068,2070,2026,2058
"Os03g0207300",505,519,407,505,526,573
"Os03g0712400",463,694,420,442,413,536
"Os03g0828100",2541,2008,1898,3150,3771,3686
"Os03g0624800",1540,1323,1435,1511,1582,1652
"Os03g0320600",261,488,263,185,123,100
"Os03g0386000",987,1072,923,949,655,631
"Os03g0324600",288,359,216,181,173,160
"Os03g0356700",2564,2381,2076,2101,1912,1753
"Os03g0405400",242,757,547,316,148,152
"Os03g0578200",826,953,820,1142,1268,1144
"Os03g0837800",45,36,30,35,52,48
"Os03g0342850",107,140,240,220,508,557
"Os03g0170400",1176,1092,970,1121,1164,1369
"Os03g0313300",4,12,10,0,25,2
"Os03g0685750",13,30,15,22,31,13
"Os03g0827900",222,284,164,197,180,186
"Os03g0710800",5532,5756,4313,4059,3994,3996
"Os03g0826600",14646,17652,11670,13213,11038,11340
"Os03g0816100",2948,3523,2974,3016,3131,3017
"Os03g0235900",577,416,371,504,574,454
"Os03g0711800",4859,4703,3778,3898,3815,3497
"Os03g0791500",909,818,640,668,737,753
"Os03g0837900",15,13,10,20,11,41
"Os03g0857400",5048,4487,4600,7198,8102,8517
"Os03g0300000",34,36,30,42,38,29
"Os03g0821900",1526,1862,1570,1778,1896,1896
"Os03g0656900",4086,3491,3215,4885,4948,4785
"Os03g0756400",2097,2451,2134,2391,2437,2702
"Os03g0265001",18,19,23,26,12,26
"Os03g0609400",13,20,18,45,40,22
"Os03g0110900",266,226,211,146,151,214
"Os03g0822200",3465,3057,2102,2265,1907,1860
"Os03g0286900",263,67,18,74,18,21
"Os03g0808600",786,857,495,578,378,354
"Os03g0850300",107,138,141,153,227,152
"Os03g0118900",268,218,208,235,300,267
"Os03g0206700",522,639,626,799,1009,940
"Os03g0281900",21,8,6,14,6,14
"Os03g0205800",15,21,25,14,37,44
"Os03g0227500",167,212,142,228,203,186
"Os03g0190500",10,17,29,32,19,12
"Os03g0173500",848,947,848,976,1236,1090
"Os03g0148400",149,94,130,103,89,92
"Os03g0717900",80,97,55,64,14,30
"Os03g0411800",3364,6600,3215,3541,3717,2895
"Os03g0261100",10,0,4,2,58,163
"Os03g0249400",332,320,333,325,435,450
"Os03g0767500",7347,6971,6368,6323,7328,6924
"Os03g0829100",1488,1618,1417,1507,1618,1466
"Os03g0263500",1695,2104,1817,2188,2619,2662
"Os03g0849800",455,507,375,357,335,337
"Os03g0724700",284,286,158,147,113,187
"Os03g0736300",998,1311,922,1013,798,827
"Os03g0166800",2238,2001,1933,1905,1755,1956
"Os03g0394900",308,299,206,166,71,125
"Os03g0639200",844,652,596,654,675,668
"Os03g0339100",2949,2850,2684,2762,3142,3151
"Os03g0849600",1317,1291,1067,1056,985,1108
"Os03g0204300",184,256,232,219,256,345
"Os03g0817100",236,258,412,283,413,338
"Os03g0568500",1294,1327,911,599,602,626
"Os03g0607700",960,1264,1276,1531,1846,1495
"Os03g0844500",1115,1053,889,857,833,710
"Os03g0173700",525,545,558,743,1101,928
"Os03g0839800",6,0,2,29,31,22
"Os03g0334100",1140,961,862,1154,1474,1494
"Os03g0125600",1820,1643,3676,3776,6487,6036
"Os03g0238600",256,176,117,218,139,280
"Os03g0673700",94,148,130,92,139,164
"Os03g0586700",3165,1865,2072,2941,2842,4074
"Os03g0853700",1118,1238,971,1097,1014,1021
"Os03g0838400",78,73,24,38,21,19
"Os03g0223700",6586,6164,5270,5240,5652,5788
"Os03g0808300",454,552,520,671,956,931
"Os03g0741100",1379,1600,1783,1215,1141,1560
"Os03g0335401",147,203,104,130,84,122
"Os03g0728900",74,52,56,47,91,105
"Os03g0165375",60,120,108,129,221,214
"Os03g0831300",436,516,442,514,426,403
"Os03g0323900",16,4,6,10,32,31
"Os03g0180000",852,833,786,1008,810,747
"Os03g0275450",247,259,219,202,200,223
"Os03g0570100",67,62,84,15,6,2
"Os03g0109500",484,709,489,570,543,533
"Os03g0370600",29,31,28,18,13,18
"Os03g0251600",16,8,0,20,12,33
"Os03g0213400",4190,3864,3425,3483,3301,2970
"Os03g0283600",330,300,307,404,562,468
"Os03g0828600",20,35,14,4,2,0
"Os03g0191400",1154,1189,935,759,528,444
"Os03g0248000",2511,2296,1902,1871,1709,1842
"Os03g0571900",313,304,206,272,170,249
"Os03g0214000",811,923,548,715,899,672
"Os03g0721900",33,40,16,23,11,24
"Os03g0726400",3051,3313,2492,2367,2450,2319
"Os03g0785500",998,1053,819,882,875,844
"Os03g0650900",416,222,263,356,417,498
"Os03g0402200",7,9,7,16,10,26
"Os03g0783700",497,619,466,496,409,368
"Os03g0136700",94,89,51,116,124,100
"Os03g0758500",8,20,26,47,31,54
"Os03g0198900",701,595,649,870,839,780
"Os03g0308200",681,486,528,617,724,741
"Os03g0343700",848,788,683,766,746,698
"Os03g0243350",54,53,71,107,97,103
"Os03g0775650",47,64,28,43,30,33
"Os03g0720300",2993,4245,2615,2291,1748,1103
"Os03g0107700",1012,1525,1192,807,708,725
"Os03g0219500",705,662,567,570,620,484
"Os03g0147700",1359,1448,1170,1226,981,1040
"Os03g0129800",1044,2060,1434,1384,2088,1531
"Os03g0160100",6495,6807,5518,5477,6010,5863
"Os03g0720800",151,210,178,148,175,253
"Os03g0857200",715,645,456,432,388,395
"Os03g0816300",699,616,620,825,780,805
"Os03g0728500",170,147,142,334,673,765
"Os03g0345100",310,302,378,406,408,482
"Os03g0129200",3309,2685,2619,2854,2725,2544
"Os03g0117300",140,104,125,121,105,98
"Os03g0116400",54,45,24,86,63,74
"Os03g0225600",729,800,588,657,647,636
"Os03g0333300",1846,1638,1320,1468,1084,1116
"Os03g0179900",1890,2613,1987,1966,1894,1782
"Os03g0699700",56,57,37,46,48,27
"Os03g0187300",1585,1417,1216,1373,1497,1388
"Os03g0734200",75,35,45,18,8,20
"Os03g0859300",1284,1413,1127,1340,1032,1179
"Os03g0576900",3032,3690,2836,2968,3163,2688
"Os03g0608800",691,791,466,647,714,596
"Os03g0776100",271,280,297,353,457,525
"Os03g0423000",530,613,456,484,579,466
"Os03g0822900",1206,1300,1162,1127,1185,1056
"Os03g0729900",556,690,541,683,739,671
"Os03g0844301",40,35,60,46,62,60
"Os03g0841800",485,360,401,566,578,603
"Os03g0710100",188,171,174,187,160,221
"Os03g0807400",2566,1774,2526,3041,3685,3539
"Os03g0643300",3126,2148,1551,1758,1151,1400
"Os03g0754200",672,568,730,931,939,1013
"Os03g0820500",533,252,100,220,36,126
"Os03g0367101",173,264,187,118,163,98
"Os03g0650800",1233,1295,958,864,1041,981
"Os03g0661500",326,661,487,335,271,272
"Os03g0332600",214,206,199,203,181,138
"Os03g0852500",289,223,252,216,269,254
"Os03g0686300",2913,1952,1804,1672,1674,1667
"Os03g0785100",723,873,649,549,807,887
"Os03g0379400",59,69,67,46,58,92
"Os03g0171900",746,989,732,788,898,716
"Os03g0690000",470,394,361,343,357,338
"Os03g0850600",1553,1816,1802,2216,2834,2784
"Os03g0655200",829,907,702,563,745,765
"Os03g0764000",227,334,325,1335,1338,628
"Os03g0115100",3558,4040,2941,2814,2972,2700
"Os03g0406100",14,30,42,26,54,24
"Os03g0773800",57159,56670,69157,92250,131826,118049
"Os03g0758800",11758,12795,9025,10093,8644,9319
"Os03g0852000",114,153,132,170,140,143
"Os03g0265500",3391,3033,3018,2961,3700,3609
"Os03g0567100",20,4,10,26,50,41
"Os03g0615300",18,10,10,7,12,16
"Os03g0251350",1224,1309,2036,2457,4600,4474
"Os03g0425800",3732,3427,3334,3691,3136,3371
"Os03g0340900",13940,11876,13861,15307,17928,17238
"Os03g0557900",34,36,34,36,28,30
"Os03g0860000",1285,1325,1190,1275,1247,1121
"Os03g0565500",5195,4992,3862,4011,3575,3420
"Os03g0137400",1560,1516,1214,1273,1440,1424
"Os03g0824500",831,987,828,654,764,595
"Os03g0650700",526,575,510,426,412,343
"Os03g0217801",98,135,131,86,112,103
"Os03g0800000",2547,3174,2710,3131,2327,3153
"Os03g0709000",1244,1247,714,1089,669,856
"Os03g0208500",5018,5307,4128,4245,4427,3588
"Os03g0584300",61,67,56,50,86,96
"Os03g0405000",2020,2079,1955,1911,2271,2004
"Os03g0305000",341,486,281,387,324,230
"Os03g0122500",25,35,26,25,16,14
"Os03g0628900",988,1095,847,906,987,862
"Os03g0558400",33,17,27,17,18,12
"Os03g0722400",823,464,786,963,1213,1138
"Os03g0722500",16,4,6,20,10,27
"Os03g0242900",613,1277,751,1096,1141,1195
"Os03g0764500",8,13,3,2,13,10
"Os03g0294001",26,12,27,26,35,18
"Os03g0816800",292,439,278,282,202,222
"Os03g0219400",329,383,344,352,578,648
"Os03g0664800",1043,1694,1078,669,1002,675
"Os03g0227601",17,17,24,21,4,17
"Os03g0757100",47,132,77,342,149,111
"Os03g0210450",20,6,7,19,18,26
"Os03g0223000",369,419,397,346,399,445
"Os03g0722700",450,469,445,627,529,401
"Os03g0207400",810,944,807,934,759,785
"Os03g0710900",2517,2187,1622,1801,1686,1751
"Os03g0154000",242,37,81,112,201,220
"Os03g0210800",2382,2275,2225,2265,2366,2367
"Os03g0831500",1261,1149,967,1214,914,872
"Os03g0222800",121,86,97,156,155,177
"Os03g0439800",974,1280,915,1253,1190,1278
"Os03g0800100",20,26,20,12,19,13
"Os03g0712200",125,170,138,134,141,116
"Os03g0114300",2568,2042,2528,2512,2775,2662
"Os03g0279900",720,823,654,873,1075,1009
"Os03g0118450",73,99,68,156,134,178
"Os03g0858700",425,218,269,410,500,475
"Os03g0832900",1842,1890,1483,1494,1362,1372
"Os03g0147400",2657,1869,1826,2856,2827,3324
"Os03g0323100",64,55,53,136,185,127
"Os03g0321300",296,279,418,382,993,474
"Os03g0101400",148,166,126,183,171,204
"Os03g0153000",454,452,407,440,587,393
"Os03g0737800",1614,1417,1176,1277,1187,1207
"Os03g0286300",4077,4533,3627,3218,2519,2370
"Os03g0410100",174,103,116,146,126,173
"Os03g0167550",34,19,22,30,15,33
"Os03g0441000",1259,1272,1340,1304,1480,1664
"Os03g0254900",2863,3126,2771,3568,3939,3808
"Os03g0365250",14,0,3,36,28,38
"Os03g0288700",956,1180,829,983,990,963
"Os03g0132300",255,244,198,240,296,320
"Os03g0713100",82,73,108,83,68,105
"Os03g0702900",13,16,0,14,2,11
"Os03g0640300",350,432,353,515,547,508
"Os03g0219800",2112,1942,1714,1981,1888,1804
"Os03g0113100",892,1071,923,784,915,857
"Os03g0831800",1033,1257,1003,1031,1014,1001
"Os03g0276600",705,608,582,621,591,590
"Os03g0299900",4637,4390,3590,4885,4341,4242
"Os03g0234600",412,529,444,578,595,666
"Os03g0197400",1613,1651,1276,1508,1448,1393
"Os03g0279400",1806,2376,1693,1275,1218,1121
"Os03g0680800",16120,15682,14149,16077,14882,14292
"Os03g0407100",292,277,503,294,706,627
"Os03g0835400",507,503,348,358,318,339
"Os03g0850200",414,813,590,551,321,326
"Os03g0180500",2330,2362,2549,3199,3548,3262
"Os03g0648400",13312,18502,14611,16607,15574,13625
"Os03g0139200",4140,4522,3193,3151,2277,1805
"Os03g0345200",3650,4008,2919,3151,3035,2780
"Os03g0275500",7906,8759,8593,7219,10105,9001
"Os03g0120300",69,38,91,85,92,89
"Os03g0168500",18,13,10,4,5,4
"Os03g0773100",650,606,579,527,567,528
"Os03g0209400",1070,1205,843,901,845,744
"Os03g0726500",4561,2872,3448,3396,2645,3321
"Os03g0839000",2097,2870,2122,1850,1879,1664
"Os03g0138600",102,122,85,84,45,56
"Os03g0737701",22,54,34,46,55,42
"Os03g0598800",3977,4788,3759,3958,3893,3265
"Os03g0326500",1758,2240,1494,1676,1801,1764
"Os03g0824300",383,369,393,401,398,417
"Os03g0724100",1865,2286,937,1192,548,458
"Os03g0725000",767,825,641,886,843,790
"Os03g0108800",92,123,88,92,182,220
"Os03g0301800",22,8,14,8,16,28
"Os03g0616300",468,501,392,399,462,401
"Os03g0711300",1098,1179,1068,1106,942,917
"Os03g0220100",16,13,24,25,52,43
"Os03g0845500",1985,2157,2105,2322,2670,2424
"Os03g0369700",28,34,28,28,53,25
"Os03g0564200",1074,1187,890,939,879,645
"Os03g0168400",670,486,463,572,452,596
"Os03g0152400",3497,3848,2539,2181,1728,1303
"Os03g0700700",1160,1475,1041,1144,887,647
"Os03g0666850",720,759,870,933,987,878
"Os03g0853900",567,542,486,567,466,611
"Os03g0159100",3128,3149,2817,1739,835,493
"Os03g0300400",632,1565,888,576,174,112
"Os03g0323500",1677,1557,1814,1754,2104,1709
"Os03g0709200",26,24,26,27,38,18
"Os03g0364000",893,1309,863,1022,893,926
"Os03g0283000",62,37,2,16,2,10
"Os03g0247600",155,55,125,273,315,241
"Os03g0672500",8,16,22,36,24,28
"Os03g0681750",158,140,140,188,140,134
"Os03g0685900",887,1524,1024,1251,1098,1118
"Os03g0332400",1676,1942,1106,1468,1189,1077
"Os03g0711100",79,75,62,72,139,176
"Os03g0854800",12048,11618,10152,10007,10250,10592
"Os03g0805200",3803,3793,2642,3021,2297,2440
"Os03g0817700",73,60,63,116,114,61
"Os03g0413100",1131,1229,1142,800,666,502
"Os03g0144200",337,272,270,356,337,292
"Os03g0188500",86,109,116,78,30,66
"Os03g0599000",487,270,252,244,227,263
"Os03g0310701",13,14,16,24,22,50
"Os03g0780500",1852,1945,1560,2225,2149,1928
"Os03g0718800",16,10,4,25,112,37
"Os03g0831400",54,56,21,14,24,32
"Os03g0853800",1116,1155,1105,1145,1267,1209
"Os03g0275300",872,1104,1290,1395,2927,2509
"Os03g0108200",84,102,79,72,77,37
"Os03g0646400",120,215,156,76,73,75
"Os03g0820600",4521,4476,3317,3306,3235,3452
"Os03g0304400",487,322,200,237,143,201
"Os03g0282900",522,603,368,422,341,401
"Os03g0858800",43,67,56,98,141,126
"Os03g0239300",466,530,455,586,894,698
"Os03g0145800",1296,1548,1301,1275,1119,988
"Os03g0425100",281,327,302,322,217,274
"Os03g0377700",125,151,157,192,212,217
"Os03g0305150",8,14,14,17,12,10
"Os03g0203100",1101,1041,866,824,647,631
"Os03g0787300",1991,2057,1580,1809,1669,1613
"Os03g0202500",377,312,303,355,330,363
"Os03g0321500",5552,5447,3969,3910,3527,3286
"Os03g0796000",828,846,711,669,1030,910
"Os03g0590700",177,185,179,249,246,295
"Os03g0199100",160,131,136,178,203,157
"Os03g0138100",4067,3306,3185,3610,4300,4162
"Os03g0342100",58,16,94,61,6,49
"Os03g0399466",41,20,22,32,31,36
"Os03g0213800",389,491,325,352,216,312
"Os03g0439500",29,23,26,45,23,63
"Os03g0440200",581,458,496,640,654,300
"Os03g0103400",237,290,222,252,237,275
"Os03g0833800",307,224,279,362,415,462
"Os03g0116500",2060,1819,1433,1744,1700,1612
"Os03g0363100",2196,5084,3723,1755,1109,242
"Os03g0376100",2588,2636,2024,2274,1906,1818
"Os03g0306800",2475,2742,1980,2366,2726,2770
"Os03g0265100",275,283,257,282,236,304
"Os03g0284000",152,175,95,204,148,151
"Os03g0565300",1686,1234,1170,1381,1406,1589
"Os03g0216400",10,15,18,8,18,18
"Os03g0712500",53,122,68,59,76,130
"Os03g0737300",495,620,370,369,245,134
"Os03g0310900",28,36,25,13,6,20
"Os03g0129000",695,817,647,735,613,637
"Os03g0201200",320,315,252,294,280,295
"Os03g0792600",342,364,257,345,344,359
"Os03g0690600",2137,2018,1970,1969,2026,1952
"Os03g0859500",389,248,410,390,333,517
"Os03g0745400",6039,4867,6113,6210,6597,6255
"Os03g0340601",13,15,16,8,18,7
"Os03g0831900",1810,1692,1530,1441,1395,1420
"Os03g0177400",12972,14971,11662,13190,11901,11853
"Os03g0611200",2472,1972,2474,3092,3827,3412
"Os03g0684000",968,1011,960,922,1043,1053
"Os03g0243800",154,151,105,203,102,115
"Os03g0684300",74,46,36,69,115,146
"Os03g0195400",27,27,54,41,34,27
"Os03g0679000",1989,2118,1957,1940,1903,1815
"Os03g0388100",339,314,284,294,282,223
"Os03g0159600",8,6,10,23,50,14
"Os03g0117200",525,616,506,557,566,512
"Os03g0819900",2230,2625,2022,1841,2175,2225
"Os03g0133500",37,44,25,44,24,26
"Os03g0203800",1223,1019,1514,1254,1777,1473
"Os03g0575500",2565,3800,3899,4704,6846,6043
"Os03g0809800",426,405,323,355,287,419
"Os03g0644400",1250,1396,1312,1765,1962,1988
"Os03g0719800",1561,1670,1345,1606,1941,1705
"Os03g0717000",200,146,345,345,495,314
"Os03g0374600",167,63,78,85,86,56
"Os03g0825400",403,448,364,411,355,324
"Os03g0724300",190,189,103,106,78,79
"Os03g0318400",120,127,187,117,27,36
"Os03g0839300",2122,2277,1667,2243,2081,1879
"Os03g0290400",20,40,9,14,15,22
"Os03g0686800",17,10,2,23,24,12
"Os03g0262500",2729,2688,2330,2166,1869,1802
"Os03g0183000",395,477,401,263,267,188
"Os03g0242300",461,360,312,360,167,174
"Os03g0657000",1418,1423,1236,1339,1395,1298
"Os03g0772600",5551,10130,5766,4019,2228,1332
"Os03g0182000",16,31,45,13,8,4
"Os03g0351100",5976,5570,4264,4905,5321,6253
"Os03g0856200",1574,1734,1310,1519,1772,1736
"Os03g0597600",58,108,60,64,54,54
"Os03g0123200",256,338,219,299,252,238
"Os03g0602600",1190,834,917,1350,1146,1029
"ENSRNA049448855",20,12,14,20,14,8
"ENSRNA049448834",25,30,28,29,24,32
"ENSRNA049448783",27,24,38,16,34,14
"ENSRNA049471985",10,4,6,25,5,16
"ENSRNA049472003",9,3,13,14,0,14
"ENSRNA049472108",10,13,5,17,3,6
"ENSRNA049472120",14,15,6,30,9,4
"ENSRNA049472132",13,9,12,17,3,0
"ENSRNA049470757",24,7,21,30,23,22
"ENSRNA049469263",31,21,28,32,25,37
"ENSRNA049471001",14,16,7,21,14,8
"ENSRNA049471043",347,463,398,314,382,366
"ENSRNA049471090",560,629,655,538,673,620
"ENSRNA049471102",43339,39664,28259,26718,37405,32505
"Os02g0749900",291,333,334,392,394,355
"Os02g0832400",2943,1798,1887,2026,1748,2015
"Os02g0298100",992,822,981,965,1266,1090
"Os02g0671400",537,419,282,519,488,437
"Os02g0119400",1887,1821,1604,1909,2100,1936
"Os02g0128800",194,226,184,153,164,145
"Os02g0177800",8608,8425,7987,8112,10586,9118
"Os02g0571300",18,6,38,9,35,80
"Os02g0106966",228,184,144,168,152,238
"Os02g0698100",215,213,195,245,190,174
"Os02g0694800",2413,2204,2405,3250,3764,3451
"Os02g0744650",69,66,78,101,80,63
"Os02g0582400",2212,2259,1993,2138,2168,2314
"Os02g0749300",5758,5122,5077,4971,4124,4371
"Os02g0719700",4,6,14,12,26,12
"Os02g0306600",63,71,75,95,61,82
"Os02g0813083",118,121,58,43,17,15
"Os02g0282600",89,75,72,100,209,196
"Os02g0118400",175,195,120,240,156,192
"Os02g0551900",2923,3536,3340,4016,4459,4403
"Os02g0213100",403,651,391,460,333,316
"Os02g0118200",3216,4021,3114,2674,3003,2547
"Os02g0176900",21,16,14,14,4,12
"Os02g0763900",2028,2015,1888,1394,1756,1305
"Os02g0638200",20,19,20,44,29,29
"Os02g0691800",419,434,314,363,336,352
"Os02g0687200",133,114,92,68,86,120
"Os02g0697700",1047,1105,1054,1129,1193,1131
"Os02g0179100",1051,1221,1328,1798,1834,1973
"Os02g0165100",546,511,416,347,220,197
"Os02g0528900",156,120,55,119,48,172
"Os02g0203000",362,384,300,445,300,277
"Os02g0162766",359,231,219,247,127,213
"Os02g0814100",470,495,398,523,403,348
"Os02g0472700",928,1092,740,738,531,467
"Os02g0281150",301,304,221,279,244,222
"Os02g0235050",68,37,53,63,44,48
"Os02g0474000",7256,7588,8579,10256,12423,14181
"Os02g0606800",2561,3443,2487,1541,1290,898
"Os02g0128600",137,104,61,113,68,83
"Os02g0529900",542,510,711,1056,1234,1241
"Os02g0729500",15,23,29,25,50,42
"Os02g0469900",594,377,535,577,860,925
"Os02g0586400",2869,3079,2091,2121,2148,2172
"Os02g0595400",1493,2042,1895,2030,2775,2589
"Os02g0608400",5340,4876,3531,4045,3076,3461
"Os02g0477100",790,737,918,1146,1377,1423
"Os02g0116000",1596,1442,1274,1631,1343,1543
"Os02g0108302",384,275,360,335,492,359
"Os02g0608300",2047,2046,1785,1823,1823,1874
"Os02g0714200",40,22,91,62,84,112
"Os02g0616800",31,18,27,25,15,10
"Os02g0198300",351,306,257,259,336,359
"Os02g0779500",364,372,237,254,201,259
"Os02g0603000",7,14,11,9,31,40
"Os02g0602400",3579,3079,3406,3940,4455,4497
"Os02g0551100",3464,3186,2497,1763,1252,1312
"Os02g0537200",501,360,501,485,665,797
"Os02g0768100",29,19,18,22,16,32
"Os02g0168800",1284,732,776,797,1057,1531
"Os02g0656200",2653,2763,2079,1732,1278,1000
"Os02g0296800",654,743,439,655,592,492
"Os02g0481700",1066,706,733,894,674,869
"Os02g0175800",1481,2184,1674,1826,2120,1996
"Os02g0285900",220,217,130,290,215,219
"Os02g0173800",4099,4818,3407,2599,2090,1702
"Os02g0668000",37,35,34,40,32,30
"Os02g0678601",77,64,77,116,123,109
"Os02g0805200",683,669,765,858,1336,1126
"Os02g0731400",45,31,143,188,322,122
"Os02g0761200",111,106,68,114,96,105
"Os02g0795000",668,499,535,649,704,604
"Os02g0649000",104,130,132,156,197,153
"Os02g0489525",979,892,676,700,509,561
"Os02g0533200",329,221,191,247,245,198
"Os02g0179800",2585,2481,2044,2251,2413,2298
"Os02g0668400",618,482,495,494,546,433
"Os02g0725600",419,357,289,328,252,255
"Os02g0823400",440,446,695,868,2018,2087
"Os02g0688800",31,52,43,54,28,31
"Os02g0272600",1413,1438,1291,1281,1412,1314
"Os02g0503400",4278,6386,5019,5494,6160,5854
"Os02g0826500",7607,7523,5847,6623,6685,6874
"Os02g0622500",311,96,106,298,213,253
"Os02g0184200",28,20,31,33,40,31
"Os02g0566500",1302,1303,1006,1171,1213,1267
"Os02g0168600",727,605,436,507,346,439
"Os02g0121600",865,1190,999,1103,1449,1112
"Os02g0825650",28,34,15,41,27,22
"Os02g0497500",2061,1520,1224,1406,1410,1350
"Os02g0282301",26,7,12,12,10,26
"Os02g0796700",1984,1838,1752,1731,2044,1898
"Os02g0818700",118,69,133,106,160,153
"Os02g0125000",1093,1113,1120,1642,1717,1543
"Os02g0787300",2345,3503,4699,3827,6598,4061
"Os02g0521700",880,1273,1091,1383,1734,1688
"Os02g0631100",42,86,45,48,52,44
"Os02g0822200",3513,3020,2971,3036,3347,3316
"Os02g0644100",1463,1429,1059,1200,1259,1202
"Os02g0741500",7878,6354,5817,7006,6348,6675
"Os02g0833600",578,696,520,664,727,773
"Os02g0754300",2778,2010,2185,2950,4329,4658
"Os02g0640500",89,70,51,40,8,4
"Os02g0155900",28,15,40,45,99,56
"Os02g0167300",28,17,10,9,14,6
"Os02g0125300",143,214,118,125,65,70
"Os02g0606000",1916,1738,1663,2098,2076,2233
"Os02g0739100",1671,2382,1828,1518,1425,1173
"Os02g0186800",66,62,42,94,130,188
"Os02g0518800",614,592,564,663,772,788
"Os02g0564400",3847,3607,3000,2980,3563,3198
"Os02g0225000",4050,3933,4282,4575,5341,5340
"Os02g0730500",728,639,496,605,552,582
"Os02g0528550",58,33,50,86,138,150
"Os02g0533000",4586,3802,3512,4061,3684,3781
"Os02g0154200",160,80,162,157,258,155
"Os02g0799000",629,498,534,290,295,276
"Os02g0188400",24,16,10,8,14,6
"Os02g0269000",407,368,297,338,423,414
"Os02g0734300",2761,4718,3289,4221,4826,3580
"Os02g0768200",1910,2217,1790,1802,1786,1767
"Os02g0820700",998,1071,819,1152,909,978
"Os02g0697200",1087,1112,969,1183,1262,1182
"Os02g0608700",703,753,524,600,464,603
"Os02g0672100",3116,3855,2899,2819,2350,2635
"Os02g0132200",282,233,260,412,650,638
"Os02g0226300",2961,3179,2695,2008,1552,1717
"Os02g0496100",1951,2317,1612,1574,1673,1687
"Os02g0802700",544,615,480,545,697,633
"Os02g0435200",1063,1077,884,933,879,1028
"Os02g0221600",1471,1640,1230,1157,993,815
"Os02g0119200",32,49,38,30,39,34
"Os02g0719100",863,802,631,657,673,594
"Os02g0110600",16,14,18,13,29,77
"Os02g0798800",130,122,69,89,212,130
"Os02g0597800",2704,2645,2291,2631,2647,2710
"Os02g0496500",2082,1814,1602,1848,1902,1790
"Os02g0137000",1309,1409,1070,1029,868,856
"Os02g0754100",2356,2126,1898,2123,1963,2136
"Os02g0297200",10,18,62,66,151,113
"Os02g0549700",2933,3035,3372,2857,4966,4208
"Os02g0565000",768,939,917,878,1365,1344
"Os02g0756100",62,50,106,250,226,262
"Os02g0215100",38,17,27,24,32,26
"Os02g0471100",54,102,101,68,70,74
"Os02g0730700",1218,1653,1173,1431,1497,1534
"Os02g0815000",1223,1546,1198,1372,1391,1404
"Os02g0752701",5300,4986,4080,4451,3332,3532
"Os02g0813800",182,137,166,165,196,282
"Os02g0631500",1046,1014,877,997,958,900
"Os02g0178400",2782,3888,2621,3043,2964,2529
"Os02g0748800",16,46,36,12,20,12
"Os02g0763000",140,247,154,163,104,146
"Os02g0137100",2163,2354,1900,2055,2141,1868
"Os02g0581900",78,102,98,119,231,170
"Os02g0189500",123,111,70,36,87,89
"Os02g0307800",1847,1606,1748,2292,2687,2677
"Os02g0522300",9078,6050,12454,10721,14368,14160
"Os02g0656500",4932,5114,4242,4363,4151,3702
"Os02g0201800",18,18,24,20,12,16
"Os02g0812500",20,9,8,10,2,10
"Os02g0206400",82,74,78,32,28,24
"Os02g0293500",323,332,212,229,145,211
"Os02g0306250",208,206,151,188,248,254
"Os02g0600650",63,116,72,76,134,72
"Os02g0126900",161,165,180,208,195,212
"Os02g0593400",177,143,130,137,105,151
"Os02g0121200",710,744,511,600,631,662
"Os02g0597200",121,121,86,114,90,84
"Os02g0472500",39,26,56,70,71,46
"Os02g0708200",2928,2737,2466,2215,2369,2653
"Os02g0813350",716,748,521,611,656,826
"Os02g0721700",572,662,706,677,452,427
"Os02g0316200",904,1407,982,857,1494,1602
"Os02g0811101",29,16,32,37,36,44
"Os02g0720600",1520,1949,1641,1466,655,530
"Os02g0120500",13,6,16,2,13,5
"Os02g0116100",73,99,69,75,26,47
"Os02g0128200",2517,2429,2445,2472,2744,2528
"Os02g0814800",305,379,483,803,850,934
"Os02g0749500",2299,2240,1678,1504,1615,1489
"Os02g0680500",173,120,120,186,151,144
"Os02g0638300",1696,1784,1852,2211,2456,2738
"Os02g0573500",23,47,26,24,64,16
"Os02g0462401",221,199,280,414,459,507
"Os02g0608500",1927,1898,1831,1547,1764,1468
"Os02g0190300",280,220,174,227,178,297
"Os02g0726833",127,101,61,63,6,15
"Os02g0478050",348,295,255,321,260,302
"Os02g0245100",560,614,550,659,661,741
"Os02g0834800",112,65,59,49,33,68
"Os02g0770800",72,22,20,10,6,50
"Os02g0289700",129,230,255,257,289,234
"Os02g0806700",11945,11653,8543,8340,10665,10354
"Os02g0716500",5493,7017,12801,10967,12532,7906
"Os02g0701700",295,269,256,321,408,380
"Os02g0758800",2,19,10,4,14,10
"Os02g0102400",1167,1041,822,995,881,821
"Os02g0199900",403,458,289,325,366,283
"Os02g0470600",140,135,111,126,69,73
"Os02g0251900",59,62,32,34,42,44
"Os02g0636400",296,283,209,275,311,255
"Os02g0188000",1922,1822,1770,2003,2899,2970
"Os02g0123300",315,249,208,309,169,240
"Os02g0105300",25,39,28,18,16,30
"Os02g0166200",3040,3171,2305,3060,2692,2726
"Os02g0592200",258,221,265,234,342,291
"Os02g0694700",93,93,120,199,166,167
"Os02g0105800",164,161,123,112,42,126
"Os02g0819500",8603,7237,7103,7475,7586,7196
"Os02g0317700",649,632,492,622,657,673
"Os02g0168400",63,41,39,30,70,48
"Os02g0689500",236,305,198,140,154,146
"Os02g0755500",65,50,76,164,670,1349
"Os02g0193200",58,74,66,65,29,34
"Os02g0174300",132,157,160,199,324,234
"Os02g0261100",85,83,72,55,80,80
"Os02g0180700",824,1213,1069,867,843,768
"Os02g0727300",449,324,484,421,563,529
"Os02g0593900",559,457,462,468,603,659
"Os02g0506500",2171,2539,2047,1739,1743,1710
"Os02g0227000",505,455,406,494,523,519
"Os02g0556600",1698,1896,1564,1490,1628,1659
"Os02g0778200",13565,11577,13214,13868,14143,13833
"Os02g0829500",3924,4218,2710,3790,2827,2907
"Os02g0727500",2246,2638,2176,2472,2764,2862
"Os02g0696700",1571,1469,1527,1353,1099,1205
"Os02g0806000",977,997,825,1034,1054,1166
"Os02g0735100",503,591,446,531,533,557
"Os02g0564000",2847,2998,2462,2527,2607,2840
"Os02g0232900",417,561,513,243,80,62
"Os02g0300700",412,410,304,403,422,530
"Os02g0273100",733,483,1156,1781,1536,1134
"Os02g0690000",69,102,118,144,282,222
"Os02g0174000",172,167,126,142,244,162
"Os02g0221900",36,28,20,30,38,57
"Os02g0577400",55,76,53,86,89,75
"Os02g0727700",206,162,188,242,268,343
"Os02g0739600",3435,4531,3639,4275,4366,4194
"Os02g0140101",463,508,522,542,494,465
"Os02g0751300",4,10,14,4,4,14
"Os02g0209400",126,135,70,18,28,12
"Os02g0286891",56,57,65,52,61,54
"Os02g0817800",275,243,194,200,266,267
"Os02g0834050",208,231,300,309,451,390
"Os02g0290400",973,1151,704,898,895,958
"Os02g0119700",107,100,84,105,134,158
"Os02g0820600",767,815,647,632,798,740
"Os02g0750200",1379,1269,1435,1703,1864,1943
"Os02g0687900",56,61,38,58,41,40
"Os02g0105200",1433,1406,955,988,790,932
"Os02g0602900",294,318,272,455,357,240
"Os02g0814400",663,729,1089,1866,2763,3127
"Os02g0797600",4611,5074,4607,5752,5850,5269
"Os02g0635700",93,112,121,174,154,126
"Os02g0298900",106,131,90,170,145,198
"Os02g0131600",94,117,86,117,66,84
"Os02g0144300",393,392,296,353,302,326
"Os02g0564200",1253,1719,1364,1545,1744,1556
"Os02g0141300",3767,2766,2671,3322,3763,4087
"Os02g0469200",5970,5672,4700,4641,4450,4790
"Os02g0696900",15,24,10,50,55,88
"Os02g0272850",104,122,95,123,129,112
"Os02g0639100",1147,1505,991,925,1010,611
"Os02g0631200",3365,2777,2818,2326,2569,2389
"Os02g0106800",1725,1708,1786,2052,2682,3124
"Os02g0136933",12,12,12,30,13,9
"Os02g0738900",1724,1729,1366,1384,1384,1296
"Os02g0686300",179,210,192,291,324,335
"Os02g0136000",359,603,406,292,215,224
"Os02g0204000",79,92,78,90,45,64
"Os02g0326500",765,809,733,1087,1071,1097
"Os02g0814900",273,319,295,350,368,421
"Os02g0550900",683,546,497,590,834,920
"Os02g0527600",5293,4533,4738,4904,5523,3075
"Os02g0822100",549,524,485,613,608,690
"Os02g0508000",316,465,339,381,344,327
"Os02g0798100",929,1068,752,1054,837,677
"Os02g0110000",70,65,51,111,133,105
"Os02g0662700",411,373,383,466,458,566
"Os02g0767150",291,289,280,275,242,284
"Os02g0831800",1050,1717,1324,1246,1318,1052
"Os02g0584900",301,403,241,292,310,336
"Os02g0702700",32,62,28,52,63,49
"Os02g0499000",6078,5790,6186,6966,8844,8924
"Os02g0771400",14,28,22,16,4,16
"Os02g0200300",847,1214,1120,1097,1359,1371
"Os02g0226200",232,150,140,258,267,329
"Os02g0314300",374,447,161,356,171,235
"Os02g0672200",2665,2807,2350,2742,2944,2483
"Os02g0603800",29,22,19,20,6,24
"Os02g0165500",8,0,18,4,18,26
"Os02g0684800",397,407,385,389,542,472
"Os02g0508650",55,79,55,49,20,9
"Os02g0738300",142,336,144,215,178,175
"Os02g0832500",4406,3922,3610,3910,3872,3796
"Os02g0728700",945,951,771,688,730,726
"Os02g0144200",12,2,6,20,10,4
"Os02g0518400",418,387,567,489,503,553
"Os02g0830801",466,356,413,358,328,406
"Os02g0146500",2260,2042,1735,1818,1679,1594
"Os02g0749800",1169,1448,1449,2087,2294,2254
"Os02g0195000",179,164,169,302,194,238
"Os02g0797400",14,12,30,32,12,14
"Os02g0608200",5181,5228,5113,4255,4148,4263
"Os02g0561900",29,51,10,10,15,10
"Os02g0209201",520,551,570,462,373,401
"Os02g0628600",382,872,723,997,945,573
"Os02g0173100",4065,3494,3955,6006,7298,7513
"Os02g0766600",2073,3326,2281,2200,3083,2188
"Os02g0702300",39,6,34,13,75,85
"Os02g0749100",112,68,87,95,140,153
"Os02g0759400",992,826,1679,965,2176,1054
"Os02g0689700",194,241,163,286,364,316
"Os02g0826300",37,10,56,36,16,16
"Os02g0700000",1524,1370,1331,1222,1385,1352
"Os02g0810100",2520,2857,2330,2113,2020,2047
"Os02g0121000",2333,1757,1455,2344,2405,2023
"Os02g0286200",945,1037,858,757,847,841
"Os02g0596500",1235,1244,1009,1166,1215,1092
"Os02g0742100",6924,6537,5671,5701,5253,5459
"Os02g0178800",14,6,14,12,7,34
"Os02g0663800",134,88,123,112,127,107
"Os02g0175400",113,96,68,102,73,78
"Os02g0289300",24,30,19,41,33,80
"Os02g0293800",694,682,732,741,647,778
"Os02g0654500",1096,1230,964,1088,1001,1019
"Os02g0153900",771,853,632,705,371,445
"Os02g0620100",112,98,79,80,54,50
"Os02g0260200",165,161,138,172,210,249
"Os02g0218550",17,12,23,18,16,34
"Os02g0701600",2169,2031,2086,3482,4202,4978
"Os02g0564700",58,81,45,50,50,103
"Os02g0286933",25,23,51,33,23,28
"Os02g0182900",2436,2491,2147,2381,2431,2680
"Os02g0832100",52,75,43,60,90,83
"Os02g0612100",285,393,328,240,259,204
"Os02g0749400",214,268,227,216,347,335
"Os02g0716600",72,57,64,81,62,23
"Os02g0573300",1550,1691,1311,1513,1134,1144
"Os02g0776700",3447,3271,2847,2910,2941,3098
"Os02g0294700",1376,1268,1151,1357,1194,1247
"Os02g0709400",8213,7547,7094,7153,7075,7089
"Os02g0461600",287,254,239,279,274,340
"Os02g0244600",96,82,64,45,66,39
"Os02g0732700",4527,4129,3305,3922,3637,3659
"Os02g0777800",782,1059,1186,944,1109,999
"Os02g0468400",4953,4336,5280,5574,8791,8509
"Os02g0598800",18,25,8,73,80,18
"Os02g0654300",49,28,52,14,19,14
"Os02g0731200",694,835,639,1079,1038,1057
"Os02g0805600",2209,2874,2045,2211,2610,2143
"Os02g0208600",5118,4361,4060,4199,4287,3997
"Os02g0167100",1354,978,1150,1562,1922,2338
"Os02g0634500",9491,10993,8090,8688,9660,10021
"Os02g0117900",77,88,69,63,88,84
"Os02g0567850",262,215,199,269,242,268
"Os02g0315400",685,1043,763,731,601,658
"Os02g0108500",121,123,122,134,179,221
"Os02g0717500",381,243,228,293,195,268
"Os02g0832800",3413,3154,3118,3033,3088,3080
"Os02g0148700",280,320,486,634,682,699
"Os02g0127000",2122,2020,1544,1720,1651,1567
"Os02g0621700",5041,5842,3913,4217,3585,3377
"Os02g0813166",35,28,18,13,19,25
"Os02g0121700",72,51,93,32,12,10
"Os02g0202900",343,593,225,195,118,89
"Os02g0204500",439,325,294,325,315,302
"Os02g0612800",5674,4625,4928,5636,5869,6160
"Os02g0699400",6511,5783,5770,6699,6934,6889
"Os02g0548700",138,149,232,87,155,122
"Os02g0799400",6,13,8,20,19,7
"Os02g0623400",26,9,24,20,80,38
"Os02g0628900",18,32,35,18,86,32
"Os02g0827100",503,486,445,508,427,413
"Os02g0582300",316,342,294,288,284,298
"Os02g0494600",404,416,358,407,439,535
"Os02g0477300",2783,2761,3665,3869,4052,4217
"Os02g0169900",1862,1586,2134,2094,2932,2637
"Os02g0750400",519,492,542,845,738,708
"Os02g0177400",14,24,20,11,10,20
"Os02g0637200",62,129,88,140,181,72
"Os02g0220500",5990,5729,4679,4666,4571,4770
"Os02g0139200",929,960,771,792,804,753
"Os02g0770300",830,804,747,1077,1008,1072
"Os02g0569000",436,861,431,398,12,16
"Os02g0270200",46,118,94,59,11,11
"Os02g0486400",175,177,212,302,278,287
"Os02g0718100",843,1993,1052,751,329,131
"Os02g0202950",15,20,16,19,3,13
"Os02g0815900",6,15,6,11,10,16
"Os02g0724600",1133,971,839,893,928,810
"Os02g0654000",16,28,22,21,23,36
"Os02g0603700",66,45,62,73,39,50
"Os02g0646400",480,482,396,502,444,417
"Os02g0653900",974,1591,1518,1322,1402,1313
"Os02g0120800",9,19,27,11,17,16
"Os02g0668500",1290,1859,1638,1845,2996,2682
"Os02g0739900",10,3,18,19,15,8
"Os02g0175600",2320,3177,2641,3012,3236,3190
"Os02g0460200",265,194,445,604,910,1176
"Os02g0244300",1727,1598,1480,1314,1320,1345
"Os02g0197900",78,74,74,78,90,91
"Os02g0462000",195,93,125,132,112,260
"Os02g0648900",29,18,22,15,24,22
"Os02g0656300",406,400,315,302,273,291
"Os02g0826600",45,54,51,74,60,52
"Os02g0823600",1692,2147,1344,1295,999,884
"Os02g0284500",68,36,67,94,62,70
"Os02g0257400",19,21,46,59,65,66
"Os02g0636700",695,1127,696,751,520,364
"Os02g0687500",1929,2705,2036,2005,2205,2177
"Os02g0559300",35,18,23,51,19,21
"Os02g0777100",5284,4543,4281,4769,5093,5150
"Os02g0100800",144,174,161,182,202,199
"Os02g0213450",143,94,147,117,180,150
"Os02g0297600",2926,3081,2256,2079,1828,1805
"Os02g0123100",120,168,175,119,193,162
"Os02g0293400",619,679,571,717,888,735
"Os02g0634900",4142,4598,3366,4021,3658,3473
"Os02g0101300",20,10,32,36,55,77
"Os02g0469950",28,15,7,12,16,26
"Os02g0714600",2195,2327,2195,2949,3089,2582
"Os02g0601600",298,246,319,358,325,320
"Os02g0199600",197,284,265,419,821,654
"Os02g0131000",14,15,12,45,39,34
"Os02g0241300",1186,1158,998,1087,981,1176
"Os02g0620400",220,191,211,142,77,66
"Os02g0299300",106,120,86,107,57,96
"Os02g0725000",31,19,22,39,9,15
"Os02g0318100",10,2,2,10,10,24
"Os02g0799600",281,548,301,328,329,317
"Os02g0135900",535,426,330,474,461,513
"Os02g0633100",3160,2604,2263,2618,2580,2499
"Os02g0786000",1613,1647,1382,1614,1375,1567
"Os02g0534000",10,14,10,29,34,48
"Os02g0502500",1525,1575,1556,1378,1641,1758
"Os02g0121800",789,1134,890,921,780,841
"Os02g0714100",411,388,374,343,399,315
"Os02g0543000",10216,22188,10324,9937,5140,3143
"Os02g0602600",223,303,230,350,263,348
"Os02g0781400",12,8,6,8,22,18
"Os02g0800500",82,54,55,26,34,43
"Os02g0224800",123,151,127,65,46,60
"Os02g0150600",497,486,411,490,589,526
"Os02g0799100",111,92,55,56,66,77
"Os02g0245800",86,58,65,45,63,110
"Os02g0808350",25,66,33,21,13,3
"Os02g0201401",28,43,30,31,30,47
"Os02g0725100",2743,2700,1908,2586,2079,2654
"Os02g0158500",76,67,44,101,80,94
"Os02g0652300",573,530,521,724,735,814
"Os02g0121900",270,203,260,226,240,251
"Os02g0100300",49,44,16,33,24,31
"Os02g0109400",37,42,38,41,40,44
"Os02g0178100",2711,3443,3132,4289,4458,4918
"Os02g0668100",769,1135,971,1586,1888,1676
"Os02g0175950",68,53,45,75,54,37
"Os02g0129600",498,404,444,450,556,508
"Os02g0713400",2600,3821,2630,2429,2596,2697
"Os02g0793900",2429,2628,2202,2793,2694,2452
"Os02g0762100",1124,1206,1041,2081,2740,2606
"Os02g0723700",999,994,752,702,818,886
"Os02g0147600",132,99,119,109,131,113
"Os02g0573400",2194,2699,1913,1637,1510,1178
"Os02g0828566",194,303,308,352,575,458
"Os02g0169000",965,786,808,1035,1145,1142
"Os02g0218400",141,111,135,213,155,162
"Os02g0598300",336,293,256,250,212,291
"Os02g0571900",45,141,67,52,2,0
"Os02g0529400",1066,1044,1082,1164,1116,1108
"Os02g0775300",218,343,258,442,686,555
"Os02g0762300",845,862,652,773,721,823
"Os02g0197400",149,260,146,142,182,148
"Os02g0670400",351,240,221,280,250,352
"Os02g0670700",266,141,177,200,236,230
"Os02g0519300",612,500,465,541,609,566
"Os02g0329300",148,161,84,106,122,125
"Os02g0120900",1266,1279,1069,1193,1114,1023
"Os02g0247800",393,170,192,394,275,367
"Os02g0123400",16,27,19,26,16,11
"Os02g0498700",846,845,1013,977,1262,1330
"Os02g0202500",1686,1646,1411,1617,1881,1706
"Os02g0474300",872,747,703,865,741,728
"Os02g0154600",496,362,539,630,534,652
"Os02g0104100",86,45,62,49,74,106
"Os02g0707100",6909,5663,6426,8160,11175,10596
"Os02g0121100",1079,1361,1200,1344,1523,1356
"Os02g0523800",694,1244,742,609,541,577
"Os02g0326700",1439,1381,1613,2066,2821,2824
"Os02g0611800",3984,6411,4383,3728,2894,2633
"Os02g0314600",478,588,525,508,345,309
"Os02g0537900",5078,5185,4002,4265,4058,4456
"Os02g0754900",2008,2003,2025,2309,2452,2220
"Os02g0303200",16,17,28,26,57,78
"Os02g0655401",22,22,7,25,18,14
"Os02g0221100",182,348,137,154,85,59
"Os02g0205400",139,192,112,169,197,243
"Os02g0215700",154,138,100,148,217,345
"Os02g0195800",395,386,300,415,343,402
"Os02g0288200",1996,2150,1697,2135,1893,1888
"Os02g0180000",1612,2003,1204,872,661,624
"Os02g0701900",1166,1927,1180,1165,1190,805
"Os02g0816700",152,138,114,96,81,123
"Os02g0100200",613,578,554,613,633,681
"Os02g0146900",293,267,254,277,285,359
"Os02g0592300",1300,1198,1070,1312,1572,1431
"Os02g0655300",2810,3264,2739,3003,3622,3330
"Os02g0164300",856,972,755,843,607,666
"Os02g0523500",14089,14149,10649,10206,10190,10315
"Os02g0749150",804,653,487,637,690,664
"Os02g0727966",53,29,33,38,20,28
"Os02g0506400",25,10,16,18,22,29
"Os02g0137600",200,170,168,250,241,327
"Os02g0602500",534,595,477,563,792,617
"Os02g0596100",769,662,625,691,757,773
"Os02g0206100",978,1350,1027,1594,2254,1665
"Os02g0512000",37,34,28,34,20,14
"Os02g0814000",294,413,271,276,125,90
"Os02g0287700",91,156,117,193,256,241
"Os02g0819100",688,707,782,745,873,797
"Os02g0137400",3230,3216,2868,2858,2691,2698
"Os02g0445300",40,77,66,126,187,195
"Os02g0661600",6,8,9,25,30,29
"Os02g0562400",1186,1481,1165,1057,1247,1114
"Os02g0736300",226,167,162,167,178,237
"Os02g0575000",1731,1404,762,776,364,1351
"Os02g0461100",1256,954,1269,1576,1217,1101
"Os02g0592500",1084,1237,947,977,1029,1036
"Os02g0822400",10,4,12,11,6,5
"Os02g0723400",29,18,98,106,129,83
"Os02g0721600",4706,4707,4688,4976,6208,6295
"Os02g0579000",213,154,88,104,62,90
"Os02g0681000",558,334,411,639,603,587
"Os02g0301000",475,469,479,564,663,539
"Os02g0182600",36,31,37,47,41,75
"Os02g0686600",934,1003,837,1003,992,963
"Os02g0127900",343,315,220,319,219,283
"Os02g0467600",92,129,241,60,18,6
"Os02g0168700",522,645,430,432,552,625
"Os02g0697800",546,698,500,509,613,699
"Os02g0712000",4138,4087,3639,3575,3463,3292
"Os02g0760500",835,965,564,714,775,717
"Os02g0209100",4958,4838,3665,3468,2975,3113
"Os02g0789100",58,43,46,45,46,37
"Os02g0518100",1262,1022,977,1203,1126,998
"Os02g0704966",168,134,122,195,137,139
"Os02g0497700",867,902,745,797,700,803
"Os02g0168100",2456,2240,1498,1734,1320,1535
"Os02g0744000",8849,8897,11374,17228,21756,21829
"Os02g0145600",415,702,501,563,709,559
"Os02g0711400",145,122,138,81,138,182
"Os02g0664100",842,694,504,590,652,642
"Os02g0196000",757,831,619,761,639,709
"Os02g0157600",364,275,318,351,347,342
"Os02g0242900",210,388,234,201,169,60
"Os02g0215500",25,23,18,33,17,14
"Os02g0581400",2072,1358,1603,2069,2225,2210
"Os02g0810400",426,403,350,355,289,290
"Os02g0137700",644,511,378,647,390,444
"Os02g0244700",349,382,286,279,218,190
"Os02g0720300",453,660,474,489,429,507
"Os02g0601800",13681,12584,12862,12242,14247,13818
"Os02g0741300",1530,1387,1140,1498,1546,1553
"Os02g0301800",395,379,394,523,506,598
"Os02g0823300",1724,1472,1609,1644,1731,1630
"Os02g0105400",35,64,25,36,34,25
"Os02g0543900",0,0,8,16,19,12
"Os02g0533900",5565,5694,4426,4029,4052,3582
"Os02g0818000",67,97,78,41,78,63
"Os02g0830300",378,262,288,370,276,346
"Os02g0829200",2606,2650,2164,2484,2387,2147
"Os02g0317300",576,635,520,504,603,494
"Os02g0136966",52,37,33,23,30,21
"Os02g0664300",6822,6264,5198,4980,4281,4008
"Os02g0102850",186,185,159,298,350,400
"Os02g0810200",18,25,35,60,53,66
"Os02g0787600",742,1042,620,831,1491,1053
"Os02g0770000",2092,2331,1372,1724,1533,1435
"Os02g0199666",168,216,247,283,729,686
"Os02g0690800",1611,1644,1065,1280,1034,1001
"Os02g0122800",5674,6597,5511,4239,6427,5826
"Os02g0164900",2250,2799,2191,1987,1707,1637
"Os02g0174200",799,697,640,688,737,701
"Os02g0801300",20,18,98,25,27,47
"Os02g0281000",4663,3950,3345,4779,4602,4496
"Os02g0136150",98,63,76,99,73,52
"Os02g0608600",1730,1274,2027,2564,2247,1870
"Os02g0635300",18,26,34,43,28,77
"Os02g0734800",22,42,32,34,36,25
"Os02g0717900",235,278,220,202,231,169
"Os02g0448000",14,12,16,38,28,10
"Os02g0712600",77,72,106,46,80,30
"Os02g0134300",2236,2301,1548,1905,1508,1509
"Os02g0651300",8883,6849,7759,7807,10305,9220
"Os02g0121500",2022,1806,1638,2036,2391,2358
"Os02g0733001",42,57,52,36,47,40
"Os02g0228151",10,41,7,11,10,8
"Os02g0650900",91,33,46,10,32,56
"Os02g0194100",4061,3937,2941,2474,1487,1305
"Os02g0208200",3193,2997,2715,2775,2927,2811
"Os02g0829600",3032,3200,2780,4270,4327,5685
"Os02g0210800",645,590,495,493,550,464
"Os02g0142060",26,12,15,25,13,24
"Os02g0260500",381,338,356,423,385,455
"Os02g0569900",6748,18561,9241,9024,1631,497
"Os02g0665800",213,262,215,214,173,88
"Os02g0595100",3441,3427,3399,4002,5905,7027
"Os02g0819700",613,648,529,623,569,609
"Os02g0733900",74,43,48,63,16,22
"Os02g0793500",16,21,8,17,40,31
"Os02g0611000",76,80,54,73,65,88
"Os02g0240100",646,261,1022,288,324,704
"Os02g0716100",532,534,573,906,553,556
"Os02g0329600",1155,1222,1159,1355,1240,1172
"Os02g0684900",262,294,252,279,274,236
"Os02g0291000",240,109,125,233,149,157
"Os02g0617300",331,307,389,372,443,390
"Os02g0516400",14,2,3,6,16,28
"Os02g0521300",7148,6739,5637,5276,4785,4309
"Os02g0680700",3571,3633,3263,4013,4549,4374
"Os02g0519900",44,33,39,36,34,30
"Os02g0534800",2098,2179,1658,1756,1441,1422
"Os02g0510100",1182,1394,1036,1193,1112,1076
"Os02g0703600",37,22,56,41,64,30
"Os02g0272350",12,40,28,16,27,36
"Os02g0117500",152,121,123,188,170,370
"Os02g0290900",20,16,12,14,21,52
"Os02g0668700",36,43,56,38,51,22
"Os02g0720100",20,29,9,28,6,6
"Os02g0113800",1131,1395,1137,1498,1480,1385
"Os02g0733400",37,38,29,63,67,73
"Os02g0797500",11600,11719,8905,10827,9633,9259
"Os02g0761300",37,32,18,42,13,16
"Os02g0735200",7520,10966,5879,6047,6972,4593
"Os02g0116400",14,18,30,14,44,22
"Os02g0286850",73,84,53,44,54,30
"Os02g0735800",725,544,715,1249,1424,1325
"Os02g0793700",4112,4749,3416,4774,4299,4872
"Os02g0738100",200,223,142,92,66,68
"Os02g0177900",4579,4712,4413,4967,5619,5027
"Os02g0692700",4372,7045,4632,3831,4084,3134
"Os02g0745800",138,103,98,131,196,242
"Os02g0170200",582,561,571,558,545,542
"Os02g0197700",20,24,16,20,36,39
"Os02g0470400",1864,2158,1878,1986,1836,1641
"Os02g0578800",1966,2449,1693,1766,1466,1610
"Os02g0730900",116,91,86,107,125,102
"Os02g0775400",455,411,369,421,337,319
"Os02g0117400",2008,2249,1584,1761,1806,1643
"Os02g0826200",253,222,245,307,448,533
"Os02g0171100",19,24,12,10,3,6
"Os02g0259100",3744,4402,3431,3487,3128,3670
"Os02g0194400",10,14,8,19,18,14
"Os02g0204300",3782,3898,3337,3707,4438,4245
"Os02g0149800",8811,9264,8371,9026,9873,8757
"Os02g0122600",474,508,390,341,559,584
"Os02g0271000",20,136,121,68,99,85
"Os02g0179950",633,549,565,605,552,580
"Os02g0814700",3147,3555,2390,2259,1800,1778
"Os02g0696500",146,62,116,76,68,57
"Os02g0491400",2019,1670,1283,1199,1283,1279
"Os02g0620800",196,143,166,222,162,202
"Os02g0187600",304,347,219,291,249,326
"Os02g0160800",47,23,46,78,48,45
"Os02g0554800",435,445,514,529,1042,1058
"Os02g0565400",1157,890,993,1481,1459,1368
"Os02g0766700",883,645,512,626,344,410
"Os02g0606100",1043,904,798,930,960,810
"Os02g0236800",105,140,140,201,278,258
"Os02g0307000",3284,2590,2467,2775,2834,2706
"Os02g0453000",254,307,263,310,289,225
"Os02g0669000",123,158,160,198,164,153
"Os02g0571100",5129,12743,5028,5240,343,104
"Os02g0733200",172,174,171,134,110,155
"Os02g0722800",2261,2348,2126,2195,2298,2007
"Os02g0480200",432,411,356,491,522,553
"Os02g0694400",1184,1169,1118,1131,1302,1249
"Os02g0543100",28,12,25,34,17,23
"Os02g0198400",102,136,65,80,70,59
"Os02g0593500",3916,3563,4440,5839,6540,6471
"Os02g0814600",19,13,14,27,12,28
"Os02g0478600",149,126,105,125,126,96
"Os02g0737401",20,18,41,6,14,6
"Os02g0123500",5229,5269,3721,4760,5092,4528
"Os02g0215400",7,14,12,22,11,34
"Os02g0768600",6511,6218,6423,7217,8302,8288
"Os02g0127600",446,366,366,344,268,336
"Os02g0258000",76,68,76,72,88,129
"Os02g0185200",82,46,34,62,60,34
"Os02g0590700",16,13,10,31,31,45
"Os02g0622300",32,41,23,30,10,12
"Os02g0508100",27,33,38,92,82,105
"Os02g0622100",2194,1997,1545,2051,2275,2069
"Os02g0529600",1152,1392,1305,1456,2036,1946
"Os02g0121300",19860,25675,17557,24560,20405,20511
"Os02g0666300",2197,1881,2001,2380,2824,2635
"Os02g0683500",25,14,17,13,12,18
"Os02g0205500",61,77,66,29,37,15
"Os02g0755900",651,55,22,376,8,208
"Os02g0831500",48,41,42,62,75,32
"Os02g0700300",61,78,66,86,126,107
"Os02g0780600",635,632,484,654,546,541
"Os02g0734400",233,159,276,267,366,270
"Os02g0313900",1611,1682,1694,2064,2038,2054
"Os02g0610800",3006,3921,4256,5094,6798,6850
"Os02g0658400",685,523,593,796,870,801
"Os02g0501350",36,38,14,19,8,16
"Os02g0680400",1761,1807,1403,1538,1270,1200
"Os02g0193900",837,941,864,811,935,947
"Os02g0703300",1026,1457,1271,1275,1622,1260
"Os02g0617600",1733,1509,1775,2603,3007,3074
"Os02g0147100",269,226,164,180,151,125
"Os02g0527300",409,431,405,397,443,434
"Os02g0738400",3139,3277,2914,2360,1628,1831
"Os02g0562100",15,13,17,14,12,28
"Os02g0731700",32,19,22,18,32,40
"Os02g0726400",910,997,851,738,690,736
"Os02g0755600",56,73,109,180,207,242
"Os02g0793200",145,194,147,164,193,186
"Os02g0717800",6417,6425,5080,5274,4730,5291
"Os02g0745200",514,463,478,530,837,638
"Os02g0633200",289,306,231,312,207,206
"Os02g0523100",64,100,60,26,8,13
"Os02g0644700",2763,2574,3080,3104,3865,3842
"Os02g0515200",822,931,743,654,464,641
"Os02g0666700",22,28,20,15,20,26
"Os02g0621100",44,32,39,23,47,36
"Os02g0609500",100,129,129,134,278,237
"Os02g0675700",7,9,15,27,18,70
"Os02g0147700",813,766,655,662,609,805
"Os02g0135300",41,34,38,24,28,24
"Os02g0762400",1206,1440,1081,1176,1577,1508
"Os02g0617800",348,314,357,859,1036,1994
"Os02g0161100",12,10,4,9,2,18
"Os02g0104700",3869,3247,3250,4624,5467,5435
"Os02g0234800",3639,3357,3652,4100,4012,4033
"Os02g0554000",5696,4991,4201,4084,3364,3316
"Os02g0291500",1669,1329,1382,1631,1526,1351
"Os02g0612300",2105,2206,1959,2054,2131,1971
"Os02g0638400",552,700,629,510,725,561
"Os02g0646200",466,652,659,1215,1590,1040
"Os02g0470000",716,588,610,862,952,882
"Os02g0131050",937,470,608,637,644,537
"Os02g0608550",69,87,98,187,149,149
"Os02g0196600",1743,1624,1422,1633,1687,1798
"Os02g0804400",609,720,564,943,1159,1092
"Os02g0717400",10091,8659,7875,8698,8543,8206
"Os02g0584700",415,622,524,622,468,514
"Os02g0319400",127,184,100,192,224,168
"Os02g0106300",142,128,96,180,143,112
"Os02g0212500",78,51,32,66,26,14
"Os02g0163533",51,21,24,54,67,48
"Os02g0661100",132,94,186,75,62,78
"Os02g0708100",3843,3457,2888,3502,3171,3161
"Os02g0125700",2953,3664,3918,5126,5532,5236
"Os02g0177500",1725,2054,1891,2290,2150,2354
"Os02g0803225",307,235,271,211,274,322
"Os02g0131200",1846,1810,1514,1500,1383,1246
"Os02g0520750",638,660,449,634,627,548
"Os02g0173700",458,377,384,418,455,398
"Os02g0299000",107,107,53,97,101,107
"Os02g0614732",99,234,146,119,129,111
"Os02g0764100",24,14,30,46,106,118
"Os02g0116800",73,68,72,86,126,113
"Os02g0489400",2527,2573,2040,2716,1956,2177
"Os02g0282000",3989,4705,3083,2405,1919,1489
"Os02g0700100",252,256,362,478,904,811
"Os02g0745100",157,183,132,380,815,313
"Os02g0317500",224,234,170,278,209,271
"Os02g0729400",645,644,670,1198,1385,1089
"Os02g0769800",1857,1934,2131,1941,2721,2487
"Os02g0265400",1485,2125,1495,1470,1737,1680
"Os02g0148400",979,1008,895,1147,1300,1199
"Os02g0148500",1149,1160,1035,1149,1250,1347
"Os02g0150800",3875,3710,3593,3825,4144,4201
"Os02g0169800",2331,1798,2090,2245,2577,2516
"Os02g0778400",707,827,612,448,366,290
"Os02g0517900",1030,841,847,986,535,568
"Os02g0110200",8,10,7,29,42,66
"Os02g0654100",1100,928,982,1027,996,992
"Os02g0820100",11,12,8,11,4,6
"Os02g0557500",708,694,701,774,830,807
"Os02g0168200",225,163,82,119,12,55
"Os02g0148100",3145,3317,2603,2629,2423,2063
"Os02g0227600",11,28,17,7,5,2
"Os02g0632900",393,440,427,525,470,538
"Os02g0751600",3435,3332,3940,6374,8195,7864
"Os02g0819600",1230,1418,966,795,831,824
"Os02g0724000",8234,8111,8104,8081,10009,9002
"Os02g0718600",96,284,147,148,73,44
"Os02g0212900",36,34,30,64,85,50
"Os02g0516800",140,172,122,110,189,159
"Os02g0777950",59,28,52,96,84,75
"Os02g0282100",279,247,289,352,391,335
"Os02g0255033",9,15,17,6,5,11
"Os02g0234500",5359,4170,4549,4735,4449,4213
"Os02g0303500",14,12,3,12,42,33
"Os02g0173000",223,231,235,261,213,189
"Os02g0787400",23,35,26,14,22,26
"Os02g0768750",1204,943,861,1054,926,1041
"Os02g0237100",17,13,12,41,2,0
"Os02g0139100",413,538,290,178,187,200
"Os02g0581500",1176,1066,1214,1353,1715,1487
"Os02g0186500",402,522,351,362,503,473
"Os02g0828200",1995,1834,1659,2023,2696,2608
"Os02g0801450",14,28,20,16,30,25
"Os02g0664000",1360,953,567,816,632,913
"Os02g0519700",30,53,30,78,63,52
"Os02g0220450",13,26,27,11,15,28
"Os02g0183000",42,37,39,48,23,28
"Os02g0755200",274,315,268,304,258,274
"Os02g0581100",391,388,481,577,989,870
"Os02g0600100",375,312,219,372,239,349
"Os02g0773400",24,23,16,31,7,17
"Os02g0481900",1594,1553,1675,1683,1991,1724
"Os02g0666200",2344,2360,2261,4161,4405,5479
"Os02g0103900",760,701,587,537,532,652
"Os02g0760200",149,144,114,65,33,38
"Os02g0820300",357,350,423,412,474,517
"Os02g0590800",84,97,79,82,89,143
"Os02g0161300",1517,1245,1201,1399,1369,1315
"Os02g0754700",1224,1042,974,1077,1106,1047
"Os02g0332200",1349,1583,1136,1262,1166,1214
"Os02g0745600",3939,4817,3981,3541,4348,3816
"Os02g0706500",420,348,315,360,403,396
"Os02g0612700",94,50,66,69,123,93
"Os02g0813600",83,139,152,127,203,62
"Os02g0778500",114,103,97,108,119,100
"Os02g0282500",180,116,57,78,92,100
"Os02g0191300",4950,3639,2762,1585,1033,1155
"Os02g0538400",80,58,71,80,113,133
"Os02g0807900",52,66,81,37,27,23
"Os02g0810425",40,16,14,27,16,37
"Os02g0190600",1467,1914,2192,2738,3556,3452
"Os02g0190200",153,141,136,141,161,140
"Os02g0109800",1637,1719,1350,1392,1554,1699
"Os02g0290300",3375,3363,3273,3442,3519,3728
"Os02g0518500",29,32,24,35,25,38
"Os02g0233100",393,389,376,394,455,392
"Os02g0313500",1982,1515,1453,1610,1754,1864
"Os02g0216600",376,417,306,228,174,235
"Os02g0208900",1801,1859,1935,2030,2250,2102
"Os02g0180500",245,253,191,218,227,221
"Os02g0194200",2351,2812,2512,2664,3431,3375
"Os02g0437901",183,197,155,211,216,247
"Os02g0779300",17,5,12,16,8,22
"Os02g0152950",24,3,16,15,27,7
"Os02g0150700",596,413,353,597,469,533
"Os02g0138100",7,6,2,11,13,19
"Os02g0266100",1265,1628,1280,1541,1527,1543
"Os02g0290000",1164,1119,1048,1003,1045,949
"Os02g0302200",1069,734,926,1457,1704,1619
"Os02g0780500",37,26,27,40,47,40
"Os02g0516600",3327,3500,3112,3736,3333,2945
"Os02g0539600",10785,8584,9715,11948,13548,13429
"Os02g0232000",102,148,54,83,18,44
"Os02g0598500",65,43,45,84,74,66
"Os02g0190900",464,452,369,459,450,506
"Os02g0674800",3138,3388,3089,3351,3784,3307
"Os02g0269600",18,34,24,19,1,1
"Os02g0198200",133,120,74,87,86,106
"Os02g0632700",107,121,158,154,109,177
"Os02g0771600",750,695,1038,867,851,4369
"Os02g0564300",1717,1712,1635,2295,2726,2562
"Os02g0755000",428,293,374,271,330,322
"Os02g0673600",1589,2007,1424,1177,1052,961
"Os02g0122900",669,540,758,994,1188,1143
"Os02g0503350",10,14,12,8,7,8
"Os02g0798200",706,1038,1033,1757,1962,2149
"Os02g0437200",5546,7339,6108,5524,4697,4151
"Os02g0456000",909,812,775,853,966,1047
"Os02g0602700",0,13,10,15,7,4
"Os02g0705100",2938,2947,2628,2733,2805,2554
"Os02g0205100",202,223,196,151,138,88
"Os02g0108700",547,460,486,524,764,878
"Os02g0607700",104,157,162,91,80,81
"Os02g0532800",155,133,83,164,149,103
"Os02g0572400",12880,9849,12438,10673,14127,13171
"Os02g0617900",100,80,61,93,60,70
"Os02g0665400",2143,2218,1993,1904,2135,1800
"Os02g0683900",484,516,552,479,601,588
"Os02g0130900",671,695,563,618,572,603
"Os02g0512200",124,106,149,156,108,155
"Os02g0796400",73,85,106,94,75,126
"Os02g0528200",57,49,49,69,60,88
"Os02g0763200",2657,3048,2274,1869,1813,1755
"Os02g0164000",33,40,23,8,18,16
"Os02g0753800",1504,1261,984,1276,861,810
"Os02g0792800",7361,9914,7767,7614,9580,8819
"Os02g0102900",64,113,54,64,34,46
"Os02g0230100",688,752,406,478,365,415
"Os02g0150450",45,53,49,51,73,118
"Os02g0807000",251,370,233,266,144,170
"Os02g0578000",4,10,8,12,34,36
"Os02g0173300",20,20,31,21,83,46
"Os02g0780800",721,707,639,672,765,760
"Os02g0804300",774,596,570,719,749,807
"Os02g0187200",400,401,390,405,505,446
"Os02g0542200",895,876,867,880,887,804
"Os02g0117600",320,210,298,425,447,537
"Os02g0162000",61,87,59,33,41,46
"Os02g0715400",323,402,292,468,384,401
"Os02g0162733",723,729,513,610,612,494
"Os02g0163500",77,97,68,73,71,109
"Os02g0803200",941,809,743,843,792,862
"Os02g0439200",43,34,30,87,100,74
"Os02g0130600",13,27,24,44,26,18
"Os02g0529700",86,101,47,50,26,45
"Os02g0803300",1812,2266,2017,927,446,372
"Os02g0527900",460,815,511,440,387,221
"Os02g0109501",54,27,28,25,50,55
"Os02g0567800",63,69,60,72,56,62
"Os02g0709200",1285,1484,1080,1294,1240,1170
"Os02g0608900",1408,1267,1523,1802,2095,2199
"Os02g0530300",387,503,340,250,174,81
"Os02g0818800",170,155,150,240,161,186
"Os02g0639000",2326,2142,1586,2242,1525,1553
"Os02g0822500",5767,5985,5046,5405,5564,5301
"Os02g0536400",182,152,157,176,92,372
"Os02g0555600",168,163,134,154,188,164
"Os02g0697900",78,64,89,113,150,141
"Os02g0135600",1042,1060,857,1131,1026,1104
"Os02g0193300",161,220,127,78,107,143
"Os02g0625300",359,344,327,148,195,197
"Os02g0640700",24,27,26,14,2,2
"Os02g0100700",4291,3996,3625,3942,4068,4311
"Os02g0824300",537,628,440,489,476,506
"Os02g0796300",649,625,577,742,997,936
"Os02g0305800",773,994,751,951,1082,775
"Os02g0131700",3646,3490,3050,3367,3416,3325
"Os02g0233333",396,343,450,368,414,444
"Os02g0742000",13564,12560,10023,11034,9054,9209
"Os02g0166950",148,132,94,83,109,129
"Os02g0657700",1382,1191,1297,1079,1932,1493
"Os02g0687600",322,240,374,449,415,507
"Os02g0781000",33,49,44,56,30,31
"Os02g0640200",564,648,454,522,508,393
"Os02g0582600",2273,5576,2948,1957,1488,1144
"Os02g0747600",749,792,517,914,866,825
"Os02g0638900",2609,2497,2190,1908,2446,2421
"Os02g0830100",7456,7163,6671,7824,8689,8085
"Os02g0321000",231,165,197,177,162,210
"Os02g0570300",66,102,53,65,31,31
"Os02g0644650",46,30,33,27,45,25
"Os02g0717200",76,79,67,129,101,137
"Os02g0805250",58,66,34,86,40,70
"Os02g0638650",22,20,24,18,12,4
"Os02g0738200",176,440,236,231,134,172
"Os02g0591800",1041,850,639,784,626,708
"Os02g0151100",810,799,652,599,623,483
"Os02g0660100",86,128,135,170,396,323
"Os02g0530600",200,121,162,176,147,152
"Os02g0196900",278,269,258,290,277,350
"Os02g0609400",6217,8174,6872,7412,6707,6682
"Os02g0504100",556,701,452,462,516,473
"Os02g0255900",55,33,47,87,145,123
"Os02g0758000",39,28,29,104,24,92
"Os02g0507600",6,8,8,27,60,53
"Os02g0634700",2488,4243,3059,4738,4736,3833
"Os02g0622400",2701,3227,2196,2296,2196,2246
"Os02g0488600",4217,4028,3140,3292,3205,3468
"Os02g0565300",25,33,26,32,24,37
"Os02g0437800",2663,2691,2032,2439,2310,2219
"Os02g0124700",1348,1280,1134,1147,1091,1116
"Os02g0681200",619,1100,941,1152,647,653
"Os02g0475400",417,505,323,542,539,485
"Os02g0753200",485,619,406,430,521,404
"Os02g0730400",17,15,2,14,10,6
"Os02g0676450",14,4,6,16,2,12
"Os02g0331200",174,299,181,143,141,153
"Os02g0252100",3883,4049,3668,4153,4571,4300
"Os02g0824000",257,198,189,307,293,212
"Os02g0526400",43885,40731,30417,18822,12588,11439
"Os02g0791200",580,643,540,687,648,652
"Os02g0273900",15,17,11,17,14,0
"Os02g0760400",290,402,339,384,417,358
"Os02g0577501",81,119,120,211,184,205
"Os02g0673500",645,434,707,835,707,643
"Os02g0533300",95,71,95,86,121,114
"Os02g0695900",37,6,14,21,42,12
"Os02g0754500",120,112,105,114,67,119
"Os02g0461200",497,461,339,386,407,432
"Os02g0140200",301,207,355,302,300,365
"Os02g0448600",518,543,476,490,423,442
"Os02g0717300",1036,1415,1047,1142,1290,1139
"Os02g0796900",243,286,236,227,231,271
"Os02g0288000",352,516,357,297,219,180
"Os02g0465600",39,63,70,40,10,6
"Os02g0297900",8,12,6,19,16,6
"Os02g0191500",312,319,320,253,319,234
"Os02g0503500",177,142,270,109,22,26
"Os02g0221800",767,853,722,653,789,666
"Os02g0280400",3350,3103,3394,4667,5317,5135
"Os02g0553500",322,380,265,305,293,250
"Os02g0189700",135,113,118,120,144,252
"Os02g0175100",408,458,299,422,362,382
"Os02g0611300",468,419,307,357,283,307
"Os02g0294600",2626,2501,2117,2203,1975,1978
"Os02g0612000",1587,1124,1170,1244,1086,1230
"Os02g0190800",2630,2464,2400,2219,3371,2766
"Os02g0674700",795,753,693,759,812,704
"Os02g0170000",2210,1854,2722,3383,5328,4543
"Os02g0720900",319,169,194,264,229,408
"Os02g0743800",106,90,42,58,54,82
"Os02g0754000",3210,3547,2914,3095,3391,2889
"Os02g0755400",398,310,270,221,172,120
"Os02g0152500",2621,2531,2401,2365,2661,2238
"Os02g0538900",78,66,54,42,42,68
"Os02g0517300",5172,4230,4021,4440,4416,4786
"Os02g0196300",2088,2101,1848,1836,1580,1495
"Os02g0613000",662,533,591,646,492,599
"Os02g0736200",1115,1223,473,766,1006,1030
"Os02g0740700",509,820,591,477,216,148
"Os02g0134100",74,88,67,99,29,29
"Os02g0151300",179,157,88,95,18,2
"Os02g0580800",3103,3153,3212,3507,5139,4644
"Os02g0553200",6609,6559,8044,10030,12852,12266
"Os02g0582900",34,148,98,41,39,6
"Os02g0796500",2220,1873,1676,1682,1603,1783
"Os02g0468500",153,136,137,140,178,214
"Os02g0799700",283,318,346,434,757,716
"Os02g0677800",1409,1653,1759,1869,2183,2118
"Os02g0805000",313,305,299,285,332,339
"Os02g0704500",1429,1559,1457,1591,1794,1626
"Os02g0473000",1794,1428,1386,1368,1518,1345
"Os02g0816000",14,4,8,16,12,12
"Os02g0682600",319,292,223,231,254,271
"Os02g0216500",1922,1832,1751,1930,1857,1930
"Os02g0770600",1083,1003,775,872,897,788
"Os02g0686400",573,621,433,470,351,434
"Os02g0161601",80,95,101,178,220,199
"Os02g0106100",15,20,7,46,53,158
"Os02g0184400",1909,1655,1504,1566,1678,1566
"Os02g0515000",2053,1839,2241,2662,3211,3312
"Os02g0574500",1137,648,466,541,624,686
"Os02g0696600",3521,3400,3724,3506,4643,4050
"Os02g0624700",14,4,14,18,17,8
"Os02g0128100",242,252,231,242,275,301
"Os02g0685600",710,693,617,704,711,670
"Os02g0462800",61,39,14,24,14,42
"Os02g0160500",463,533,463,916,970,1325
"Os02g0456800",1091,902,939,1073,1163,1178
"Os02g0820400",134,163,114,183,173,197
"Os02g0751800",152,176,210,144,108,98
"Os02g0162600",111,71,36,59,12,29
"Os02g0627100",1734,2759,2684,1206,316,194
"Os02g0557300",718,789,660,820,904,893
"Os02g0738600",37,45,44,36,31,27
"Os02g0272800",170,144,135,151,160,181
"Os02g0301500",1219,1255,1068,1133,1136,1238
"Os02g0147800",4029,3904,3152,3140,3232,3245
"Os02g0102300",37,18,26,19,86,37
"Os02g0707900",1117,837,768,903,1228,1088
"Os02g0653400",68,71,108,73,107,118
"Os02g0154100",30,4,15,20,24,20
"Os02g0304800",289,297,273,392,339,375
"Os02g0511500",2504,2354,2055,2051,2472,2492
"Os02g0603900",31,66,18,32,14,15
"Os02g0584800",965,1271,996,1279,863,959
"Os02g0820200",45,51,25,40,17,60
"Os02g0222100",471,518,326,328,323,287
"Os02g0705550",27,22,26,13,1,0
"Os02g0710102",1104,686,847,992,988,949
"Os02g0829400",429,414,379,521,439,443
"Os02g0694300",3555,2919,3385,3124,3054,3110
"Os02g0151400",1948,1904,1850,2072,2062,2307
"Os02g0556400",356,325,317,285,297,361
"Os02g0830900",1314,1186,1264,1226,1359,1289
"Os02g0316900",2772,2601,1924,2711,2671,2823
"Os02g0678200",96,138,83,153,70,51
"Os02g0223700",804,542,806,1025,1651,1843
"Os02g0625500",7466,9822,6360,5874,4193,3370
"Os02g0775100",14,10,10,7,20,12
"Os02g0206700",102,75,54,106,89,388
"Os02g0684000",88,119,102,64,46,71
"Os02g0139000",1564,1026,591,1430,1629,2247
"Os02g0717600",1075,1616,1302,1017,1076,956
"Os02g0591000",967,984,1474,1541,2412,2169
"Os02g0478700",2079,2691,1933,2242,1814,1889
"Os02g0757900",1028,1339,964,1202,1402,1251
"Os02g0552100",293,253,213,190,285,235
"Os02g0143200",16,44,36,20,10,22
"Os02g0624300",70,168,124,63,27,14
"Os02g0690300",16,6,6,13,18,6
"Os02g0120200",8,20,25,21,21,24
"Os02g0146700",5085,4591,3613,3938,2985,3269
"Os02g0663100",770,904,883,1324,1515,1733
"Os02g0803700",4269,4050,3067,3359,3133,2978
"Os02g0694201",1026,1145,898,792,688,572
"Os02g0627900",81,85,43,65,88,59
"Os02g0792100",590,600,567,589,553,365
"Os02g0301450",128,156,172,140,193,207
"Os02g0520800",2772,2844,2032,2305,2067,2262
"Os02g0736600",1760,1384,1155,1348,1168,1230
"Os02g0187700",67,58,95,170,291,295
"Os02g0573200",3368,3998,3874,5145,6533,6125
"Os02g0125200",30,51,19,24,17,21
"Os02g0557000",69,91,78,77,84,64
"Os02g0769100",141,148,116,100,133,132
"Os02g0205300",5726,5652,4047,4460,4115,3966
"Os02g0800000",4546,3927,4168,4782,5204,5262
"Os02g0713700",230,346,293,172,145,92
"Os02g0602100",3941,3801,3803,2869,3245,3061
"Os02g0609800",23,20,24,24,28,47
"Os02g0522800",842,810,884,894,992,971
"Os02g0791500",81,66,62,85,32,50
"Os02g0565500",97,102,103,100,98,125
"Os02g0312500",118,179,113,166,173,171
"Os02g0229400",82,88,91,103,155,152
"Os02g0192200",14,10,12,7,29,14
"Os02g0439700",1687,1740,1583,1750,1787,1819
"Os02g0725300",3278,3111,2504,2462,2190,2176
"Os02g0794700",5990,6494,4776,4551,3647,3621
"Os02g0643800",411,450,251,232,175,256
"Os02g0683800",62,79,184,115,341,205
"Os02g0188500",8,11,16,8,10,27
"Os02g0285800",10280,7140,8427,9184,9633,8391
"Os02g0305600",431,378,290,302,294,339
"Os02g0751100",9,2,16,23,8,12
"Os02g0804500",1838,1461,1342,1954,1571,1733
"Os02g0588500",125,90,753,642,1326,900
"Os02g0110400",509,615,496,594,460,571
"Os02g0226900",186,193,192,201,154,191
"Os02g0250400",5235,7467,5558,4347,3392,2671
"Os02g0186400",1243,879,1144,1646,1810,1816
"Os02g0321900",2751,2630,2155,2037,1622,1836
"Os02g0744700",1291,1464,1356,1800,2187,1968
"Os02g0172600",1701,1855,1628,1614,1793,1910
"Os02g0588600",91,37,145,119,222,210
"Os02g0795300",5994,6320,5362,6285,6626,6380
"Os02g0226400",16,14,19,30,30,19
"Os02g0605600",1928,2179,2033,2168,2545,2460
"Os02g0595200",105,156,126,214,317,332
"Os02g0262800",477,462,543,736,862,777
"Os02g0293350",131,80,67,86,88,77
"Os02g0631601",217,177,234,205,161,212
"Os02g0695600",68,76,105,90,112,116
"Os02g0794500",13,20,4,44,27,22
"Os02g0269200",204,321,187,227,253,222
"Os02g0775600",675,885,1129,1047,846,849
"Os02g0708500",232,200,211,215,244,182
"Os02g0799300",753,762,803,816,948,639
"Os02g0778300",866,952,781,986,1098,1084
"Os02g0705000",301,284,202,272,252,344
"Os02g0774500",16,24,10,28,8,16
"Os02g0608100",2299,2151,1823,1954,1971,1913
"Os02g0757700",20,19,13,43,58,67
"Os02g0153200",92,95,71,108,85,190
"Os02g0731500",448,341,407,440,980,400
"Os02g0760300",4832,5582,3528,4566,3518,3983
"Os02g0783100",280,235,228,259,270,330
"Os02g0323600",26,48,40,36,63,95
"Os02g0215000",1341,1423,1321,1283,1310,1246
"Os02g0143100",3011,2437,2241,3037,2870,3063
"Os02g0822600",2959,1651,2209,3770,3851,4224
"Os02g0232500",2797,2059,2661,2971,3258,3367
"Os02g0134400",3546,3872,2995,2849,2314,2095
"Os02g0671300",12,10,28,6,18,10
"Os02g0831700",326,299,209,252,219,163
"Os02g0471500",6223,7098,6371,5991,5660,5262
"Os02g0508500",1445,1336,1601,1718,1624,1701
"Os02g0710800",830,751,739,842,1061,947
"Os02g0759800",6844,6913,6511,6901,7671,7327
"Os02g0326100",52,55,59,65,107,94
"Os02g0816300",960,762,1123,1341,1695,1264
"Os02g0613200",1428,1600,1260,1585,1506,1554
"Os02g0772500",1024,812,814,939,964,833
"Os02g0139500",533,516,389,392,420,412
"Os02g0727200",30,64,40,44,82,114
"Os02g0709100",57,32,40,28,58,49
"Os02g0629200",30,17,18,40,47,81
"Os02g0741900",1485,1703,1330,1520,1418,1309
"Os02g0773500",336,348,461,588,901,898
"Os02g0560450",174,162,127,105,70,75
"Os02g0689200",3735,3332,3259,3178,2976,2358
"Os02g0794000",357,409,343,419,479,427
"Os02g0655100",291,425,357,317,289,290
"Os02g0192400",3309,2538,2168,2651,2040,2458
"Os02g0824600",17,39,53,45,43,59
"Os02g0203500",126,131,75,103,89,97
"Os02g0137500",4965,5078,4450,4954,4861,4428
"Os02g0612200",265,463,319,189,136,103
"Os02g0832150",39,87,65,135,118,89
"Os02g0593100",6,29,6,7,21,53
"Os02g0729100",152,146,111,113,154,110
"Os02g0674050",2,11,9,11,24,11
"Os02g0157200",36,22,23,40,32,35
"Os02g0718000",166,279,203,219,228,198
"Os02g0435000",2222,2377,2056,2011,2081,2138
"Os02g0133400",14,10,5,13,24,44
"Os02g0149600",20,5,12,26,4,10
"Os02g0182100",194,95,109,131,136,108
"Os02g0828500",8,2,6,16,10,11
"Os02g0576700",3787,3534,2895,3491,2955,3247
"Os02g0807100",1767,1651,1556,2156,2459,2249
"Os02g0827900",5109,5353,4347,4241,4418,4412
"Os02g0720200",33,19,23,21,10,16
"Os02g0815700",3200,2741,2701,3471,4035,3946
"Os02g0551700",397,490,296,212,140,130
"Os02g0180800",3567,3009,3101,4113,3899,3316
"Os02g0611500",125,124,103,157,145,100
"Os02g0136400",14,8,9,11,4,13
"Os02g0135800",1103,1353,1117,1161,895,945
"Os02g0556000",165,149,146,62,10,2
"Os02g0246600",318,292,274,374,429,358
"Os02g0189800",19,14,28,20,7,9
"Os02g0602800",602,678,543,569,587,475
"Os02g0827600",1123,900,1024,1607,1989,1725
"Os02g0712500",150,42,59,55,10,19
"Os02g0215900",50,26,43,83,68,80
"Os02g0815500",7081,7294,6604,9461,11272,10156
"Os02g0598350",620,585,476,533,485,568
"Os02g0819900",172,263,146,185,231,218
"Os02g0767500",5142,6198,4458,4632,4218,3686
"Os02g0180100",1390,1461,1060,1069,1120,1056
"Os02g0536100",257,284,191,205,218,195
"Os02g0244100",367,396,369,326,496,501
"Os02g0474700",3820,3828,2997,2900,2695,2599
"Os02g0197800",150,142,133,106,131,158
"Os02g0531200",1079,905,914,1146,1201,1175
"Os02g0664400",12,12,6,16,11,20
"Os02g0330601",123,79,107,136,143,146
"Os02g0160200",1373,1808,1699,1662,2611,2763
"Os02g0592400",1676,1438,1029,988,682,582
"Os02g0481000",445,419,342,333,364,347
"Os02g0320300",272,299,255,326,365,371
"Os02g0794900",1165,943,868,782,688,619
"Os02g0702400",114,158,124,112,112,114
"Os02g0281200",824,898,537,516,366,392
"Os02g0132500",3336,4649,3184,5695,8244,7139
"Os02g0116600",2572,2707,2531,2792,2983,2769
"Os02g0603600",2826,4097,3466,3168,3936,2406
"Os02g0228600",342,480,365,456,370,485
"Os02g0750500",578,652,575,611,516,445
"Os02g0193100",14,10,11,9,2,2
"Os02g0715200",44,51,32,45,38,50
"Os02g0699000",153,309,324,180,46,15
"Os02g0748100",881,914,741,797,689,866
"Os02g0465900",10950,13623,12374,12644,20609,18827
"Os02g0827400",78,97,71,124,61,71
"Os02g0705400",2363,2551,1910,1476,1037,1212
"Os02g0221300",61,53,37,49,39,41
"Os02g0494000",38,13,39,61,23,25
"Os02g0785900",338,293,233,271,256,231
"Os02g0681700",484,985,598,463,473,259
"Os02g0821200",2966,3344,2428,2899,2573,2546
"Os02g0805800",2181,2037,2082,2683,3050,2678
"Os02g0228300",9759,15018,8296,8596,7355,7783
"Os02g0566800",645,441,274,332,257,282
"Os02g0705300",801,778,851,702,875,1099
"Os02g0153100",470,595,425,526,364,351
"Os02g0189000",5058,4014,3738,4423,5198,4778
"Os02g0211900",112,142,118,109,89,94
"Os02g0582100",1157,1289,1071,1159,1045,928
"Os02g0302700",309,225,262,511,470,561
"Os02g0202700",14,11,18,4,14,23
"Os02g0145500",117,115,96,100,114,101
"Os02g0702000",1460,990,1066,1540,1467,1474
"Os02g0211500",73,32,38,39,29,42
"Os02g0115900",1241,1430,970,874,753,987
"Os02g0503100",1451,1605,1370,2421,3293,3075
"Os02g0591700",4801,5654,4459,5110,4765,4704
"Os02g0602601",18,34,14,18,27,13
"Os02g0752800",1510,1658,1293,1540,1447,1429
"Os02g0166600",2247,2558,2028,1322,1602,1275
"Os02g0167600",171,313,162,157,89,122
"Os02g0586500",1619,1714,1664,1557,1494,1463
"Os02g0138900",34,33,12,34,6,10
"Os02g0117200",183,210,147,84,80,83
"Os02g0822300",2337,2458,2149,2421,2570,2749
"Os02g0592700",149,116,156,256,334,297
"Os02g0202600",612,684,477,540,662,607
"Os02g0635000",1876,1841,2071,3096,4103,4295
"Os02g0533800",3054,2778,2094,2482,3238,3191
"Os02g0663300",118,96,102,120,82,84
"Os02g0216100",12,6,5,16,20,13
"Os02g0232100",116,167,120,91,98,124
"Os02g0705500",76,86,129,114,97,86
"Os02g0126500",172,125,153,150,153,193
"Os02g0829800",220,230,166,160,120,141
"Os02g0224200",2025,2045,1691,1767,1669,1696
"Os02g0260700",4714,5748,4731,4276,5145,4936
"Os02g0186900",176,223,237,256,309,276
"Os02g0555700",4,5,10,5,30,24
"Os02g0700400",704,770,717,973,1323,1367
"Os02g0577900",4,18,6,26,38,44
"Os02g0114600",1041,1152,1097,1074,1124,1310
"Os02g0197600",325,344,453,1162,2109,2296
"Os02g0695200",80,76,80,44,16,14
"Os02g0255000",865,863,757,913,1011,993
"Os02g0661900",217,292,189,115,116,122
"Os02g0235900",13,20,13,12,20,10
"Os02g0326200",1234,1125,1055,1251,1413,1457
"Os02g0690200",1536,2119,1310,1228,848,834
"Os02g0504000",5063,7113,4755,6421,5409,6137
"Os02g0141000",402,515,477,547,633,525
"Os02g0129700",2567,2201,2253,2462,1877,2370
"Os02g0740500",139,85,20,57,26,47
"Os02g0267000",945,883,824,1078,972,940
"Os02g0749450",590,489,459,573,604,654
"Os02g0647900",5,1,5,13,19,18
"Os02g0114300",185,60,86,60,40,74
"Os02g0121400",586,447,420,338,763,835
"Os02g0266800",622,745,465,471,478,470
"Os02g0463401",17,48,23,28,27,25
"Os02g0327700",2183,2373,1948,2119,1770,1641
"Os02g0678400",1854,2459,1901,2249,3135,2679
"Os02g0319100",5386,5235,4847,4411,4223,4259
"Os02g0621800",1525,2298,1443,1398,1698,1522
"Os02g0618250",80,65,69,85,20,36
"Os02g0801200",125,69,120,105,132,108
"Os02g0653300",88,120,109,154,164,127
"Os02g0774700",13,11,5,18,6,20
"Os02g0435400",561,485,545,568,515,603
"Os02g0774100",513,427,590,595,647,709
"Os02g0761500",93,67,73,75,82,70
"Os02g0459600",4,6,33,30,56,71
"Os02g0101600",35,32,28,35,7,19
"Os02g0125800",266,347,200,273,294,257
"Os02g0197500",141,164,125,125,123,111
"Os02g0680600",1293,2157,1195,1325,924,878
"Os02g0142250",43,29,16,33,43,33
"Os02g0808100",14,16,34,8,15,4
"Os02g0122100",397,432,347,358,353,446
"Os02g0572200",47,67,27,8,2,12
"Os02g0525100",410,383,368,206,398,349
"Os02g0136800",725,822,665,728,592,669
"Os02g0712400",708,850,719,547,752,785
"Os02g0805300",38,32,17,25,7,42
"Os02g0796750",172,139,120,161,145,176
"Os02g0156400",109,117,78,60,46,40
"Os02g0170100",187,188,169,150,205,196
"Os02g0831000",1326,1470,1104,1306,1202,1172
"Os02g0767200",39,149,51,27,53,11
"Os02g0129300",988,560,1498,1972,2704,2852
"Os02g0558300",122,229,212,265,277,305
"Os02g0834000",384,394,309,442,509,562
"Os02g0828100",139,128,172,189,260,350
"Os02g0327500",1359,1913,1478,807,451,213
"Os02g0743700",154,167,141,160,203,166
"Os02g0126700",874,898,746,857,820,819
"Os02g0218200",11677,10643,8501,8200,7402,7306
"Os02g0187300",202,100,185,231,243,281
"Os02g0273800",2017,1551,1590,2368,2604,2244
"Os02g0139400",2169,1676,2794,3079,4267,4100
"Os02g0321500",1663,1562,1848,2285,3288,3051
"Os02g0781700",3388,3687,3346,3409,5215,4789
"Os02g0562300",6979,6576,5862,5604,7403,6933
"Os02g0184300",4233,3330,4385,5785,7621,6354
"Os02g0695800",1000,777,1201,1474,1453,804
"Os02g0511901",27,12,18,29,12,33
"Os02g0714700",394,330,359,330,368,408
"Os02g0725200",5645,4346,4955,6867,7922,7841
"Os02g0746000",1851,1528,1698,1651,2042,1859
"Os02g0536500",1346,2214,1778,1391,445,477
"Os02g0816800",2010,2004,1419,1508,1381,1214
"Os02g0817600",4187,4051,4954,7223,9834,7331
"Os02g0156300",11,29,28,36,13,25
"Os02g0455400",133,257,169,122,156,106
"Os02g0831400",17,8,15,14,6,14
"Os02g0685200",1149,971,914,1153,1005,1343
"Os02g0225300",721,928,732,924,901,855
"Os02g0830000",147,154,167,100,160,150
"Os02g0771100",5938,4813,5217,4689,4899,4335
"Os02g0817000",36,20,23,25,31,41
"Os02g0583900",33,31,35,22,53,30
"Os02g0114000",9539,8960,8309,8873,8936,9048
"Os02g0131300",7192,6833,5729,5758,5937,5048
"Os02g0833400",2123,2097,1837,2264,2077,2017
"Os02g0480900",5385,4921,4327,4364,4549,4461
"Os02g0583000",96,59,61,331,155,114
"Os02g0827500",1583,1489,1188,1380,1340,1388
"Os02g0811200",381,698,169,99,18,4
"Os02g0684400",2539,2901,3031,2989,4889,4275
"Os02g0467400",246,298,228,208,334,395
"Os02g0830200",40,26,23,26,56,47
"Os02g0773800",97,110,88,167,100,84
"Os02g0640300",146,218,135,121,66,37
"Os02g0128300",1365,1292,1309,1571,1886,1934
"Os02g0601100",1263,1114,824,845,636,674
"Os02g0672700",2213,2488,2774,3093,4646,4186
"Os02g0194600",17,6,2,10,4,19
"Os02g0651000",239,254,245,235,257,333
"Os02g0105500",295,378,282,283,311,242
"Os02g0324300",5598,6137,5438,6044,7036,6622
"Os02g0522700",1440,1424,1279,1350,1346,1487
"Os02g0699850",11,12,26,15,22,20
"Os02g0129800",697,429,520,720,1887,2120
"Os02g0761400",3699,3170,2244,2648,1996,2116
"Os02g0661800",109,72,106,89,130,117
"Os02g0735900",1517,1591,1202,1322,1187,1356
"Os02g0626200",70,38,45,22,5,1
"Os02g0689900",45,19,81,58,79,42
"Os02g0761700",1929,1907,1811,1940,2285,2207
"Os02g0550800",33,51,10,23,11,13
"Os02g0141100",740,539,998,1132,1685,1650
"Os02g0189100",90,134,56,73,85,63
"Os02g0774200",176,202,125,99,21,45
"Os02g0497600",43,72,53,74,78,67
"Os02g0462300",348,248,386,478,519,525
"Os02g0657550",23,16,21,16,17,11
"Os02g0211800",85,69,54,67,64,61
"Os02g0714500",2489,2525,2007,1894,1852,1728
"Os02g0770700",207,132,161,245,249,259
"Os02g0734600",3687,4197,3849,3766,5225,4510
"Os02g0131100",4556,2767,3201,2933,3380,2598
"Os02g0131800",16,11,12,4,6,11
"Os02g0532300",739,1016,789,709,378,306
"Os02g0665250",179,134,182,203,480,570
"Os02g0599100",217,139,145,311,181,188
"Os02g0710500",749,979,584,490,337,244
"Os02g0575500",8085,6591,6712,9130,9590,9479
"Os02g0637800",811,750,606,750,758,863
"Os02g0509500",497,725,593,815,1220,1283
"Os02g0684600",563,537,456,467,425,438
"Os02g0694100",57,72,47,40,33,38
"Os02g0271900",1229,1104,890,1038,1242,1253
"Os02g0256100",21,19,12,5,16,20
"Os02g0122500",1342,1773,1740,2281,2842,2657
"Os02g0323000",49,53,19,47,62,96
"Os02g0119800",3346,3118,3021,3531,3454,3375
"Os02g0744100",662,852,687,736,906,917
"Os02g0211000",233,167,99,124,165,243
"Os02g0623500",2801,2333,2198,2549,2702,2488
"Os02g0555832",162,224,144,156,103,90
"Os02g0259600",4175,3196,3109,4803,4620,4957
"Os02g0557100",130,97,73,81,47,74
"Os02g0526600",124,122,136,139,221,219
"Os02g0804800",341,404,429,461,581,583
"Os02g0276500",2411,2418,1802,2490,2568,2679
"Os02g0102200",4,15,21,17,40,50
"Os02g0711000",748,816,593,886,713,737
"Os02g0645600",441,566,479,377,520,386
"Os02g0273700",1240,1392,1177,1542,1488,1606
"Os02g0133300",2377,2353,2238,2286,2706,2572
"Os02g0713900",25,16,10,10,6,17
"Os02g0227100",230,373,214,192,302,252
"Os02g0328600",2143,1856,2013,2295,2813,2387
"Os02g0254700",5274,5752,4031,4481,3234,3391
"Os02g0553000",164,351,152,90,73,22
"Os02g0162700",1106,1025,872,820,682,795
"Os02g0788500",581,489,490,816,732,769
"Os02g0482200",51,67,61,38,123,114
"Os02g0274900",7106,5973,4892,6921,5861,6218
"Os02g0163600",1012,1089,1360,1614,2222,2175
"Os02g0148300",1490,1351,1255,1211,1096,1021
"Os02g0238500",449,378,412,474,509,472
"Os02g0626100",12236,16446,9054,9862,3784,2930
"Os02g0832600",1168,1553,1159,1284,1461,1566
"Os02g0620200",61,80,49,84,89,94
"Os02g0625000",1653,1516,1499,1631,1917,1625
"Os02g0217500",634,654,548,542,727,641
"Os02g0459400",13,7,0,14,12,32
"Os02g0160000",172,214,199,214,298,212
"Os02g0320100",444,449,496,530,603,665
"Os02g0656600",126,269,199,90,21,8
"Os02g0542400",538,406,457,479,517,417
"Os02g0557800",985,1519,1710,3162,1816,1571
"Os02g0104800",931,1054,764,924,721,711
"Os02g0550300",546,535,471,466,481,449
"Os02g0461900",582,628,654,658,785,732
"Os02g0510600",381,275,313,479,335,394
"Os02g0236000",444,434,366,394,428,573
"Os02g0105100",2423,2467,2011,2298,1901,2038
"Os02g0558100",64,74,67,60,54,42
"Os02g0290500",329,285,224,389,275,363
"Os02g0254550",1772,1555,1378,1113,1320,1071
"Os02g0129900",900,952,1172,1219,1787,1576
"Os02g0325100",3536,3562,2740,3403,2908,3208
"Os02g0301100",270,107,364,295,332,545
"Os02g0111500",15,8,5,7,12,25
"Os02g0190500",57,29,37,67,16,33
"Os02g0651200",20,31,33,31,53,52
"Os02g0156200",165,168,131,181,148,150
"Os02g0319300",1330,1442,997,958,827,671
"Os02g0217600",1828,2101,1698,1758,1739,1707
"Os02g0597300",912,1114,826,704,566,504
"Os02g0568600",394,600,234,300,312,162
"Os02g0181900",257,202,90,199,99,98
"Os02g0782300",1814,1798,2388,1790,2966,2440
"Os02g0690700",3137,3266,2419,2483,2333,2043
"Os02g0707200",50,52,40,67,43,21
"Os02g0465400",3752,4333,3311,3258,3126,2887
"Os02g0100600",103,176,177,189,209,194
"Os02g0697550",4,15,6,11,9,13
"Os02g0715300",169,151,429,569,950,758
"Os02g0642600",16,10,26,4,29,54
"Os02g0142450",807,623,504,572,576,613
"Os02g0585100",163,239,173,188,104,117
"Os02g0175900",735,853,909,850,1019,975
"Os02g0182850",440,797,417,330,230,191
"Os02g0772300",118,108,83,150,130,136
"Os02g0768700",153,152,192,179,201,267
"Os02g0152300",34,14,13,16,16,18
"Os02g0170500",1908,2789,2189,2058,2329,2246
"Os02g0496300",776,645,771,1103,1209,1134
"Os02g0223200",16,27,16,29,25,23
"Os02g0503700",2,12,10,26,6,40
"Os02g0284600",2934,4535,3391,4441,4346,4215
"Os02g0667000",157,116,127,156,163,165
"Os02g0614200",845,941,764,778,641,726
"Os02g0224400",1677,1502,1262,1472,1550,1627
"Os02g0230000",100,85,59,64,79,54
"Os02g0640401",8,7,10,14,18,1
"Os02g0810900",10,38,0,41,8,20
"Os02g0709800",3815,3702,2461,2877,2351,2514
"Os02g0580900",343,180,216,572,212,253
"Os02g0280700",69,57,35,50,61,57
"Os02g0240300",2482,745,11914,8473,15487,19894
"Os02g0617700",414,436,325,320,207,298
"Os02g0161251",209,103,116,158,173,179
"Os02g0103600",74,45,24,39,10,18
"Os02g0604100",1141,1537,1325,1685,1869,1709
"Os02g0545000",826,890,639,651,719,600
"Os02g0527100",500,467,468,402,500,470
"Os02g0805700",256,277,209,227,246,260
"Os02g0433600",4187,4312,4061,4992,5677,5363
"Os02g0817700",17075,16236,10816,12991,11219,10809
"Os02g0719800",6386,6236,5580,5817,6177,5487
"Os02g0152900",2237,2046,1600,2259,2362,2158
"Os02g0215600",22,38,28,49,49,53
"Os02g0290600",2323,2298,1764,2040,2090,1994
"Os02g0818900",55,77,47,36,17,52
"Os02g0648100",13,26,23,11,21,23
"Os02g0134500",545,704,566,692,730,747
"Os02g0106700",258,215,237,305,336,337
"Os02g0593700",34466,37697,22776,27768,22180,26908
"Os02g0574100",46,38,20,51,34,67
"Os02g0744600",34,24,45,17,29,21
"Os02g0816600",3656,3166,2614,2562,1758,1819
"Os02g0771450",9,6,16,35,46,12
"Os02g0280100",2115,2277,1961,2169,2360,2522
"Os02g0621500",2007,1763,1397,1742,1841,1845
"Os02g0795900",767,648,570,467,461,583
"Os02g0106900",84,59,70,96,132,183
"Os02g0669900",27,13,12,18,10,26
"Os02g0671100",703,695,619,508,847,445
"Os02g0699836",8,11,7,5,16,12
"Os02g0644600",598,491,546,603,565,572
"Os02g0312800",473,397,356,525,430,378
"Os02g0216300",51425,63271,47722,64557,50335,39244
"Os02g0202800",569,657,481,526,374,339
"Os02g0159400",107,117,66,95,111,94
"Os02g0711900",145,182,190,229,281,230
"Os02g0728500",205,181,177,256,231,328
"Os02g0629400",605,742,473,403,204,173
"Os02g0166501",473,806,605,323,352,290
"Os02g0477700",643,820,581,529,468,537
"Os02g0266300",828,725,784,1021,1610,1621
"Os02g0833050",140,128,166,170,163,223
"Os02g0633300",731,702,747,1112,1460,774
"Os02g0600400",3931,4825,3264,2332,1817,1481
"Os02g0639900",1038,1313,972,1049,1279,1113
"Os02g0823800",1530,1488,1334,1548,1425,1434
"Os02g0174100",611,742,639,658,681,593
"Os02g0789600",653,434,310,507,386,425
"Os02g0699433",6,14,5,14,16,16
"Os02g0610500",2796,4071,3234,3100,4501,3058
"Os02g0165000",1248,1362,1560,1467,1945,1738
"Os02g0181300",5467,6296,6321,3952,5423,3738
"Os02g0816100",278,291,288,325,368,434
"Os02g0175500",2515,2549,1942,1612,1451,1227
"Os02g0682300",348,281,314,170,111,105
"Os02g0818500",29,21,22,28,54,43
"Os02g0274600",191,266,198,159,180,189
"Os02g0471300",154,247,176,132,125,37
"Os02g0690500",39,55,65,32,56,31
"Os02g0628100",137,178,78,70,64,103
"Os02g0294100",1199,954,1020,1112,957,1164
"Os02g0782100",2301,1910,1833,1826,1604,1814
"Os02g0745400",181,232,186,250,292,207
"Os02g0220600",1496,1353,1321,1436,1422,1538
"Os02g0554100",20,26,21,36,48,83
"Os02g0483800",10,10,22,16,28,16
"Os02g0255200",533,536,471,494,474,589
"Os02g0453600",13,4,12,10,7,12
"Os02g0739400",711,852,784,561,212,254
"Os02g0536300",16,8,12,6,8,24
"Os02g0277700",310,346,259,633,817,864
"Os02g0613600",609,644,536,573,616,613
"Os02g0152600",616,754,665,500,608,588
"Os02g0525600",9186,12323,7954,4865,8671,5279
"Os02g0215950",50,76,46,74,74,64
"Os02g0728600",946,1244,772,960,860,936
"Os02g0147500",147,144,157,148,166,140
"Os02g0104500",59,48,57,120,124,292
"Os02g0823900",139,147,124,251,222,269
"Os02g0468200",397,370,372,574,512,653
"Os02g0775900",37,61,26,83,52,50
"Os02g0122400",442,361,293,385,325,385
"Os02g0135700",1129,924,717,1122,786,936
"Os02g0771800",2228,2055,2032,2376,2667,2561
"Os02g0164800",76,110,99,143,121,87
"Os02g0774300",363,322,256,303,239,225
"Os02g0596900",340,280,167,262,181,250
"Os02g0588700",152,204,157,242,338,282
"Os02g0815400",672,547,894,1184,1777,1788
"Os02g0535700",138,142,120,116,94,114
"Os02g0697300",3720,4239,2949,2895,2229,2254
"Os02g0706600",45,70,79,122,145,197
"Os02g0189900",417,351,326,350,482,434
"Os02g0758200",48,68,48,20,16,0
"Os02g0730000",241,294,295,373,387,238
"Os02g0554900",220,285,146,178,199,164
"Os02g0789400",2003,2141,2080,2050,2330,2266
"Os02g0628800",3398,3851,2587,2700,2269,2086
"Os02g0132600",2089,1839,1644,2057,2079,2040
"Os02g0201900",360,436,293,340,411,374
"Os02g0184100",1775,1600,1230,1580,1771,1469
"Os02g0207500",31,38,53,34,56,54
"Os02g0504050",64,38,38,51,42,66
"Os02g0798700",1228,1052,983,971,1158,1269
"Os02g0524600",1208,1597,1214,1323,1748,2088
"Os02g0164600",245,252,215,313,277,248
"Os02g0550400",118,231,156,147,166,151
"Os02g0229800",12,14,20,13,11,10
"Os02g0225900",8,11,18,2,19,8
"Os02g0614400",1748,1933,1716,1910,1811,1808
"Os02g0543400",631,709,695,758,848,724
"Os02g0559400",26,18,14,12,16,14
"Os02g0533700",164,128,120,104,240,118
"Os02g0595800",491,495,513,513,485,482
"Os02g0156000",110,258,259,117,71,28
"Os02g0570400",15138,23123,9609,9246,971,138
"Os02g0203700",1020,1307,873,1271,1143,1057
"Os02g0178000",25,21,17,27,23,23
"Os02g0781800",545,514,572,371,379,426
"Os02g0507400",3469,3722,2910,2647,2813,3026
"Os02g0810500",59,30,34,18,13,11
"Os02g0319800",210,276,238,239,290,247
"Os02g0823100",3021,3885,1810,3376,2064,1437
"Os02g0753850",17,18,12,34,28,30
"Os02g0218700",48,28,22,12,6,0
"Os02g0462500",568,709,412,498,557,433
"Os02g0703900",468,612,468,496,504,502
"Os02g0832200",1093,1271,1224,1657,1957,1726
"Os02g0436400",1377,1273,1007,1042,925,958
"Os02g0639300",52,170,96,14,2,0
"Os02g0556900",424,361,300,302,288,306
"Os02g0199500",416,366,334,369,446,424
"Os02g0677600",902,849,1818,2366,4504,4373
"Os02g0215200",142,86,71,94,37,52
"Os02g0108800",199,366,114,178,180,153
"Os02g0698000",15844,13879,17143,23477,28496,27027
"Os02g0101800",1333,1213,1135,1314,1273,1228
"Os02g0723300",997,1108,944,1018,1092,911
"Os02g0498600",422,361,431,614,684,676
"Os02g0729200",44,65,77,58,64,90
"Os02g0122300",1130,965,665,764,564,599
"Os02g0301400",34,14,7,15,8,18
"Os02g0101000",1114,877,796,1009,838,944
"Os02g0790500",3003,3292,3052,2887,3712,3551
"Os02g0147300",400,431,342,491,567,521
"Os02g0762200",26,77,48,74,158,177
"Os02g0260400",679,441,434,487,433,393
"Os02g0631000",1787,1968,1604,1627,1873,1632
"Os02g0828900",20,34,10,42,79,78
"Os02g0228900",18,24,24,28,42,26
"Os02g0255500",1624,2474,2461,2298,3972,4524
"Os02g0602300",698,854,715,896,1064,1055
"Os02g0625100",36,22,27,57,44,58
"Os02g0735700",1948,2169,1699,1764,1864,1906
"Os02g0624400",103,105,93,96,79,73
"Os02g0307200",1155,1032,841,1052,865,1044
"Os02g0126000",1574,1256,1452,1395,1440,1241
"Os02g0315600",22,26,18,48,21,41
"Os02g0736400",2405,1449,885,1333,815,822
"Os02g0768800",775,718,606,704,597,654
"Os02g0235101",426,412,486,588,802,817
"Os02g0649400",33,36,33,30,30,35
"Os02g0109200",492,560,549,508,666,665
"Os02g0191000",20,10,1,7,6,13
"Os02g0553600",605,851,568,617,632,563
"Os02g0120600",68,72,44,92,100,98
"Os02g0601000",24,4,27,11,36,29
"Os02g0540700",84,140,127,116,74,89
"Os02g0200000",717,723,567,593,484,538
"Os02g0152200",569,528,581,478,525,645
"Os02g0192700",303,480,309,552,325,510
"Os02g0132300",1566,1865,1432,1212,1075,1119
"Os02g0306550",763,894,703,850,758,857
"Os02g0689600",32,30,18,20,19,8
"Os02g0490500",182,298,200,258,311,255
"Os02g0197200",119,157,142,251,269,365
"Os02g0831600",747,709,838,932,1164,1082
"Os02g0595500",583,850,599,623,736,638
"Os02g0612900",10032,9415,5656,8248,5901,9409
"Os02g0176650",209,232,179,211,165,153
"Os02g0101500",55177,53251,62173,84950,109641,106486
"Os02g0709900",1930,1735,1528,1750,2076,1875
"Os02g0322500",1297,1071,1060,1642,1681,1601
"Os02g0295700",1485,1423,1333,1313,1341,1479
"Os02g0810000",239,300,233,216,223,221
"Os02g0119300",1382,1385,963,934,899,888
"Os02g0176300",31,17,29,43,74,97
"Os02g0831300",778,758,687,635,712,646
"Os02g0495400",899,857,792,956,959,952
"Os02g0557200",1855,1897,1626,1684,1636,1549
"Os02g0721800",681,672,535,557,413,353
"Os02g0524800",6,16,14,10,17,14
"Os02g0236200",1372,1683,1285,1266,1149,1149
"Os02g0230200",186,233,173,197,196,238
"Os02g0773300",3967,3879,3430,3871,3513,3548
"Os02g0787100",1535,1282,1178,1361,1331,1486
"Os02g0714300",530,409,508,512,733,797
"Os02g0332450",20,8,18,12,0,4
"Os02g0139300",100,80,110,77,114,101
"Os02g0178500",77,69,42,75,24,38
"Os02g0211150",63,68,50,63,41,52
"Os02g0826100",1785,1504,1543,1673,1849,1747
"Os02g0809100",265,557,432,379,352,216
"Os02g0704800",4383,4616,3441,3872,3558,3539
"Os02g0489500",261,253,246,440,580,613
"Os02g0776400",176,362,120,246,185,139
"Os02g0810300",1894,2012,1537,1738,1517,1675
"Os02g0234450",59,54,58,35,84,69
"Os02g0597000",424,482,333,475,499,493
"Os02g0150100",1583,1581,1338,1662,1866,1705
"Os02g0201000",3488,3366,3321,3758,4305,3830
"Os02g0161200",1276,1005,1211,1404,1493,1698
"Os02g0552000",1927,2043,1554,1566,1485,1606
"Os02g0165200",31,20,15,21,7,9
"Os02g0636300",1943,1685,1441,2039,1953,1700
"Os02g0803400",732,783,670,646,894,901
"Os02g0145000",2233,1980,1984,2230,2109,2329
"Os02g0247200",542,420,399,323,384,451
"Os02g0594900",1010,966,980,1298,1573,1613
"Os02g0834300",2,2,4,12,10,10
"Os02g0157100",16,7,10,7,22,10
"Os02g0556700",556,659,521,604,603,783
"Os02g0570700",458,883,334,320,32,7
"Os02g0761900",2897,4378,2663,3261,3056,2745
"Os02g0158600",677,948,635,705,636,544
"Os02g0495900",506,672,476,463,488,496
"Os02g0747500",182,147,88,100,81,82
"Os02g0731600",949,1181,1282,1919,3000,2638
"Os02g0802400",1616,1953,1737,1817,1757,1881
"Os02g0520100",38,52,35,36,28,6
"Os02g0161000",919,869,711,678,672,675
"Os02g0782800",33,40,21,45,51,83
"Os02g0652550",0,7,5,10,10,16
"Os02g0708400",779,850,938,980,1213,1132
"Os02g0198000",14,10,26,53,69,70
"Os02g0658900",480,699,460,616,606,594
"Os02g0632500",995,887,761,753,694,811
"Os02g0614100",3076,3692,2809,2509,2880,2321
"Os02g0218300",201,201,245,239,441,412
"Os02g0651500",544,585,542,494,429,535
"Os02g0599400",10,2,26,50,111,68
"Os02g0306100",243,297,243,310,263,290
"Os02g0530100",393,413,282,1140,2648,2146
"Os02g0256200",10,2,12,24,29,12
"Os02g0788400",2441,2707,2275,2723,2632,2724
"Os02g0177700",156,197,213,201,227,275
"Os02g0515100",75,93,92,88,109,97
"Os02g0702100",28,18,12,22,2,8
"Os02g0717700",119,164,128,128,163,171
"Os02g0597950",557,911,754,675,708,634
"Os02g0445700",606,777,771,917,964,871
"Os02g0693500",2255,2344,2160,2974,4054,4103
"Os02g0539100",2678,2699,2010,1986,2429,2002
"Os02g0535400",1056,1256,1083,1001,1033,1042
"Os02g0158400",704,744,609,831,875,765
"Os02g0681632",283,483,348,261,304,156
"Os02g0779200",1952,2314,1999,2439,2816,3190
"Os02g0566700",404,441,330,395,414,340
"Os02g0782700",2760,2940,2522,2445,1827,2157
"Os02g0302500",519,497,677,979,1186,1216
"Os02g0711100",313,403,312,462,458,368
"Os02g0593600",181,200,174,119,234,170
"Os02g0711200",450,368,424,475,458,464
"Os02g0124866",2289,2178,2343,2583,2851,2699
"Os02g0146600",5350,5294,3515,3998,2886,3503
"Os02g0697500",63,46,34,48,34,87
"Os02g0671200",1220,1828,1438,1616,3702,2127
"Os02g0828300",27,6,9,9,10,16
"Os02g0802301",130,107,88,167,87,74
"Os02g0642700",225,274,247,249,291,250
"Os02g0626400",13279,16029,11950,8476,4126,2552
"Os02g0279800",574,735,589,529,476,519
"Os02g0274700",3494,4059,3452,3034,3239,3017
"Os02g0753300",377,380,409,599,655,775
"Os02g0182800",8434,8653,8498,9633,11527,11029
"Os02g0490000",31,39,20,32,52,24
"Os02g0227400",3548,3126,3097,3391,3292,3406
"Os02g0689800",3159,3159,2760,2731,2684,2999
"Os02g0805900",1894,1945,1675,1865,2038,1876
"Os02g0579600",87,134,104,68,87,45
"Os02g0731300",328,286,305,324,319,306
"Os02g0541700",896,1100,621,742,547,524
"Os02g0767900",236,259,324,368,335,441
"Os02g0798600",4179,4586,3577,3431,3646,3461
"Os02g0673000",80,104,68,70,28,79
"Os02g0110700",1612,1649,1579,1815,2115,1992
"Os02g0669100",2126,927,787,1084,639,632
"Os02g0667600",284,354,229,248,297,329
"Os02g0632800",649,846,1009,583,435,581
"Os02g0792900",8267,10145,7552,9107,8790,8583
"Os02g0174700",60,48,55,56,76,64
"Os02g0706400",840,642,995,932,1063,1193
"Os02g0318600",14,5,23,34,37,37
"Os02g0833300",1494,1932,1590,1847,2027,1945
"Os02g0596000",1521,1293,1663,2279,3366,3381
"Os02g0769900",92,138,123,186,196,213
"Os02g0115700",9970,24235,6236,17538,15717,15588
"Os02g0606200",4360,5366,5808,8243,15292,11657
"Os02g0749000",737,596,783,1103,1051,1147
"Os02g0679500",253,233,187,161,159,144
"Os02g0629600",4,12,12,2,8,18
"Os02g0801900",748,960,870,784,1078,1097
"Os02g0781600",320,297,242,314,301,301
"Os02g0661300",66,81,81,96,121,112
"Os02g0252600",356,252,242,300,265,326
"Os02g0133800",2589,3402,2018,2433,1922,2011
"Os02g0566300",688,693,412,318,241,193
"Os02g0130000",634,776,479,622,535,526
"Os02g0618100",275,152,174,246,165,260
"Os02g0152400",227,169,148,175,127,122
"Os02g0276900",169,247,209,214,283,317
"Os02g0693400",14,20,5,11,14,1
"Os02g0328550",186,165,211,205,284,277
"Os02g0806900",1632,2102,1469,984,590,539
"Os02g0566400",216,186,136,116,150,128
"Os02g0137800",1954,2576,2055,1635,2251,1841
"Os02g0220400",325,284,406,1035,652,730
"Os02g0826400",1644,2312,2021,2318,3076,3376
"Os02g0275200",5097,7601,5500,4335,3359,2406
"Os02g0212400",90,68,29,35,8,5
"Os02g0550700",1177,1120,1147,1237,1257,1232
"Os02g0760000",68,30,24,20,22,38
"Os02g0170900",89,130,121,106,203,168
"Os02g0644500",565,848,556,629,628,526
"Os02g0672400",1080,1096,852,972,1091,1015
"Os02g0173500",2360,2260,1833,2053,1980,2180
"Os02g0730300",3542,4026,3046,3089,3538,3267
"Os02g0699700",94,78,84,77,64,112
"Os02g0589700",50,52,66,96,148,141
"Os02g0218500",16,14,3,11,11,12
"Os02g0277600",871,858,812,811,947,1037
"Os02g0119100",272,257,250,289,348,312
"Os02g0464500",516,413,303,442,358,384
"Os02g0475300",2364,2626,2087,1615,1279,1381
"Os02g0599700",2159,2271,2089,2581,3288,3380
"Os02g0732500",637,578,459,523,419,417
"Os02g0249700",91,70,68,62,70,83
"Os02g0591900",1993,1681,1748,2267,2988,2891
"Os02g0148000",1132,1274,979,1892,1596,1456
"Os02g0732200",5,2,8,12,36,13
"Os02g0438700",282,322,240,308,321,293
"Os02g0134000",530,871,480,452,257,243
"Os02g0137450",431,276,330,345,316,329
"Os02g0657600",216,282,319,131,79,54
"Os02g0770100",851,853,762,772,734,736
"Os02g0829900",225,232,157,173,223,231
"Os02g0518000",880,981,865,886,1351,1100
"Os02g0689066",7,8,14,14,12,8
"Os02g0453800",254,288,270,284,303,356
"Os02g0637900",377,365,286,313,376,391
"Os02g0176100",1715,1212,1576,1878,2360,2769
"Os02g0610700",2168,1970,2261,2722,3448,2888
"Os02g0658500",1715,1971,1933,2358,3256,3307
"Os02g0498100",339,388,352,387,751,601
"Os02g0100100",2989,3603,2364,2620,2311,2228
"Os02g0258800",110,55,29,84,76,91
"Os02g0821800",270,362,351,382,412,384
"Os02g0688500",659,707,561,530,499,581
"Os02g0102600",2221,2611,2630,3173,3363,2939
"Os02g0250700",793,730,792,937,1004,938
"Os02g0251800",98,132,185,134,276,217
"Os02g0276400",541,481,473,552,561,502
"Os02g0241600",1008,886,847,903,997,1080
"Os02g0288400",22,18,24,30,8,4
"Os02g0649900",18,22,16,18,13,27
"Os02g0505400",1044,1008,760,848,1048,1001
"Os02g0184000",3048,3077,2574,2604,2519,2424
"Os02g0534400",421,502,225,277,111,143
"Os02g0590850",6,9,19,27,41,20
"Os02g0745000",2675,2240,1998,2489,2183,2126
"Os02g0798000",355,341,322,446,499,577
"Os02g0161900",55342,73165,62628,63718,64134,49660
"Os02g0176700",1655,1518,1281,1655,1506,1326
"Os02g0219900",2210,2848,2129,3107,2880,3153
"Os02g0819300",11081,9201,6932,7456,5666,6722
"Os02g0456500",449,375,245,279,287,332
"Os02g0182500",466,633,445,554,507,471
"Os02g0465000",971,851,972,1248,1565,1611
"Os02g0130300",1337,1502,1149,1238,1371,1397
"Os02g0575700",322,233,165,226,257,298
"Os02g0562700",2128,2063,1804,2336,2258,2132
"Os02g0653800",476,491,414,351,309,244
"Os02g0752000",1192,1260,1025,923,744,722
"Os02g0152700",3555,2995,2788,3015,3093,3409
"Os02g0775200",1008,1033,905,1029,1064,1052
"Os02g0640800",8170,7570,11079,13319,15764,15302
"Os02g0284800",21,20,20,16,0,22
"Os02g0185300",62,16,11,21,5,33
"Os02g0187500",1432,1612,1404,1789,1990,1855
"Os02g0154000",485,514,301,289,132,93
"Os02g0582800",468,1145,696,477,310,283
"Os02g0793300",2511,2399,1537,1413,1175,982
"Os02g0679200",66,70,66,51,45,69
"Os02g0549850",27,32,8,20,26,35
"Os02g0733500",127,121,142,95,106,101
"Os02g0776800",544,537,451,526,457,402
"Os02g0257300",375,231,802,1285,1675,1537
"Os02g0236100",1440,1357,1132,1377,1286,1285
"Os02g0135200",1366,1775,1022,962,782,705
"Os02g0831200",514,532,520,833,991,979
"Os02g0722500",843,991,702,829,613,614
"Os02g0750100",2189,2949,3521,4070,5592,5221
"Os02g0594100",1986,2239,1663,1943,1873,1817
"Os02g0510300",654,787,722,660,792,778
"Os02g0822900",2301,2800,2620,2348,2348,1477
"Os02g0823000",451,553,436,426,405,408
"Os02g0324700",1962,2807,2374,2195,1496,1034
"Os02g0135500",3088,4968,3441,2982,3242,2853
"Os02g0327100",1180,1667,1428,1549,1821,1602
"Os02g0821400",524,586,660,655,1148,853
"Os02g0567100",2672,3346,3211,4537,5414,5093
"Os02g0510000",3419,3258,3182,3281,3332,3680
"Os02g0233200",28,75,51,22,57,44
"Os02g0581300",3208,3346,2809,3079,2929,2910
"Os02g0742500",695,660,626,671,680,549
"Os02g0637700",1305,1404,1132,1003,750,696
"Os02g0332700",154,101,151,168,268,257
"Os02g0818450",11,15,8,5,11,12
"Os02g0702500",5255,5440,4740,5694,5986,5604
"Os02g0147200",1272,1344,1281,1147,1275,1035
"Os02g0204700",12,32,18,12,8,1
"Os02g0742700",163,153,181,131,93,29
"Os02g0672800",1392,1533,1115,1322,1117,1166
"Os02g0610400",972,933,619,803,797,779
"Os02g0567000",449,677,556,597,668,619
"Os02g0105000",557,558,447,500,521,435
"Os02g0230250",82,64,70,67,70,61
"Os02g0114700",1569,1482,1324,1379,1227,1306
"Os02g0652600",3238,2770,3041,5032,5660,5480
"Os02g0526700",12,15,42,44,93,54
"Os02g0528750",200,224,187,271,309,292
"Os02g0743500",4520,4285,4140,4511,5115,4044
"Os02g0572900",833,1315,922,931,767,662
"Os02g0556100",1635,1626,1025,1190,963,848
"Os02g0605400",54,69,63,58,58,60
"Os02g0824400",735,773,572,731,681,743
"Os02g0770500",198,161,117,81,17,16
"Os02g0193000",578,1023,647,657,638,623
"Os02g0310400",270,383,355,423,581,576
"Os02g0816200",30,21,32,37,32,51
"Os02g0634600",254,280,193,234,153,204
"Os02g0125100",5517,5037,4820,5142,5899,6120
"Os02g0816500",549,637,441,456,503,468
"Os02g0665000",1150,1040,1094,1502,1411,1501
"Os02g0817900",673,357,993,883,1216,1548
"Os02g0701300",2,0,12,18,13,24
"Os02g0200900",12673,12539,13655,15539,19984,22392
"Os02g0518600",375,507,480,482,531,571
"Os02g0158800",10,26,24,18,58,43
"Os02g0194300",120,169,146,217,232,290
"Os02g0265700",3256,3709,3098,2967,3213,3037
"Os02g0762800",4,14,10,2,24,26
"Os02g0156100",214,327,289,283,312,354
"Os02g0197125",750,702,928,1562,2083,2499
"Os02g0824800",567,677,487,643,600,464
"Os02g0227200",2557,2696,2018,1960,1373,1741
"Os02g0550000",431,492,370,372,267,252
"Os02g0641000",34,5,19,13,14,14
"Os02g0704600",2970,2984,2558,2743,2575,2643
"Os02g0759700",62,101,66,46,59,33
"Os02g0219800",66,56,73,81,142,73
"Os02g0665300",9,31,8,16,21,15
"Os02g0580500",154,79,92,107,48,91
"Os02g0688900",1011,1071,869,1006,859,797
"Os02g0332800",169,81,180,172,305,234
"Os02g0181800",2843,2915,2220,2631,2840,3072
"Os02g0626532",15,29,21,9,6,0
"Os02g0824900",8,12,5,21,11,13
"Os02g0642300",679,792,532,614,607,505
"Os02g0437300",3546,3360,3780,3857,5391,4480
"Os02g0168000",1415,1562,1248,1104,1085,1003
"Os02g0494400",160,161,164,218,168,182
"Os02g0292600",113,117,127,144,148,122
"Os02g0167700",4285,3697,2895,3574,3030,3136
"Os02g0700500",483,642,420,796,1208,1047
"Os02g0245000",2742,3123,2837,3181,3423,3472
"Os02g0769200",12,26,14,6,10,10
"Os02g0548900",54,62,45,62,63,68
"Os02g0651900",170,73,92,248,101,152
"Os02g0745700",3396,3807,3209,2920,3038,2683
"Os02g0517531",9399,9625,7541,8910,6858,7084
"Os02g0815600",1245,1293,1348,1507,1430,1647
"Os02g0537700",14540,14216,13691,19184,21348,21627
"Os02g0797200",953,1049,752,1015,804,869
"Os02g0504900",239,200,167,214,168,169
"Os02g0709600",11,8,6,18,23,24
"Os02g0255700",6570,4979,6230,9782,11265,10141
"Os02g0512300",799,767,787,1008,1017,1010
"Os02g0200800",337,198,274,237,260,296
"Os02g0549600",57,75,47,47,51,95
"Os02g0150300",864,941,688,725,748,645
"Os02g0739000",7334,5420,6688,9287,10762,10865
"Os02g0160400",39,46,31,20,49,34
"Os02g0128000",129,209,77,224,350,454
"Os02g0600000",244,190,290,287,367,301
"Os02g0457250",4,10,10,12,12,14
"Os02g0146400",3703,3508,3051,3551,3167,3333
"Os02g0168500",144,139,115,77,101,78
"Os02g0552550",79,75,95,114,109,95
"Os02g0684300",1016,1122,682,763,633,617
"Os02g0531450",84,71,52,70,154,119
"Os02g0786200",4803,4547,3873,4547,5090,4790
"Os02g0550100",1480,1860,1496,1832,1681,1511
"Os02g0822000",698,606,511,557,574,617
"Os02g0819200",647,664,628,542,707,628
"Os02g0109100",1361,1443,1119,1253,1212,1481
"Os02g0666800",1913,2198,1430,1479,1343,1199
"Os02g0803250",23,18,20,12,19,15
"Os02g0580300",962,1090,950,1178,1227,1254
"Os02g0469300",233,164,143,201,214,141
"Os02g0114200",408,229,118,294,159,197
"Os02g0574900",2555,2453,2151,2121,2181,2061
"Os02g0116900",2008,2503,1981,2267,2480,2266
"Os02g0469600",27458,33333,24272,32867,32462,31761
"Os02g0665600",41,23,22,32,35,36
"Os02g0729700",10,22,18,13,11,8
"Os02g0234400",76,65,34,50,84,50
"Os02g0229000",3037,3659,3226,3591,3377,3524
"Os02g0184500",4642,4348,3884,4211,4539,4248
"Os02g0565200",680,910,731,727,795,896
"Os02g0562600",4278,6675,4221,2164,779,311
"Os02g0595900",7,20,5,17,10,4
"Os02g0318500",44,32,89,99,78,87
"Os02g0556800",4141,4430,3981,4970,6536,6149
"Os02g0827300",8196,8240,7456,8222,9314,8519
"Os02g0606300",1146,979,892,903,887,774
"Os02g0686500",521,544,424,502,638,580
"Os02g0139900",44,17,12,26,8,15
"Os02g0760600",30,21,28,55,71,47
"Os02g0484200",165,4,10,66,10,91
"Os02g0589400",267,228,369,318,471,487
"Os02g0670000",541,426,470,408,552,622
"Os02g0654400",4418,4179,3373,3561,3630,3616
"Os02g0496900",444,759,476,533,342,383
"Os02g0142300",1550,1348,1430,1596,1572,1557
"Os02g0264700",865,721,791,955,692,889
"Os02g0313700",4918,4704,3416,2823,1921,1708
"Os02g0777400",8,18,45,22,16,27
"Os02g0193800",1277,1299,1031,984,832,735
"Os02g0224100",3583,3977,3439,2626,4357,3727
"Os02g0483500",483,482,512,446,635,567
"Os02g0664200",4537,4912,3713,4017,3762,3983
"Os02g0220700",3931,3924,3083,3197,3269,2764
"Os02g0128400",36,10,18,10,26,65
"Os02g0822800",1696,1935,1603,1642,1526,1389
"Os02g0788133",6,7,4,18,28,13
"Os02g0313400",2091,1702,1681,1635,1726,1854
"Os02g0700600",1092,1081,966,1107,1122,1055
"Os02g0107350",29,33,30,92,143,162
"Os02g0670900",5696,6968,5979,7245,8079,4949
"Os02g0664700",1145,1430,1072,1562,1682,1420
"Os02g0153700",400,360,383,464,669,891
"Os02g0633400",1059,1117,995,1065,1008,928
"Os02g0123600",2011,1802,1474,1479,1440,1350
"Os02g0142800",106,79,71,125,90,103
"Os02g0328300",2961,2942,2838,4206,4711,4172
"Os02g0120300",160,149,140,177,147,118
"Os02g0195566",17,15,11,15,4,6
"Os02g0467700",873,917,945,865,957,998
"Os02g0639700",1612,1497,1321,1387,1486,1613
"Os02g0591600",374,306,292,382,352,351
"Os02g0704000",256,180,253,668,854,1116
"Os02g0310200",4808,6426,6152,6382,7808,7887
"Os02g0157950",219,364,273,250,389,505
"Os02g0190000",155,213,151,190,228,179
"Os02g0247000",49,35,32,56,28,49
"Os02g0599151",86,84,38,86,81,86
"Os02g0241100",1910,2677,1690,1543,1015,708
"Os02g0665200",1020,786,759,723,686,802
"Os02g0187800",1610,2601,1263,1518,371,274
"Os02g0704300",1185,1168,785,683,483,480
"Os02g0141500",234,294,257,249,253,322
"Os02g0167200",260,207,215,200,256,191
"Os02g0216700",425,524,525,548,513,507
"Os02g0749200",41,66,72,79,77,90
"Os02g0527200",405,297,465,389,461,572
"Os02g0108100",27,43,36,35,52,28
"Os02g0600200",5387,5205,5893,7007,9825,8605
"Os02g0526000",132,78,327,150,185,218
"Os02g0145200",232,198,167,257,164,181
"Os02g0805500",624,548,512,624,640,671
"Os02g0119600",115,106,126,53,41,54
"Os02g0317400",491,534,472,334,389,302
"Os02g0251200",122,68,77,86,77,94
"Os02g0828400",39,24,33,15,20,16
"Os02g0569400",1442,3587,1478,1883,152,27
"Os02g0764500",999,828,1158,1703,2011,1898
"Os02g0606900",318,224,264,341,355,332
"Os02g0566900",506,482,440,491,412,502
"Os02g0829000",18,3,14,18,10,16
"Os02g0127700",1760,1525,1402,1730,1773,1761
"Os02g0457500",14,10,4,9,8,18
"Os02g0194800",1848,1753,1496,1582,1540,1423
"Os02g0827200",992,1205,970,930,866,852
"Os02g0241200",68,76,89,109,76,100
"Os02g0532401",37,21,20,18,0,6
"Os02g0821900",3821,3736,2801,2853,2656,2798
"Os02g0210600",11,6,4,12,7,16
"Os02g0759900",2367,2099,2338,3201,3748,2966
"Os02g0633600",109,47,70,31,14,17
"Os02g0601300",1268,771,638,727,516,504
"Os02g0696650",664,550,688,638,790,763
"Os02g0676000",2382,2431,1882,1914,1715,1693
"Os02g0782600",1688,1496,1343,1544,1752,2187
"Os02g0699466",24,31,16,18,21,22
"Os02g0245200",1312,1092,1329,1622,1646,1647
"Os02g0159700",717,675,555,602,487,531
"Os02g0514326",39,51,25,19,12,11
"Os02g0222500",322,266,137,309,167,118
"Os02g0666250",13,11,7,10,10,11
"Os02g0804600",491,806,524,625,936,556
"Os02g0438200",2459,2191,1931,1714,2008,1890
"Os02g0101700",6127,5607,4444,4866,3946,4223
"Os02g0266900",0,15,23,0,0,29
"Os02g0120400",114,142,94,120,80,184
"Os02g0133900",19,26,12,21,23,38
"Os02g0107000",2143,2339,2163,2330,2308,2326
"Os02g0800100",1699,2211,1522,1720,1634,1543
"Os02g0667050",105,114,141,137,215,247
"Os02g0611400",1034,1047,805,863,941,957
"Os02g0720450",317,519,370,321,245,159
"Os02g0555100",143,204,164,135,148,142
"Os02g0791700",152,129,76,136,214,297
"Os02g0650500",777,806,625,552,469,495
"Os02g0302900",84,60,36,26,40,22
"Os02g0699600",2464,3744,2841,3510,3301,3046
"Os02g0741700",187,180,233,195,166,126
"Os02g0149900",27,69,52,17,39,45
"Os02g0118850",251,327,204,179,185,146
"Os02g0742550",313,339,300,409,340,320
"Os02g0104150",27,12,7,19,17,34
"Os02g0655800",28,26,31,34,40,47
"Os02g0435600",967,875,761,1039,991,984
"Os02g0588300",28,5,22,8,28,41
"Os02g0275100",563,688,485,537,486,469
"Os02g0179450",14,15,14,28,36,46
"Os02g0202200",86,80,34,58,66,40
"Os02g0274000",1438,1805,1308,1357,1410,1456
"Os02g0196800",3856,2237,2391,2511,3279,4075
"Os02g0832000",23,14,4,19,20,13
"Os02g0304900",1056,1457,958,931,1056,1018
"Os02g0718900",17735,20101,15292,13722,11735,12112
"Os02g0539500",259,336,261,192,189,186
"Os02g0759500",111,102,94,102,93,107
"Os02g0723200",28,70,71,76,59,83
"Os02g0664150",1072,875,823,735,724,702
"Os02g0753700",16,24,20,37,26,2
"Os02g0693000",203,309,314,229,222,180
"Os02g0633066",715,724,711,736,748,1090
"Os02g0654600",27,16,30,30,44,8
"Os02g0654700",855,1484,1188,619,396,270
"Os02g0522100",97,77,88,73,75,77
"Os02g0540400",103,83,65,49,22,15
"Os02g0143300",16,9,15,5,12,10
"Os02g0462900",768,778,575,687,611,550
"Os02g0782200",1911,2010,1664,1893,2099,1949
"Os02g0231600",319,357,237,262,209,305
"Os02g0557600",1365,1324,934,1049,897,1044
"Os02g0279600",1067,1066,899,1046,1072,976
"Os02g0551400",1394,1445,1352,1448,1497,1565
"Os02g0173900",2284,2696,1843,2623,2399,2118
"Os02g0117800",400,371,280,301,358,396
"Os02g0504700",152,121,156,165,77,91
"Os02g0772100",5,25,5,40,23,14
"Os02g0510200",6610,7020,7336,9147,10854,8761
"Os02g0114400",64,40,21,12,27,20
"Os02g0120100",218,216,297,141,90,80
"Os02g0613300",18,15,12,16,12,8
"Os02g0777700",1599,1179,1259,1261,1338,1588
"Os02g0451900",130,149,123,211,201,220
"Os02g0234200",154,97,108,108,199,136
"Os02g0183900",102,56,58,87,69,58
"Os02g0321800",310,325,262,316,263,264
"Os02g0710900",143,122,83,91,64,76
"Os02g0504500",5244,5970,4539,4547,4579,4269
"Os02g0686700",30,14,4,0,4,20
"Os02g0467200",176,306,192,233,200,229
"Os02g0265900",3231,3138,2304,2756,2644,2820
"Os02g0306900",134,112,103,127,108,86
"Os02g0816400",18,2,2,18,10,26
"Os02g0793100",225,217,178,266,259,240
"Os02g0111600",3473,6616,3798,3397,2530,2407
"Os02g0278400",138,104,109,140,205,175
"Os02g0758100",765,703,525,752,591,509
"Os02g0216400",98,189,127,250,174,160
"Os02g0479300",24,41,20,37,48,50
"Os02g0117100",3321,2809,3119,3600,3928,3691
"Os02g0806600",9085,9300,8271,7091,7530,7347
"Os02g0833100",618,476,684,827,1176,896
"Os02g0555300",51,33,23,39,112,92
"Os02g0272900",440,370,285,264,321,298
"Os02g0142850",10,2,13,8,12,5
"Os02g0699800",233,202,230,281,263,283
"Os02g0617200",36,56,22,30,16,30
"Os02g0645100",326,398,219,276,200,272
"Os02g0139600",41,62,31,25,27,23
"Os02g0728100",2648,2058,2376,2713,3495,3359
"Os02g0255801",1575,1067,1274,2011,2031,2153
"Os02g0644000",1587,1571,1532,1624,1663,1486
"Os02g0504200",120,187,92,134,123,59
"Os02g0671800",135,83,54,40,6,22
"Os02g0513800",13,7,12,21,4,8
"Os02g0652000",46,88,104,124,226,197
"Os02g0635600",78,66,140,118,163,193
"Os02g0705600",1624,1676,1334,1304,1380,1389
"Os02g0149500",25,20,18,16,26,30
"Os02g0199300",502,352,606,913,1130,1108
"Os02g0638000",973,1028,921,924,818,763
"Os02g0186700",258,273,186,203,182,296
"Os02g0138200",707,631,608,608,743,831
"Os02g0251700",505,463,552,572,890,820
"Os02g0635200",1523,1809,1133,1174,1010,919
"Os02g0750600",2173,2346,1817,1878,2124,2071
"Os02g0214400",14,2,6,22,10,10
"Os02g0133100",2253,2411,2050,1850,1909,1873
"Os02g0104200",3699,4021,3672,3567,4084,3970
"Os02g0103800",255,246,247,309,362,354
"Os02g0478500",389,418,404,458,486,423
"Os02g0157300",28,16,8,30,37,55
"Os02g0539200",18,36,36,16,2,2
"Os02g0744682",92,99,130,195,187,130
"Os02g0816900",4934,4072,4028,3926,3660,3780
"Os02g0565100",367,333,249,324,340,356
"Os02g0214500",21,14,12,10,4,10
"Os02g0813500",10578,9603,5721,5814,4729,5529
"Os02g0532900",179,178,192,174,160,159
"Os02g0198600",3583,3862,2724,2610,2625,2370
"Os02g0173200",5460,6704,4895,2894,2449,2593
"Os02g0156600",237,398,219,277,184,201
"Os02g0201300",460,668,482,326,288,234
"Os02g0107600",667,743,734,975,1393,1284
"Os02g0793000",532,636,419,438,459,503
"Os02g0580100",951,792,812,776,776,797
"Os02g0782900",20,20,12,18,2,16
"Os02g0179900",298,252,224,322,285,330
"Os02g0662200",435,450,344,302,277,271
"Os02g0274100",12711,12123,8114,8328,6644,6277
"Os02g0605900",182,186,188,136,244,275
"Os02g0150900",3593,4208,3499,3543,4559,4110
"Os02g0453300",512,499,540,583,478,616
"Os02g0832700",1615,1708,1775,1490,1496,1507
"Os02g0806350",436,542,615,433,504,481
"Os02g0515600",342,717,416,441,390,441
"Os02g0275300",48,46,45,28,11,21
"Os02g0794400",5605,4046,4870,6219,7137,7004
"Os02g0448400",16,9,10,12,15,23
"Os02g0107300",13,6,7,31,68,40
"Os02g0537500",394,388,409,313,333,345
"Os02g0606700",36,23,32,44,20,27
"Os02g0726500",49,34,74,46,58,49
"Os02g0179300",1223,1178,1082,972,1082,1010
"Os02g0833200",577,452,381,378,299,400
"Os02g0192100",212,247,194,202,203,217
"Os02g0541300",159,217,132,142,159,156
"Os02g0580400",418,431,326,281,254,328
"Os02g0766000",2455,2734,2338,2624,3104,3121
"Os02g0614500",2974,3772,2337,2600,2035,1936
"Os02g0720500",222,200,175,122,74,46
"Os02g0123200",5622,6287,5591,5099,5319,4863
"Os02g0622200",608,707,620,612,740,614
"Os02g0720700",401,491,369,348,254,283
"Os02g0223300",27,22,15,38,55,98
"Os02g0305700",1064,988,1062,1115,1289,1316
"Os02g0317800",2388,2810,1904,1969,1891,2062
"Os02g0566000",19,25,26,26,38,51
"Os02g0599500",47,85,51,120,64,131
"Os02g0503900",98,89,55,67,27,86
"Os02g0740600",396,476,325,168,80,94
"Os02g0226000",299,301,232,241,277,287
"Os02g0261400",382,432,390,454,424,338
"Os02g0506600",1171,785,696,690,689,621
"Os02g0708600",1150,1131,1036,1049,1126,1084
"Os02g0619600",126,79,96,70,58,48
"Os02g0151800",9575,7966,9055,10483,12323,11773
"Os02g0282900",469,392,274,405,314,307
"Os02g0208100",858,1050,838,938,836,757
"Os02g0269400",55,111,42,43,9,1
"Os02g0167500",3542,3170,3111,3250,2997,3179
"Os02g0582200",2080,1657,1411,1854,2097,2156
"Os02g0137200",3211,3675,3341,5428,6720,6779
"Os02g0768400",6,0,20,11,17,14
"Os02g0641800",1991,1986,1502,1613,1282,1354
"Os02g0526500",1316,1354,1226,1460,1387,1556
"Os02g0658300",258,201,168,174,171,265
"Os02g0806300",94,82,98,79,46,48
"Os02g0174500",171,125,98,117,118,165
"Os02g0555000",1205,1088,874,875,951,975
"Os02g0613400",747,567,582,638,590,497
"Os02g0191600",30,8,18,16,10,18
"Os02g0834700",1264,1294,1369,1795,2225,1975
"Os02g0195500",1858,1885,1377,1946,1850,1995
"Os02g0684500",58,77,75,94,110,73
"Os02g0729300",943,1391,1014,1241,1342,1349
"Os02g0815200",771,489,771,1099,1667,1782
"Os02g0124800",1912,1893,1719,1736,2275,2066
"Os02g0256000",21,28,11,13,21,21
"Os02g0513000",2556,2764,2230,1928,2178,1874
"Os02g0794300",245,362,283,263,190,236
"Os02g0791800",762,984,673,707,744,695
"Os02g0726300",444,298,1321,867,2329,2769
"Os02g0224300",7890,10555,10417,10428,12725,11333
"Os02g0195600",1846,2327,1723,2208,2461,2336
"Os02g0773200",95,97,43,126,87,95
"Os02g0214300",375,460,387,445,505,423
"Os02g0629000",174,102,84,62,78,38
"Os02g0226500",27,32,19,28,38,27
"Os02g0740300",873,848,760,867,859,886
"Os02g0658100",11,14,14,9,10,11
"Os02g0194900",213,266,180,115,51,66
"Os02g0303000",45,96,64,45,59,52
"Os02g0194700",265,184,252,479,938,4438
"Os02g0702800",1445,1460,1313,1489,1736,1539
"Os02g0828800",78,102,97,141,220,234
"Os02g0122200",2806,2504,2132,2234,1797,1668
"Os02g0135850",260,333,258,225,271,196
"Os02g0733800",949,769,877,1038,1048,1057
"Os02g0726600",822,692,542,621,398,474
"Os02g0246300",754,837,622,718,707,710
"Os02g0699300",582,626,472,492,365,442
"Os02g0817500",264,175,214,193,258,305
"Os02g0788800",3410,3016,3410,4248,5233,4566
"Os02g0564500",966,1351,799,768,708,636
"Os02g0523300",2060,2112,1720,1843,1922,1772
"Os02g0586800",457,554,500,456,493,362
"Os02g0712800",54,16,40,51,60,41
"Os02g0813000",49,73,30,14,9,17
"Os02g0326600",1517,1686,1247,1454,1272,1208
"Os02g0768950",321,255,204,304,214,272
"Os02g0592600",704,639,777,854,956,1102
"Os02g0451501",16,20,5,18,19,7
"Os02g0677700",2174,2149,1831,2140,2084,2115
"Os02g0209000",1584,1398,1102,1006,754,863
"Os02g0140300",190,269,126,178,231,220
"Os02g0498300",817,570,651,626,695,755
"Os02g0138600",884,1306,1190,1709,1747,1650
"Os02g0796600",162,72,83,63,58,38
"Os02g0784700",2522,2041,1204,1596,1069,1192
"Os02g0169400",37,17,32,28,50,37
"Os02g0675800",1356,1618,1189,1924,1455,1611
"Os02g0734900",1158,1447,952,1076,965,967
"Os02g0761000",3719,4562,3792,3776,4800,3765
"Os02g0115600",69,37,59,86,78,78
"Os02g0132950",761,725,632,459,423,370
"Os02g0511400",218,271,147,87,31,42
"Os02g0682500",1187,1837,1292,1163,661,634
"Os02g0497400",21,26,8,16,8,8
"Os02g0761600",446,340,319,316,265,336
"Os02g0663900",189,173,191,159,167,198
"Os02g0669366",347,407,348,174,177,99
"Os02g0787800",19,21,16,18,16,16
"Os02g0176400",331,406,279,257,349,263
"Os02g0783700",2962,1972,1971,1290,1380,1188
"Os02g0578400",61,60,92,142,182,181
"Os02g0567900",758,739,651,770,668,729
"Os02g0227900",113,301,155,255,171,141
"Os02g0151600",351,278,309,317,313,347
"Os02g0219400",785,742,669,651,516,521
"Os02g0472566",154,220,203,181,164,148
"Os02g0731900",245,198,236,205,392,391
"Os02g0829850",274,249,146,315,165,298
"Os02g0724300",103,172,128,168,153,162
"Os02g0134200",270,334,354,260,132,174
"Os02g0780700",2444,2297,2062,2275,2337,2214
"Os02g0195300",1676,1680,1390,1343,1316,1342
"Os02g0208400",165,165,159,132,161,180
"Os02g0264300",194,216,158,168,128,157
"Os02g0812400",3011,2713,2569,2679,2809,2794
"Os02g0136900",66,24,52,41,27,24
"Os02g0209050",142,141,113,105,60,71
"Os02g0736800",19,18,54,74,59,93
"Os02g0717100",126,161,130,179,212,200
"Os02g0283800",2042,1791,1711,1665,2142,1653
"Os02g0255100",419,376,355,460,478,479
"Os02g0744900",957,1111,855,1340,1426,1654
"Os02g0465500",238,254,183,198,163,153
"Os02g0643000",914,626,518,710,681,669
"Os02g0655500",12,10,8,10,6,12
"Os02g0649800",2158,4928,2197,1839,440,270
"Os02g0528000",422,381,469,416,654,451
"Os02g0327000",2313,3169,2099,1883,1565,1447
"Os02g0577100",1111,1186,1294,1412,1736,1620
"Os02g0767700",1158,1179,1028,1025,1270,1053
"Os02g0669500",18,10,13,4,5,1
"Os02g0609900",426,658,285,373,296,334
"Os02g0655700",2066,2030,1545,1846,1702,1695
"Os02g0466600",662,726,687,775,997,838
"Os02g0160250",535,419,293,384,187,420
"Os02g0641300",96,137,92,74,75,35
"Os02g0820900",1441,1790,1977,2117,2289,1753
"Os02g0180200",4202,3774,3156,4142,3603,3716
"Os02g0306401",3249,6908,6194,2362,3134,1965
"Os02g0202300",196,182,147,161,169,143
"Os02g0820000",2290,2541,1800,1830,1497,1363
"Os02g0541325",6745,8048,5819,5997,5808,3849
"Os02g0525400",718,736,660,649,766,718
"Os02g0621600",127,186,138,265,194,178
"Os02g0193500",657,766,671,841,835,911
"Os02g0697600",602,551,374,495,329,376
"Os02g0617500",151,109,100,135,75,128
"Os02g0280000",76,89,69,84,63,73
"Os02g0313450",412,434,389,701,647,745
"Os02g0575900",421,342,246,332,288,124
"Os02g0719600",12,8,12,32,12,4
"Os02g0525501",28,13,12,6,2,9
"Os02g0535901",44,53,52,95,140,87
"Os02g0782366",14,7,19,11,38,24
"Os02g0326000",739,630,700,802,775,882
"Os02g0780550",839,620,935,1093,1468,1673
"Os02g0594800",73,38,24,30,8,37
"Os02g0695700",89,108,150,259,294,262
"Os02g0120000",1043,783,1015,1531,1786,1911
"Os02g0541150",15,11,7,17,4,3
"Os02g0235000",1948,1873,1583,1488,1510,1375
"Os02g0804100",590,879,523,841,711,817
"Os02g0595700",8075,9348,9070,13840,17274,14837
"Os02g0467300",28,60,50,26,30,42
"Os02g0594651",5,16,4,15,23,6
"Os02g0797700",2590,3354,2682,2814,2655,2729
"Os02g0224900",809,873,871,889,1101,1090
"Os02g0266200",336,313,322,343,340,320
"Os02g0227700",735,1652,879,1042,991,1385
"Os02g0205000",844,859,630,661,581,653
"Os02g0132100",144,152,122,131,120,142
"Os02g0785800",3138,3407,3036,3485,3576,3349
"Os02g0258900",1891,1741,1596,2078,2312,2518
"Os02g0199800",60,18,46,70,41,51
"Os02g0743200",98,108,68,99,80,52
"Os02g0736900",46,46,95,31,30,42
"Os02g0273000",64,38,28,40,37,22
"Os02g0605500",309,307,274,295,268,270
"Os02g0163300",37,40,28,48,40,69
"Os02g0168900",350,358,294,292,351,357
"Os02g0787500",759,749,610,776,695,679
"Os02g0182700",931,800,975,864,1186,1097
"Os02g0318450",113,63,150,193,212,331
"Os02g0720400",22,23,26,18,46,11
"Os02g0176000",438,266,456,415,606,301
"Os02g0139700",6412,4702,4983,6980,8118,6465
"Os02g0604300",1064,849,798,628,562,600
"Os02g0250300",1750,1948,1976,1981,2158,2037
"Os02g0555200",13,6,13,13,10,2
"Os02g0579800",6835,9853,8353,6922,10770,8187
"Os02g0140800",53,4,14,2,24,12
"Os02g0550600",746,808,724,546,466,421
"Os02g0211350",625,438,489,626,646,714
"Os02g0810450",2508,2437,2278,2325,2382,2163
"Os02g0815800",175,136,115,116,111,126
"Os02g0535000",1839,1333,1184,1558,1472,1276
"Os02g0226350",245,356,212,197,119,185
"Os02g0469000",696,622,533,623,651,728
"Os02g0191200",17,10,7,9,2,14
"Os02g0452500",45,50,47,30,37,48
"Os02g0126400",5442,5748,5222,3436,3590,3558
"Os02g0580700",981,893,938,938,1002,1000
"Os02g0177600",1507,2030,1509,1215,398,253
"Os02g0754800",389,469,289,395,333,384
"Os02g0742200",935,1001,619,696,504,536
"Os02g0266000",990,1039,592,681,379,422
"Os02g0202250",2626,2295,1904,2068,1897,1666
"Os02g0109900",240,212,254,292,340,340
"Os02g0805100",12,16,22,41,56,32
"Os02g0324200",490,626,595,622,781,600
"Os02g0198500",376,1062,600,534,518,554
"Os02g0681900",303,441,359,438,435,431
"Os02g0611450",622,612,518,601,489,508
"Os02g0126600",149,107,94,89,85,97
"Os02g0525900",1782,2051,1031,972,456,518
"Os02g0103700",1476,1908,1155,1055,837,843
"Os02g0287000",5814,6373,5154,5608,5362,4941
"Os02g0595300",43,45,48,52,62,46
"Os02g0672600",1825,2096,1736,2046,1851,1845
"Os02g0438601",112,34,122,178,255,265
"Os02g0722700",5312,6100,4766,5754,7435,7037
"Os02g0254600",1043,851,1274,972,1607,1420
"Os02g0187100",1283,1170,891,989,1220,1451
"Os02g0532500",3013,4235,3529,3332,3467,1976
"Os02g0325600",32,17,21,11,38,20
"Os02g0564100",2612,2608,2489,3058,3359,3151
"Os02g0234300",1781,2295,1815,1562,1303,1270
"Os02g0440000",6391,5422,4873,4743,5242,4985
"Os02g0266500",773,688,526,823,792,764
"Os02g0565600",362,344,367,403,554,508
"Os02g0312700",159,171,154,174,127,167
"Os02g0706900",27,4,24,16,4,12
"Os02g0798900",193,252,215,250,369,277
"Os02g0815300",298,242,315,395,838,1130
"Os02g0221500",5681,5607,4822,5236,4979,4853
"Os02g0794600",249,226,130,164,66,89
"Os02g0204201",341,370,319,321,323,435
"Os02g0741100",1523,1626,1379,1487,1546,1464
"Os02g0558500",480,482,398,395,450,417
"Os02g0209300",612,746,544,410,276,227
"Os02g0198900",572,499,464,449,306,387
"Os02g0199200",213,170,216,482,566,441
"Os02g0643500",3233,3168,2980,3516,3866,3707
"Os02g0201500",79,89,88,80,68,71
"Os02g0743100",573,579,532,621,625,543
"Os02g0736500",1681,1881,1346,1394,1122,1205
"Os02g0726700",2100,2016,933,1027,180,273
"Os02g0708300",1739,2537,1871,2423,2518,2399
"Os02g0639800",834,867,928,1351,1863,1492
"Os02g0720000",1968,1908,1853,2036,2410,1950
"Os02g0577300",105,90,115,147,169,126
"Os02g0585200",1377,1356,1088,1216,1956,2374
"Os02g0557700",1294,1610,1569,1646,1871,2024
"Os02g0162500",4486,4879,3866,5067,4857,4679
"Os02g0598200",135,229,97,80,8,8
"Os02g0211200",6,4,4,13,23,15
"Os02g0793850",21,15,14,9,11,7
"Os02g0673700",235,283,263,287,343,292
"Os02g0670500",114,123,112,190,165,159
"Os02g0221400",146,154,163,148,220,193
"Os02g0618200",1492,1615,1479,1252,1611,1359
"Os02g0126300",25,24,50,47,39,28
"Os02g0118875",86,96,73,60,33,53
"Os02g0610600",9132,12097,10730,12020,14489,10720
"Os02g0101750",1955,1525,1097,1472,1103,1398
"Os02g0661500",578,632,568,623,593,718
"Os02g0102700",1031,1352,934,1034,1194,971
"Os02g0142100",52,68,30,58,48,53
"Os02g0589000",10,2,38,4,38,52
"Os02g0450000",50,86,50,92,88,60
"Os02g0101100",1194,1095,1015,1002,1143,1238
"Os02g0784900",493,550,511,739,1043,965
"Os02g0732900",2148,2131,2177,2351,2583,2460
"Os02g0748300",3672,2928,3109,2318,1799,1597
"Os02g0204400",422,356,258,280,301,209
"Os02g0771200",649,792,716,809,871,824
"Os02g0130100",1612,1186,1470,1497,1671,1628
"Os02g0642200",14,0,17,19,6,28
"Os02g0122000",1802,2232,1987,2264,2450,2201
"Os02g0824700",646,678,517,512,396,393
"Os02g0712700",1511,3048,1963,1323,714,515
"Os02g0161400",519,576,479,562,573,638
"Os02g0232400",10339,9018,7130,7927,8081,7910
"Os02g0714000",1777,1694,1735,1949,2449,2211
"Os02g0198700",243,427,217,322,244,375
"Os02g0575200",25,23,32,52,69,58
"Os02g0659600",431,355,290,295,327,350
"Os02g0611200",1109,795,698,854,706,744
"Os02g0554300",3565,3360,2808,2898,2769,2803
"Os02g0110900",82,56,68,58,61,90
"Os02g0118000",605,685,613,894,969,1035
"Os02g0764400",74,40,56,51,56,33
"Os02g0157501",17,15,10,15,5,4
"Os02g0600066",156,100,124,141,132,148
"Os02g0111700",2746,2977,2256,2671,2060,2047
"Os02g0274350",10,20,12,24,16,21
"Os02g0693200",1579,1565,1759,1743,2006,2178
"Os02g0329800",2389,3095,2430,2216,1788,1697
"Os02g0704900",517,631,758,574,955,838
"Os02g0634800",1106,1385,983,1185,1266,1224
"Os02g0116500",814,950,650,879,919,973
"Os02g0464400",1012,845,839,1009,961,1007
"Os02g0807800",1594,2697,1523,1064,918,426
"Os02g0710550",16,19,17,7,10,2
"Os02g0699500",11,9,8,15,10,13
"Os02g0231700",143,206,113,104,30,12
"Os02g0655600",1797,1825,1488,1117,1354,1215
"Os02g0563800",1624,1775,1413,1461,1605,1472
"Os02g0473200",1520,894,813,1111,661,825
"Os02g0754600",52,84,64,116,166,112
"Os02g0191800",10,4,6,0,12,14
"Os02g0598400",274,206,318,376,423,365
"Os02g0468800",137,163,88,87,103,119
"Os02g0724500",79,181,118,90,38,30
"Os02g0194000",876,1051,907,1008,1214,1361
"Os02g0737200",10,7,12,6,11,0
"Os02g0788600",41,32,23,16,25,49
"ENSRNA049473641",35,42,25,48,20,24
"ENSRNA049473653",39,34,16,29,16,16
"ENSRNA049473661",132,117,74,59,56,55
"Os04g0618100",13,7,10,19,10,5
"Os04g0452100",7278,6585,8927,9007,12864,12034
"Os04g0569300",368,843,700,747,594,377
"Os04g0525900",3740,3484,3650,3765,3919,3541
"Os04g0127800",51,29,16,30,11,8
"Os04g0121300",772,915,765,591,289,82
"Os04g0615500",1424,1140,1207,1697,1990,1648
"Os04g0613500",76,70,47,84,60,226
"Os04g0510200",568,660,469,538,544,520
"Os04g0403400",131,82,65,140,65,107
"Os04g0348400",484,433,361,443,435,392
"Os04g0581000",1277,4011,2062,1766,597,607
"Os04g0521900",65,64,41,72,34,32
"Os04g0502200",2799,2831,2171,2031,1852,1999
"Os04g0692200",2471,2380,2337,2951,3586,3617
"Os04g0543900",13365,14508,10101,6129,2544,1879
"Os04g0415000",257,348,171,204,268,212
"Os04g0599800",557,597,621,560,852,856
"Os04g0636200",90,78,39,71,78,76
"Os04g0382700",1017,879,709,848,822,846
"Os04g0560200",348,467,359,402,481,429
"Os04g0544100",1053,1125,1102,912,1021,1099
"Os04g0174850",193,209,183,226,290,292
"Os04g0456100",20,50,29,39,30,31
"Os04g0415401",66,69,51,56,60,68
"Os04g0398000",1229,436,466,406,387,273
"Os04g0688300",6748,10045,12398,2984,2496,822
"Os04g0483400",777,671,526,593,535,544
"Os04g0448900",1576,1159,786,719,893,1023
"Os04g0509600",1859,1895,1459,2509,1892,1591
"Os04g0397100",24201,23538,20414,22844,23584,22367
"Os04g0405800",2680,3117,2620,2630,2957,3007
"Os04g0559700",264,343,211,279,206,212
"Os04g0338100",5564,6415,5031,5699,7026,9113
"Os04g0617600",3054,2514,2571,2406,2714,2496
"Os04g0581300",170,161,124,120,94,77
"Os04g0414100",3714,4219,3379,4263,4216,3920
"Os04g0349300",382,312,322,387,371,441
"Os04g0378575",335,353,228,236,176,256
"Os04g0413600",1968,2389,1906,2220,2041,1996
"Os04g0498400",737,780,617,863,877,999
"Os04g0410300",294,277,212,263,230,216
"Os04g0594000",33,38,26,36,38,38
"Os04g0185500",4056,3723,3186,3309,3713,3764
"Os04g0678300",53,91,111,76,142,164
"Os04g0204300",233,180,227,221,203,170
"Os04g0513100",10,8,7,7,24,33
"Os04g0692750",1141,1128,1019,1154,1154,998
"Os04g0129900",186,227,175,175,243,157
"Os04g0470300",621,588,416,454,403,451
"Os04g0212200",2613,2502,2023,2290,1952,1912
"Os04g0626900",828,709,699,782,850,772
"Os04g0381100",389,358,299,328,320,325
"Os04g0605500",1861,1170,1220,1461,1366,2160
"Os04g0446750",87,56,106,136,77,68
"Os04g0493400",176,14,46,92,6,36
"Os04g0659400",1133,1367,1248,1153,1463,1398
"Os04g0433800",236,129,188,166,270,229
"Os04g0614700",991,678,556,589,621,466
"Os04g0107300",8,7,23,10,16,24
"Os04g0638300",292,365,477,713,955,933
"Os04g0112300",1145,902,817,939,699,813
"Os04g0543200",4030,3739,3519,3927,4250,4280
"Os04g0640600",583,553,416,371,333,317
"Os04g0118500",953,1312,745,823,936,846
"Os04g0443500",1938,1767,1366,1607,1524,1587
"Os04g0259200",391,369,283,428,270,414
"Os04g0689400",24,18,80,49,82,46
"Os04g0487200",6303,10045,6953,5671,6114,5369
"Os04g0538100",3451,2408,2573,2827,2932,2931
"Os04g0686000",131,203,135,87,19,6
"Os04g0381000",1038,985,843,960,1005,972
"Os04g0634700",1646,2238,1408,834,480,332
"Os04g0411651",20,17,36,37,22,9
"Os04g0637000",688,807,577,659,769,766
"Os04g0671900",724,755,1367,1326,2191,2249
"Os04g0636700",870,907,712,929,849,857
"Os04g0617050",341,242,356,163,248,298
"Os04g0518800",24,22,34,62,92,65
"Os04g0572600",489,408,434,555,616,706
"Os04g0447700",456,532,263,366,80,154
"Os04g0478600",70,91,50,68,66,127
"Os04g0431800",460,433,339,372,351,374
"Os04g0295400",244,80,193,343,320,520
"Os04g0567700",1989,2646,1566,1318,1069,955
"Os04g0609700",1936,1437,1413,1416,1527,1521
"Os04g0390500",6913,7202,5991,5713,6954,5915
"Os04g0119300",59,60,71,75,59,74
"Os04g0415200",257,330,132,167,153,158
"Os04g0165300",2123,2318,1625,1812,1677,1650
"Os04g0488200",46,39,63,66,93,66
"Os04g0169300",550,566,559,554,648,723
"Os04g0182600",680,539,449,583,694,639
"Os04g0182650",1062,973,822,966,1093,944
"Os04g0511700",16,10,2,10,30,4
"Os04g0396500",27,18,17,23,19,27
"Os04g0462300",275,192,260,227,232,204
"Os04g0644750",1470,1379,1145,1010,948,897
"Os04g0463700",1206,1301,1036,1084,1221,1150
"Os04g0609600",2228,2473,1880,1878,1879,1710
"Os04g0603100",21,30,23,27,37,28
"Os04g0435500",774,828,467,519,383,408
"Os04g0668900",1914,1644,1257,1338,1144,1239
"Os04g0462600",51,57,54,61,19,45
"Os04g0169500",27,26,5,21,12,26
"Os04g0571200",513,582,471,350,224,122
"Os04g0635800",2014,2780,2120,2573,3244,2938
"Os04g0559800",2266,1801,2071,2347,2484,2606
"Os04g0460350",574,749,572,640,714,609
"Os04g0682300",959,919,742,772,979,859
"Os04g0389901",81,59,61,88,65,75
"Os04g0395900",2343,2060,1901,2176,2253,2177
"Os04g0432200",474,345,306,361,332,362
"Os04g0514600",1688,2461,1637,1048,589,396
"Os04g0558400",4337,3947,4152,3631,3635,3212
"Os04g0295000",330,291,291,204,295,217
"Os04g0259150",16,5,2,13,8,16
"Os04g0632400",47,43,42,61,68,62
"Os04g0267250",40,79,61,104,186,206
"Os04g0542200",273,225,252,343,269,291
"Os04g0381400",10,0,4,12,7,12
"Os04g0492600",1457,1427,1366,1583,1651,1414
"Os04g0624600",1368,864,925,1521,1169,1201
"Os04g0102500",1847,1902,1477,1672,1316,1408
"Os04g0269600",4042,2710,4724,6766,9778,10740
"Os04g0269800",745,752,880,1386,1481,1779
"Os04g0628200",530,530,586,586,735,736
"Os04g0112200",410,472,373,381,405,341
"Os04g0620600",12,34,20,32,23,26
"Os04g0490600",830,894,753,666,816,667
"Os04g0627000",2104,2318,2035,2640,2954,2889
"Os04g0507900",202,194,179,176,187,177
"Os04g0509100",1656,1203,1220,1351,1269,1318
"Os04g0568600",12,16,19,16,45,37
"Os04g0395600",1435,1553,1495,1733,1984,2004
"Os04g0550200",12,12,2,10,8,14
"Os04g0508900",627,639,530,575,549,641
"Os04g0162100",115,119,90,87,73,84
"Os04g0403701",5192,4625,3403,4623,3446,4235
"Os04g0678000",15,38,39,53,105,67
"Os04g0619600",492,435,351,386,389,440
"Os04g0664300",20,12,24,32,34,48
"Os04g0631100",502,506,476,379,513,396
"Os04g0406300",11,16,16,8,4,14
"Os04g0370500",616,605,387,407,530,485
"Os04g0176200",12,26,12,10,8,8
"Os04g0539701",6,11,7,14,25,5
"Os04g0680700",2642,2598,2123,2393,2677,2269
"Os04g0684900",1804,2061,2596,1410,2111,1133
"Os04g0648950",8,15,10,18,31,34
"Os04g0512400",183,175,134,115,122,121
"Os04g0692000",2200,2200,2051,2282,2522,2712
"Os04g0602250",120,118,153,150,275,232
"Os04g0302900",48,54,81,50,52,87
"Os04g0474900",7225,10720,6720,4608,2778,1545
"Os04g0320100",12810,11173,13656,16071,19855,20023
"Os04g0558500",96,137,88,130,164,137
"Os04g0122200",115,161,49,89,4,6
"Os04g0548000",530,379,399,414,309,373
"Os04g0231800",195,81,331,425,568,731
"Os04g0385600",188,190,196,167,217,165
"Os04g0608100",2224,1609,2470,3953,9492,6379
"Os04g0639100",11,2,8,24,12,25
"Os04g0643200",2703,2233,2336,3398,3476,3237
"Os04g0552700",80,198,74,47,102,104
"Os04g0178300",10521,22443,12106,9140,1083,321
"Os04g0508300",3154,3652,2672,3079,2988,3073
"Os04g0317300",231,169,216,209,369,290
"Os04g0672700",214,217,201,223,197,157
"Os04g0563801",1587,1662,1404,1330,1292,1343
"Os04g0551700",3080,2885,3795,4329,5754,5471
"Os04g0223000",1545,1646,1333,1332,1383,1540
"Os04g0126500",432,306,415,542,792,633
"Os04g0561500",123,297,132,194,217,115
"Os04g0425100",141,165,113,100,101,164
"Os04g0688100",24373,50186,40616,23560,12974,6770
"Os04g0638700",81,122,70,101,80,74
"Os04g0177600",1261,970,988,1050,1285,1108
"Os04g0163700",301,201,273,317,309,424
"Os04g0479100",1171,1354,1145,1277,1232,1387
"Os04g0606450",497,424,434,332,410,348
"Os04g0633300",1012,1272,676,617,131,96
"Os04g0574100",68,146,38,41,22,38
"Os04g0218400",783,861,849,557,610,563
"Os04g0304200",11692,8954,10282,12735,15028,14485
"Os04g0619700",1760,1800,1607,1749,1859,1783
"Os04g0509800",157,172,179,238,366,305
"Os04g0520700",415,418,411,343,617,554
"Os04g0580700",24,33,17,25,28,30
"Os04g0597501",19,24,8,19,27,18
"Os04g0434600",390,189,244,278,287,384
"Os04g0166500",12,4,10,16,18,40
"Os04g0452400",1252,1349,1006,1087,1140,1092
"Os04g0477900",439,474,387,566,447,424
"Os04g0592700",1227,1023,911,948,1058,918
"Os04g0577300",5780,5851,6391,6673,9295,8336
"Os04g0517500",606,708,867,973,1997,1203
"Os04g0654800",15,16,11,4,0,0
"Os04g0372700",238,188,153,167,150,101
"Os04g0635900",1429,1339,1303,1499,1420,1448
"Os04g0510400",926,814,795,690,756,865
"Os04g0509300",4156,3439,3120,3678,3302,3374
"Os04g0460500",652,713,630,615,631,559
"Os04g0594400",514,624,430,440,348,308
"Os04g0298600",2078,1850,1564,1535,1600,1548
"Os04g0113000",378,415,433,462,425,526
"Os04g0278900",1363,1172,1366,1445,2075,1889
"Os04g0555800",410,402,308,319,344,318
"Os04g0687800",36,47,28,17,27,17
"Os04g0270200",677,681,480,536,538,535
"Os04g0669900",2441,3090,2329,2645,4732,4832
"Os04g0669600",134,111,131,144,139,143
"Os04g0373400",4651,5820,3066,2193,980,647
"Os04g0482700",295,300,281,227,234,260
"Os04g0573000",1101,576,324,492,372,593
"Os04g0401300",1661,1533,1344,1655,1502,1403
"Os04g0498200",1755,2170,1378,1354,1079,891
"Os04g0555300",9947,9822,8403,9800,10209,9198
"Os04g0684500",6096,4782,5487,6681,8149,7390
"Os04g0419600",4,4,26,21,27,13
"Os04g0513900",41,5,18,12,7,20
"Os04g0218600",282,235,175,206,238,275
"Os04g0360500",67,41,128,134,149,173
"Os04g0339400",1028,596,385,1426,21,1069
"Os04g0403600",47,74,17,22,2,49
"Os04g0376000",2714,3210,2387,3121,2358,2794
"Os04g0620800",76,43,50,78,52,73
"Os04g0616400",1772,2137,1664,1464,927,857
"Os04g0446401",4,10,10,24,21,28
"Os04g0501100",462,500,469,442,633,581
"Os04g0692300",538,647,398,492,481,547
"Os04g0221000",67,68,55,116,138,174
"Os04g0623800",4993,4548,8413,11764,18190,16928
"Os04g0665600",460,361,369,395,740,684
"Os04g0464966",364,485,327,385,269,326
"Os04g0515400",86,150,85,61,47,104
"Os04g0562000",2052,2320,2023,2266,2336,2393
"Os04g0676100",459,434,423,670,903,874
"Os04g0306400",4972,5435,7676,10106,14589,12885
"Os04g0668700",10630,9907,10912,11868,15412,14355
"Os04g0395700",118,180,174,157,188,227
"Os04g0538166",2984,2057,2333,2930,2985,3010
"Os04g0610900",19,10,8,31,38,41
"Os04g0665000",295,282,206,206,171,222
"Os04g0488300",77,62,47,48,18,47
"Os04g0629300",927,1058,513,534,202,393
"Os04g0606400",6039,6216,4848,4673,4154,3636
"Os04g0379600",5528,7478,4152,3723,2275,2217
"Os04g0636100",1166,1390,952,914,686,679
"Os04g0555500",2076,2225,1786,1607,1619,1669
"Os04g0480300",1309,1278,1237,1401,1375,1536
"Os04g0303250",62,80,98,125,173,82
"Os04g0194000",52,54,52,45,27,45
"Os04g0136900",933,909,755,765,654,913
"Os04g0676300",641,485,527,623,490,592
"Os04g0269900",883,707,856,1053,893,859
"Os04g0293100",28,33,30,42,64,70
"Os04g0644400",26,18,11,13,6,7
"Os04g0466100",2251,2020,1972,2979,2933,3050
"Os04g0489600",13587,17040,15922,13075,19477,7819
"Os04g0607000",2298,1971,1877,2751,3076,2826
"Os04g0602800",4834,5270,4313,5134,4885,4557
"Os04g0582600",76,66,60,44,54,71
"Os04g0544900",907,739,635,665,730,773
"Os04g0690932",22,15,16,6,15,9
"Os04g0450600",310,456,247,181,98,62
"Os04g0388500",5990,6740,4766,4417,3568,4105
"Os04g0220300",62,58,46,47,88,93
"Os04g0501200",121,122,108,135,183,184
"Os04g0444200",6031,5631,5286,5046,5728,5420
"Os04g0492100",2521,2291,2087,2059,2536,2211
"Os04g0178400",1955,3655,2211,1715,172,54
"Os04g0452700",467,643,521,637,947,651
"Os04g0496600",3402,3193,3152,3388,4171,4135
"Os04g0416700",100,119,74,106,216,185
"Os04g0682050",390,519,404,521,504,542
"Os04g0614300",68,61,44,61,72,40
"Os04g0677000",371,419,304,403,406,389
"Os04g0639200",4903,5180,4467,5287,6884,7386
"Os04g0286500",57,36,14,39,2,9
"Os04g0520000",728,731,615,685,855,788
"Os04g0693250",1339,1521,1533,1579,1833,1767
"Os04g0386600",1520,2205,1402,1595,1462,1404
"Os04g0434800",5595,5955,3616,2979,2233,2059
"Os04g0655600",4491,3872,4091,3721,4419,4196
"Os04g0648700",1434,1398,1000,1083,910,1026
"Os04g0633600",76,91,99,126,128,131
"Os04g0592400",847,690,720,905,1177,1178
"Os04g0377932",1425,1314,1115,1201,1002,1134
"Os04g0686500",32,14,4,6,4,18
"Os04g0531900",1302,1139,764,1012,864,663
"Os04g0623400",352,279,238,326,321,367
"Os04g0480050",13,46,31,53,56,64
"Os04g0218100",823,785,822,934,1091,1025
"Os04g0671200",1698,1562,1140,1105,612,539
"Os04g0636600",1183,949,737,878,608,665
"Os04g0402700",317,605,534,816,1045,847
"Os04g0228300",301,342,303,488,382,466
"Os04g0665200",25,16,13,10,42,29
"Os04g0589500",2978,3097,3559,4410,6378,5602
"Os04g0489900",172,167,173,135,277,180
"Os04g0653200",2239,2659,1900,1712,1433,1341
"Os04g0665400",1224,1134,713,945,726,640
"Os04g0583900",13451,11417,10675,11075,13762,13379
"Os04g0640900",3723,3068,2542,2448,1454,2086
"Os04g0612600",2953,3398,2516,3084,3041,2680
"Os04g0690900",61,87,59,94,126,78
"Os04g0549300",49,32,33,26,32,30
"Os04g0151700",123,177,145,152,104,81
"Os04g0447100",923,1449,1194,907,753,579
"Os04g0652900",609,747,549,688,736,524
"Os04g0470100",2602,2275,1726,2298,2746,2607
"Os04g0640300",86,46,49,78,72,111
"Os04g0633200",16,1,12,24,35,37
"Os04g0226400",8323,10558,7231,9465,8333,9230
"Os04g0307466",14,16,13,12,6,19
"Os04g0628600",899,926,731,965,1178,1180
"Os04g0287400",1920,3087,2124,2474,2632,2378
"Os04g0397601",23,28,19,21,29,15
"Os04g0680550",25,11,21,15,4,6
"Os04g0291000",351,338,246,369,310,378
"Os04g0676000",62,39,42,71,75,75
"Os04g0423400",130,76,87,249,251,333
"Os04g0618600",46,46,41,16,27,31
"Os04g0206200",8766,7369,8886,10358,11562,11540
"Os04g0118900",1568,1628,1419,1449,1839,1706
"Os04g0678800",634,588,467,427,462,471
"Os04g0416100",408,463,358,298,214,271
"Os04g0616700",11742,13443,10479,10344,11912,9298
"Os04g0597400",83,60,47,66,72,58
"Os04g0687900",1337,1764,1522,1366,1523,1417
"Os04g0534100",1311,852,958,918,862,851
"Os04g0674100",131,155,129,203,151,167
"Os04g0598200",2041,2057,1779,1946,1609,1898
"Os04g0571800",968,1372,1020,925,1080,1048
"Os04g0433600",2066,2147,1701,2018,1884,1758
"Os04g0529400",1107,1335,1024,1133,816,741
"Os04g0418100",10,2,2,8,14,14
"Os04g0206500",2515,1902,1206,994,643,1048
"Os04g0439400",248,97,154,196,217,267
"Os04g0205200",140,384,166,160,38,18
"Os04g0436400",1867,1874,1570,1505,1971,1657
"Os04g0473900",58,55,79,87,102,106
"Os04g0381600",1240,1040,1165,1333,1475,1723
"Os04g0347900",166,139,114,159,141,172
"Os04g0675600",55,59,59,58,66,68
"Os04g0491100",415,543,320,248,131,54
"Os04g0630551",208,291,259,175,286,227
"Os04g0609200",444,546,364,352,285,305
"Os04g0612800",464,630,547,526,580,552
"Os04g0691800",204,231,159,169,107,175
"Os04g0671100",4086,3925,3598,2399,1927,1817
"Os04g0636000",466,592,402,545,442,488
"Os04g0456700",1053,1830,1442,1566,1810,2088
"Os04g0165500",521,507,318,382,267,291
"Os04g0109100",941,1908,797,972,890,509
"Os04g0449400",26,10,28,18,24,39
"Os04g0559200",1139,1159,886,681,478,558
"Os04g0526800",44,56,50,26,6,6
"Os04g0206401",40,35,21,39,5,19
"Os04g0531700",947,1021,832,1081,1073,1077
"Os04g0487100",525,561,445,624,541,692
"Os04g0577000",945,890,723,815,813,856
"Os04g0686700",368,524,572,635,660,605
"Os04g0635500",111,28,122,87,273,139
"Os04g0472500",3,11,21,40,41,38
"Os04g0546400",506,551,392,498,411,442
"Os04g0675200",2118,1865,1575,1387,1023,1124
"Os04g0193300",22,20,8,28,8,4
"Os04g0432500",2784,2749,2057,2198,1802,1904
"Os04g0406600",1005,1935,1751,831,418,355
"Os04g0462800",9,17,14,18,11,9
"Os04g0103200",3628,3545,3169,3138,3269,3117
"Os04g0683700",17383,17562,20066,24989,22738,30455
"Os04g0445200",4341,4663,4452,5738,8193,8325
"Os04g0603400",439,348,193,325,257,202
"Os04g0103100",539,791,673,688,751,651
"Os04g0534200",211,149,104,154,117,130
"Os04g0397400",169,160,135,119,196,187
"Os04g0675400",3060,3436,3018,3635,5042,5713
"Os04g0231200",60,56,61,79,70,91
"Os04g0584201",160,125,123,92,56,75
"Os04g0469400",273,195,153,300,159,215
"Os04g0625600",724,908,679,661,865,837
"Os04g0420900",33,47,34,53,28,39
"Os04g0455700",34,93,32,28,56,19
"Os04g0564300",34,16,39,63,53,46
"Os04g0545100",170,142,290,349,623,728
"Os04g0446500",2200,1742,1497,1582,1153,1255
"Os04g0439900",6634,6484,5820,6252,6585,6275
"Os04g0322100",34,79,67,33,9,22
"Os04g0321700",1094,762,721,1388,1263,1397
"Os04g0625000",220,213,209,267,277,371
"Os04g0288100",2390,4227,2029,1417,282,181
"Os04g0420801",100,109,128,142,130,142
"Os04g0438600",1674,1920,1416,1079,1839,1011
"Os04g0180900",131,113,145,78,83,106
"Os04g0373000",45,31,70,104,93,76
"Os04g0227500",4561,8195,3664,4236,2278,2219
"Os04g0464600",34,53,56,47,59,72
"Os04g0578600",0,0,0,55,21,226
"Os04g0174900",79,81,97,85,77,104
"Os04g0121900",16,26,24,7,11,1
"Os04g0271200",64,54,44,54,45,52
"Os04g0679000",121,270,141,109,50,38
"Os04g0165200",42,20,30,17,21,10
"Os04g0472600",211,216,228,339,308,218
"Os04g0529600",2,2,16,6,10,10
"Os04g0409900",136,126,98,190,288,172
"Os04g0564600",7726,8094,7202,9454,8757,9337
"Os04g0572500",43,34,19,34,37,43
"Os04g0457400",53,71,50,55,67,41
"Os04g0431300",584,750,536,633,712,797
"Os04g0309400",234,196,323,188,296,317
"Os04g0535600",557,470,607,769,795,878
"Os04g0449900",4907,6190,5062,5455,5949,4660
"Os04g0103700",706,673,584,423,450,320
"Os04g0542900",2406,2439,2030,1913,2781,2162
"Os04g0434700",30,31,22,29,20,43
"Os04g0219000",957,836,910,874,878,901
"Os04g0411800",941,1392,1050,1017,1052,1326
"Os04g0684200",3884,3967,3443,3724,3684,3309
"Os04g0509200",869,979,794,995,1050,966
"Os04g0428900",810,957,750,866,902,821
"Os04g0625100",20,10,20,20,2,12
"Os04g0435300",106,88,103,109,106,123
"Os04g0492500",488,415,345,450,434,373
"Os04g0684800",2032,1769,2110,2371,4126,2953
"Os04g0503500",63,56,51,55,42,40
"Os04g0169100",1887,1756,1566,1593,1888,1738
"Os04g0542800",3237,4281,3253,3316,4141,3413
"Os04g0648900",2005,2834,3021,2996,5834,4206
"Os04g0601400",1213,1326,1042,1369,1654,1401
"Os04g0480100",2124,1994,1854,2018,2754,2667
"Os04g0497900",803,771,790,892,777,684
"Os04g0345100",54,70,83,89,178,196
"Os04g0686300",529,722,544,518,594,608
"Os04g0563050",19,12,16,14,4,8
"Os04g0504600",344,285,268,356,308,329
"Os04g0389600",168,160,151,146,177,225
"Os04g0440300",28,34,18,36,51,18
"Os04g0491350",37,62,38,52,48,34
"Os04g0506000",77,110,116,210,221,177
"Os04g0628000",526,545,417,404,263,355
"Os04g0493300",542,456,472,573,464,503
"Os04g0665500",3509,3900,3376,3129,4115,3834
"Os04g0690600",21,38,28,10,22,8
"Os04g0566000",228,295,253,276,372,315
"Os04g0680000",430,388,295,338,383,401
"Os04g0179700",2022,3827,1981,2064,116,47
"Os04g0419550",14,34,26,56,90,38
"Os04g0206350",47,16,31,21,13,8
"Os04g0183300",4,13,14,18,25,19
"Os04g0350300",54,83,43,80,76,86
"Os04g0443700",466,540,400,607,722,599
"Os04g0538900",136,230,125,81,11,16
"Os04g0497700",2908,3134,3557,3658,6112,6110
"Os04g0416000",1648,1939,1577,2216,2522,2449
"Os04g0673300",319,678,299,540,161,67
"Os04g0550600",83,65,53,97,67,66
"Os04g0371000",2507,4623,2042,2503,2765,2285
"Os04g0524500",6898,8049,5105,5749,5799,4632
"Os04g0520900",477,518,491,602,456,487
"Os04g0468000",5099,3543,2954,2091,3141,1835
"Os04g0578200",981,1014,895,1410,1512,1288
"Os04g0616000",58,53,37,47,33,36
"Os04g0103601",301,376,296,225,282,279
"Os04g0666900",713,490,547,519,716,691
"Os04g0272500",300,367,410,423,458,439
"Os04g0682800",1417,1413,1178,1216,1216,1184
"Os04g0173300",2280,1853,2843,2517,3077,4532
"Os04g0320000",1,7,8,16,15,25
"Os04g0196600",289,369,188,234,194,135
"Os04g0641400",127,98,103,69,54,82
"Os04g0656100",117437,141225,114135,129156,116645,90638
"Os04g0547900",382,335,662,316,418,389
"Os04g0377600",303,426,234,426,287,339
"Os04g0278000",2824,3076,2682,3175,3395,3505
"Os04g0688600",621,1162,826,585,712,349
"Os04g0219800",14,19,12,24,55,63
"Os04g0340550",10,20,20,25,6,6
"Os04g0475500",838,598,738,729,771,890
"Os04g0680800",261,182,221,174,222,293
"Os04g0599000",3392,4256,3077,2908,2818,2442
"Os04g0689700",74,58,79,72,85,94
"Os04g0502900",4178,3943,3762,4505,5095,4525
"Os04g0330900",3615,3464,3322,3843,5499,4593
"Os04g0683500",376,344,276,401,380,352
"Os04g0628400",1739,1579,1305,1661,1518,1484
"Os04g0479800",337,340,221,260,226,220
"Os04g0436800",318,347,264,333,333,362
"Os04g0588500",1915,2013,1011,2190,1462,1648
"Os04g0607500",109,77,61,98,84,118
"Os04g0630700",107,196,129,131,194,162
"Os04g0182200",490,508,437,309,171,181
"Os04g0204200",458,459,366,498,363,362
"Os04g0312500",16,2,4,19,14,6
"Os04g0572700",137,85,202,154,194,267
"Os04g0606700",276,416,298,422,478,372
"Os04g0629500",1378,1256,918,1400,1740,1464
"Os04g0339800",651,1175,683,527,377,246
"Os04g0585100",4,13,7,11,18,5
"Os04g0643550",2649,2360,2040,1956,2007,1915
"Os04g0529800",1439,1784,1183,978,684,617
"Os04g0504700",2411,2425,3237,3654,5948,5411
"Os04g0349401",645,559,588,651,731,731
"Os04g0671800",6958,6165,6496,5553,6899,6896
"Os04g0311500",463,270,394,358,503,563
"Os04g0584800",1291,1465,1066,1245,1136,1210
"Os04g0434900",53,58,98,131,84,134
"Os04g0625350",33,28,39,52,22,43
"Os04g0693100",26,16,21,28,33,115
"Os04g0380200",28,26,27,4,18,17
"Os04g0395100",17,54,28,26,40,19
"Os04g0479300",609,838,610,590,760,690
"Os04g0534000",1057,908,1191,1709,2187,2329
"Os04g0478000",1263,1616,1229,1670,1861,1910
"Os04g0690451",11,6,7,13,7,21
"Os04g0662000",208,253,158,175,186,188
"Os04g0430800",475,479,377,400,304,285
"Os04g0206700",506,502,345,237,157,181
"Os04g0201500",10,0,3,8,17,30
"Os04g0630600",280,372,264,166,92,31
"Os04g0446300",2259,2987,1982,2271,2032,1968
"Os04g0367201",72,118,76,44,22,4
"Os04g0541900",22,27,15,6,24,8
"Os04g0283001",30,29,37,22,61,44
"Os04g0475600",1090,1109,1020,954,958,1113
"Os04g0610200",667,705,590,686,742,642
"Os04g0546100",76,89,98,91,143,233
"Os04g0470901",208,149,140,472,442,638
"Os04g0538750",111,103,80,101,123,170
"Os04g0564500",61,74,64,75,65,81
"Os04g0667600",1103,1023,1072,1025,1431,1634
"Os04g0455401",142,72,117,59,74,64
"Os04g0405700",44,56,62,83,81,67
"Os04g0302300",181,178,158,156,149,158
"Os04g0576500",3812,3605,2858,2897,2443,2181
"Os04g0319600",922,1125,959,886,945,878
"Os04g0615000",1272,1140,1511,1451,1791,1800
"Os04g0569900",92,71,116,132,156,184
"Os04g0121800",3202,2599,1854,1660,1056,1124
"Os04g0436900",76,85,51,103,116,128
"Os04g0303950",514,474,400,533,443,486
"Os04g0412200",27,22,34,53,72,71
"Os04g0465800",111,127,108,83,90,76
"Os04g0394200",341,257,210,230,132,118
"Os04g0430200",17,20,26,28,52,48
"Os04g0489100",1734,1867,1549,1580,1515,1580
"Os04g0399000",2384,3535,2957,3666,3555,3300
"Os04g0615800",12,11,2,8,12,9
"Os04g0539800",3483,3604,2998,2800,3173,2735
"Os04g0463200",228,325,330,298,412,402
"Os04g0528800",326,416,326,395,305,334
"Os04g0420600",22,34,35,28,47,23
"Os04g0553800",1725,2724,1594,1487,1649,1383
"Os04g0282400",27,36,48,103,138,313
"Os04g0617200",179,169,240,339,429,413
"Os04g0581700",6,10,4,8,10,16
"Os04g0645500",14,11,6,10,22,28
"Os04g0376500",4342,3723,3177,3832,3488,3684
"Os04g0105000",911,781,705,764,724,809
"Os04g0380300",1200,892,743,419,516,496
"Os04g0605200",77,123,94,107,115,98
"Os04g0643600",12,13,4,11,7,7
"Os04g0642300",2,8,3,11,12,18
"Os04g0597000",778,422,1040,1465,1728,1901
"Os04g0493000",1963,2789,2244,3440,4757,3917
"Os04g0672100",462,503,419,425,345,367
"Os04g0530200",526,809,502,497,547,472
"Os04g0445400",136,166,144,79,85,65
"Os04g0565400",3250,4433,3403,3752,5434,3489
"Os04g0652400",481,553,490,855,1201,1203
"Os04g0398800",2539,2136,2094,2540,2813,2732
"Os04g0614000",3209,3377,2743,2708,2607,2779
"Os04g0524600",403,431,383,292,336,254
"Os04g0583000",96,63,67,50,16,19
"Os04g0111500",3721,3925,3227,3546,3630,3347
"Os04g0115400",1457,1405,1368,1222,1231,1215
"Os04g0413900",120,113,114,148,276,221
"Os04g0671700",4220,3926,3926,6144,7661,6798
"Os04g0119500",9539,8408,9223,10839,16464,15753
"Os04g0679200",794,695,529,700,713,706
"Os04g0678200",262,310,231,338,507,519
"Os04g0607250",14,12,17,22,16,36
"Os04g0152500",465,527,448,462,496,374
"Os04g0613700",147,104,100,190,175,167
"Os04g0589700",8,16,16,12,6,0
"Os04g0250700",1216,1133,930,997,990,1013
"Os04g0440100",4996,4842,4265,4232,4411,4658
"Os04g0243400",1782,1570,1357,2218,2001,2162
"Os04g0111350",157,164,110,184,139,157
"Os04g0543600",24,12,4,11,0,1
"Os04g0438300",624,475,406,735,786,896
"Os04g0531800",68,62,45,43,49,40
"Os04g0402500",542,610,421,520,621,676
"Os04g0583800",71,72,40,101,109,141
"Os04g0376300",2881,2855,2236,2034,1498,1593
"Os04g0676400",78,14,31,54,63,68
"Os04g0466600",2366,2264,1865,2110,1796,2077
"Os04g0420500",88,45,75,53,65,53
"Os04g0610100",690,741,635,785,808,840
"Os04g0290800",968,1102,744,753,531,619
"Os04g0599650",56,76,54,50,41,53
"Os04g0608600",807,653,578,1255,2348,2767
"Os04g0244400",1175,1181,851,801,928,800
"Os04g0282000",737,623,616,858,686,597
"Os04g0136700",169,100,141,357,244,326
"Os04g0617800",2163,2203,1954,2258,2262,2295
"Os04g0518200",2306,2026,2099,2534,2576,2656
"Os04g0661600",4862,5097,5099,5119,5506,4831
"Os04g0424200",194,214,126,162,176,132
"Os04g0480200",81,55,42,9,66,0
"Os04g0578000",309,562,431,203,87,24
"Os04g0667000",9,30,33,24,66,62
"Os04g0639300",745,699,873,1377,1603,1434
"Os04g0610800",5682,5208,4853,6742,7647,7054
"Os04g0658100",561,619,612,525,495,663
"Os04g0367900",134,235,83,131,34,45
"Os04g0602300",408,352,228,345,214,324
"Os04g0602600",527,565,474,546,767,776
"Os04g0432250",181,107,107,165,177,204
"Os04g0370900",13437,19428,9249,12780,13741,9174
"Os04g0390100",252,231,218,184,170,89
"Os04g0445050",16,12,14,9,30,10
"Os04g0602000",30,31,27,24,4,8
"Os04g0196300",89,158,171,163,236,245
"Os04g0442200",2156,1959,1596,2031,2139,2305
"Os04g0640200",34,21,13,14,8,16
"Os04g0433200",1021,784,689,1064,923,840
"Os04g0403500",736,699,438,647,530,611
"Os04g0399600",57,40,49,87,145,145
"Os04g0414700",487,345,1033,1060,3030,2569
"Os04g0224200",54,44,30,38,32,33
"Os04g0507100",799,973,896,1131,1553,1420
"Os04g0221300",539,517,506,526,607,651
"Os04g0438651",13,18,15,9,13,9
"Os04g0437300",39,56,34,32,6,32
"Os04g0620950",936,980,824,813,821,810
"Os04g0435700",7973,9773,7605,8948,9460,8970
"Os04g0105100",694,672,587,808,695,588
"Os04g0566500",1961,1815,1568,1842,2254,2280
"Os04g0183500",23,30,33,23,15,14
"Os04g0404900",52,55,57,125,70,72
"Os04g0571300",506,434,441,373,321,303
"Os04g0371100",142,350,163,110,21,12
"Os04g0118800",336,176,184,195,162,159
"Os04g0477200",345,339,255,303,256,219
"Os04g0448200",120,189,134,159,210,155
"Os04g0491200",150,350,158,136,104,99
"Os04g0612500",162,42,255,238,453,250
"Os04g0486900",313,474,353,289,406,382
"Os04g0551300",155,116,166,264,316,272
"Os04g0499800",303,354,291,410,464,416
"Os04g0587500",229,221,283,373,398,229
"Os04g0194500",2455,3411,2445,2026,1532,1047
"Os04g0368800",426,720,415,551,451,765
"Os04g0611600",359,251,249,264,260,304
"Os04g0469800",223,247,257,473,452,384
"Os04g0658000",2864,2705,2238,2543,2353,2298
"Os04g0540500",2203,1522,1771,1441,1396,1239
"Os04g0175000",41,47,49,36,92,86
"Os04g0380500",773,993,724,1047,1041,1030
"Os04g0470700",84,53,61,105,157,152
"Os04g0470600",5,2,10,2,22,12
"Os04g0430400",12,10,13,16,13,4
"Os04g0505700",1038,1062,910,926,1237,1224
"Os04g0452600",11,23,11,9,12,14
"Os04g0323500",219,244,370,234,288,391
"Os04g0481400",655,828,639,823,904,993
"Os04g0397000",1640,1832,1120,1235,1049,836
"Os04g0642000",20,4,18,17,18,38
"Os04g0457800",11608,15871,10772,10196,8506,7979
"Os04g0613600",990,1276,841,1069,862,911
"Os04g0672200",2446,2447,2288,2513,2826,2719
"Os04g0614100",59,65,51,73,71,57
"Os04g0341900",2,6,8,13,20,10
"Os04g0498800",878,954,746,885,961,899
"Os04g0670000",414,652,401,413,361,362
"Os04g0409100",8,4,6,12,16,12
"Os04g0570800",129,134,144,142,133,122
"Os04g0355401",757,713,1039,1260,1508,901
"Os04g0677400",139,63,28,111,8,72
"Os04g0585200",2104,2175,1772,2776,2027,2381
"Os04g0395800",543,525,573,226,73,86
"Os04g0631600",282,288,238,349,276,352
"Os04g0291100",504,495,448,339,308,347
"Os04g0556500",1300,2419,1139,980,1065,621
"Os04g0450200",226,185,164,198,163,177
"Os04g0649900",466,715,522,403,324,259
"Os04g0346100",2374,2770,2163,2288,2130,1965
"Os04g0269700",216,191,165,239,239,325
"Os04g0580300",1374,2103,1869,1746,3016,2241
"Os04g0126900",1179,1481,1526,793,636,641
"Os04g0537800",181,180,253,244,381,341
"Os04g0435000",22,13,8,17,17,11
"Os04g0366000",135,157,234,209,289,284
"Os04g0691600",1976,2341,2613,3950,5397,5046
"Os04g0433300",0,10,4,4,12,12
"Os04g0646100",918,967,758,985,847,813
"Os04g0589400",354,603,349,275,211,179
"Os04g0220501",18,10,10,17,12,6
"Os04g0611800",737,544,812,739,840,844
"Os04g0412800",14,16,12,2,22,20
"Os04g0672600",187,166,112,130,140,106
"Os04g0474300",713,503,496,677,762,812
"Os04g0463300",212,141,192,199,245,250
"Os04g0307200",5174,5031,4568,5317,6020,5869
"Os04g0600900",45,35,91,58,68,76
"Os04g0623500",371,184,111,160,73,111
"Os04g0556400",3881,5023,2785,2674,1399,1009
"Os04g0673400",112,128,144,189,160,164
"Os04g0314500",759,963,974,1102,1368,1530
"Os04g0401751",20,16,13,15,6,4
"Os04g0129300",182,179,118,143,134,130
"Os04g0619200",203,156,155,256,178,182
"Os04g0643100",2221,2620,1804,1903,1853,1757
"Os04g0610400",767,962,933,1176,953,852
"Os04g0650800",9303,9004,5887,5772,3740,3626
"Os04g0677300",325,432,295,183,31,34
"Os04g0127200",45686,63307,42232,29677,14571,6010
"Os04g0127500",479,818,342,411,121,77
"Os04g0515300",33,53,34,61,43,48
"Os04g0376100",191,277,211,239,278,254
"Os04g0551800",2818,2368,1676,1988,1724,1811
"Os04g0104900",265,472,202,213,32,0
"Os04g0617500",20,12,22,18,20,22
"Os04g0530500",863,1010,888,950,1900,1699
"Os04g0464500",2102,2689,1988,2449,2531,2530
"Os04g0461100",4427,4354,3879,5764,6739,6143
"Os04g0445100",23,10,7,21,0,3
"Os04g0481100",1329,1387,956,778,930,1263
"Os04g0506800",148,64,72,26,24,4
"Os04g0290000",565,842,666,593,846,787
"Os04g0551600",0,4,18,11,2,11
"Os04g0284900",75,104,135,96,176,198
"Os04g0296301",22,12,17,24,12,8
"Os04g0200000",22,39,41,56,32,113
"Os04g0446200",397,394,471,438,653,579
"Os04g0685700",632,745,620,774,541,638
"Os04g0559550",128,138,101,78,114,72
"Os04g0642100",8,16,12,14,12,22
"Os04g0394766",134,94,147,243,276,202
"Os04g0105500",234,218,189,298,247,273
"Os04g0566100",1733,1681,1417,1576,1587,1525
"Os04g0550700",1058,947,772,850,639,852
"Os04g0471300",1523,1888,1196,1022,1013,1032
"Os04g0691500",3412,2648,2459,2611,2893,2845
"Os04g0488000",3629,3435,3182,3464,3250,3197
"Os04g0459500",7904,8473,15817,22169,32944,27180
"Os04g0450100",3816,3743,2640,3070,2448,2896
"Os04g0118100",2656,2460,2417,3071,3628,3473
"Os04g0533900",425,270,374,416,426,425
"Os04g0674450",358,297,296,281,371,279
"Os04g0654500",389,695,448,297,99,83
"Os04g0527500",333,385,294,325,270,279
"Os04g0607450",6,23,13,8,5,10
"Os04g0690300",2319,2920,2032,2129,2090,1885
"Os04g0653100",857,1211,879,698,602,525
"Os04g0669475",92,96,66,86,86,67
"Os04g0473400",3589,3745,3055,3342,3098,3179
"Os04g0300600",786,1564,1142,1012,854,1039
"Os04g0490800",12755,12204,15404,19571,25530,23324
"Os04g0576800",206,108,111,145,70,95
"Os04g0506100",109,116,109,103,82,120
"Os04g0531400",509,461,418,526,436,477
"Os04g0191500",661,517,545,1292,1686,2020
"Os04g0194800",522,646,561,688,717,701
"Os04g0606900",250,231,190,293,294,227
"Os04g0127100",4466,5237,3739,2508,1179,417
"Os04g0382100",1020,1105,958,1062,992,921
"Os04g0662900",2296,1965,1868,2229,2741,2939
"Os04g0467800",509,555,577,575,666,605
"Os04g0476500",2302,1890,1957,2120,2308,2339
"Os04g0686200",51,56,40,38,18,26
"Os04g0621100",68,83,78,64,55,75
"Os04g0340100",356,582,413,301,275,222
"Os04g0223901",10,29,18,5,9,6
"Os04g0626700",431,375,381,433,505,508
"Os04g0105700",4509,4083,3813,5273,5949,5855
"Os04g0610000",1174,1114,1159,1101,1306,1471
"Os04g0482800",3962,4431,2990,3401,3077,3277
"Os04g0509000",29,37,16,39,41,37
"Os04g0220400",130,99,74,129,142,195
"Os04g0675800",487,446,419,599,566,668
"Os04g0632600",71,90,32,51,42,42
"Os04g0560600",223,134,199,279,340,436
"Os04g0474432",78,110,69,122,151,139
"Os04g0226340",1266,1511,950,1272,1193,1545
"Os04g0420700",390,289,425,589,735,720
"Os04g0608800",2413,2413,1710,1948,1606,1632
"Os04g0398300",5408,4746,4808,6004,6635,6695
"Os04g0379300",864,793,601,645,598,613
"Os04g0286300",1161,1085,1093,1186,1131,1116
"Os04g0543000",15,19,7,20,5,11
"Os04g0459800",330,309,302,314,203,248
"Os04g0488500",374,353,333,395,311,381
"Os04g0397500",296,388,345,311,571,502
"Os04g0539000",2681,2918,3313,5379,6875,6327
"Os04g0543500",258,367,318,297,340,326
"Os04g0297933",10,17,16,41,42,24
"Os04g0676200",10,10,10,26,8,16
"Os04g0466700",914,662,746,797,615,736
"Os04g0581100",362,1246,658,1069,107,84
"Os04g0408700",421,426,248,271,176,168
"Os04g0647300",364,374,270,294,306,338
"Os04g0385900",845,852,702,536,383,361
"Os04g0436100",1296,1741,1326,1455,1590,1631
"Os04g0445700",496,336,426,751,890,785
"Os04g0593600",446,452,368,284,319,325
"Os04g0498600",4476,4145,3537,5810,5958,6498
"Os04g0514301",9,10,9,20,21,24
"Os04g0516600",40,34,35,17,12,6
"Os04g0630000",2077,1786,1733,1574,1588,1644
"Os04g0412000",1130,1715,1195,1095,1158,1031
"Os04g0521300",121,171,120,182,144,82
"Os04g0113100",65,57,73,84,70,117
"Os04g0278200",112,129,162,244,163,178
"Os04g0645700",981,907,1334,1043,2098,1707
"Os04g0480700",40,14,8,30,25,65
"Os04g0650500",634,657,725,1002,1050,977
"Os04g0459200",402,400,329,227,560,553
"Os04g0254000",1492,1461,1153,1229,1237,1086
"Os04g0510500",1150,1185,986,1210,1173,1297
"Os04g0443900",1210,646,1434,1446,1709,2530
"Os04g0450800",331,343,336,324,319,301
"Os04g0467550",40,51,70,89,113,98
"Os04g0544400",3632,2903,2983,4170,4611,4208
"Os04g0630900",1289,2224,1120,1059,1472,815
"Os04g0421800",1869,1814,1542,1671,1611,1766
"Os04g0109400",31,50,72,22,4,2
"Os04g0525200",436,336,363,356,428,260
"Os04g0448300",253,341,169,196,159,111
"Os04g0626300",11,8,8,8,16,18
"Os04g0507000",1636,1416,1303,1717,1591,1509
"Os04g0465000",826,910,656,722,858,910
"Os04g0107500",788,992,720,849,1020,863
"Os04g0484800",58,56,34,37,56,52
"Os04g0605900",2856,2787,2288,2653,1991,2348
"Os04g0691366",38,38,46,28,19,20
"Os04g0277400",8,10,25,20,28,4
"Os04g0388601",277,469,395,497,545,671
"Os04g0117600",1730,1553,1376,1595,1492,1626
"Os04g0540900",35,46,64,44,119,73
"Os04g0519912",1035,1069,816,739,458,528
"Os04g0430700",397,650,489,356,579,548
"Os04g0304000",124,109,80,127,105,119
"Os04g0653400",4263,5479,3447,3410,2749,2781
"Os04g0677500",4009,3518,2878,3860,3717,3709
"Os04g0379933",26,27,18,28,17,30
"Os04g0669200",825,1235,1072,1016,1196,1100
"Os04g0659800",313,381,325,80,103,54
"Os04g0405401",876,780,937,1201,1218,1189
"Os04g0607600",133,205,212,136,45,31
"Os04g0674700",673,1218,794,523,504,229
"Os04g0586000",1276,1813,1053,1517,1177,1119
"Os04g0485300",3765,3918,3079,3678,2734,2902
"Os04g0129200",22,22,19,20,33,20
"Os04g0451000",80,115,85,53,50,58
"Os04g0419800",23,21,11,10,14,14
"Os04g0119000",3983,2917,4520,4593,7559,7403
"Os04g0644900",90,93,51,46,49,16
"Os04g0403300",304,310,324,331,363,304
"Os04g0451700",60,180,123,195,236,238
"Os04g0274400",261,376,245,276,223,237
"Os04g0288550",28,47,32,21,21,13
"Os04g0485700",20,27,20,36,23,26
"Os04g0542000",972,1148,1099,1266,2110,1829
"Os04g0403900",862,1339,734,836,917,1034
"Os04g0664600",88,270,192,129,10,6
"Os04g0484900",917,1091,756,1003,1083,1076
"Os04g0632300",173,183,187,205,249,191
"Os04g0514800",41,21,21,28,25,25
"Os04g0684600",11,12,14,8,14,9
"Os04g0667100",378,392,294,346,328,384
"Os04g0616300",10207,10284,9133,7216,8273,6616
"Os04g0584900",539,407,352,481,665,587
"Os04g0464750",119,97,117,178,239,198
"Os04g0602700",180,180,114,188,193,135
"Os04g0608500",7312,6938,5454,6697,6879,6822
"Os04g0477500",644,730,574,616,843,743
"Os04g0601700",3114,3278,2182,2179,1632,1761
"Os04g0284100",508,561,439,477,558,518
"Os04g0398500",1623,2234,1690,1745,1783,1440
"Os04g0674600",22,23,14,13,0,6
"Os04g0607100",525,554,408,478,298,309
"Os04g0599100",2148,1997,1860,1792,1671,1810
"Os04g0512900",518,566,462,392,552,427
"Os04g0677100",12,2,13,22,10,33
"Os04g0535501",58,36,42,54,38,45
"Os04g0640700",11,14,10,8,6,4
"Os04g0448950",66,23,22,53,45,41
"Os04g0516701",30,17,9,15,7,9
"Os04g0686600",345,300,263,463,413,412
"Os04g0204400",55,143,88,51,75,55
"Os04g0390800",14,12,6,6,14,155
"Os04g0527700",956,921,698,508,353,277
"Os04g0673700",74,42,57,56,96,49
"Os04g0445800",76,88,58,87,58,51
"Os04g0183100",3232,3338,2815,2856,3131,2776
"Os04g0530700",823,888,740,1051,1220,1289
"Os04g0353000",351,385,344,390,370,393
"Os04g0458300",2676,3756,2717,3404,3717,2919
"Os04g0284500",322,244,224,241,243,230
"Os04g0618500",1565,1678,1255,1387,1200,1180
"Os04g0459600",1470,1782,1480,1823,1902,1827
"Os04g0119800",1019,1410,1119,605,479,201
"Os04g0483200",372,360,215,447,358,394
"Os04g0492400",858,1118,1014,1117,1078,887
"Os04g0446700",346,408,334,498,519,472
"Os04g0488700",299,425,219,225,219,249
"Os04g0443000",153,268,146,161,195,186
"Os04g0461700",171,101,139,145,86,105
"Os04g0394300",2693,2494,2219,2105,2103,2293
"Os04g0530400",904,912,906,754,900,730
"Os04g0469300",18,12,102,42,64,96
"Os04g0209300",3314,3600,2203,2850,2402,1493
"Os04g0563100",1536,1638,1226,1228,1105,970
"Os04g0412100",181,291,221,270,300,247
"Os04g0685600",5546,4567,4066,3654,3850,3811
"Os04g0389500",428,358,372,520,507,594
"Os04g0585600",1165,1257,1066,1113,1139,1302
"Os04g0405000",573,749,810,824,1337,1213
"Os04g0181100",2797,3794,2408,2158,1714,1435
"Os04g0151800",3056,2752,2339,2711,2755,2596
"Os04g0402100",10522,10851,8286,7020,6560,6619
"Os04g0349500",13721,14017,12536,13356,13862,13422
"Os04g0117900",6230,7482,5740,6518,6548,4566
"Os04g0461600",357,410,724,687,906,517
"Os04g0669700",63,89,64,58,75,96
"Os04g0404800",12199,12284,9284,9185,8478,7295
"Os04g0562100",357,575,428,677,696,723
"Os04g0535000",804,727,696,714,774,759
"Os04g0573900",1946,3438,2264,1895,1247,815
"Os04g0415600",4,24,12,18,31,35
"Os04g0629100",513,367,404,521,445,495
"Os04g0401700",7498,11467,7846,6197,4684,2712
"Os04g0166600",1,3,11,3,13,14
"Os04g0688200",32,17,40,20,2,0
"Os04g0652700",1184,1268,1479,1656,1637,774
"Os04g0298200",1446,1513,1152,1500,1087,1356
"Os04g0154800",452,1133,570,509,231,173
"Os04g0396800",6,4,2,33,42,22
"Os04g0517100",1814,2549,2381,1055,484,224
"Os04g0640500",1555,1166,1626,2008,2282,2325
"Os04g0532400",338,375,195,979,1085,1275
"Os04g0682900",950,949,701,948,1036,1000
"Os04g0509400",1611,1718,1374,1882,1827,1708
"Os04g0524900",10,13,4,4,10,4
"Os04g0590400",999,984,822,607,600,357
"Os04g0410250",26,13,36,60,61,47
"Os04g0649600",125,112,158,109,326,265
"Os04g0166400",242,261,278,213,212,240
"Os04g0444300",684,764,573,240,257,39
"Os04g0470801",101,96,132,215,323,255
"Os04g0609100",2768,2456,2218,2420,2506,2383
"Os04g0462500",492,600,581,587,786,593
"Os04g0476400",229,152,168,305,313,362
"Os04g0459000",15,13,16,21,22,18
"Os04g0611233",18,8,30,2,22,24
"Os04g0186400",60,134,72,92,123,101
"Os04g0578400",550,535,485,596,443,616
"Os04g0191800",298,418,395,454,487,432
"Os04g0563000",10,15,4,13,6,2
"Os04g0623066",72,63,60,70,62,62
"Os04g0439300",400,341,370,463,600,639
"Os04g0492300",3097,2771,2433,2691,2574,2608
"Os04g0677033",126,154,111,99,118,193
"Os04g0475000",80,34,69,79,41,40
"Os04g0201000",68,68,88,59,34,33
"Os04g0682500",201,209,178,224,181,235
"Os04g0408900",234,309,227,259,277,298
"Os04g0665800",2020,1833,1486,1802,1668,1860
"Os04g0576700",2116,2010,1780,1971,1833,1851
"Os04g0113800",664,637,594,672,735,1040
"Os04g0692400",211,179,156,219,260,245
"Os04g0460900",11024,11676,13478,14006,21422,19078
"Os04g0550500",579,742,460,608,606,600
"Os04g0676800",20,8,10,30,34,36
"Os04g0174800",523,730,607,657,557,584
"Os04g0337500",365,336,265,250,389,341
"Os04g0103300",1395,2057,1709,1869,1905,1750
"Os04g0475300",891,784,1022,1375,1719,1591
"Os04g0449000",198,284,229,264,270,301
"Os04g0450500",257,324,154,157,142,104
"Os04g0488600",2671,2305,3081,3609,4397,4880
"Os04g0477300",156,196,125,236,151,164
"Os04g0557000",1835,1678,2127,2733,2907,3161
"Os04g0672800",1397,1760,1214,1437,1354,1381
"Os04g0471400",5481,5822,4537,5133,4582,4397
"Os04g0620500",352,352,319,330,332,333
"Os04g0548100",100,91,89,81,84,93
"Os04g0599700",204,117,92,192,227,158
"Os04g0462900",1695,2086,1522,1932,1706,1810
"Os04g0644700",14,12,2,36,4,24
"Os04g0436300",177,185,176,138,190,225
"Os04g0337201",2555,2224,1732,1993,1652,1798
"Os04g0252400",78,79,74,93,105,71
"Os04g0493100",1026,754,2186,5524,6602,5021
"Os04g0488100",200,91,106,190,159,220
"Os04g0348300",3000,2956,2404,2507,2335,2385
"Os04g0380000",216,185,183,200,235,272
"Os04g0518400",449,752,637,428,181,651
"Os04g0464100",117,418,367,189,110,48
"Os04g0683800",129,64,60,95,32,42
"Os04g0505200",8,12,14,32,48,220
"Os04g0615700",605,1025,524,456,414,535
"Os04g0614600",12398,12436,8240,9716,9411,8147
"Os04g0501700",730,597,594,716,726,788
"Os04g0122000",2437,2696,2949,1425,1557,980
"Os04g0660600",1966,2310,1796,1886,1605,1572
"Os04g0398600",1669,2255,1602,2004,1796,1652
"Os04g0667700",4672,3939,3666,4086,4375,4413
"Os04g0429100",735,734,556,767,773,901
"Os04g0667400",22,14,5,24,25,29
"Os04g0378200",33,34,21,28,42,24
"Os04g0534801",215,273,291,293,459,483
"Os04g0600300",347,363,153,233,78,194
"Os04g0640800",912,935,730,880,775,827
"Os04g0350000",800,718,601,824,678,702
"Os04g0496950",53,18,34,12,5,23
"Os04g0276600",140,138,91,97,107,107
"Os04g0303100",196,228,178,189,241,248
"Os04g0410400",32,24,23,35,31,37
"Os04g0662100",1160,979,789,885,861,820
"Os04g0510700",147,234,179,162,291,161
"Os04g0619400",4250,4988,4106,2878,2911,2682
"Os04g0175300",744,621,650,949,917,882
"Os04g0660100",501,382,362,335,471,449
"Os04g0224900",1435,1400,1016,1062,893,876
"Os04g0494100",92,62,104,74,12,10
"Os04g0379400",1633,1552,1852,2103,3111,3343
"Os04g0615850",236,275,237,279,262,272
"Os04g0108300",1112,1195,1022,1418,1452,1439
"Os04g0578700",617,656,478,536,544,639
"Os04g0474800",7419,10719,6472,5408,2515,1429
"Os04g0680400",3027,3670,2902,2015,2352,1529
"Os04g0628100",8926,10403,9956,10266,12231,11437
"Os04g0349700",447,479,334,603,519,490
"Os04g0405100",426,444,301,366,387,427
"Os04g0218701",49,47,23,37,17,33
"Os04g0690800",1069,1472,680,1300,1567,432
"Os04g0413000",112,114,107,145,191,208
"Os04g0337000",226,110,384,410,631,611
"Os04g0674300",30,47,57,39,59,65
"Os04g0620400",979,956,684,732,884,883
"Os04g0658300",3394,2890,3484,3881,4704,4338
"Os04g0485200",924,1019,700,1018,871,725
"Os04g0604600",1291,1292,1182,1430,1408,1401
"Os04g0548300",912,876,625,851,721,607
"Os04g0556300",859,868,694,891,684,847
"Os04g0560500",1172,850,689,1000,1080,1093
"Os04g0644200",6,2,10,14,15,16
"Os04g0414900",82,66,27,34,34,30
"Os04g0628900",1482,1491,1738,1703,3179,3027
"Os04g0634500",186,231,231,226,360,346
"Os04g0499100",6,9,13,21,7,12
"Os04g0414400",36,31,24,29,20,12
"Os04g0247500",7357,6774,8017,8867,11248,10990
"Os04g0580866",120,230,169,157,85,80
"Os04g0602400",611,886,746,1058,1253,1015
"Os04g0164300",806,727,916,1223,1438,1506
"Os04g0561000",13,15,11,14,13,28
"Os04g0115700",40,26,20,26,45,49
"Os04g0164900",96,106,74,238,154,231
"Os04g0602200",2415,2401,2248,3156,3874,3305
"Os04g0458400",375,549,444,485,721,681
"Os04g0672300",15,8,24,17,69,50
"Os04g0486600",7760,8763,5170,6490,6963,6749
"Os04g0107900",15,5,4,17,0,17
"Os04g0450400",898,1287,846,767,912,803
"Os04g0622800",10,8,15,26,18,20
"Os04g0266900",919,845,552,529,248,264
"Os04g0394500",4159,4054,3630,3515,3522,3736
"Os04g0507500",2231,1832,1776,1682,1802,1731
"Os04g0295100",67,69,65,75,46,73
"Os04g0616600",226,104,174,106,88,72
"Os04g0601500",69,104,85,139,153,145
"Os04g0464200",1333,1271,1006,1407,1274,1297
"Os04g0428500",12,2,13,6,16,18
"Os04g0390600",1045,1227,828,925,900,770
"Os04g0363700",434,424,377,404,420,363
"Os04g0529300",16,10,8,4,12,20
"Os04g0585300",2290,2232,1997,2243,2231,2166
"Os04g0337300",1019,1099,919,985,924,929
"Os04g0585050",11,23,37,54,71,57
"Os04g0683600",346,264,264,267,159,167
"Os04g0101800",168,235,185,169,301,254
"Os04g0647900",851,1143,732,546,323,320
"Os04g0271000",1327,1094,1217,1209,1252,1241
"Os04g0234600",30577,30045,35654,49320,60867,55218
"Os04g0286400",592,664,657,585,489,496
"Os04g0131850",180,156,161,159,127,77
"Os04g0544000",89,138,81,92,79,93
"Os04g0368000",115,175,156,126,125,111
"Os04g0201200",555,366,420,349,326,358
"Os04g0513400",625,455,556,354,153,327
"Os04g0538000",42,48,28,58,24,38
"Os04g0650000",38916,49349,30919,34060,39246,32939
"Os04g0691100",2175,2953,2392,2863,4105,3487
"Os04g0118700",978,1271,1348,2030,3322,2841
"Os04g0622000",27,48,19,34,60,35
"Os04g0416400",698,478,802,765,739,859
"Os04g0448600",1990,1582,1553,2447,2839,3351
"Os04g0635650",101,85,386,511,606,107
"Os04g0443200",100,152,136,74,131,130
"Os04g0499200",136,110,66,212,231,250
"Os04g0508100",680,709,579,577,576,563
"Os04g0556100",5,14,8,15,17,18
"Os04g0450701",12,6,8,6,10,20
"Os04g0170500",101,74,94,94,115,112
"Os04g0622600",2616,2988,1787,2199,2206,1877
"Os04g0602900",279,279,275,294,329,372
"Os04g0675500",5380,6091,4429,4581,4105,3952
"Os04g0559400",2833,2890,3081,2848,2991,2434
"Os04g0584300",282,201,244,366,453,434
"Os04g0541500",2451,2321,1734,1776,1538,1539
"Os04g0128700",405,942,530,445,337,285
"Os04g0455800",1813,1828,1982,1911,2748,2264
"Os04g0568800",626,620,466,560,499,494
"Os04g0640850",288,147,142,149,58,83
"Os04g0586200",470,483,475,630,789,709
"Os04g0583200",118,120,141,94,127,132
"Os04g0535400",385,545,410,416,355,278
"Os04g0653700",382,1197,548,260,70,18
"Os04g0302400",55,55,59,83,81,71
"Os04g0510300",348,365,315,377,395,389
"Os04g0281900",285,226,311,406,561,521
"Os04g0677700",461,421,491,453,525,479
"Os04g0438500",1273,1441,1294,1202,1389,1360
"Os04g0442000",2930,2593,2787,4691,5593,5722
"Os04g0430000",159,178,225,202,241,276
"Os04g0689500",46,19,236,188,405,375
"Os04g0508200",2642,2287,1977,1880,1947,1560
"Os04g0605100",737,1332,915,1222,1395,1030
"Os04g0643000",879,787,736,808,783,769
"Os04g0522800",263,347,142,255,235,175
"Os04g0659100",28054,24489,33518,42145,53942,50653
"Os04g0112100",70,103,89,108,71,115
"Os04g0655100",10,21,22,12,43,37
"Os04g0111900",1399,1338,1301,1264,1324,1319
"Os04g0591000",2458,1937,2074,2723,2990,3114
"Os04g0510600",408,542,538,468,666,659
"Os04g0432000",277,232,247,468,555,717
"Os04g0497000",893,1160,875,806,745,723
"Os04g0464800",1465,1134,1409,1854,2063,1904
"Os04g0451200",15036,24435,18531,21473,20219,14245
"Os04g0441900",4386,4311,3857,3921,4806,4022
"Os04g0655400",45,31,24,19,11,6
"Os04g0518100",2422,3275,2513,2622,3748,2900
"Os04g0451100",449,378,426,442,478,495
"Os04g0206300",29,14,15,8,6,8
"Os04g0388800",2317,2224,1777,1921,1576,1819
"Os04g0340800",6249,5347,6922,8343,8797,9831
"Os04g0378400",800,676,820,909,919,885
"Os04g0486500",6,18,12,4,10,10
"Os04g0600400",230,173,155,176,122,131
"Os04g0485800",3038,2352,1999,2338,1867,2104
"Os04g0618050",84,39,58,52,66,67
"Os04g0288500",2413,6199,2746,2979,2282,1450
"Os04g0688500",13259,26547,14604,10489,8200,1739
"Os04g0387900",42,48,58,66,108,128
"Os04g0347800",394,290,351,394,381,401
"Os04g0553300",10,10,18,10,14,24
"Os04g0662800",32,33,22,23,11,7
"Os04g0469700",237,173,170,230,373,382
"Os04g0514500",331,315,341,294,377,353
"Os04g0362375",228,243,339,337,455,251
"Os04g0431100",3438,3330,2605,2758,2234,2172
"Os04g0660500",3439,2885,4923,5347,7877,6965
"Os04g0356600",23,67,41,27,8,3
"Os04g0439600",49,128,70,48,38,34
"Os04g0530000",295,272,204,178,207,245
"Os04g0384200",204,240,156,219,203,180
"Os04g0405900",7432,8361,8183,9051,12519,12837
"Os04g0476000",478,372,418,472,613,592
"Os04g0681900",2835,3418,2946,2794,3035,2871
"Os04g0501500",117,197,176,164,185,170
"Os04g0269100",88,55,68,98,184,239
"Os04g0224600",456,486,383,369,432,413
"Os04g0603000",410,254,384,477,602,575
"Os04g0613400",181,195,143,195,164,254
"Os04g0616900",3469,3211,3407,4162,5855,5112
"Os04g0182800",839,953,699,670,742,752
"Os04g0508800",940,670,664,511,389,369
"Os04g0626100",1125,1142,834,1120,1290,1213
"Os04g0137500",619,719,432,584,460,402
"Os04g0450300",46,58,38,57,52,54
"Os04g0455900",2114,1874,1499,1702,1338,1388
"Os04g0589200",499,650,523,811,892,910
"Os04g0155500",1,32,14,10,13,13
"Os04g0596400",3730,3765,2880,2777,2375,2452
"Os04g0663800",446,559,316,510,536,485
"Os04g0644600",587,437,359,659,568,582
"Os04g0372800",2674,2932,2475,2631,2577,2405
"Os04g0485400",350,352,253,310,244,219
"Os04g0673800",48,40,11,26,2,26
"Os04g0192350",16,32,33,19,22,16
"Os04g0250050",96,139,135,136,211,187
"Os04g0490100",890,928,697,567,496,394
"Os04g0610700",3663,3472,3112,3218,3882,3842
"Os04g0250200",217,244,208,248,272,237
"Os04g0563300",373,434,379,443,295,349
"Os04g0692800",146,252,166,148,146,120
"Os04g0553000",194,234,195,260,206,257
"Os04g0539500",1027,1021,933,949,1040,989
"Os04g0494400",2290,2496,2443,2901,3549,3117
"Os04g0477000",94,88,121,133,238,246
"Os04g0541100",23,18,20,8,8,11
"Os04g0679900",1886,2230,1737,2022,2091,1823
"Os04g0252200",3750,3282,2973,3443,3432,3574
"Os04g0685500",362,212,166,238,357,230
"Os04g0456200",6,14,4,14,12,2
"Os04g0586100",848,1014,812,1071,1135,1259
"Os04g0530600",447,463,327,471,413,327
"Os04g0453200",150,190,237,369,596,403
"Os04g0627200",58,49,71,63,74,106
"Os04g0614650",1996,1070,966,1109,967,881
"Os04g0683900",3872,4451,4754,5294,6589,5891
"Os04g0687100",41,54,34,37,16,30
"Os04g0558700",20,14,36,22,74,77
"Os04g0457500",3424,4410,3375,2699,2061,1807
"Os04g0597800",68,113,94,60,28,7
"Os04g0416500",33,42,23,40,37,43
"Os04g0309100",444,345,325,421,402,485
"Os04g0517000",49,74,52,40,16,13
"Os04g0465100",16,4,8,22,20,17
"Os04g0568300",17,17,25,24,11,9
"Os04g0320700",3907,4308,3497,5326,6911,5004
"Os04g0492800",171,190,169,152,232,214
"Os04g0618950",4,13,10,2,14,7
"Os04g0530900",2,2,15,12,37,42
"Os04g0338950",97,966,195,510,64,89
"Os04g0674400",810,602,490,487,186,246
"Os04g0566600",236,326,227,197,162,187
"Os04g0648400",73,44,93,123,104,113
"Os04g0489800",23,14,11,8,13,4
"Os04g0517300",2905,2511,2470,2246,3164,2895
"Os04g0103500",1118,906,772,569,379,367
"Os04g0431000",71,102,57,75,42,57
"Os04g0598900",205,211,136,115,53,88
"Os04g0669800",7837,9149,6440,7194,10225,9168
"Os04g0465500",346,272,330,366,434,520
"Os04g0560700",1847,1792,1601,1582,1856,1740
"Os04g0295901",233,336,258,348,337,312
"Os04g0253000",232,269,246,497,465,470
"Os04g0678400",217,276,215,141,77,43
"Os04g0649500",152,149,130,72,174,101
"Os04g0446000",30,35,39,36,5,8
"Os04g0587300",213,262,199,360,440,536
"Os04g0529100",1,6,7,28,17,14
"Os04g0607400",1924,2326,2343,2712,3815,3531
"Os04g0639000",24,20,38,8,4,4
"Os04g0116900",13,13,8,6,0,14
"Os04g0470150",153,131,223,196,416,286
"Os04g0579200",32,28,21,49,64,58
"Os04g0432800",50,48,44,46,67,52
"Os04g0301700",1480,1480,1066,765,606,595
"Os04g0521700",32,10,6,10,6,6
"Os04g0491700",1712,1604,1557,1686,1967,1891
"Os04g0270100",4303,3697,2914,3415,2647,2770
"Os04g0382300",2117,2283,2019,1917,2644,2193
"Os04g0693000",3996,4671,3270,3618,3066,3229
"Os04g0626450",12,34,6,17,32,26
"Os04g0611400",5723,9623,5397,5643,4602,4239
"Os04g0338000",2277,2309,1888,2128,1891,2041
"Os04g0402300",1051,1137,940,1033,1173,1092
"Os04g0486400",89,97,102,103,103,107
"Os04g0598500",171,140,114,134,89,117
"Os04g0518650",144,159,103,130,121,140
"Os04g0229100",447,567,518,345,302,380
"Os04g0691433",11,23,10,4,7,3
"Os04g0498900",5,5,6,19,17,15
"Os04g0284600",128,124,109,121,94,151
"Os04g0467400",1194,968,910,1043,1094,1071
"Os04g0636900",1747,2338,1954,2496,2756,2498
"Os04g0661900",1636,1569,1163,1139,1155,919
"Os04g0422000",3750,3452,4734,6683,8409,7580
"Os04g0476100",1020,1774,1666,593,859,482
"Os04g0585700",1024,1227,957,1639,1637,1956
"Os04g0676700",1100,1414,1015,1164,1907,1585
"Os04g0191400",882,881,851,1976,1936,1651
"Os04g0162500",48,47,78,70,75,93
"Os04g0583700",380,317,319,491,551,604
"Os04g0490000",37,39,25,25,31,17
"Os04g0637400",2977,2621,2435,2670,2536,2534
"Os04g0346000",1592,1739,1334,1167,1233,1299
"Os04g0611300",300,295,275,315,319,309
"Os04g0668000",24,35,52,24,69,60
"Os04g0428950",1240,1396,1280,1559,1553,1624
"Os04g0452300",31,44,31,59,37,39
"Os04g0533000",2473,2573,2075,1876,1724,1729
"Os04g0679967",24,52,38,72,57,36
"Os04g0450000",236,427,266,196,58,71
"Os04g0456300",7,10,13,6,22,15
"Os04g0692850",697,667,613,700,604,623
"Os04g0546800",2095,2491,3516,3161,5859,3290
"Os04g0340300",292,484,357,288,236,233
"Os04g0105300",219,346,258,304,266,238
"Os04g0393900",202,224,199,147,173,165
"Os04g0561600",134,104,81,113,91,92
"Os04g0132300",676,573,539,617,624,490
"Os04g0533500",2704,3754,2492,3173,4295,3409
"Os04g0574600",975,939,787,863,803,881
"Os04g0583500",183,149,165,223,188,162
"Os04g0419100",161,126,140,49,16,2
"Os04g0534600",1573,1759,2179,2885,4923,4396
"Os04g0450250",15,12,9,4,6,14
"Os04g0474500",83,77,83,75,60,100
"Os04g0546300",460,484,626,835,1056,1033
"Os04g0661200",797,728,635,727,830,953
"Os04g0634900",22,12,22,38,50,10
"Os04g0620700",7092,6365,5462,5517,6044,5569
"Os04g0448100",24,19,26,32,10,36
"Os04g0495300",42,46,24,50,63,80
"Os04g0613800",3149,2411,2162,2115,1863,2274
"Os04g0310400",330,230,251,527,1557,2140
"Os04g0555600",826,731,589,576,487,568
"Os04g0556000",73,98,118,46,97,81
"Os04g0457000",14,7,11,29,28,66
"Os04g0650300",107,95,73,58,26,52
"Os04g0531750",108,77,78,108,97,140
"Os04g0110400",251,255,282,183,176,236
"Os04g0432100",45,46,33,50,4,4
"Os04g0620000",43635,38109,31938,38815,33555,34606
"Os04g0600200",2118,1469,820,1125,487,873
"Os04g0430950",966,1116,830,826,638,741
"Os04g0414300",359,437,322,331,336,315
"Os04g0527000",42,58,34,12,8,7
"Os04g0549400",23,30,38,18,49,41
"Os04g0503200",109,85,77,123,123,209
"Os04g0623100",1241,1348,1626,1431,2098,2208
"Os04g0663500",159,152,122,118,160,187
"Os04g0306800",3976,3681,3297,3747,4640,4658
"Os04g0531100",32,18,34,26,28,20
"Os04g0409200",612,452,598,655,1036,998
"Os04g0669500",542,633,609,714,561,591
"Os04g0209200",2872,2663,1587,1001,429,329
"Os04g0644675",405,464,381,443,396,369
"Os04g0613900",1108,770,551,827,1004,1725
"Os04g0635000",18,26,19,10,8,6
"Os04g0632100",444,299,437,513,590,569
"Os04g0625800",663,784,597,760,829,823
"Os04g0469000",2681,2925,2154,1393,2156,1797
"Os04g0449500",39,51,37,34,27,15
"Os04g0244500",482,361,345,350,276,330
"Os04g0667800",3206,3360,2853,3868,3809,3721
"Os04g0411300",10,18,16,6,4,14
"Os04g0177400",54,33,55,65,75,99
"Os04g0437600",10210,10553,9768,9550,9811,8581
"Os04g0470500",27,54,26,52,70,28
"Os04g0603300",43,32,32,21,34,56
"Os04g0627900",209,228,125,52,10,70
"Os04g0490700",1071,1131,965,1041,1261,1353
"Os04g0463100",890,917,1209,1293,1350,1587
"Os04g0636300",489,341,375,594,588,606
"Os04g0429450",1269,1894,1393,1591,1663,1829
"Os04g0405600",5526,5384,4604,4958,4657,4611
"Os04g0528100",585,610,490,595,562,613
"Os04g0165600",179,168,146,185,174,169
"Os04g0480400",679,584,471,536,717,676
"Os04g0650900",565,534,547,717,732,644
"Os04g0625900",691,624,491,630,685,555
"Os04g0118400",285,354,365,479,361,347
"Os04g0585400",55,73,25,60,93,79
"Os04g0541700",891,549,424,914,810,774
"Os04g0564700",235,220,150,218,201,230
"Os04g0486950",4804,4345,4219,1301,1904,1111
"Os04g0521800",1891,2736,1699,1819,1642,1872
"Os04g0167800",389,644,273,287,115,118
"Os04g0507800",280,219,310,365,323,271
"Os04g0346800",474,804,667,893,1044,967
"Os04g0582700",112,198,83,66,25,21
"Os04g0111200",1704,1168,1273,1143,1374,2714
"Os04g0448800",250,244,243,287,273,338
"Os04g0421900",5096,4709,3714,4196,3724,3591
"Os04g0527800",564,679,531,566,469,558
"Os04g0650700",2052,3353,1934,2327,6423,5795
"Os04g0619300",846,1062,904,615,433,312
"Os04g0660400",3937,4287,3671,3447,3349,3501
"Os04g0596300",707,554,532,547,473,508
"Os04g0452350",56,18,25,10,18,19
"Os04g0272700",296,285,285,323,519,521
"Os04g0629600",50,20,30,113,101,134
"Os04g0584600",17974,20124,17274,11982,14580,11709
"Os04g0283900",113,206,205,177,219,205
"Os04g0444800",661,697,599,1609,1687,2780
"Os04g0429800",34,22,38,24,31,26
"Os04g0587451",124,143,121,128,180,118
"Os04g0387300",103,91,85,101,120,113
"Os04g0601800",1344,1235,1180,1839,2785,2331
"Os04g0626500",1049,881,962,1211,1320,1265
"Os04g0102700",2824,3025,2088,2233,1988,1561
"Os04g0303900",2418,2380,2555,2923,3515,3247
"Os04g0619900",31,21,31,55,42,78
"Os04g0117300",26,52,32,30,45,22
"Os04g0487400",142,309,200,188,182,116
"Os04g0525000",1733,1891,2057,2970,4136,3620
"Os04g0663100",3297,3180,2673,2827,3123,2816
"Os04g0555400",2947,2754,2302,2598,2621,2413
"Os04g0629000",2620,2631,2281,2133,2232,2245
"Os04g0617700",67,107,115,78,108,124
"Os04g0540200",836,1092,1013,979,1339,1122
"Os04g0463800",249,158,167,205,214,209
"Os04g0679400",1354,1662,1515,1169,1937,1366
"Os04g0530300",1140,903,888,879,1466,1328
"Os04g0687300",363,358,346,403,343,409
"Os04g0686650",2297,2502,2241,1764,1828,1240
"Os04g0106000",72,95,57,87,64,62
"Os04g0128300",2418,2287,2717,3001,3330,3190
"Os04g0397700",231,307,209,192,185,164
"Os04g0162701",32,28,56,16,28,18
"Os04g0643300",1020,911,934,806,745,769
"Os04g0131900",1456,1470,1276,1330,1544,1639
"Os04g0638100",199,275,320,285,392,322
"Os04g0498101",18,42,15,21,17,7
"Os04g0271450",175,117,124,185,162,218
"Os04g0390000",6075,6708,4910,4964,4852,4682
"Os04g0421850",92,149,107,191,159,105
"Os04g0618200",3952,4772,3435,2431,1758,1555
"Os04g0560400",140,131,93,152,172,165
"Os04g0663200",496,461,357,456,416,366
"Os04g0275100",121,103,81,86,63,22
"Os04g0180400",33,92,47,56,5,4
"Os04g0212450",6,8,2,17,58,48
"Os04g0170166",80,78,59,92,107,106
"Os04g0417600",234,235,200,251,238,135
"Os04g0386500",1367,1036,1034,1052,1052,1039
"Os04g0592600",4626,5312,5510,4660,7576,8435
"Os04g0224000",301,475,328,353,250,266
"Os04g0110600",1603,1488,1452,1504,1749,1780
"Os04g0119200",52,38,64,37,43,24
"Os04g0641000",1476,1360,1065,1272,1153,1081
"Os04g0376600",96,72,49,77,60,24
"Os04g0612900",357,408,244,326,317,265
"Os04g0479700",365,364,270,311,189,292
"Os04g0409600",1792,1854,1545,1728,1639,1524
"Os04g0388000",16,4,23,21,33,52
"Os04g0388700",932,787,954,879,1642,1154
"Os04g0103400",7,11,6,11,10,4
"Os04g0437500",35,52,31,50,20,30
"Os04g0481300",193,253,318,408,657,682
"Os04g0102600",1382,1653,1305,1439,1375,1314
"Os04g0218350",713,797,721,834,778,800
"Os04g0485000",2036,2156,1535,1695,1554,1606
"Os04g0482000",4509,6796,4155,4335,4410,3644
"Os04g0487000",391,426,349,445,391,464
"Os04g0657900",481,612,621,1115,1307,1139
"Os04g0598800",3275,4703,3070,1965,2208,1350
"Os04g0606800",1950,2398,1618,1873,1884,1758
"Os04g0442800",397,566,630,543,681,639
"Os04g0119400",9513,10245,9108,6577,7523,5627
"Os04g0584002",21,10,18,20,25,33
"Os04g0674200",745,892,636,719,718,680
"Os04g0533300",10365,10230,9944,12680,16143,13342
"Os04g0372775",19,40,32,17,23,28
"Os04g0310500",866,1229,828,857,915,848
"Os04g0518600",10,58,24,10,6,5
"Os04g0692600",515,603,553,805,855,914
"Os04g0501000",5847,6141,4807,5261,4774,4788
"Os04g0379500",1287,1112,1262,1338,1525,1564
"Os04g0379800",65,42,28,48,28,46
"Os04g0499500",23,23,14,30,22,21
"Os04g0596500",111,97,80,158,93,150
"Os04g0538700",2640,3083,2520,3136,4079,3578
"Os04g0388900",473,425,457,508,450,437
"Os04g0599900",3027,3149,2580,2735,2674,2512
"Os04g0106500",17,12,9,24,63,36
"Os04g0685800",2268,2594,2084,2858,2854,2672
"Os04g0452000",8417,8841,6469,6314,5401,5077
"Os04g0412300",369,294,363,374,501,570
"Os04g0555000",290,381,283,328,428,468
"Os04g0504800",1855,2548,1747,1959,1790,1803
"Os04g0297800",2603,3084,2385,3187,3497,3026
"Os04g0364800",188,357,324,204,231,114
"Os04g0573200",2897,2644,2114,2194,1877,2144
"Os04g0454600",184,221,113,179,123,141
"Os04g0606200",258,329,439,133,235,110
"Os04g0525600",353,508,339,458,490,565
"Os04g0439100",5123,4492,3878,3554,3551,3757
"Os04g0663700",758,535,438,587,728,638
"Os04g0680300",263,324,277,209,273,280
"Os04g0290400",506,656,622,808,1045,1010
"Os04g0467100",971,1169,842,759,682,643
"Os04g0111225",19,12,17,17,18,27
"Os04g0497400",571,589,409,622,551,531
"Os04g0544200",72,64,148,133,126,227
"Os04g0457200",67,99,71,43,83,48
"Os04g0584500",20,12,14,31,10,12
"Os04g0626000",1252,1147,1101,1574,1656,1884
"Os04g0416450",46,36,40,40,48,68
"Os04g0308000",1190,1142,1116,1239,1345,1346
"Os04g0626600",624,651,513,566,517,604
"Os04g0673000",667,650,494,510,534,569
"Os04g0653000",2537,2789,3149,3164,3333,3376
"Os04g0587400",2259,2955,2632,2894,5984,5347
"Os04g0476700",1373,1748,1366,1265,1448,1487
"Os04g0555900",616,435,545,767,725,801
"Os04g0496150",169,223,223,166,159,198
"Os04g0654700",1510,1680,1452,1578,1825,1440
"Os04g0683100",2106,2284,2056,2016,1994,1812
"Os04g0165400",647,740,521,704,607,696
"Os04g0459700",1289,1057,925,975,889,951
"Os04g0151900",1534,1698,1311,1213,1063,975
"Os04g0656500",54,28,55,65,53,78
"Os04g0311100",475,466,410,399,490,466
"Os04g0569100",225,222,113,150,119,142
"Os04g0387600",84,137,98,127,194,284
"Os04g0188433",0,10,0,26,24,18
"Os04g0258900",34,22,16,14,8,10
"Os04g0438400",100,152,108,130,104,103
"Os04g0344100",43,29,67,10,26,11
"Os04g0182701",182,203,163,194,179,128
"Os04g0111100",181,264,180,219,260,201
"Os04g0534166",66,89,39,122,42,57
"Os04g0625300",470,448,383,361,350,357
"Os04g0429200",1596,1384,1084,1321,1274,1204
"Os04g0320200",1794,1568,1291,1366,1414,1416
"Os04g0511200",1395,393,155,395,18,131
"Os04g0529500",348,378,283,362,332,452
"Os04g0200700",58,90,85,74,156,112
"Os04g0143566",4,2,6,10,14,14
"Os04g0654400",348,446,365,132,116,87
"Os04g0657500",1644,2395,1869,3006,3843,3267
"Os04g0517400",92,113,70,96,53,69
"Os04g0577800",134,112,101,107,97,68
"Os04g0480500",18,37,18,65,83,80
"Os04g0280700",30,35,34,36,9,8
"Os04g0691700",1178,989,998,1171,1331,1303
"Os04g0692500",3021,2509,2973,3805,3995,4110
"Os04g0483600",2056,1546,1632,1752,1546,1649
"Os04g0379700",4751,4190,5946,7331,9068,8732
"Os04g0205101",24,34,24,26,18,2
"Os04g0482300",25,43,43,33,16,8
"Os04g0636400",44,34,32,40,30,20
"Os04g0181901",12,14,19,29,20,18
"Os04g0444600",2617,2634,2094,2372,2255,2260
"Os04g0636800",1503,1743,1574,1779,1657,1751
"Os04g0563350",7,9,9,16,15,23
"Os04g0463600",1453,1193,1054,1181,1299,1373
"Os04g0661800",615,764,584,626,522,536
"Os04g0394700",4427,5487,3703,3163,2714,2320
"Os04g0657300",1041,1081,987,1968,2198,2050
"Os04g0593700",183,130,106,152,146,136
"Os04g0351933",46,60,117,44,4,0
"Os04g0107200",99,80,65,91,72,77
"Os04g0675000",748,591,710,1198,1176,1498
"Os04g0691200",926,964,859,882,1098,1037
"Os04g0282200",164,117,173,129,154,194
"Os04g0634800",351,234,228,217,283,184
"Os04g0127300",113,138,78,90,77,73
"Os04g0423700",790,801,658,726,732,754
"Os04g0606425",183,177,161,192,205,152
"Os04g0172100",98,90,68,78,41,71
"Os04g0286366",122,156,118,146,147,184
"Os04g0543700",252,237,227,203,168,267
"Os04g0442100",1484,1914,1474,1763,1736,1433
"Os04g0202500",742,1043,625,878,478,676
"Os04g0348000",1416,1261,1051,1137,1246,1181
"Os04g0623300",5572,3897,3708,5139,3298,3120
"Os04g0503100",142,180,174,223,239,198
"Os04g0249600",139,134,144,155,194,183
"Os04g0167875",34,38,14,15,11,17
"Os04g0391000",122,132,84,90,117,114
"Os04g0498000",30,25,8,14,17,5
"Os04g0244800",1558,1181,1294,1417,1468,2090
"Os04g0517350",718,775,651,567,618,602
"Os04g0619000",1105,1013,1134,747,1206,417
"Os04g0660200",865,873,778,886,665,729
"Os04g0569000",229,207,258,259,306,301
"Os04g0438700",380,364,404,333,385,382
"Os04g0560300",495,518,480,533,518,476
"Os04g0116600",20,4,44,27,24,57
"Os04g0195000",4076,3395,2965,3303,3392,3195
"Os04g0495800",2129,2305,1813,1977,1822,1884
"Os04g0444900",783,823,586,717,792,823
"Os04g0391500",2328,4132,3842,2231,2881,1812
"Os04g0254300",121,146,72,109,88,120
"Os04g0644800",222,227,171,173,133,140
"Os04g0367400",92,163,103,133,142,117
"Os04g0531300",1322,1097,1029,978,930,990
"Os04g0545200",1175,1171,1215,1452,1719,1603
"Os04g0568850",303,202,158,208,196,201
"Os04g0625200",36,22,22,25,26,82
"Os04g0566800",231,214,167,230,181,178
"Os04g0566400",5233,6699,5416,6178,6276,5968
"Os04g0308100",387,435,300,296,328,258
"Os04g0391900",648,514,477,674,785,673
"Os04g0605300",309,227,433,648,939,1396
"Os04g0597600",137,127,118,36,1,1
"Os04g0175600",3259,4127,3392,4789,6898,5820
"Os04g0412900",181,159,152,127,99,135
"Os04g0528400",143,144,79,117,116,117
"Os04g0217600",607,506,631,663,524,488
"Os04g0114801",28,29,36,37,49,42
"Os04g0561700",699,507,392,442,337,341
"Os04g0545000",4,12,16,10,0,6
"Os04g0416900",137,233,140,165,68,77
"Os04g0129400",96,132,76,131,85,97
"Os04g0168300",52,113,37,183,92,142
"Os04g0506900",250,137,114,205,98,143
"Os04g0463500",2941,4245,2919,2414,1758,1655
"Os04g0691400",328,476,410,274,323,203
"Os04g0479500",311,299,321,333,354,358
"Os04g0146800",436,371,439,493,441,502
"Os04g0549350",16,20,14,11,5,14
"Os04g0600000",162,192,155,165,209,153
"Os04g0527400",690,622,378,545,374,304
"Os04g0567800",192,312,265,229,333,307
"Os04g0615100",3301,3304,2231,2470,2085,1929
"Os04g0528300",545,353,419,653,836,1058
"Os04g0492900",541,470,452,497,535,433
"Os04g0316200",2273,3925,3092,1743,595,319
"Os04g0684100",3591,2970,2922,4416,2102,887
"Os04g0644300",1766,2232,1342,1253,1065,939
"Os04g0579700",103,104,140,194,242,187
"Os04g0670600",1144,1369,1018,1165,1253,1191
"Os04g0485100",1789,1596,1510,1569,1741,1751
"Os04g0434300",924,917,808,908,891,816
"Os04g0497350",232,181,174,199,256,202
"Os04g0432400",839,759,1123,1465,2310,2455
"Os04g0670800",1980,2289,1729,1848,1967,1948
"Os04g0490400",202,227,187,212,167,198
"Os04g0171800",0,6,2,12,21,104
"Os04g0690400",392,358,317,468,401,462
"Os04g0445600",499,629,464,462,682,717
"Os04g0598000",12788,11853,10480,15034,21347,22441
"Os04g0219600",410,333,378,678,831,754
"Os04g0233400",5,1,8,16,14,25
"Os04g0401000",84,34,457,260,238,200
"Os04g0648500",907,853,787,808,795,839
"Os04g0668800",225,109,76,103,94,101
"Os04g0630800",2310,3595,2285,1486,1410,716
"Os04g0643700",80,69,46,73,76,72
"Os04g0218900",138,112,110,138,136,196
"Os04g0469425",23,32,24,33,23,36
"Os04g0401200",10,14,4,15,5,7
"Os04g0432600",1442,1937,1404,1784,1624,1607
"Os04g0662600",41,80,16,8,6,0
"Os04g0500200",43,82,80,44,37,95
"Os04g0623600",207,234,227,248,268,289
"Os04g0658600",846,890,749,822,925,920
"Os04g0616500",2650,2386,2299,3195,3212,2359
"Os04g0670400",518,535,413,540,472,410
"Os04g0399200",313,314,238,278,276,226
"Os04g0534500",1266,1551,1099,1344,1360,1348
"Os04g0440000",3809,3976,3554,3579,4113,3532
"Os04g0115500",7,8,2,12,12,16
"Os04g0610500",2472,1489,2171,3194,3956,3676
"Os04g0223500",201,62,40,58,11,48
"Os04g0208450",146,249,189,601,574,400
"Os04g0659500",3652,3801,2843,2820,2699,2620
"Os04g0465700",589,492,463,529,452,505
"Os04g0548700",33,15,34,63,62,54
"Os04g0172400",206,471,172,175,58,32
"Os04g0692100",365,405,252,324,291,377
"Os04g0147600",68,63,83,91,94,78
"Os04g0486800",48,44,58,41,65,50
"Os04g0607200",98,97,122,115,204,244
"Os04g0293700",502,374,450,452,546,473
"Os04g0620200",19,19,22,10,3,3
"Os04g0621500",99,80,235,268,282,332
"Os04g0692700",178,175,120,123,107,177
"Os04g0496400",682,570,546,637,631,609
"Os04g0682600",96,56,63,86,79,58
"Os04g0675101",355,314,165,160,92,131
"Os04g0409500",804,934,732,1005,1034,1082
"Os04g0347600",1892,1885,1670,1903,1649,1627
"Os04g0608900",199,237,132,140,101,96
"Os04g0101300",115,88,116,184,213,223
"Os04g0349600",27,41,61,87,50,44
"Os04g0194600",422,451,433,457,466,507
"Os04g0385700",2113,2441,2260,2618,3133,2749
"Os04g0296700",3640,3776,4427,5055,6123,5890
"Os04g0682100",573,918,730,642,591,462
"Os04g0227100",392,358,298,330,461,438
"Os04g0421700",527,534,530,640,668,633
"Os04g0497600",1633,1539,1219,1528,1133,1292
"Os04g0524400",287,404,245,279,230,263
"Os04g0568900",2040,2303,1743,1960,1944,1745
"Os04g0217900",540,500,553,610,552,577
"Os04g0649100",935,941,806,1419,1561,1865
"Os04g0459900",1011,803,956,1292,1523,1594
"Os04g0518000",666,659,450,511,416,445
"Os04g0588700",57,58,32,66,72,65
"Os04g0688000",504,819,699,674,578,539
"Os04g0613300",680,603,478,563,596,488
"Os04g0106400",150,166,175,73,144,134
"Os04g0538800",37,48,32,21,26,29
"Os04g0503800",487,545,406,346,344,333
"Os04g0244201",558,765,844,963,1453,1475
"Os04g0637500",83,163,142,140,168,139
"Os04g0461400",1713,1381,1528,1482,1529,1385
"Os04g0667900",627,583,725,783,965,744
"Os04g0191600",198,242,297,248,398,370
"Os04g0503600",5353,5431,4110,3949,3247,3246
"Os04g0423600",1277,1156,1276,1487,1877,1842
"Os04g0672900",682,816,531,539,519,528
"Os04g0550400",6918,5825,5482,5444,5575,5544
"Os04g0574700",650,722,809,826,890,916
"Os04g0306750",345,354,371,492,633,753
"Os04g0468600",10215,23369,13383,11298,10701,5794
"Os04g0419200",12,16,16,15,10,16
"Os04g0403200",780,925,1086,2414,2470,3005
"Os04g0474550",28,20,10,16,15,24
"Os04g0475900",12,12,0,4,10,10
"Os04g0453400",16,6,22,29,29,43
"Os04g0565500",6832,10418,8067,7769,11664,8065
"Os04g0472400",466,447,389,538,542,610
"Os04g0591100",3298,4572,3223,2516,2843,2446
"Os04g0442300",180,134,109,147,125,136
"Os04g0659900",1789,1644,1495,1648,1773,1777
"Os04g0125100",23,28,45,38,37,48
"Os04g0609900",2933,2753,2527,2755,2719,2869
"Os04g0602100",3873,3121,4372,4816,6590,5544
"Os04g0682000",507,456,366,419,350,443
"Os04g0511600",5663,4584,3765,4397,3852,4321
"Os04g0685100",1920,1813,1650,1685,1646,1615
"Os04g0599400",911,1075,572,749,594,548
"Os04g0602500",12,8,9,8,20,14
"Os04g0497200",12,42,21,17,35,40
"Os04g0179100",344,1015,486,406,64,10
"Os04g0566900",320,214,163,277,263,273
"Os04g0412350",308,322,349,456,572,670
"Os04g0502300",2520,2704,2391,2525,2579,2497
"Os04g0666800",4,16,0,10,8,10
"Os04g0393300",1501,1814,1488,1699,1636,1482
"Os04g0679100",1050,1404,1066,1239,1262,1138
"Os04g0321800",1983,1907,1832,2008,2150,2233
"Os04g0502800",6155,5086,4659,6469,8233,7013
"Os04g0460600",124,133,112,166,172,95
"Os04g0431200",3759,3577,3400,3665,3644,3564
"Os04g0600800",1813,1770,1449,1450,1591,1501
"Os04g0431700",111,163,75,214,266,213
"Os04g0490500",3879,5840,4053,3867,3957,3200
"Os04g0648200",164,247,158,120,110,51
"Os04g0525100",671,602,668,629,1146,512
"Os04g0580800",1171,1415,1216,1094,1617,1441
"Os04g0458600",377,308,214,144,69,55
"Os04g0301500",251,433,560,168,130,219
"Os04g0429900",162,174,187,236,264,308
"Os04g0501600",4956,4343,3915,5005,4923,4607
"Os04g0293300",218,288,247,278,265,255
"Os04g0490866",13,46,19,20,23,35
"Os04g0410200",256,199,173,319,267,368
"Os04g0387000",25,31,24,44,96,87
"Os04g0496800",1775,1694,1460,1669,1660,1558
"Os04g0568400",307,257,193,209,234,173
"Os04g0221600",4634,4465,3775,4146,3720,3859
"Os04g0581400",5,18,12,13,4,11
"Os04g0604000",13,12,8,4,6,14
"Os04g0370600",256,174,156,183,121,165
"Os04g0645200",18,13,2,16,23,16
"Os04g0496000",212,356,260,234,232,310
"Os04g0105400",44,65,37,32,35,50
"Os04g0307500",5411,8111,4004,4537,2450,2290
"Os04g0482900",227,390,154,193,156,153
"Os04g0311400",566,599,385,481,319,452
"Os04g0132900",16,10,6,13,11,11
"Os04g0577500",718,820,752,868,1002,893
"Os04g0647800",5852,7708,5340,4289,3635,3221
"Os04g0534400",359,405,325,363,310,361
"Os04g0659300",136,26,42,6,10,2
"Os04g0225001",65,46,41,28,36,48
"Os04g0295200",64,56,82,84,74,97
"Os04g0600100",26,35,30,20,14,35
"Os04g0631800",921,767,645,393,200,160
"Os04g0185100",18,22,16,42,26,24
"Os04g0418000",1669,1503,1143,1065,785,1033
"Os04g0150300",114,87,83,62,62,78
"Os04g0635700",1839,1581,2765,3646,5793,5185
"Os04g0290450",75,44,59,69,66,74
"Os04g0613000",27,26,16,48,11,19
"Os04g0661700",2905,2749,2739,3158,3075,2927
"Os04g0611200",193,148,248,217,341,354
"Os04g0590900",63,87,89,80,96,93
"Os04g0198733",155,121,120,186,184,177
"Os04g0417800",1031,1223,945,962,849,735
"Os04g0619500",1790,1765,1600,1622,1621,1402
"Os04g0201900",332,274,208,243,258,215
"Os04g0565900",145,78,89,157,165,168
"Os04g0435100",369,344,282,302,98,122
"Os04g0670200",483,520,465,409,443,388
"Os04g0163800",216,234,305,256,443,372
"Os04g0645600",629,555,464,521,481,570
"Os04g0460300",652,318,135,166,34,78
"Os04g0430600",1159,1431,1530,1629,2666,2049
"Os04g0450150",15,15,3,9,12,19
"Os04g0685300",2586,3375,3062,3648,2992,2316
"Os04g0532100",28,22,14,18,28,38
"Os04g0519700",62,48,48,96,74,153
"Os04g0677066",721,789,519,661,632,589
"Os04g0418500",792,1227,918,852,861,898
"Os04g0228000",492,382,379,376,453,451
"Os04g0348100",282,372,248,301,296,302
"Os04g0475200",27,6,6,14,25,16
"Os04g0227000",1986,2083,1620,1824,1606,1410
"Os04g0592500",629,618,642,805,795,793
"Os04g0479200",2682,2971,1898,2014,1670,1746
"Os04g0537100",526,703,396,596,570,694
"Os04g0142400",3204,3766,3581,2531,859,891
"Os04g0549600",22576,21521,21800,25355,27499,24087
"Os04g0513000",460,499,355,572,596,659
"Os04g0589900",2671,3082,2327,2650,2310,2241
"Os04g0129600",219,199,166,211,251,309
"Os04g0412500",54,47,79,130,173,327
"Os04g0441800",16,15,25,43,45,24
"Os04g0465432",203,150,217,163,224,205
"Os04g0523100",101,88,93,197,176,195
"Os04g0407500",35,69,24,33,45,57
"Os04g0201800",41,12,13,34,91,192
"Os04g0583600",11,12,17,8,8,6
"Os04g0249700",1509,2033,1758,2044,2620,2295
"Os04g0462200",46,39,20,12,19,13
"Os04g0661300",904,815,678,693,540,560
"Os04g0664500",160,257,149,52,12,12
"Os04g0405300",1391,1691,1208,625,426,122
"Os04g0662700",3914,3439,3947,4682,5691,5505
"Os04g0616100",116,181,109,145,120,117
"Os04g0469500",249,282,189,172,191,184
"Os04g0266400",3078,2582,2926,3499,3589,3691
"Os04g0476800",4256,4799,3214,4029,3790,3042
"Os04g0169666",133,96,94,101,75,105
"Os04g0674000",742,722,738,595,930,1126
"Os04g0632000",83,144,72,71,53,33
"Os04g0501800",298,327,319,325,381,388
"Os04g0668600",1028,1111,1098,983,1590,1563
"Os04g0219550",89,72,49,103,133,94
"Os04g0685400",510,922,606,544,324,259
"Os04g0503700",481,448,419,527,457,486
"Os04g0586500",350,598,388,526,315,308
"Os04g0453500",320,369,637,456,372,401
"Os04g0534300",591,539,514,714,831,781
"Os04g0539100",433,492,381,472,492,514
"Os04g0514400",103,104,95,125,98,107
"Os04g0491500",110,123,105,122,159,124
"Os04g0652600",203,213,225,281,204,215
"Os04g0685900",181,128,305,387,525,643
"Os04g0165700",3577,3135,3334,4180,4463,4686
"Os04g0365100",185,248,208,234,169,148
"Os04g0419900",880,824,1370,1460,1871,1205
"Os04g0372750",78,70,77,82,68,65
"Os04g0577200",668,623,631,731,839,746
"Os04g0382200",115,122,96,92,96,99
"Os04g0379900",983,1087,964,1093,1166,911
"Os04g0624000",1450,1496,1082,1562,1722,1706
"Os04g0604250",8,12,28,37,55,70
"Os04g0496700",226,309,241,348,518,406
"Os04g0500700",10642,15482,8460,8635,4568,3542
"Os04g0537900",4273,5687,4459,3627,3025,3161
"Os04g0556900",64,48,45,100,96,93
"Os04g0606500",446,460,398,478,521,500
"Os04g0321600",3747,3283,2604,2829,2667,2713
"Os04g0483500",14,14,15,12,22,25
"Os04g0117100",4296,5044,3960,4007,3886,2769
"Os04g0399300",1329,2733,1818,1623,1314,1377
"Os04g0665700",1315,1639,1215,1411,1473,1492
"Os04g0487300",657,840,574,568,510,593
"Os04g0401800",167,231,182,222,205,179
"Os04g0630500",66,116,137,150,208,203
"Os04g0675300",1276,1500,1084,998,821,927
"Os04g0663300",569,629,558,575,553,605
"Os04g0312100",469,493,550,838,1006,1050
"Os04g0110300",161,100,203,187,203,265
"Os04g0129500",3536,3501,3103,3385,3580,3634
"Os04g0110500",129,127,90,106,109,153
"Os04g0645100",30341,27404,27540,37694,38291,33382
"Os04g0495900",198,285,103,88,62,24
"Os04g0606000",118,90,187,81,198,169
"Os04g0658800",9,4,10,29,18,30
"Os04g0615200",1040,1110,844,511,206,123
"Os04g0603800",166,160,134,191,160,183
"Os04g0481000",33,13,12,29,28,40
"Os04g0669100",1194,1233,947,963,950,681
"Os04g0679800",1051,1234,873,808,501,486
"Os04g0603601",129,98,84,106,105,62
"Os04g0523000",313,421,437,595,713,670
"Os04g0677800",518,466,391,406,360,375
"Os04g0608400",104,103,87,125,113,98
"Os04g0512500",54,73,39,125,52,73
"Os04g0149400",2096,3182,2168,2348,1472,1208
"Os04g0504000",2234,2738,2642,5206,3622,2646
"Os04g0655300",7026,8645,5984,5488,5119,3839
"Os04g0667500",521,595,611,824,718,868
"Os04g0185600",69,50,30,15,2,23
"Os04g0106300",1573,1648,1108,1153,911,1026
"Os04g0179200",1295,2387,1184,1029,194,54
"Os04g0650600",298,205,174,226,158,225
"Os04g0630400",1804,2263,2429,2666,3034,3907
"Os04g0495700",363,478,415,400,456,556
"Os04g0623700",702,762,613,613,607,674
"Os04g0664666",42,165,76,76,8,4
"Os04g0452500",42,43,19,28,18,30
"ENSRNA049470113",19,5,18,8,8,10
"ENSRNA049468027",8,12,12,20,8,6
"ENSRNA049468042",12,9,10,18,14,8
"ENSRNA049468053",18,14,7,3,18,11
"ENSRNA049468095",7,12,15,22,31,24
"ENSRNA049468126",24,23,17,46,59,14
"Os06g0608300",126,142,109,139,105,119
"Os06g0225600",134,183,146,170,189,178
"Os06g0492750",32,45,18,25,50,55
"Os06g0230801",49,89,67,96,145,93
"Os06g0528600",8958,8855,8231,10019,10013,8834
"Os06g0102600",477,445,435,669,830,692
"Os06g0707400",215,248,274,298,471,482
"Os06g0225100",203,245,299,388,445,452
"Os06g0571800",749,837,1066,1105,1284,831
"Os06g0731800",1614,2241,1575,1686,1959,2120
"Os06g0472700",1057,1394,940,1112,1069,788
"Os06g0529800",739,688,516,577,688,925
"Os06g0598900",3207,3507,2846,3220,2964,2589
"Os06g0134400",186,163,111,177,113,118
"Os06g0542200",10,12,10,15,36,55
"Os06g0503400",2065,1324,1124,1283,1180,2253
"Os06g0667400",1149,1010,1031,1676,1579,1223
"Os06g0332700",201,163,174,158,143,155
"Os06g0202300",132,155,196,204,320,248
"Os06g0160800",92,60,42,64,66,102
"Os06g0152000",1005,906,1166,1079,1400,1277
"Os06g0201200",22,22,20,34,50,28
"Os06g0713300",154,233,174,287,227,242
"Os06g0620700",13,12,16,22,7,8
"Os06g0128500",280,342,188,251,230,232
"Os06g0661900",2257,2758,1927,1279,975,629
"Os06g0623300",1609,1587,1382,1924,1671,1632
"Os06g0122600",9,102,50,12,8,25
"Os06g0472400",1048,873,655,987,806,908
"Os06g0505202",89,60,57,91,78,111
"Os06g0579100",33592,53072,34533,26106,9227,6805
"Os06g0687450",144,161,162,277,204,253
"Os06g0144000",229,256,189,237,191,197
"Os06g0698300",479,193,118,143,85,81
"Os06g0514700",137,161,162,326,186,293
"Os06g0701200",1937,1901,1514,1594,1349,1373
"Os06g0348800",1314,1685,1472,2638,2235,2924
"Os06g0105400",1914,1811,1283,1322,906,904
"Os06g0612951",179,44,211,253,566,587
"Os06g0264800",2905,2415,3231,3754,5656,7017
"Os06g0175500",10316,11267,8285,7366,8438,7237
"Os06g0618300",415,435,398,399,371,442
"Os06g0574700",110,75,82,93,41,59
"Os06g0603300",54,51,40,12,18,14
"Os06g0647400",5782,7429,4677,3751,3465,2470
"Os06g0594100",6261,6449,5158,6323,6108,6127
"Os06g0185300",69,252,180,73,110,57
"Os06g0109200",4,2,62,28,22,8
"Os06g0109400",883,676,833,735,734,889
"Os06g0727500",46,43,35,46,30,19
"Os06g0560300",13,16,6,12,10,21
"Os06g0274300",1365,1553,1342,1511,1598,1360
"Os06g0530300",1792,2278,1595,1496,1357,1635
"Os06g0559400",288,216,251,321,647,678
"Os06g0192500",564,524,406,538,563,516
"Os06g0563000",45,50,55,49,38,40
"Os06g0223800",330,363,365,439,395,366
"Os06g0666400",985,1629,1294,722,738,687
"Os06g0685700",1184,1356,1185,1415,1450,1368
"Os06g0119100",88,86,24,169,162,152
"Os06g0725300",2,20,17,4,11,10
"Os06g0104100",154,168,136,164,148,136
"Os06g0609900",60,74,90,103,103,135
"Os06g0303700",766,576,624,656,712,831
"Os06g0316000",3064,3335,3351,3118,4875,3909
"Os06g0176200",18,34,40,26,37,28
"Os06g0109000",1019,1086,1523,2236,3156,3105
"Os06g0526400",24,22,32,20,14,15
"Os06g0499100",67,71,36,41,71,31
"Os06g0154800",317,398,294,469,502,466
"Os06g0105500",687,646,540,549,508,551
"Os06g0308800",1526,1719,1396,1339,1508,1615
"Os06g0531600",197,166,281,252,270,222
"Os06g0201000",45,74,42,69,117,182
"Os06g0622300",3160,3147,2712,3127,3514,3521
"Os06g0125500",2175,3184,3479,3249,4304,3864
"Os06g0116600",1044,1195,1030,1126,1276,1228
"Os06g0171700",66,68,65,80,45,84
"Os06g0103800",950,1116,1216,1280,1512,1598
"Os06g0687500",631,606,634,861,777,739
"Os06g0651100",231,466,207,393,174,185
"Os06g0732000",72,77,55,60,64,107
"Os06g0674000",1823,1980,1335,2008,1435,1951
"Os06g0129100",2211,3414,2132,1868,1554,1781
"Os06g0113800",17,29,20,24,20,5
"Os06g0549700",2897,2647,2388,2067,2044,2077
"Os06g0574100",1715,1322,1486,1803,1950,2015
"Os06g0661600",618,699,696,636,736,659
"Os06g0716000",3784,3304,3025,2582,3007,2772
"Os06g0494000",721,736,529,722,848,797
"Os06g0185700",76,66,80,100,85,95
"Os06g0229200",4095,4661,3072,2672,1362,1244
"Os06g0671900",1624,2304,1955,2058,2473,2199
"Os06g0564800",47,18,27,53,26,15
"Os06g0590800",25,63,22,55,50,44
"Os06g0142600",5307,4638,5002,6007,7519,6995
"Os06g0714951",17,17,19,9,14,14
"Os06g0538000",3376,2884,2441,2546,2206,2364
"Os06g0725000",96,103,106,56,68,55
"Os06g0602500",1232,776,579,765,948,876
"Os06g0346201",353,591,535,485,901,997
"Os06g0729800",27,27,29,37,53,44
"Os06g0206401",133,170,165,181,212,227
"Os06g0130500",712,851,640,609,739,778
"Os06g0487900",2074,1883,1657,1909,1759,1801
"Os06g0700700",6,13,8,12,13,20
"Os06g0195800",21,12,33,10,11,4
"Os06g0638100",407,408,354,427,436,508
"Os06g0140700",25,26,42,62,141,68
"Os06g0153200",19,20,20,14,22,18
"Os06g0667500",1214,996,1043,1419,1286,1213
"Os06g0181800",26,36,16,30,17,14
"Os06g0611200",185,125,138,112,176,155
"Os06g0236900",250,250,255,218,224,299
"Os06g0713000",62,97,76,116,136,88
"Os06g0255100",391,296,139,177,101,133
"Os06g0597600",36,32,28,31,62,57
"Os06g0692700",1120,1132,917,1014,1250,1067
"Os06g0297800",4983,5846,3966,3201,2743,2728
"Os06g0684000",1135,1343,871,1011,734,795
"Os06g0308900",771,775,706,775,694,595
"Os06g0111700",456,577,447,356,372,397
"Os06g0137600",1376,1268,1264,1897,1870,1875
"Os06g0317200",3,2,8,31,22,58
"Os06g0141200",14,6,23,41,50,250
"Os06g0114300",10,6,8,14,12,11
"Os06g0714900",234,244,184,175,126,111
"Os06g0705300",1532,1313,1346,1429,1811,1992
"Os06g0697400",905,1173,961,1151,1038,986
"Os06g0218150",938,1067,885,1130,1083,1065
"Os06g0604500",1183,1015,1072,1028,1198,1122
"Os06g0597900",1036,630,570,955,871,1043
"Os06g0606700",460,696,764,1259,1285,1176
"Os06g0326500",713,544,453,530,455,482
"Os06g0552300",431,451,347,422,393,388
"Os06g0328900",16,13,14,8,6,6
"Os06g0614100",543,857,373,324,186,95
"Os06g0612300",32,39,34,78,55,48
"Os06g0675700",377,589,368,496,340,321
"Os06g0505700",56,81,73,32,16,14
"Os06g0610300",35,22,20,45,36,69
"Os06g0305200",2028,1761,1526,1680,1707,1754
"Os06g0104400",641,809,465,623,597,592
"Os06g0188550",915,810,1011,877,836,1010
"Os06g0505400",1730,1568,1421,1689,1878,1949
"Os06g0715600",1006,964,869,1008,1059,939
"Os06g0644800",3048,3418,2872,3159,3199,3064
"Os06g0118800",8,6,2,18,20,12
"Os06g0111400",7566,8289,6227,5553,5398,5230
"Os06g0682300",478,539,518,533,811,635
"Os06g0240400",95,97,99,105,99,110
"Os06g0272700",140,172,179,374,591,477
"Os06g0190500",793,808,902,1033,1339,1255
"Os06g0225300",4328,5482,4060,3967,3622,3358
"Os06g0128100",44,29,19,33,23,22
"Os06g0726600",841,667,551,551,573,591
"Os06g0138600",221,190,256,406,344,310
"Os06g0731400",3336,3326,3510,3388,4374,3786
"Os06g0147250",212,311,163,247,99,92
"Os06g0147400",12,15,7,23,5,3
"Os06g0686700",19586,21014,17026,16592,14572,13605
"Os06g0725900",25902,24993,20559,24404,25059,25730
"Os06g0492000",242,308,288,274,311,324
"Os06g0163200",1379,1043,885,1610,1566,1591
"Os06g0150100",471,453,339,410,508,431
"Os06g0114000",1115,905,808,1080,954,846
"Os06g0203600",937,906,948,428,304,339
"Os06g0679750",217,314,262,301,350,328
"Os06g0665100",1667,1977,1493,1904,1733,1786
"Os06g0346100",1139,1086,1023,1133,1206,1306
"Os06g0492700",58,75,54,81,58,108
"Os06g0294600",128,194,109,46,17,9
"Os06g0332400",1390,1461,1266,1162,1385,1326
"Os06g0115800",10221,11525,9540,8657,9187,6700
"Os06g0301100",1671,1784,1522,1175,1090,1153
"Os06g0267200",201,272,253,341,308,280
"Os06g0644700",689,833,506,528,336,198
"Os06g0715500",46,85,49,82,44,38
"Os06g0710900",440,593,449,461,566,523
"Os06g0341400",10,4,6,7,15,18
"Os06g0108900",507,326,675,713,1020,1045
"Os06g0288100",4285,7559,5577,5496,6447,6535
"Os06g0564500",1251,1163,1226,1827,2225,2168
"Os06g0156900",928,1122,902,862,1071,1032
"Os06g0606100",471,581,556,640,476,882
"Os06g0115200",582,761,563,644,745,800
"Os06g0687800",184,149,155,155,160,170
"Os06g0321700",107,96,98,172,137,199
"Os06g0724700",114,118,79,63,91,101
"Os06g0202700",57,57,71,37,105,73
"Os06g0248400",2044,2504,2020,2110,2131,2025
"Os06g0103700",1331,1512,1209,1103,1017,966
"Os06g0715400",2337,2209,2033,2119,2473,2462
"Os06g0252300",2356,2784,1877,1814,1394,1551
"Os06g0286310",217,262,267,291,363,369
"Os06g0700100",28,38,10,8,20,24
"Os06g0644500",2730,2789,2087,1948,1921,1692
"Os06g0649000",1567,2651,1855,977,568,382
"Os06g0698748",2940,3444,3823,3305,6565,4870
"Os06g0343100",2037,2201,2041,2187,2589,2613
"Os06g0703300",20,52,40,54,82,63
"Os06g0679700",493,497,411,405,421,454
"Os06g0209300",5526,4893,4599,5038,5032,4814
"Os06g0239000",637,673,601,654,666,691
"Os06g0486300",7,29,16,24,37,14
"Os06g0640800",11,11,5,32,12,10
"Os06g0707700",55,63,38,64,30,34
"Os06g0137500",1885,1994,1562,1683,1907,1914
"Os06g0306600",39,26,65,102,200,890
"Os06g0669700",1454,1325,1096,1444,1431,1564
"Os06g0644100",9341,9946,8068,9699,9751,8771
"Os06g0107100",122,86,252,377,581,1148
"Os06g0561200",945,713,890,817,908,892
"Os06g0239600",177,206,177,222,211,213
"Os06g0310200",466,1022,601,625,887,968
"Os06g0118900",10,18,5,40,30,22
"Os06g0716800",3103,3554,3132,3601,3790,3181
"Os06g0319600",4945,4215,3664,3742,3311,3407
"Os06g0715300",52,26,29,36,4,16
"Os06g0275500",160,248,165,141,126,93
"Os06g0149900",4740,6673,3859,5772,5997,5713
"Os06g0671150",51,76,62,26,22,16
"Os06g0339800",27,28,28,29,21,47
"Os06g0604600",1919,2211,2332,1884,2948,2532
"Os06g0233800",70,81,123,179,211,183
"Os06g0689600",1263,1621,864,688,744,605
"Os06g0233101",21,14,9,19,46,43
"Os06g0648200",112,143,118,257,233,183
"Os06g0138200",1982,2167,2071,2007,2309,2365
"Os06g0270200",177,149,68,52,51,72
"Os06g0308000",6990,5492,6039,7613,7602,7689
"Os06g0570900",65,211,86,64,34,35
"Os06g0153900",1179,1097,1157,1289,1357,1179
"Os06g0517500",49,30,36,49,58,53
"Os06g0639300",59,46,32,30,48,72
"Os06g0152200",1121,1091,1036,889,1143,1078
"Os06g0103300",3932,3536,2881,3146,3418,3397
"Os06g0318533",130,82,89,247,76,487
"Os06g0163400",80,78,56,62,50,34
"Os06g0136100",1518,1373,1138,1441,1421,1540
"Os06g0306300",213,146,940,321,978,871
"Os06g0346900",42,26,40,30,48,57
"Os06g0672400",11,12,23,16,25,4
"Os06g0670300",728,643,437,377,428,266
"Os06g0188000",593,548,436,519,488,479
"Os06g0173100",564,612,451,467,556,459
"Os06g0196700",1118,1039,742,676,559,604
"Os06g0269300",147,88,175,155,234,281
"Os06g0479200",4500,5547,5868,6802,9742,9696
"Os06g0186700",552,442,524,693,592,565
"Os06g0643300",4989,5904,4323,4755,4338,3854
"Os06g0112800",3393,3060,2901,2828,2481,2336
"Os06g0179200",1280,930,869,1362,1721,1880
"Os06g0652400",1341,1485,1161,1409,1402,1374
"Os06g0319800",68,93,100,140,206,188
"Os06g0145800",390,282,253,480,508,495
"Os06g0234633",20,9,12,13,24,21
"Os06g0340200",1054,1116,1194,1451,1702,1240
"Os06g0634100",186,174,175,189,194,196
"Os06g0256200",2003,1871,1613,1613,1924,1953
"Os06g0707200",228,311,218,222,274,250
"Os06g0163600",484,624,490,430,402,380
"Os06g0724900",330,224,200,201,268,231
"Os06g0659200",265,307,222,291,324,299
"Os06g0717100",473,772,573,819,907,824
"Os06g0168600",989,860,719,718,670,636
"Os06g0650600",2292,3196,2656,2487,3026,2544
"Os06g0309200",765,805,694,700,795,656
"Os06g0565300",61,50,81,35,37,31
"Os06g0632200",2058,1954,1506,1655,1070,1428
"Os06g0713100",88,108,88,79,68,72
"Os06g0536850",333,323,336,405,418,382
"Os06g0586150",4335,4141,3187,1817,851,512
"Os06g0213200",486,404,405,430,315,270
"Os06g0690900",275,292,226,275,223,236
"Os06g0238300",902,998,740,1088,1100,889
"Os06g0256500",1975,1151,1323,1944,2281,3190
"Os06g0356800",3002,2769,3289,2668,1564,1058
"Os06g0691600",683,711,554,799,1279,1082
"Os06g0142700",429,433,521,360,291,324
"Os06g0729300",417,309,256,422,389,685
"Os06g0647100",1752,1448,1723,1896,2737,3015
"Os06g0660800",1637,1926,2330,1565,2186,1987
"Os06g0646500",4838,4849,3775,4280,4034,3591
"Os06g0244200",154,172,123,139,138,133
"Os06g0158000",565,881,382,431,269,140
"Os06g0690100",175,203,170,134,153,196
"Os06g0284800",321,257,177,227,303,273
"Os06g0264300",2799,3599,2701,2922,3026,2714
"Os06g0701700",184,115,275,266,495,354
"Os06g0159900",154,115,73,138,124,103
"Os06g0237200",365,377,271,398,351,311
"Os06g0483701",60,63,61,58,28,25
"Os06g0680500",236,224,237,323,264,307
"Os06g0207950",172,266,191,152,124,115
"Os06g0327300",954,1293,968,1019,1093,938
"Os06g0318200",365,367,297,236,269,284
"Os06g0693400",178,184,157,191,198,211
"Os06g0675600",525,560,421,400,309,152
"Os06g0669400",43109,36114,32260,35185,33817,34445
"Os06g0665500",8487,7684,9176,8876,14457,13990
"Os06g0693000",451,571,319,490,358,620
"Os06g0143400",754,765,550,721,484,441
"Os06g0606401",165,226,295,499,730,633
"Os06g0203000",55,65,69,36,30,20
"Os06g0127200",675,722,613,689,582,517
"Os06g0274500",624,587,581,833,1235,1055
"Os06g0558900",26,12,20,15,80,50
"Os06g0146250",929,983,686,873,1300,993
"Os06g0196500",16,20,20,4,8,8
"Os06g0710850",25,8,16,14,15,24
"Os06g0308100",1052,1147,820,667,936,852
"Os06g0200600",173,257,186,93,48,42
"Os06g0692300",12,12,15,8,17,8
"Os06g0680900",221,334,184,281,300,225
"Os06g0638700",269,182,161,382,472,456
"Os06g0260000",911,790,855,601,681,649
"Os06g0669600",2228,2470,1930,2003,1928,1927
"Os06g0273800",1893,2062,1646,1525,1556,1337
"Os06g0586300",1012,1059,901,965,741,903
"Os06g0575000",16,48,13,20,25,16
"Os06g0542000",351,301,354,464,497,554
"Os06g0536200",32,6,34,9,14,52
"Os06g0579200",5598,11945,8003,5934,5505,8612
"Os06g0701100",8859,8362,7296,7817,8157,8420
"Os06g0283400",2253,2115,2087,2235,2266,2109
"Os06g0145600",113,53,74,70,71,24
"Os06g0308300",25,17,36,17,33,11
"Os06g0168000",472,473,336,454,396,303
"Os06g0340600",9650,10891,8004,8091,6579,7109
"Os06g0165800",1412,2278,1886,1976,1521,1554
"Os06g0115400",2891,2577,2689,4432,4570,4775
"Os06g0712400",2776,3017,2107,2132,2191,1987
"Os06g0679500",10,14,25,25,22,28
"Os06g0331500",173,230,161,231,205,231
"Os06g0599200",2694,4932,2358,2015,656,235
"Os06g0574200",41,39,43,34,32,26
"Os06g0670100",50,12,30,30,36,63
"Os06g0498900",3409,2773,2808,3892,4090,4095
"Os06g0220800",2335,2402,1920,1334,1344,1074
"Os06g0650100",1344,1368,983,1090,970,991
"Os06g0673700",77,127,86,120,108,134
"Os06g0728902",32,28,51,51,50,52
"Os06g0184733",342,283,293,333,280,406
"Os06g0726200",4975,7974,4985,4938,2382,2853
"Os06g0342200",3162,3710,2581,3851,3153,3287
"Os06g0610800",54,77,242,96,139,37
"Os06g0129400",5515,4375,4442,4846,3548,3221
"Os06g0190800",120,148,87,134,115,131
"Os06g0238900",488,648,528,410,414,372
"Os06g0704700",4970,4229,4883,5816,7813,7050
"Os06g0500700",2,12,13,17,18,6
"Os06g0697200",207,22,10,102,2,24
"Os06g0472000",2954,2775,2245,2511,2584,2704
"Os06g0181500",28,21,27,48,46,41
"Os06g0115300",1351,1192,970,1298,2013,1930
"Os06g0489500",1527,1254,1176,1361,1559,1478
"Os06g0227200",3059,3277,2965,3176,4094,3390
"Os06g0204100",944,1554,1604,1857,3068,1945
"Os06g0602700",4486,4521,4761,4488,6424,6527
"Os06g0713900",1192,1138,983,1228,1144,1140
"Os06g0298000",135,160,143,201,201,126
"Os06g0111800",1796,2254,1684,1754,1345,1040
"Os06g0102800",551,424,404,448,359,364
"Os06g0134500",37,46,26,25,20,10
"Os06g0699400",5394,5818,5132,4585,5020,4207
"Os06g0255200",14435,12985,11401,12109,10593,11221
"Os06g0225800",472,493,502,275,249,114
"Os06g0175800",57,78,58,62,66,79
"Os06g0170500",5474,6649,6078,6256,7025,6169
"Os06g0335975",174,129,104,221,249,228
"Os06g0320000",1129,1560,1501,2001,2487,1572
"Os06g0298500",262,288,215,297,237,249
"Os06g0300800",3501,3588,3030,3399,3290,3323
"Os06g0670500",2930,2761,2538,2549,3041,3063
"Os06g0711600",6122,6213,6220,6829,7173,6720
"Os06g0301300",1789,1258,1133,1235,927,1184
"Os06g0645800",2576,2253,2082,2474,1961,2265
"Os06g0529900",334,610,449,205,32,4
"Os06g0509100",1775,1736,1552,1756,1765,1738
"Os06g0658200",22,14,9,24,18,11
"Os06g0225900",1031,868,869,876,830,995
"Os06g0634300",6925,6644,5961,7670,8948,8917
"Os06g0607200",1738,1966,1669,2054,2044,1901
"Os06g0326900",54,103,66,98,66,49
"Os06g0639100",6259,6632,5716,6549,6852,6250
"Os06g0253350",63,78,36,25,13,11
"Os06g0621550",29,21,17,18,21,10
"Os06g0632700",27,38,30,42,72,44
"Os06g0136500",315,350,256,311,295,221
"Os06g0151600",638,599,563,698,778,730
"Os06g0171800",757,719,704,774,820,736
"Os06g0158700",132,148,119,128,133,153
"Os06g0103400",682,757,701,761,922,1071
"Os06g0355800",16,11,4,3,5,247
"Os06g0155600",1932,1990,1749,1922,1789,1780
"Os06g0159600",1099,1464,862,936,766,570
"Os06g0705700",12,6,3,9,16,17
"Os06g0473200",1883,1670,1514,1725,1604,1703
"Os06g0608000",44,22,19,28,34,43
"Os06g0335900",63,58,86,116,192,227
"Os06g0346600",357,293,303,412,319,394
"Os06g0218200",669,667,602,803,650,654
"Os06g0161400",15,8,12,26,24,20
"Os06g0694400",260,173,315,211,242,261
"Os06g0126000",806,968,699,823,736,831
"Os06g0541600",262,537,403,313,415,352
"Os06g0470800",361,336,261,349,317,360
"Os06g0612900",173,69,170,349,399,543
"Os06g0315900",359,380,324,453,630,441
"Os06g0167600",1564,1857,1148,1720,1303,1225
"Os06g0198500",10,6,10,12,20,3
"Os06g0700000",268,182,139,305,248,279
"Os06g0681700",2237,2365,2059,1946,1871,1838
"Os06g0210500",1379,1460,1075,890,816,881
"Os06g0505302",718,506,442,592,576,654
"Os06g0282000",437,569,522,276,216,142
"Os06g0531751",4,12,13,44,23,39
"Os06g0125200",143,196,223,333,459,271
"Os06g0665800",2345,2297,1756,1281,1005,941
"Os06g0711100",3583,4659,2981,2610,2334,1877
"Os06g0695700",20,28,52,20,33,8
"Os06g0225400",744,791,742,965,1106,889
"Os06g0554700",1392,1316,1015,942,1037,1003
"Os06g0704800",607,470,378,427,518,563
"Os06g0593100",1076,1273,942,787,1016,934
"Os06g0557100",6038,9106,6151,5266,4458,2905
"Os06g0592200",20,30,45,40,30,35
"Os06g0128200",3240,3302,2624,2670,2442,2566
"Os06g0146800",212,148,112,93,10,56
"Os06g0296100",2,3,12,9,10,161
"Os06g0259901",389,333,256,246,170,174
"Os06g0234100",871,751,669,699,701,740
"Os06g0661500",215,195,166,202,280,290
"Os06g0127500",638,543,496,662,758,870
"Os06g0326000",176,146,142,139,107,174
"Os06g0663900",1198,1098,872,594,433,397
"Os06g0127000",5086,5187,3816,3139,2398,2109
"Os06g0199100",1054,707,777,1221,1288,1259
"Os06g0232400",18,28,6,16,41,19
"Os06g0622700",1164,1638,850,739,598,678
"Os06g0266800",24,34,26,22,29,12
"Os06g0214900",1377,988,1089,1372,1626,1531
"Os06g0473000",184,62,90,281,540,425
"Os06g0538900",847,991,765,1224,1171,1227
"Os06g0184800",98,167,101,131,109,159
"Os06g0498400",11416,9500,8943,10463,9631,10175
"Os06g0216400",26,16,26,26,48,48
"Os06g0228950",37,14,21,32,16,24
"Os06g0325500",1811,1800,1235,1283,1293,1271
"Os06g0177000",11,11,8,10,13,24
"Os06g0127300",55,49,35,47,47,47
"Os06g0240001",72,75,86,52,50,101
"Os06g0676500",11,29,13,9,15,6
"Os06g0245700",3095,3550,2669,2525,1862,1922
"Os06g0494400",2545,3616,2150,2968,3515,2768
"Os06g0673500",40,53,41,61,33,36
"Os06g0470350",18,12,15,12,39,84
"Os06g0720301",9,13,14,10,26,15
"Os06g0267600",2416,2215,2141,2104,2583,2491
"Os06g0292400",370,383,209,199,182,190
"Os06g0151900",2591,3002,2177,2308,2294,1847
"Os06g0662000",7041,6715,4693,5033,4400,4248
"Os06g0715100",317,367,208,320,355,421
"Os06g0184300",15752,16473,14669,14706,21032,16096
"Os06g0114366",45,85,105,177,293,200
"Os06g0165000",70,35,39,43,60,36
"Os06g0367900",15,11,9,24,12,5
"Os06g0611900",44784,40559,56660,70612,102328,96839
"Os06g0542150",1249,1409,1045,1136,933,1084
"Os06g0699301",196,262,218,238,129,195
"Os06g0557600",66,80,59,92,67,112
"Os06g0624900",2978,2809,1663,1935,1403,1602
"Os06g0185900",617,433,621,637,748,1011
"Os06g0143900",3790,3503,2739,3054,2806,3121
"Os06g0338700",11,16,12,10,24,4
"Os06g0648500",426,506,499,294,564,440
"Os06g0588900",1066,1276,818,1055,1085,1027
"Os06g0630300",734,743,673,744,878,722
"Os06g0289300",33,22,41,75,68,95
"Os06g0574500",850,1137,850,864,870,917
"Os06g0239700",558,700,412,446,336,417
"Os06g0641066",36,63,13,23,10,3
"Os06g0255900",1108,1144,972,695,747,722
"Os06g0118600",27,52,52,50,83,85
"Os06g0669800",684,737,492,548,588,534
"Os06g0148600",64,77,42,84,51,52
"Os06g0181900",16,16,19,22,24,18
"Os06g0616400",227,529,356,387,400,419
"Os06g0140200",1914,1470,908,1069,154,4679
"Os06g0228500",133,41,44,110,249,486
"Os06g0646100",588,761,1471,1913,2183,1565
"Os06g0134000",2547,2864,1834,2348,1684,1711
"Os06g0717400",698,607,673,752,972,926
"Os06g0623600",3305,3385,2920,2404,2043,1987
"Os06g0192600",1106,954,724,813,865,710
"Os06g0606800",2064,1946,1669,1824,1811,2006
"Os06g0650900",2138,2410,2384,2010,1392,1274
"Os06g0565900",936,953,886,782,572,550
"Os06g0647500",242,421,237,389,266,234
"Os06g0130900",31,32,15,38,24,25
"Os06g0699050",63,72,170,338,661,483
"Os06g0152800",2042,1982,2205,2344,2927,2919
"Os06g0142550",11,25,33,25,13,19
"Os06g0704000",22,29,29,33,18,35
"Os06g0147800",5020,7510,4830,5023,4602,3976
"Os06g0647700",268,190,177,227,228,274
"Os06g0196200",23,11,16,3,0,2
"Os06g0681600",106,149,180,138,131,104
"Os06g0698785",403,357,399,387,658,611
"Os06g0609700",161,200,179,199,259,266
"Os06g0107432",18,19,27,15,34,40
"Os06g0233200",110,122,169,219,289,282
"Os06g0137166",146,124,116,125,97,77
"Os06g0622900",98,81,100,104,126,124
"Os06g0142500",508,702,616,562,723,669
"Os06g0521500",1070,1827,2185,1542,1814,865
"Os06g0367500",176,171,102,131,161,88
"Os06g0665900",724,863,589,780,693,783
"Os06g0666100",65,62,77,83,83,75
"Os06g0617800",5539,4678,5077,3913,3712,4055
"Os06g0477600",619,689,576,728,740,1151
"Os06g0489200",1368,1001,1085,1064,1226,1447
"Os06g0731600",1795,1613,1503,1608,1531,1538
"Os06g0548500",20,25,14,36,64,55
"Os06g0585982",38,46,18,19,19,25
"Os06g0250600",424,303,327,370,390,406
"Os06g0105550",3,5,12,13,3,11
"Os06g0705350",72,50,55,33,62,53
"Os06g0699800",23,27,10,26,2,10
"Os06g0642500",339,420,384,1332,1160,1160
"Os06g0724800",11,10,6,16,2,2
"Os06g0184600",67,68,92,169,272,210
"Os06g0210100",935,1117,710,791,725,644
"Os06g0133900",6265,7521,5410,3846,2120,1811
"Os06g0264500",1100,1304,1121,1939,1932,1533
"Os06g0224400",284,365,357,461,530,505
"Os06g0119900",48,28,40,120,97,48
"Os06g0138000",552,532,496,513,537,552
"Os06g0116400",771,753,901,1206,1872,1605
"Os06g0200350",120,199,129,119,75,63
"Os06g0133500",104,166,149,105,25,62
"Os06g0539066",82,62,68,88,62,71
"Os06g0210900",60,215,184,53,38,12
"Os06g0694300",134,106,91,105,79,112
"Os06g0301500",65,80,95,68,102,237
"Os06g0137100",257,261,190,193,195,192
"Os06g0676400",46,40,31,46,35,44
"Os06g0114500",578,383,387,595,671,885
"Os06g0475400",451,366,537,1192,1373,1034
"Os06g0139700",1070,1234,1091,1020,1331,1321
"Os06g0358800",152,192,50,80,42,59
"Os06g0631300",1436,1665,1342,1362,1271,1077
"Os06g0649800",13,21,26,36,20,24
"Os06g0160100",4,12,20,10,0,0
"Os06g0591400",3088,6985,3910,3549,3406,5575
"Os06g0136700",1050,962,844,1017,1026,984
"Os06g0638200",1172,1200,1057,1346,1392,1306
"Os06g0624200",31,22,23,45,27,63
"Os06g0607100",59,59,66,55,128,129
"Os06g0699500",619,562,612,1279,1590,1429
"Os06g0129200",759,805,690,834,756,837
"Os06g0664800",59,47,57,33,32,51
"Os06g0534800",24,48,42,18,55,29
"Os06g0355300",8,4,25,58,124,98
"Os06g0164000",1803,1514,1542,1665,1872,1940
"Os06g0186400",6139,7058,5360,5693,5062,5327
"Os06g0626466",24,23,16,20,20,25
"Os06g0716700",12224,12449,8531,7165,6119,6474
"Os06g0717800",3787,4043,3605,3953,4046,4058
"Os06g0187950",2228,1857,1558,1658,1495,1635
"Os06g0112200",1853,1955,1475,1744,1801,1755
"Os06g0193300",5,10,2,10,8,10
"Os06g0542100",190,138,140,112,155,219
"Os06g0644600",1630,1501,1399,1588,1294,1357
"Os06g0316300",324,165,202,399,345,418
"Os06g0606000",2653,2892,2095,1914,2027,1628
"Os06g0671600",138,309,126,124,42,32
"Os06g0180666",3,18,21,36,72,60
"Os06g0701300",7855,9934,6371,6169,5180,5775
"Os06g0330100",227,303,287,256,235,102
"Os06g0163300",53,84,55,93,99,130
"Os06g0714100",1660,2058,1549,1702,1626,1782
"Os06g0730150",10,5,10,14,7,0
"Os06g0268700",99,108,104,46,64,65
"Os06g0546400",512,462,490,545,489,509
"Os06g0129800",297,232,221,256,277,241
"Os06g0298200",12104,10335,11936,11917,15274,13907
"Os06g0483500",1599,1487,1633,2517,3072,2860
"Os06g0140900",409,377,295,290,543,360
"Os06g0555101",410,417,452,328,396,409
"Os06g0677500",1746,1542,1224,1384,1418,1405
"Os06g0275900",1292,1107,1017,1222,1015,1176
"Os06g0729900",1175,1241,1061,1009,1120,1073
"Os06g0683300",182,90,277,271,413,590
"Os06g0140100",1012,874,679,709,837,732
"Os06g0708400",86,71,36,46,16,31
"Os06g0188800",681,521,646,792,1064,998
"Os06g0236300",48,135,61,75,38,24
"Os06g0309000",959,897,846,1008,1119,1311
"Os06g0563250",2540,2447,2116,2037,1762,2050
"Os06g0600400",26,72,22,93,35,36
"Os06g0232600",35,19,16,20,23,22
"Os06g0549600",12,30,30,2,0,0
"Os06g0143000",3469,2726,3183,4364,4793,4245
"Os06g0129700",531,546,475,583,535,576
"Os06g0164100",1073,1058,1036,1041,931,972
"Os06g0106800",1595,2168,1875,1149,594,693
"Os06g0254700",46,30,25,38,28,44
"Os06g0155300",6344,6776,5744,5311,6580,6162
"Os06g0602800",2711,3117,2108,2083,1561,1526
"Os06g0314501",1041,2319,1916,1667,962,407
"Os06g0216700",56,42,29,42,29,40
"Os06g0698500",177,297,127,172,235,228
"Os06g0166900",1208,936,821,800,985,827
"Os06g0125132",584,646,476,593,653,502
"Os06g0475500",388,359,565,487,969,741
"Os06g0638500",4,14,9,10,19,2
"Os06g0730600",1380,1354,1026,864,729,658
"Os06g0677700",1148,1184,1142,1075,1113,1154
"Os06g0507400",1492,1600,1303,1281,1221,1330
"Os06g0316800",708,230,667,705,755,604
"Os06g0589600",1548,2176,1324,1115,628,553
"Os06g0610000",20,44,34,35,56,49
"Os06g0246200",98,42,59,108,176,181
"Os06g0331300",1462,1413,1183,1280,1249,1301
"Os06g0719600",533,697,528,752,781,922
"Os06g0105800",2781,2625,2257,2624,2222,2321
"Os06g0133400",1238,1485,1259,821,343,477
"Os06g0656500",341,273,429,388,449,497
"Os06g0730500",700,833,763,724,804,772
"Os06g0256300",1025,1329,928,690,754,711
"Os06g0706500",48,29,35,22,22,22
"Os06g0185400",71,174,92,62,53,56
"Os06g0551500",4,10,8,6,19,16
"Os06g0720000",1112,1604,1420,1400,1709,1485
"Os06g0728000",68784,85732,76508,76812,95822,88685
"Os06g0663800",971,1286,1384,1608,2382,2630
"Os06g0594200",18,6,18,22,10,18
"Os06g0728500",2850,2976,3200,3718,4552,4325
"Os06g0236266",343,316,264,181,165,181
"Os06g0499301",77,82,69,93,69,96
"Os06g0206100",5115,5542,4754,4743,4794,4306
"Os06g0608050",21,40,24,22,17,39
"Os06g0699200",1449,1787,1449,1139,932,1029
"Os06g0668200",26,22,7,18,12,26
"Os06g0265950",39,52,58,47,32,67
"Os06g0676000",3102,4653,2819,2776,2636,2171
"Os06g0656400",60,90,56,57,112,78
"Os06g0239500",25,48,38,36,88,65
"Os06g0222400",1378,2679,1927,1124,731,495
"Os06g0296700",187,239,176,147,142,103
"Os06g0726100",223,608,311,125,66,78
"Os06g0283300",2095,2565,1726,1472,1195,1172
"Os06g0208800",270,377,180,326,505,464
"Os06g0125700",42,29,38,39,28,14
"Os06g0474600",45,75,51,29,28,40
"Os06g0141166",1338,1570,1141,1227,1145,1119
"Os06g0643900",2743,1856,1249,1530,1438,1420
"Os06g0174350",157,131,194,174,190,240
"Os06g0232000",9016,11846,8085,9127,8909,8341
"Os06g0183100",555,520,445,337,477,529
"Os06g0677800",1007,1479,1099,835,629,533
"Os06g0625800",42,25,48,72,32,44
"Os06g0211500",30,37,36,43,74,89
"Os06g0505900",7,9,4,10,15,31
"Os06g0676300",161,165,151,224,240,196
"Os06g0213400",1998,2101,1648,1929,1949,1881
"Os06g0702700",1832,2121,1157,1244,1174,1115
"Os06g0109600",129,128,94,161,199,219
"Os06g0320700",2040,1970,1694,1736,1605,1805
"Os06g0562600",3699,3469,2464,2857,2277,2210
"Os06g0232800",480,484,497,630,446,498
"Os06g0618700",800,690,1161,839,1590,1215
"Os06g0671700",1067,832,758,1160,993,1018
"Os06g0215100",73,55,37,26,26,11
"Os06g0731300",811,1015,1085,1453,2520,2359
"Os06g0714000",1511,1488,1209,1305,1489,1420
"Os06g0679850",128,128,106,116,96,87
"Os06g0326400",1333,955,767,1114,1975,1843
"Os06g0634700",86,94,65,180,259,166
"Os06g0660700",945,1156,865,1037,870,839
"Os06g0314000",193,165,154,172,116,140
"Os06g0219800",544,669,407,486,382,338
"Os06g0630850",11,19,30,34,58,19
"Os06g0139800",92,143,97,119,133,141
"Os06g0217600",2834,2403,2504,3486,4061,4028
"Os06g0618100",594,595,582,641,571,583
"Os06g0714400",14,22,33,20,6,2
"Os06g0338900",2319,2167,1806,1849,2006,2070
"Os06g0670000",1520,1253,1064,1176,1012,866
"Os06g0133600",4,2,24,8,16,24
"Os06g0299100",6,8,18,6,21,20
"Os06g0231300",374,453,262,384,245,281
"Os06g0203500",56,64,52,27,55,63
"Os06g0661800",1171,968,841,659,919,996
"Os06g0152100",6248,7981,5412,6570,6482,5828
"Os06g0297700",496,566,461,489,566,553
"Os06g0146100",58,26,51,94,115,103
"Os06g0731950",1046,798,689,700,739,850
"Os06g0226700",157,199,254,173,464,339
"Os06g0308200",256,355,269,262,280,303
"Os06g0687600",114,58,132,300,390,392
"Os06g0191200",398,447,345,360,404,403
"Os06g0316100",633,765,570,709,689,814
"Os06g0717600",76,42,38,46,68,60
"Os06g0116100",10138,12582,10087,11598,11221,10967
"Os06g0712700",117,34,64,106,132,90
"Os06g0550800",115,126,123,111,166,163
"Os06g0129900",6079,4164,3232,4181,3805,4536
"Os06g0686600",312,187,394,838,816,429
"Os06g0490700",235,217,247,247,167,169
"Os06g0591200",11572,24820,14980,13293,7436,5933
"Os06g0728300",270,304,267,344,266,326
"Os06g0636600",495,746,761,764,936,964
"Os06g0111600",963,721,612,669,752,726
"Os06g0163000",410,628,344,393,337,251
"Os06g0144600",1000,903,842,797,755,747
"Os06g0567200",17,65,45,59,56,32
"Os06g0238200",212,281,246,219,321,221
"Os06g0115500",836,1102,870,1050,958,1143
"Os06g0146400",46,111,49,75,46,38
"Os06g0208100",10,5,22,5,15,21
"Os06g0218900",1328,1593,1583,1243,959,709
"Os06g0247800",5790,5605,4359,4601,4286,4919
"Os06g0702800",2427,2180,2129,2393,2823,2426
"Os06g0164900",165,168,162,88,95,79
"Os06g0101300",785,1095,737,943,825,786
"Os06g0211200",88,61,66,82,65,81
"Os06g0648600",36,74,81,52,164,136
"Os06g0125300",100,120,118,103,128,144
"Os06g0125600",143,238,210,179,181,131
"Os06g0498000",45,69,42,39,49,77
"Os06g0291800",112,113,72,223,206,177
"Os06g0638300",270,357,256,426,430,288
"Os06g0127900",33,37,49,44,29,26
"Os06g0195900",2244,1872,2025,2060,2098,1756
"Os06g0137700",501,756,564,546,565,664
"Os06g0201500",20,16,24,126,117,62
"Os06g0309400",54,33,33,80,53,52
"Os06g0102100",21,0,80,33,116,301
"Os06g0245600",30,34,59,22,50,39
"Os06g0508700",803,915,688,734,794,668
"Os06g0558700",5065,5077,4636,4780,4799,4802
"Os06g0493100",4961,10013,5185,5683,3033,5892
"Os06g0524300",972,582,783,1116,1378,957
"Os06g0644350",46,34,66,29,30,38
"Os06g0477400",112,172,177,318,386,336
"Os06g0226950",178,315,159,143,119,94
"Os06g0251100",936,1605,1049,977,623,747
"Os06g0637800",305,419,389,513,918,460
"Os06g0729650",6897,5761,7192,9330,10678,10403
"Os06g0543601",250,219,134,319,275,261
"Os06g0491901",110,139,106,126,143,173
"Os06g0202800",15,4,6,13,16,14
"Os06g0646600",19658,20167,17932,16742,15157,16302
"Os06g0303800",2807,3350,2896,2473,2806,2287
"Os06g0555500",1591,1617,1285,1322,1293,1118
"Os06g0271900",436,436,321,552,502,531
"Os06g0264900",729,665,742,697,783,765
"Os06g0706400",4248,5995,4033,4738,5117,3474
"Os06g0556000",439,448,342,402,300,239
"Os06g0682633",399,332,307,433,277,311
"Os06g0671375",45,119,59,55,19,12
"Os06g0224100",102,130,99,115,128,86
"Os06g0244100",1279,1201,1124,1099,1030,1081
"Os06g0168400",186,188,121,190,196,197
"Os06g0219500",49,52,35,41,14,29
"Os06g0268800",825,773,677,853,1024,1068
"Os06g0658900",1486,1041,1110,1578,1675,1654
"Os06g0673800",520,553,405,449,341,402
"Os06g0334400",4095,4740,4127,4063,4901,4257
"Os06g0645901",388,315,268,352,316,349
"Os06g0661400",74,53,56,68,65,96
"Os06g0164600",131,131,113,159,125,117
"Os06g0652250",6,16,22,9,14,13
"Os06g0700300",380,685,407,443,473,437
"Os06g0205000",316,467,319,323,282,334
"Os06g0142800",442,442,280,460,466,398
"Os06g0530200",500,615,503,530,604,571
"Os06g0191300",360,474,387,700,1010,1169
"Os06g0638900",3455,4374,3596,3056,3205,2430
"Os06g0224650",12,5,16,13,0,10
"Os06g0500300",181,139,198,248,326,340
"Os06g0698900",468,541,455,479,723,730
"Os06g0198800",2396,2387,1969,1795,1974,1819
"Os06g0585900",7,10,8,10,8,14
"Os06g0136900",0,30,12,13,47,10
"Os06g0639600",290,234,196,229,239,205
"Os06g0249500",86,102,125,85,115,99
"Os06g0294000",160,191,150,318,451,638
"Os06g0334600",424,419,385,446,480,486
"Os06g0586000",14615,23819,16884,9949,2868,1623
"Os06g0147200",424,604,405,485,507,309
"Os06g0484500",114,119,136,169,243,247
"Os06g0194900",692,901,532,518,360,325
"Os06g0665000",3763,4243,2998,2799,2544,2701
"Os06g0113600",193,145,186,253,231,358
"Os06g0105600",57,64,55,51,51,47
"Os06g0207783",28,34,26,21,19,21
"Os06g0582600",461,600,443,401,353,984
"Os06g0493800",45,15,16,26,31,37
"Os06g0329300",92,145,95,123,208,284
"Os06g0320801",118,102,79,102,61,41
"Os06g0472200",1380,1710,1131,1242,1380,1230
"Os06g0144800",110,114,58,121,106,95
"Os06g0556300",10,14,21,8,27,34
"Os06g0559500",723,976,864,865,943,748
"Os06g0284200",34,10,24,21,14,28
"Os06g0537600",11,13,9,34,21,41
"Os06g0714600",128,99,144,172,229,233
"Os06g0274100",950,917,854,1056,1351,1138
"Os06g0697000",4,4,416,6,59,50
"Os06g0536800",931,1252,1566,1796,2867,2513
"Os06g0360600",1120,948,964,1143,1273,1254
"Os06g0488600",1248,2043,1479,1331,1179,1126
"Os06g0109300",80,74,67,32,40,24
"Os06g0604300",6,4,8,24,50,100
"Os06g0678700",22,14,16,14,24,37
"Os06g0288300",292,221,398,576,776,1038
"Os06g0367100",3629,2610,2439,3709,3334,2785
"Os06g0149100",103,108,113,115,110,145
"Os06g0637500",151,147,210,256,306,152
"Os06g0230100",33,32,66,141,108,298
"Os06g0714500",3749,4038,3085,3577,3999,4038
"Os06g0143700",8,5,8,13,12,15
"Os06g0233400",5945,6702,5260,5429,5618,5395
"Os06g0359400",40,60,36,63,56,239
"Os06g0243900",45,10,15,1,4,2
"Os06g0149166",224,241,158,293,217,261
"Os06g0160400",689,848,689,612,732,704
"Os06g0151300",128,151,106,106,117,102
"Os06g0227250",6,15,11,10,16,12
"Os06g0499900",3441,3515,2677,2724,2539,2236
"Os06g0311300",547,498,409,415,379,304
"Os06g0207000",7224,6504,4598,3212,1552,1406
"Os06g0600700",296,328,250,622,385,584
"Os06g0548200",24,43,22,19,2,8
"Os06g0667600",275,275,175,186,150,158
"Os06g0133300",269,606,367,180,82,71
"Os06g0179700",731,572,700,714,580,744
"Os06g0591551",31,18,20,20,39,39
"Os06g0681400",24850,29814,22126,27103,25009,25381
"Os06g0492800",25,15,15,33,37,20
"Os06g0574400",1511,1274,1157,1225,1305,1163
"Os06g0569300",58,175,48,30,4,2
"Os06g0562200",8,16,10,4,15,6
"Os06g0708300",1223,1139,1064,899,1001,1022
"Os06g0708600",2503,3823,3348,3935,4938,4076
"Os06g0601500",43,53,48,24,30,65
"Os06g0185100",16,48,28,4,8,0
"Os06g0275700",830,869,726,599,694,651
"Os06g0681100",40,30,12,22,22,10
"Os06g0171600",378,365,283,301,324,295
"Os06g0501900",66,83,49,84,127,87
"Os06g0154500",5265,6320,5120,4270,4269,3281
"Os06g0199500",296,306,263,262,337,320
"Os06g0582400",156,284,209,283,333,344
"Os06g0662100",41,37,17,23,18,19
"Os06g0213900",49,79,57,43,58,42
"Os06g0273700",32,42,36,43,57,81
"Os06g0472600",50,15,26,30,20,22
"Os06g0283200",566,562,515,446,609,640
"Os06g0707250",22,42,27,28,28,40
"Os06g0691100",482,555,575,633,785,900
"Os06g0262800",183,76,132,161,261,362
"Os06g0698674",62,52,51,59,46,44
"Os06g0618150",686,831,711,721,683,704
"Os06g0551400",318,297,206,238,226,241
"Os06g0163100",12,26,23,7,15,11
"Os06g0235400",234,235,206,166,204,191
"Os06g0185966",97,55,68,46,39,51
"Os06g0179000",20,19,20,25,17,26
"Os06g0620600",335,323,183,241,205,267
"Os06g0177300",10,13,16,12,17,12
"Os06g0329900",288,546,298,261,242,188
"Os06g0570400",164,194,218,167,178,181
"Os06g0698812",16,22,10,5,1,0
"Os06g0147000",114,81,40,65,59,41
"Os06g0273100",22,12,48,49,91,83
"Os06g0621500",862,845,636,780,671,734
"Os06g0581300",3112,2870,2037,1970,1344,1432
"Os06g0535300",4067,3681,3598,3444,3869,3930
"Os06g0499000",2258,2024,1873,2264,2489,2409
"Os06g0703200",247,277,243,224,323,336
"Os06g0667300",215,279,245,189,168,78
"Os06g0571400",4646,4517,3344,3518,3426,2946
"Os06g0625700",109,204,119,81,51,67
"Os06g0342100",1000,1173,950,1073,1001,745
"Os06g0164400",583,481,582,616,961,917
"Os06g0612800",26801,29799,29893,39607,44173,41531
"Os06g0188600",586,513,610,924,1191,1084
"Os06g0190700",490,345,422,391,543,531
"Os06g0114400",16,12,15,12,18,20
"Os06g0562700",717,595,538,663,543,585
"Os06g0184866",1017,1002,961,482,670,516
"Os06g0698802",423,579,231,269,68,32
"Os06g0692100",106,137,73,93,126,154
"Os06g0219700",1002,1020,852,934,1343,1329
"Os06g0590301",2161,2027,1228,1151,974,812
"Os06g0495800",32,32,28,18,59,67
"Os06g0558300",52,76,121,232,193,179
"Os06g0194400",12,14,10,41,72,51
"Os06g0215200",3327,3720,2982,3026,3063,3483
"Os06g0231100",37,39,61,43,32,63
"Os06g0553100",124,32,48,40,27,30
"Os06g0708100",766,642,680,733,833,884
"Os06g0172200",647,930,780,944,870,806
"Os06g0134300",952,936,786,900,1095,922
"Os06g0679800",391,441,396,381,376,351
"Os06g0314100",66,64,55,53,24,40
"Os06g0126500",30,54,35,28,32,36
"Os06g0635200",54,40,62,67,81,67
"Os06g0495100",28,55,33,62,64,39
"Os06g0484950",29,48,39,44,60,374
"Os06g0554800",8628,8251,8519,6704,6563,5077
"Os06g0708000",2300,2766,2029,1926,1858,1677
"Os06g0543200",100,115,145,142,184,126
"Os06g0293100",28,46,47,27,40,40
"Os06g0349800",34,74,52,239,280,182
"Os06g0110100",1396,1661,1246,1511,1704,1610
"Os06g0672801",125,206,123,119,85,77
"Os06g0568000",1581,1599,1242,1439,1174,1212
"Os06g0152700",188,143,90,109,65,112
"Os06g0593800",283,255,318,499,1112,1300
"Os06g0702600",1868,1432,2496,1683,2160,1703
"Os06g0301000",3927,4253,3326,3419,3304,3234
"Os06g0226000",2360,1967,2156,2441,2456,2506
"Os06g0267500",983,853,657,910,802,704
"Os06g0320300",598,577,451,680,702,661
"Os06g0214300",97,162,90,132,132,86
"Os06g0181100",144,109,164,141,135,172
"Os06g0571300",704,642,702,788,967,886
"Os06g0354500",3964,4140,2424,2101,1457,1286
"Os06g0491800",1326,1108,1114,1029,1220,970
"Os06g0551800",1160,1079,835,848,1109,815
"Os06g0474900",2973,2351,2526,2480,3095,3084
"Os06g0726300",661,1239,765,832,998,1176
"Os06g0663100",380,366,282,288,265,201
"Os06g0568600",2778,5932,2209,2006,308,30
"Os06g0653900",825,1017,768,823,677,584
"Os06g0538400",74,65,118,153,109,162
"Os06g0650700",29,33,13,22,24,32
"Os06g0652000",3523,3544,3051,3657,3412,3555
"Os06g0203550",59,51,28,33,37,51
"Os06g0206000",32,45,43,39,60,24
"Os06g0700500",2870,2825,2061,1667,1164,959
"Os06g0639500",820,784,618,751,907,925
"Os06g0695600",818,709,935,751,1079,955
"Os06g0708900",825,732,719,791,850,856
"Os06g0583400",31,52,39,37,16,17
"Os06g0134800",617,592,474,561,484,462
"Os06g0643600",729,717,522,673,685,773
"Os06g0644466",1467,1330,1292,1311,1258,1191
"Os06g0715200",1001,1353,1239,2137,2398,2313
"Os06g0704600",4354,4183,3598,4933,4376,3836
"Os06g0267450",18,64,51,16,21,4
"Os06g0332500",312,317,265,305,390,357
"Os06g0536333",5,28,9,20,27,10
"Os06g0505501",62,116,106,130,116,127
"Os06g0158300",715,551,648,771,931,900
"Os06g0196900",4859,4220,3153,3778,3668,3490
"Os06g0318700",63,100,38,69,32,76
"Os06g0710800",87,45,72,52,103,76
"Os06g0698859",1673,1505,1425,1539,1694,1654
"Os06g0198700",250,300,180,189,162,172
"Os06g0125800",2325,3474,2544,1859,1537,1376
"Os06g0274000",864,880,842,944,957,1057
"Os06g0199200",21956,18716,22290,20265,24747,23875
"Os06g0545900",390,404,301,201,126,129
"Os06g0128400",119,59,84,77,86,95
"Os06g0642900",1289,1660,1394,1509,1700,1533
"Os06g0343000",158,142,160,177,164,194
"Os06g0646801",12,19,19,72,68,49
"Os06g0601600",33,32,30,40,58,47
"Os06g0554300",90,113,105,72,29,57
"Os06g0168800",1919,1607,1575,1709,1927,1741
"Os06g0659500",1343,1559,999,972,710,595
"Os06g0132300",153,91,148,146,176,188
"Os06g0293300",8,21,10,18,9,22
"Os06g0554600",50,21,30,44,52,68
"Os06g0167500",3675,4106,3505,3695,3285,2971
"Os06g0162600",440,421,325,361,400,368
"Os06g0208300",1873,2138,1906,2214,2379,2261
"Os06g0634000",40,13,38,23,19,28
"Os06g0603400",307,320,267,261,219,243
"Os06g0221200",1970,2196,1371,2039,2781,2234
"Os06g0131300",2433,3511,2732,2644,789,1164
"Os06g0128700",161,115,139,131,264,310
"Os06g0526700",420,411,409,330,305,311
"Os06g0567000",1153,1682,1034,1203,890,1020
"Os06g0158900",353,221,244,344,329,409
"Os06g0731900",613,722,653,772,1051,959
"Os06g0217700",64,34,20,64,68,112
"Os06g0332600",129,85,51,103,86,121
"Os06g0603600",400,455,487,262,390,387
"Os06g0701600",43,34,39,109,25,128
"Os06g0188950",101,79,123,168,213,159
"Os06g0288400",161,119,209,245,266,298
"Os06g0579600",431,324,345,536,330,347
"Os06g0634600",1125,1358,990,1278,1193,1194
"Os06g0228200",852,1068,1143,1024,863,900
"Os06g0153800",5035,5076,3472,3971,3561,3452
"Os06g0633500",159,312,262,234,290,247
"Os06g0182100",15,26,19,13,32,22
"Os06g0127600",102,123,98,160,139,154
"Os06g0105700",13,11,9,6,16,12
"Os06g0698822",57,55,40,48,10,18
"Os06g0258900",9288,7743,7084,6482,6757,6253
"Os06g0336200",147,127,182,85,318,206
"Os06g0235200",109,134,91,125,139,108
"Os06g0705500",210,189,139,208,175,169
"Os06g0221100",3247,3141,2599,3323,3576,3318
"Os06g0116500",900,612,651,718,963,882
"Os06g0138700",1401,1414,1095,1129,1277,1244
"Os06g0174400",2315,2754,2370,2473,2938,2968
"Os06g0205600",173,176,143,143,234,216
"Os06g0651300",148,106,181,118,134,141
"Os06g0656000",116,103,195,154,134,157
"Os06g0712200",306,313,299,279,321,327
"Os06g0497600",249,234,207,208,218,207
"Os06g0621800",79,67,75,71,58,80
"Os06g0237800",190,148,198,275,289,288
"Os06g0587900",292,93,299,154,250,379
"Os06g0178601",25,18,17,27,14,41
"Os06g0731200",2823,2123,2827,4939,5517,5156
"Os06g0101000",4048,3955,3543,3696,4071,4235
"Os06g0124900",2861,3219,2289,2505,2298,1912
"Os06g0328400",129,456,292,112,68,23
"Os06g0165900",16,9,14,24,35,107
"Os06g0608401",193,234,197,232,254,234
"Os06g0730300",4073,4402,4566,4178,4787,4383
"Os06g0711200",154,99,57,72,30,27
"Os06g0644200",50,42,40,41,13,27
"Os06g0687400",533,544,580,530,603,644
"Os06g0275800",2529,1952,1540,1302,1214,1322
"Os06g0605600",515,554,428,382,497,429
"Os06g0206300",112,91,94,137,155,180
"Os06g0720100",694,667,768,999,1098,990
"Os06g0564300",223,265,227,260,220,210
"Os06g0581500",2946,2030,2035,2402,2684,4391
"Os06g0525200",77,78,144,97,181,174
"Os06g0731700",780,691,745,999,967,1064
"Os06g0233000",134,104,174,147,395,510
"Os06g0471100",280,188,188,273,290,229
"Os06g0676700",116,218,111,129,55,64
"Os06g0661766",1870,1620,2133,1367,2064,2181
"Os06g0568200",2260,2100,1554,1653,1600,1500
"Os06g0558766",2045,1829,1611,1838,1801,1936
"Os06g0522300",401,463,704,713,1137,643
"Os06g0686500",38,37,12,46,40,34
"Os06g0681300",434,430,395,531,625,618
"Os06g0618600",1288,1302,886,1010,1015,1106
"Os06g0163701",23,36,5,4,33,5
"Os06g0128000",39,61,49,62,90,105
"Os06g0486800",6510,5423,4163,4340,3497,2921
"Os06g0612200",954,992,736,773,670,655
"Os06g0134466",779,829,539,790,725,743
"Os06g0677600",126,189,126,126,120,138
"Os06g0208200",8,14,10,18,21,0
"Os06g0479400",63,143,101,56,75,49
"Os06g0663200",1078,1214,1075,1114,1092,895
"Os06g0687900",1814,2088,1857,1928,2079,1976
"Os06g0677300",3494,2734,2423,2589,2345,2532
"Os06g0103000",13,2,2,4,11,21
"Os06g0524500",234,384,293,310,411,431
"Os06g0206200",579,563,464,596,639,616
"Os06g0649700",281,340,233,222,115,98
"Os06g0188500",1261,1030,1027,1332,1062,1304
"Os06g0304500",500,404,521,578,642,555
"Os06g0689483",24,14,10,17,1,2
"Os06g0610600",32,32,54,36,132,128
"Os06g0654400",61,79,99,104,179,231
"Os06g0326700",4281,4355,3099,3334,3497,2663
"Os06g0193000",5428,6527,5300,6003,6340,5970
"Os06g0237000",75,55,55,80,53,62
"Os06g0704400",2479,2410,2128,2134,2162,2049
"Os06g0111500",591,692,555,416,230,198
"Os06g0158600",780,815,685,678,644,636
"Os06g0130200",43,38,32,42,16,34
"Os06g0341600",437,364,341,371,335,346
"Os06g0667100",765,874,678,722,1333,968
"Os06g0561000",341,260,184,45,26,6
"Os06g0530600",283,543,385,200,138,85
"Os06g0332800",6989,4994,5243,6856,7262,6878
"Os06g0597200",2076,1962,1828,2097,2053,2119
"Os06g0104200",26,24,16,18,2,14
"Os06g0527500",552,547,549,761,516,627
"Os06g0663500",367,365,290,297,287,272
"Os06g0474200",1541,1246,1199,1503,1552,1513
"Os06g0674800",1649,1466,1331,1316,1403,1222
"Os06g0701400",1872,2212,1559,1486,1386,1804
"Os06g0347966",23,75,45,43,80,89
"Os06g0585950",128,196,80,36,32,18
"Os06g0226600",1340,1601,1186,1021,964,1016
"Os06g0574450",355,261,257,292,247,276
"Os06g0693100",72,70,37,53,49,67
"Os06g0597500",166,151,185,118,190,250
"Os06g0149400",361,316,255,260,303,305
"Os06g0634500",109,97,78,155,122,127
"Os06g0355500",1332,1229,1065,1074,1416,1377
"Os06g0681000",114,208,137,167,207,192
"Os06g0662200",424,655,494,320,240,192
"Os06g0476200",5028,4515,7704,10777,15004,12574
"Os06g0275600",926,832,738,757,794,711
"Os06g0544100",160,183,142,189,99,168
"Os06g0158400",28,34,24,26,38,34
"Os06g0274200",874,827,585,605,350,478
"Os06g0579201",10,22,8,30,5,11
"Os06g0101600",8576,8465,11483,16972,23718,23508
"Os06g0595800",170,318,241,175,209,151
"Os06g0106000",367,421,363,456,536,463
"Os06g0647900",57,79,62,69,70,50
"Os06g0158200",1178,1267,1056,1203,1267,1224
"Os06g0303600",62,71,118,138,187,194
"Os06g0611150",39,38,58,59,61,55
"Os06g0313000",20,36,46,57,103,93
"Os06g0682800",596,577,470,513,448,523
"Os06g0704300",521,524,494,656,655,669
"Os06g0164800",63,40,71,54,84,88
"Os06g0710001",351,197,221,172,77,97
"Os06g0145950",128,153,128,156,245,221
"Os06g0146700",75,36,31,49,36,13
"Os06g0711000",18,36,22,18,27,31
"Os06g0730200",1112,875,812,557,884,757
"Os06g0654300",20,30,10,8,28,31
"Os06g0314600",96,116,100,109,45,29
"Os06g0199300",1688,1059,1757,1545,2887,1964
"Os06g0109500",51,162,153,86,77,7
"Os06g0224200",1369,1666,1090,865,792,724
"Os06g0255700",3590,3107,3237,3313,3534,3979
"Os06g0231600",80,84,41,58,67,22
"Os06g0135900",15,24,13,10,16,19
"Os06g0542300",68,271,115,68,112,72
"Os06g0667000",75,82,70,89,108,74
"Os06g0184700",289,250,210,275,238,314
"Os06g0151200",1477,1464,1481,1573,2003,1641
"Os06g0728600",4362,3821,4128,3956,4944,4653
"Os06g0200700",451,335,244,180,67,53
"Os06g0655100",735,622,684,943,925,793
"Os06g0202900",901,1217,1190,874,1311,965
"Os06g0707100",1201,1147,997,893,998,822
"Os06g0596300",4531,4276,3358,3189,2725,2780
"Os06g0664200",1221,905,1440,2033,2740,3120
"Os06g0705000",23,21,26,25,35,71
"Os06g0651200",175,154,125,170,106,156
"Os06g0166400",933,1223,1030,530,1012,855
"Os06g0232100",7286,7695,6260,6058,6344,5744
"Os06g0643100",1576,1849,1124,1489,1279,1225
"Os06g0235850",47,49,29,29,37,27
"Os06g0111300",3779,3286,3586,3956,5259,4383
"Os06g0113900",4541,5839,3660,3790,3674,2702
"Os06g0690600",116,179,147,173,239,228
"Os06g0286375",3495,4392,2937,2942,2613,2709
"Os06g0537700",49,40,32,49,55,48
"Os06g0626200",1900,1850,1951,2171,2657,2598
"Os06g0604400",1727,1657,1720,2135,2551,2607
"Os06g0159400",104,119,67,85,83,84
"Os06g0523900",87,52,80,85,93,88
"Os06g0588800",14,34,31,58,14,47
"Os06g0179800",215,242,182,237,465,309
"Os06g0503600",275,232,232,225,249,197
"Os06g0572400",38,24,39,42,42,56
"Os06g0664300",5153,6672,5374,6026,6680,6476
"Os06g0210200",2217,2420,2063,2354,2098,2105
"Os06g0472300",185,179,194,162,206,201
"Os06g0566850",109,78,100,123,107,162
"Os06g0703800",724,769,555,493,611,581
"Os06g0167000",11451,10706,9614,11133,10334,10733
"Os06g0593200",107,73,57,212,388,197
"Os06g0664100",501,457,378,442,430,471
"Os06g0555400",3717,4302,3295,3256,3325,2868
"Os06g0705100",2125,1814,2486,2606,3103,3246
"Os06g0504450",18,6,17,2,22,64
"Os06g0269200",64,67,64,90,65,60
"Os06g0654900",3299,3702,4040,5193,8723,9734
"Os06g0527300",39,61,47,59,40,48
"Os06g0717200",365,525,380,693,1061,1221
"Os06g0218100",1003,1126,1012,797,925,876
"Os06g0137300",547,584,549,615,648,701
"Os06g0297400",1902,2240,1574,1311,955,842
"Os06g0527100",2744,2541,2275,2154,2101,2249
"Os06g0136000",1774,1925,1280,1341,1268,1160
"Os06g0159450",28,20,24,26,30,40
"Os06g0649600",3014,2756,2506,2857,3108,2909
"Os06g0103900",12,20,12,37,14,15
"Os06g0295700",311,203,267,229,230,420
"Os06g0714800",1146,1475,919,973,1227,842
"Os06g0114700",333,309,308,383,369,291
"Os06g0286400",647,907,542,547,423,555
"Os06g0257200",456,488,309,374,246,329
"Os06g0166000",938,1159,886,1018,856,818
"Os06g0116300",761,720,474,571,493,513
"Os06g0183900",1298,1454,1296,1286,1574,1418
"Os06g0664000",63,15,38,33,34,25
"Os06g0149300",1057,1184,827,1054,968,971
"Os06g0286700",209,258,189,167,233,214
"Os06g0679100",50,40,54,61,94,98
"Os06g0116200",88,108,110,142,153,185
"Os06g0597400",391,293,353,500,609,560
"Os06g0293500",152,393,226,207,115,63
"Os06g0505100",1616,1438,1243,1439,1373,1250
"Os06g0199800",520,496,311,359,300,416
"Os06g0490200",86,101,141,92,107,49
"Os06g0604200",14,18,60,20,22,35
"Os06g0206700",492,515,355,484,524,729
"Os06g0651000",4699,7508,4874,4878,4307,3927
"Os06g0101100",314,291,292,317,372,291
"Os06g0712300",2922,2605,2471,2679,3323,2746
"Os06g0184400",751,1015,709,557,546,362
"Os06g0113950",198,208,129,166,200,189
"Os06g0172000",600,442,592,706,924,888
"Os06g0346400",380,474,357,428,549,603
"Os06g0126050",11,6,4,10,7,12
"Os06g0129300",1009,936,870,958,967,934
"Os06g0729000",1321,993,1291,1874,2134,2080
"Os06g0506100",239,155,231,277,235,238
"Os06g0188400",59,81,76,80,81,56
"Os06g0102750",421,489,524,503,563,593
"Os06g0102300",991,1080,902,976,1001,928
"Os06g0335500",1009,974,842,1006,1344,1639
"Os06g0284500",198,155,275,320,548,592
"Os06g0727200",7233,7396,3935,4280,2768,2861
"Os06g0225000",61,45,53,52,87,70
"Os06g0624850",57,45,53,103,107,138
"Os06g0708200",126,87,70,76,62,97
"Os06g0142050",440,377,488,437,516,480
"Os06g0486400",4253,3807,3009,3194,3003,3330
"Os06g0609500",220,246,176,234,162,242
"Os06g0667900",12,7,10,10,14,20
"Os06g0249350",67,41,83,27,16,12
"Os06g0694000",6690,6076,5842,7124,7766,7889
"Os06g0136201",95,78,61,62,65,61
"Os06g0231050",97,86,76,69,66,91
"Os06g0218300",687,1047,711,573,281,280
"Os06g0637400",131,128,103,70,17,20
"Os06g0259000",3104,2663,1837,1975,1596,1666
"Os06g0614300",1540,1650,1246,1064,1047,958
"Os06g0218500",1759,1655,1744,2059,2167,2206
"Os06g0187000",24,22,11,24,23,34
"Os06g0179900",185,236,170,190,156,139
"Os06g0332900",1262,1604,1353,1501,1784,1865
"Os06g0120200",38,76,36,134,238,261
"Os06g0523100",10013,8964,8277,6801,5475,5646
"Os06g0715000",514,493,404,573,477,499
"Os06g0219400",160,182,113,108,124,90
"Os06g0104300",17,15,16,10,3,1
"Os06g0106100",6253,5845,4969,5780,5792,5610
"Os06g0146900",41,53,29,43,13,23
"Os06g0193400",3599,3592,2846,4076,3378,3556
"Os06g0553001",44,12,9,11,14,24
"Os06g0216800",1594,1940,1180,1229,1048,514
"Os06g0573800",16,26,37,27,21,7
"Os06g0174300",838,726,647,667,733,752
"Os06g0685300",32,19,41,49,60,51
"Os06g0304600",8,14,21,10,6,10
"Os06g0161900",36,38,48,62,125,92
"Os06g0563900",317,459,249,239,218,174
"Os06g0360300",600,775,531,750,824,883
"Os06g0160700",301,207,152,307,261,308
"Os06g0622000",101,49,82,140,175,173
"Os06g0557700",38,55,22,65,23,64
"Os06g0142900",3396,3262,2833,3432,3291,3382
"Os06g0214100",382,333,411,450,479,541
"Os06g0676600",627,973,492,506,394,379
"Os06g0690200",3223,4007,2487,2259,1759,1645
"Os06g0223700",32,40,22,25,54,62
"Os06g0181200",379,293,277,386,434,441
"Os06g0148000",186,276,207,203,221,277
"Os06g0207500",73,46,56,28,59,84
"Os06g0115700",0,3,20,12,18,4
"Os06g0251200",161,211,120,164,97,126
"Os06g0724500",526,463,426,508,386,400
"Os06g0228900",33,40,41,22,33,33
"Os06g0342750",243,202,211,234,273,357
"Os06g0354700",8908,7166,6173,4503,2981,3133
"Os06g0112000",390,345,294,315,395,298
"Os06g0696900",2,3,11,17,46,38
"Os06g0338200",28,21,14,16,45,69
"Os06g0608800",12093,14800,10377,8538,9014,7685
"Os06g0198600",317,351,228,310,208,213
"Os06g0335950",293,158,227,287,194,313
"Os06g0175400",938,1043,861,1040,1061,1059
"Os06g0239200",1689,2255,1676,1475,1669,1497
"Os06g0195600",4675,3871,4020,4574,5003,5698
"Os06g0698000",25,50,49,42,36,31
"Os06g0699600",757,1193,662,679,334,432
"Os06g0566700",171,258,197,221,309,231
"Os06g0605900",9984,12332,10919,11937,13493,12362
"Os06g0654000",2133,1804,1725,1860,1574,1458
"Os06g0203200",10,8,24,12,6,26
"Os06g0495700",2391,2214,1966,1940,2247,2078
"Os06g0655500",1813,2630,2588,3432,4964,3345
"Os06g0539400",18,39,44,31,44,57
"Os06g0154400",2209,1950,1888,2545,2732,2707
"Os06g0180000",190,204,172,196,206,214
"Os06g0248500",102,182,133,114,104,152
"Os06g0703500",161,153,158,195,278,394
"Os06g0183700",231,271,185,157,108,134
"Os06g0136800",4093,3592,3544,4477,4760,4751
"Os06g0566100",2058,2126,1855,1987,1847,1720
"Os06g0584200",421,445,330,389,313,375
"Os06g0485100",2143,2483,2004,2318,2762,2667
"Os06g0681200",536,17,2,62,1,10
"Os06g0687700",2749,2288,1988,1986,2232,2026
"Os06g0106900",1843,2138,1728,1878,2201,2119
"Os06g0625500",1286,1759,919,863,523,409
"Os06g0502900",500,587,447,653,640,697
"Os06g0493600",119,122,144,182,332,583
"Os06g0295900",175,180,292,308,418,500
"Os06g0150400",811,844,595,458,426,482
"Os06g0726400",3281,3384,2632,3162,2957,3315
"Os06g0704100",2,6,16,11,10,16
"Os06g0246000",6847,8649,8338,9621,11235,8796
"Os06g0164500",112,151,167,210,118,132
"Os06g0153600",297,335,276,329,390,403
"Os06g0154200",2540,2281,2226,2497,2856,2696
"Os06g0698600",810,792,995,1010,1160,1806
"Os06g0208700",1050,919,858,1309,1589,1462
"Os06g0682900",149,91,57,139,60,48
"Os06g0548000",2013,2439,1563,1470,1214,1156
"Os06g0709400",36,33,18,57,30,61
"Os06g0724400",2135,3028,2149,2653,2545,2177
"Os06g0237300",3369,3133,3072,3330,3552,3929
"Os06g0155400",453,550,429,363,220,214
"Os06g0215300",3230,2779,2357,2871,2993,3152
"Os06g0297600",59,54,88,85,129,135
"Os06g0146200",338,259,272,535,577,517
"Os06g0707800",1357,1277,2034,2509,2959,1705
"Os06g0484600",802,924,817,853,912,940
"Os06g0109100",24,8,106,132,116,59
"Os06g0643700",35,13,33,45,43,54
"Os06g0714700",211,223,203,346,318,345
"Os06g0709100",1645,1526,1360,1521,1627,1580
"Os06g0339500",81,49,69,163,216,160
"Os06g0291500",79,93,49,55,64,116
"Os06g0521900",24,32,47,44,57,37
"Os06g0722100",12,19,13,16,52,14
"Os06g0161300",190,115,120,120,140,129
"Os06g0710500",14,2,30,22,61,60
"Os06g0677400",1701,1539,1512,1730,1826,1632
"Os06g0730900",53,53,48,45,48,73
"Os06g0287500",192,200,182,149,171,181
"Os06g0506000",137,72,153,101,127,176
"Os06g0609450",208,257,209,251,219,222
"Os06g0273500",95,104,82,74,118,97
"Os06g0146600",97,100,46,64,10,34
"Os06g0614550",177,194,169,274,169,252
"Os06g0717300",318,365,307,298,336,323
"Os06g0697600",1257,2340,1363,1382,1221,899
"Os06g0202100",58,76,50,72,107,65
"Os06g0237502",3249,2416,2261,3119,3228,3440
"Os06g0315000",109,40,33,28,18,4
"Os06g0528700",51,34,43,45,164,102
"Os06g0186600",2008,1348,1657,1407,1706,1582
"Os06g0104000",527,487,492,573,790,751
"Os06g0287000",29,28,32,26,44,50
"Os06g0300300",24,25,12,20,19,90
"Os06g0566201",8,16,34,7,16,31
"Os06g0638000",2927,2540,2593,3012,3019,2721
"Os06g0608600",283,304,266,308,362,289
"Os06g0694100",480,541,429,433,626,699
"Os06g0140800",7990,8621,7228,5606,6938,6047
"Os06g0175900",28,33,18,24,30,27
"Os06g0189600",1487,1705,1469,1533,1256,1361
"Os06g0494100",105,36,74,67,65,36
"Os06g0112151",17,22,16,24,32,30
"Os06g0329200",73,131,97,90,167,419
"Os06g0139000",1120,1006,990,920,940,894
"Os06g0490000",276,312,256,279,314,454
"Os06g0600301",41,19,32,18,44,68
"Os06g0730800",1193,1236,1059,1139,811,993
"Os06g0570100",761,718,885,979,1386,1141
"Os06g0643800",1268,1355,1153,1306,1013,1041
"Os06g0496800",1751,2286,1764,1241,1862,1478
"Os06g0699900",5629,5171,4206,4793,4649,4668
"Os06g0281400",2236,1586,1672,2197,1846,1789
"Os06g0334100",1304,1409,1167,1684,1780,1245
"Os06g0656300",60,86,99,131,111,121
"Os06g0122500",19,46,21,22,42,15
"Os06g0714432",23,18,15,42,16,15
"Os06g0683400",513,814,790,511,244,223
"Os06g0122800",701,811,723,825,830,727
"Os06g0246500",40,8,16,30,49,40
"Os06g0106500",302,308,348,430,488,388
"Os06g0702400",114,117,140,74,219,192
"Os06g0133200",33,14,23,25,18,7
"Os06g0552400",891,836,629,840,700,599
"Os06g0149500",499,628,471,630,681,729
"Os06g0523300",1012,993,1102,1335,1296,1195
"Os06g0622800",772,650,606,814,820,875
"Os06g0268600",23,28,28,27,7,20
"Os06g0547900",1153,1252,1070,1008,1027,1111
"Os06g0267900",6706,5288,5892,9154,11144,10296
"Os06g0713400",64,95,49,60,59,60
"Os06g0255400",225,340,333,396,395,396
"Os06g0192800",388,543,433,282,246,256
"Os06g0223900",8,10,13,24,8,8
"Os06g0251000",221,145,128,157,182,218
"Os06g0725400",371,368,307,364,367,394
"Os06g0266000",28,21,19,28,32,39
"Os06g0194000",5466,5107,4879,5262,5935,5062
"Os06g0237100",198,187,120,190,139,172
"Os06g0170100",138,222,73,80,0,0
"Os06g0247900",42,68,123,31,24,21
"Os06g0320100",2879,2911,2392,2548,2395,2362
"Os06g0694600",76,56,72,48,49,32
"Os06g0143650",1550,1542,1489,1726,2163,2059
"Os06g0601000",1598,1086,1303,1484,1518,1740
"Os06g0609600",2459,2540,1887,1952,1741,1651
"Os06g0728700",189,54,61,131,9,39
"Os06g0209500",64,62,57,51,77,73
"Os06g0589300",368,287,167,195,173,214
"Os06g0115100",2447,2671,1729,1747,1372,1225
"Os06g0234400",20,0,3,10,7,31
"Os06g0633900",71,34,42,39,36,23
"Os06g0232700",40,16,80,24,44,26
"Os06g0579400",12,10,16,19,10,23
"Os06g0143100",8512,10938,6543,7749,6254,5837
"Os06g0600100",391,397,318,307,307,322
"Os06g0729400",59,37,55,44,20,46
"Os06g0166100",1128,949,868,957,819,807
"Os06g0691400",34,36,52,62,104,90
"Os06g0646000",3369,2715,3379,4057,5056,4873
"Os06g0163500",955,766,691,622,700,664
"Os06g0206900",91,73,58,73,116,129
"Os06g0506600",166,174,111,115,52,63
"Os06g0474800",1303,2488,2335,3163,3902,2564
"Os06g0318300",71,84,84,81,66,75
"Os06g0589500",4,16,40,16,8,6
"Os06g0488200",186,99,98,126,137,301
"Os06g0119800",41,95,60,164,155,93
"Os06g0633800",12985,9163,9681,18497,16188,14857
"Os06g0656700",29,24,22,30,38,72
"Os06g0342500",1347,1386,1225,1444,1559,1764
"Os06g0702500",3682,4565,3721,3544,4192,4008
"Os06g0166200",457,434,520,691,585,549
"Os06g0644400",180,129,103,156,137,114
"Os06g0145200",19,18,14,12,6,2
"Os06g0549900",109,137,79,32,3,0
"Os06g0713800",35,44,14,43,46,74
"Os06g0132100",1501,2211,1589,1589,1961,1581
"Os06g0345200",643,657,658,676,697,555
"Os06g0219600",1669,1704,1301,1468,1331,1131
"Os06g0118700",22,33,28,163,183,533
"Os06g0187900",1204,1144,1200,1526,1551,1392
"Os06g0130100",11,6,8,18,10,18
"Os06g0557400",155,199,156,172,195,220
"Os06g0584400",351,479,280,137,80,28
"Os06g0708832",253,257,323,567,589,637
"Os06g0607800",144,97,82,110,89,103
"Os06g0113150",721,464,459,506,426,409
"Os06g0571100",687,707,713,796,777,779
"Os06g0210400",70,241,136,102,125,128
"Os06g0526800",39,54,28,22,34,127
"Os06g0186900",966,1158,865,997,1090,1023
"Os06g0172600",1856,2625,2249,2638,2281,2032
"Os06g0245800",12793,10586,11259,13552,15005,15023
"Os06g0610350",26,15,12,32,12,32
"Os06g0319700",683,650,506,591,435,574
"Os06g0200250",424,445,247,246,133,104
"Os06g0157000",213,101,1232,2054,3149,2777
"Os06g0295500",321,277,294,334,361,356
"Os06g0674100",75,127,61,66,14,15
"Os06g0645400",2880,2524,1984,2393,1923,2013
"Os06g0111100",136,135,154,156,146,141
"Os06g0224500",113,210,124,149,96,175
"Os06g0587100",239,351,172,87,43,13
"Os06g0647000",20,21,25,27,18,41
"Os06g0566500",26,130,144,72,14,19
"Os06g0523400",428,497,382,437,485,375
"Os06g0128800",251,541,267,176,114,39
"Os06g0289200",51,20,18,3,17,25
"Os06g0181400",353,321,269,457,537,544
"Os06g0612001",13,11,8,32,48,71
"Os06g0158100",323,492,263,295,146,169
"Os06g0627400",4,6,12,19,18,19
"Os06g0480000",3355,2782,2067,2260,2005,2344
"Os06g0688100",19656,19660,18776,21673,22432,18425
"Os06g0597800",361,363,372,388,375,288
"Os06g0183800",4929,4736,4342,4712,4333,4375
"Os06g0694500",435,661,569,820,1092,982
"Os06g0646400",3883,4061,3654,4175,4292,4378
"Os06g0470000",266,276,184,184,90,53
"Os06g0187500",5,26,44,50,42,18
"Os06g0182400",567,439,390,354,445,433
"Os06g0318600",40,33,21,23,19,21
"Os06g0610550",2,5,11,10,14,2
"Os06g0162500",778,966,763,831,806,890
"Os06g0361500",1341,1119,1462,1552,1256,1640
"Os06g0476900",103,95,170,255,321,203
"Os06g0548100",33,49,12,18,16,19
"Os06g0483900",52,42,41,34,33,186
"Os06g0670400",192,173,171,205,220,255
"Os06g0573600",60,44,50,80,53,50
"Os06g0364500",87,139,90,160,170,157
"Os06g0581701",143,148,108,216,267,243
"Os06g0702200",36,74,73,72,59,23
"Os06g0649900",877,981,788,664,710,596
"Os06g0694800",1302,1245,1085,1231,1540,1529
"Os06g0693500",1268,1148,945,1094,1104,1020
"Os06g0143500",133,75,94,102,69,96
"Os06g0653800",1348,1601,1263,1219,1450,1373
"Os06g0107700",137,119,135,243,226,253
"Os06g0538200",2159,2137,1797,2123,2134,1994
"Os06g0298400",2756,2505,2620,3036,3133,3025
"Os06g0215400",1268,1267,722,865,693,787
"Os06g0583600",13,12,34,8,14,38
"Os06g0547400",678,92,176,31,28,54
"Os06g0131100",393,430,299,344,394,318
"Os06g0708700",2174,2036,1918,1877,3278,2710
"Os06g0352900",170,103,180,295,431,464
"Os06g0182500",458,570,358,288,246,278
"Os06g0217500",586,756,657,706,688,600
"Os06g0683100",51,18,25,30,18,24
"Os06g0300600",282,285,196,202,209,305
"Os06g0693700",2252,2447,1627,1558,1308,1170
"Os06g0215950",13,14,5,23,5,7
"Os06g0134900",2702,2674,2294,2869,3217,2989
"Os06g0264650",194,327,231,353,523,409
"Os06g0597000",162,200,185,167,129,163
"Os06g0606900",824,785,645,612,760,846
"Os06g0165600",4,1,11,14,10,5
"Os06g0598800",50,58,30,12,12,5
"Os06g0165100",54,29,28,46,44,40
"Os06g0336350",17,7,15,12,24,30
"Os06g0731500",454,493,439,527,474,438
"Os06g0167100",3847,3872,3175,3645,3756,3655
"Os06g0214800",300,682,378,329,316,233
"Os06g0601100",3504,3260,3428,3800,5221,4466
"Os06g0204600",6,9,9,18,16,10
"Os06g0714200",3387,3381,2708,3075,3217,3296
"Os06g0672700",318,305,204,260,305,272
"Os06g0217300",74,75,79,129,117,108
"Os06g0651600",4387,4849,3466,3022,3472,3078
"Os06g0695800",177,219,168,248,330,273
"Os06g0592500",35,10,14,23,0,32
"Os06g0614400",617,772,1145,1084,1831,1774
"Os06g0718400",20,42,34,40,22,16
"Os06g0709000",187,220,229,215,325,243
"Os06g0646700",2442,2213,2185,1663,2347,2487
"Os06g0130800",13711,18424,13750,15849,20710,21118
"Os06g0690700",5637,5674,5184,5222,5703,4829
"Os06g0152500",63,36,55,58,78,55
"Os06g0712500",48,25,25,43,25,51
"Os06g0569500",5881,12100,6808,5887,517,163
"Os06g0161800",12,12,18,29,11,22
"Os06g0611000",11,7,4,9,20,15
"Os06g0603000",3889,3762,2923,3481,3086,3146
"Os06g0300700",1054,1142,824,985,1181,941
"Os06g0188700",75,64,87,134,358,427
"Os06g0167400",481,474,396,488,411,409
"Os06g0694900",16,8,22,10,26,40
"Os06g0711700",186,209,384,371,566,420
"Os06g0112400",1972,2456,1894,1918,1931,1934
"Os06g0235300",712,605,525,629,492,567
"Os06g0712900",427,383,428,435,380,452
"Os06g0291600",109,100,102,144,190,151
"Os06g0595900",338,260,304,475,430,505
"Os06g0225200",250,242,220,285,350,335
"Os06g0142000",476,269,346,466,561,489
"Os06g0172800",1053,1233,910,720,780,509
"Os06g0659300",2060,1667,1573,1345,1163,1213
"Os06g0168500",6644,9246,5666,4392,3329,2421
"Os06g0178900",13,28,17,13,10,29
"Os06g0181566",3520,3504,2611,3255,2567,2964
"Os06g0155500",247,320,205,262,179,105
"Os06g0591600",3100,4067,3479,3488,4501,3985
"Os06g0274600",43,89,85,149,106,103
"Os06g0234200",180,219,144,173,182,241
"Os06g0581000",37,70,36,34,28,18
"Os06g0724200",519,586,375,442,393,462
"Os06g0526600",531,473,367,431,359,452
"Os06g0114600",455,463,373,422,582,487
"Os06g0241200",58,89,32,75,93,160
"Os06g0188100",453,518,461,528,461,401
"Os06g0710300",1477,1704,1459,1641,1867,1503
"Os06g0543400",96,113,73,150,95,190
"Os06g0493801",83,50,70,63,106,74
"Os06g0724100",1655,2086,1596,1750,1778,1627
"Os06g0476400",80,115,114,92,111,80
"Os06g0105900",6834,6517,5215,5770,5731,5471
"Os06g0265000",4901,4494,4007,4193,4765,4308
"Os06g0328966",75,91,54,44,39,53
"Os06g0499200",20,18,19,24,5,22
"Os06g0130000",3024,3154,2840,2858,3285,3353
"Os06g0343200",120,83,64,121,114,133
"Os06g0146300",4185,3670,4098,5664,6692,6179
"Os06g0192900",780,925,723,762,696,793
"Os06g0125000",14,4,2,4,13,23
"Os06g0608700",14128,12679,21508,39845,69343,60239
"Os06g0197550",26,7,6,6,12,21
"Os06g0600800",406,414,270,273,304,395
"Os06g0355701",9,12,10,2,14,0
"Os06g0728800",292,199,331,459,498,571
"Os06g0130600",624,603,652,699,851,808
"Os06g0110000",253,373,447,475,462,571
"Os06g0181300",126,92,106,111,91,111
"Os06g0613500",73,106,64,63,72,144
"Os06g0607900",32,48,15,28,6,2
"Os06g0132400",338,352,422,682,814,816
"Os06g0217900",77,74,71,152,91,100
"Os06g0311600",1369,1697,1049,1012,830,717
"Os06g0691000",2699,2501,2396,2277,2425,2306
"Os06g0147100",6735,8042,7383,9001,15460,13097
"Os06g0704900",808,813,712,844,666,644
"Os06g0695500",10,12,13,5,7,1
"Os06g0165500",28,30,24,94,52,84
"Os06g0152300",594,479,427,387,385,357
"Os06g0483200",74,87,108,103,113,74
"Os06g0171900",11116,11365,10140,11646,15609,13416
"Os06g0696600",28,9,347,1030,2478,2584
"Os06g0117500",16,18,12,29,36,43
"Os06g0619000",491,485,390,421,554,644
"Os06g0185800",48,43,63,44,80,105
"Os06g0211300",1861,2187,1480,1762,1808,1633
"Os06g0496000",7514,7351,6557,7596,8650,7716
"Os06g0531200",2657,2631,2121,2664,2685,2752
"Os06g0103500",9220,9175,7223,7614,6972,6824
"Os06g0184100",27,29,35,17,18,62
"Os06g0127250",609,903,773,799,1039,771
"Os06g0524400",173,177,107,310,683,1777
"Os06g0125400",256,299,237,258,383,261
"Os06g0625900",355,333,472,507,681,645
"Os06g0222800",171,157,171,132,99,76
"Os06g0152400",262,233,197,279,277,231
"Os06g0112100",673,762,589,678,634,547
"Os06g0335101",453,372,444,330,448,677
"Os06g0132200",98,88,59,75,54,55
"Os06g0673300",669,664,511,777,643,660
"Os06g0724600",518,474,455,527,491,457
"Os06g0499500",5,4,11,18,16,11
"Os06g0618650",36,58,33,35,25,21
"Os06g0287700",3203,3351,3123,3599,3456,2787
"Os06g0602600",676,737,586,766,688,696
"Os06g0214850",833,1135,795,833,673,709
"Os06g0468400",361,311,352,504,508,466
"Os06g0703900",1108,1033,1014,1550,1599,1891
"Os06g0686400",1099,1165,813,712,305,336
"Os06g0507900",57,25,68,90,101,203
"Os06g0207700",860,1069,706,614,624,465
"Os06g0727300",64,61,78,186,141,208
"Os06g0535400",433,548,614,600,1442,1285
"Os06g0320500",316,431,556,957,2132,1907
"Os06g0143600",185,205,134,212,198,218
"Os06g0286500",182,169,146,189,180,188
"Os06g0498500",1555,1346,1178,1335,1235,1127
"Os06g0650800",590,640,585,662,670,649
"Os06g0482200",374,361,348,350,355,365
"Os06g0207200",62,18,2,40,10,20
"Os06g0663400",372,274,238,356,291,364
"Os06g0132600",156,234,179,167,205,181
"Os06g0239100",93,149,176,107,89,102
"Os06g0202400",346,420,468,592,760,700
"Os06g0647801",43,93,66,91,69,70
"Os06g0186300",26,29,31,23,45,69
"Os06g0704200",345,308,473,484,765,726
"Os06g0268050",703,418,526,867,1043,1001
"Os06g0128300",2973,2524,2283,2104,2337,2366
"Os06g0276300",12,14,13,32,15,12
"Os06g0724300",585,611,490,618,564,631
"Os06g0135000",3275,2697,3021,3788,3291,3504
"Os06g0235900",15,8,9,11,11,4
"Os06g0480500",91,96,94,67,141,101
"Os06g0254300",6751,5679,8016,8512,9214,8996
"Os06g0318800",1542,1207,1113,723,414,550
"Os06g0136600",1832,1589,1432,1946,1824,2173
"Os06g0334300",368,226,425,440,650,644
"Os06g0625400",19912,16322,14758,15646,15400,14050
"Os06g0313440",1696,3060,1396,1186,134,16
"Os06g0138100",477,704,543,642,660,594
"Os06g0257450",248,240,178,296,261,244
"Os06g0155900",244,150,200,203,179,168
"Os06g0711800",19,18,10,16,9,8
"Os06g0186500",626,591,431,555,580,693
"Os06g0222100",4,11,7,28,22,40
"Os06g0234300",18,10,10,14,2,19
"Os06g0487620",55,56,177,176,295,230
"Os06g0265900",59,50,52,41,49,63
"Os06g0678650",14,12,4,17,20,15
"Os06g0716100",1480,1181,1237,941,2364,2899
"Os06g0678500",154,167,170,274,342,668
"Os06g0663600",342,374,418,374,378,425
"Os06g0137650",18,7,17,19,36,31
"Os06g0667200",100,86,72,62,69,50
"Os06g0708500",8976,11403,8092,8389,7982,7494
"Os06g0353400",2185,1834,1942,2151,2295,2223
"Os06g0154900",3422,3368,2646,2619,2865,2435
"Os06g0649500",1398,1430,1358,1459,1371,1343
"Os06g0671000",15,19,20,11,12,18
"Os06g0486900",242,38,52,32,58,56
"Os06g0270900",8843,11296,7263,9214,9495,9229
"Os06g0565000",360,244,255,314,210,234
"Os06g0116800",1401,1337,1015,1259,1149,1209
"Os06g0224900",170,233,225,207,259,237
"Os06g0645700",734,770,605,680,632,671
"Os06g0580100",40578,50168,39418,40667,36568,31568
"Os06g0727400",198,171,116,138,168,126
"Os06g0157800",606,854,494,563,483,634
"Os06g0731100",633,563,582,475,454,499
"Os06g0530700",45,29,20,39,17,22
"Os06g0683200",3945,2541,2655,4781,5354,5226
"Os06g0496400",2,16,36,32,48,30
"Os06g0500100",245,244,297,276,449,365
"Os06g0607000",1709,1916,1402,1507,863,755
"Os06g0102900",1091,1035,1005,1103,861,940
"Os06g0564700",80,56,54,49,46,6
"Os06g0664400",680,610,538,602,551,600
"Os06g0130400",13153,12256,11564,11338,13822,11198
"Os06g0101800",636,538,573,754,934,824
"Os06g0134050",771,885,690,687,792,833
"Os06g0128600",63,30,43,60,87,136
"Os06g0129000",20,14,14,4,16,6
"Os06g0244000",2175,838,954,179,124,24
"Os06g0506150",92,69,130,105,107,114
"Os06g0117101",14,17,2,14,19,30
"Os06g0139900",730,933,573,703,592,692
"Os06g0611100",39,42,42,25,48,46
"Os06g0641866",820,997,907,1036,1884,1235
"Os06g0702100",290,235,257,420,384,207
"Os06g0256800",21,14,50,42,53,31
"Os06g0255001",96,79,71,72,87,87
"Os06g0103600",6098,4317,4239,5773,6174,5439
"Os06g0133800",43904,44733,44442,57798,61374,63509
"Os06g0229300",2322,2139,1917,1898,1964,1830
"Os06g0196300",2680,1915,3226,3700,4800,5674
"Os06g0622500",675,641,664,762,808,747
"Os06g0683950",16,8,6,25,16,30
"Os06g0481000",452,273,562,471,628,541
"Os06g0678200",2434,2169,1812,1521,1615,1475
"Os06g0729500",3211,2640,3235,4495,5808,5798
"Os06g0269151",21,30,15,31,19,25
"Os06g0560400",326,457,392,409,519,504
"Os06g0552900",368,589,276,364,856,745
"Os06g0286351",8162,6290,6662,7885,7632,7693
"Os06g0608500",2358,2720,1825,2160,1644,1570
"Os06g0669275",372,343,388,340,368,392
"Os06g0699700",2500,2218,2335,2916,3278,3416
"Os06g0199400",3092,2272,3896,3176,7381,5598
"Os06g0498800",127,80,187,427,431,342
"Os06g0204400",689,499,545,691,752,920
"Os06g0158500",356,287,259,296,287,270
"Os06g0671800",255,197,134,242,160,255
"Os06g0238000",461,876,651,542,639,541
"ENSRNA049465381",9,11,11,0,11,12
"ENSRNA049465362",8,12,11,15,4,6
"ENSRNA049465347",12,4,11,5,10,3
"ENSRNA049465332",6,11,4,15,15,6
"Os05g0400800",1985,1918,1607,1634,1587,1645
"Os05g0533450",40,25,19,36,2,7
"Os05g0127200",38,61,76,78,102,158
"Os05g0451100",391,395,490,531,592,534
"Os05g0237100",1414,1316,1316,1529,1988,1651
"Os05g0447500",410,382,419,410,441,376
"Os05g0214100",1236,1235,1239,1693,1747,1557
"Os05g0445100",33,47,23,22,4,15
"Os05g0144300",3689,3261,3075,3368,3442,3465
"Os05g0391200",301,395,295,375,333,321
"Os05g0418000",9021,9373,7144,7018,6776,5904
"Os05g0150400",913,1075,859,975,948,845
"Os05g0579200",29,20,30,38,61,57
"Os05g0190000",214,238,330,456,870,830
"Os05g0324100",91,80,103,145,186,177
"Os05g0378900",1360,1542,1281,1477,1418,1288
"Os05g0127300",711,1007,741,561,346,392
"Os05g0205050",338,346,286,233,198,179
"Os05g0486200",1023,1436,1103,1274,1224,1104
"Os05g0519600",2348,1749,1519,2466,2575,2175
"Os05g0403400",156,170,179,207,187,200
"Os05g0588700",270,193,163,166,137,125
"Os05g0519000",663,1085,935,794,878,679
"Os05g0436400",3246,3407,2731,2883,2599,2495
"Os05g0386201",16,6,6,6,13,21
"Os05g0354300",1503,1191,1110,1333,1294,1428
"Os05g0577800",291,210,197,309,258,270
"Os05g0444500",22,16,21,5,24,14
"Os05g0566500",1679,2006,1431,1807,1670,1667
"Os05g0557000",1660,1746,1352,1697,1306,1521
"Os05g0414200",893,890,806,603,763,658
"Os05g0449200",40,34,58,35,79,93
"Os05g0492500",216,155,178,203,165,273
"Os05g0474600",5736,4702,4283,4287,4454,4306
"Os05g0587200",1925,1466,1464,2268,2128,2074
"Os05g0148600",1131,976,961,1098,1338,1427
"Os05g0513400",2032,1852,1486,1318,1205,1090
"Os05g0530300",290,322,310,323,389,352
"Os05g0346100",1209,1110,1007,906,1142,1117
"Os05g0581800",6207,6622,5303,5713,6098,5720
"Os05g0486100",3291,3826,3923,3148,4151,2830
"Os05g0531100",18,24,0,20,2,18
"Os05g0522500",3691,4058,3375,3335,3740,3262
"Os05g0568000",1795,2101,1892,2791,2902,2361
"Os05g0420900",31,26,26,45,39,32
"Os05g0423400",41,45,22,40,58,45
"Os05g0489800",25,32,35,19,16,27
"Os05g0457800",182,197,209,215,191,150
"Os05g0148700",2427,1798,1638,2347,2412,2591
"Os05g0362000",53,66,27,22,28,33
"Os05g0363600",145,79,62,89,79,73
"Os05g0375400",1799,1131,1598,730,1731,1288
"Os05g0170200",57,18,18,41,16,31
"Os05g0153400",103,82,113,107,169,134
"Os05g0128200",11616,16243,13463,11906,11734,11674
"Os05g0107700",2570,3086,2484,2768,2864,2666
"Os05g0593550",363,165,221,232,177,204
"Os05g0273500",319,217,184,282,266,364
"Os05g0537700",62,102,36,78,44,38
"Os05g0138300",10351,10503,7610,8436,8839,6429
"Os05g0357850",220,133,182,237,176,218
"Os05g0549000",2124,2345,1907,1837,1947,2108
"Os05g0359700",55,87,80,69,112,87
"Os05g0466200",12,8,14,18,16,7
"Os05g0461000",1377,1545,1016,1041,887,798
"Os05g0202300",69,57,52,52,40,55
"Os05g0566800",56,58,56,100,76,113
"Os05g0373400",488,252,311,393,480,410
"Os05g0464200",223,276,143,141,145,100
"Os05g0382550",44,49,32,34,15,23
"Os05g0481400",335,320,300,378,510,496
"Os05g0490000",773,694,685,840,525,729
"Os05g0159000",4050,4147,3374,3978,3522,3286
"Os05g0533700",2610,3121,2142,2415,2280,2340
"Os05g0535100",50,40,41,44,20,18
"Os05g0147400",2266,2137,1603,1854,1664,1799
"Os05g0501200",91,110,115,237,321,258
"Os05g0155601",6426,5839,5076,5140,4996,4789
"Os05g0555900",111,107,79,92,72,74
"Os05g0508300",1321,1443,913,767,463,459
"Os05g0180600",3065,2700,2280,2503,2699,2691
"Os05g0459000",571,683,543,503,426,595
"Os05g0542500",2211,75,10,172,0,2
"Os05g0347000",1802,1876,1811,2321,2743,2710
"Os05g0548900",36,32,59,218,133,175
"Os05g0144800",469,574,526,568,542,486
"Os05g0393400",3139,2885,2464,3580,3403,3822
"Os05g0100750",274,235,266,334,422,440
"Os05g0553700",1642,1550,1428,1516,1779,1926
"Os05g0478200",1340,1781,1252,1269,1139,1080
"Os05g0565000",106,120,85,81,56,64
"Os05g0460700",74,64,76,76,124,120
"Os05g0401000",315,326,262,281,181,174
"Os05g0389900",16,20,16,17,19,14
"Os05g0341600",725,579,677,568,719,704
"Os05g0514200",440,353,406,395,448,437
"Os05g0412000",1122,1335,1102,1311,1361,1647
"Os05g0479475",24,9,12,21,22,50
"Os05g0172800",16,19,25,31,21,25
"Os05g0223000",1098,1714,1158,1317,1042,973
"Os05g0581300",70,57,35,68,74,48
"Os05g0279600",420,378,387,399,400,432
"Os05g0455800",1192,1345,958,1181,891,940
"Os05g0386900",173,182,159,211,190,212
"Os05g0541301",41,34,28,28,31,20
"Os05g0270400",351,433,367,347,443,310
"Os05g0585900",7855,7821,6676,8235,8428,8398
"Os05g0392300",1246,1170,1157,1178,1246,1197
"Os05g0556900",1483,1672,1276,1668,1195,1404
"Os05g0382900",156,77,209,263,657,607
"Os05g0566700",101,115,130,235,280,268
"Os05g0509400",743,834,679,780,773,656
"Os05g0474800",1241,1859,1533,909,733,772
"Os05g0123300",51,51,79,46,54,86
"Os05g0178900",200,176,183,197,219,244
"Os05g0402800",3059,3010,2521,2319,2369,2333
"Os05g0397650",3095,3177,2427,2249,2304,2248
"Os05g0500500",76,81,70,78,162,86
"Os05g0527000",69,45,4,34,3,14
"Os05g0467000",1401,1816,1284,949,626,811
"Os05g0389500",2046,2060,1826,2123,2122,1914
"Os05g0524100",346,247,326,370,754,635
"Os05g0452800",26,22,30,17,46,26
"Os05g0378800",1331,1309,1056,1197,1162,1277
"Os05g0277300",1485,1258,1354,1645,1513,1655
"Os05g0491500",2980,2864,3100,3334,3789,3580
"Os05g0212400",1761,1669,1603,1521,1697,1551
"Os05g0163500",71,30,37,33,33,38
"Os05g0300700",2249,2410,1919,2080,1856,1956
"Os05g0561900",26,35,13,16,18,3
"Os05g0567100",5987,8864,5696,5167,4023,4560
"Os05g0140600",158,211,196,234,247,265
"Os05g0575000",244,198,101,65,25,6
"Os05g0187000",3706,3980,2745,3218,2620,2790
"Os05g0302600",567,633,589,582,920,886
"Os05g0296600",74,88,45,71,61,68
"Os05g0156401",1041,1225,773,751,695,726
"Os05g0578100",877,1050,867,832,1921,2283
"Os05g0366000",17,17,4,14,15,6
"Os05g0408900",558,372,810,716,858,608
"Os05g0561500",661,605,493,435,472,511
"Os05g0513900",117,165,50,104,108,109
"Os05g0413000",20,19,9,6,7,17
"Os05g0553800",259,427,220,295,294,254
"Os05g0597200",1413,1578,1302,1371,1639,1587
"Os05g0512000",16,8,6,4,12,10
"Os05g0501001",10,22,10,27,22,22
"Os05g0125350",23,5,13,9,10,2
"Os05g0561600",2513,2616,1935,2067,1895,1690
"Os05g0424000",222,189,171,190,225,270
"Os05g0117500",360,525,317,307,334,261
"Os05g0446500",1412,1423,1376,1347,1575,1737
"Os05g0539400",3386,2928,2811,2868,2824,2871
"Os05g0117600",2808,2611,2042,2257,1998,2012
"Os05g0408200",4453,4763,3852,3286,3277,2799
"Os05g0125000",2002,1975,1671,1617,1720,1612
"Os05g0169200",113,42,32,95,26,104
"Os05g0132100",268,228,470,267,336,335
"Os05g0110700",236,232,193,226,207,151
"Os05g0443500",617,543,408,376,474,430
"Os05g0470900",27,13,21,12,2,8
"Os05g0111100",149,132,116,149,127,182
"Os05g0273800",111,93,146,119,158,137
"Os05g0579500",89,81,143,163,239,248
"Os05g0196500",2396,2281,2038,2287,2411,2476
"Os05g0584900",17,30,36,14,4,0
"Os05g0430400",3160,2635,3183,4135,4760,4841
"Os05g0373300",640,789,573,442,321,370
"Os05g0182600",316,172,119,199,172,219
"Os05g0145300",676,529,607,590,683,686
"Os05g0256000",1559,1656,1379,1508,1394,1338
"Os05g0519400",5647,5883,3734,4695,3806,4020
"Os05g0586900",1278,1408,1548,1944,2796,2541
"Os05g0419100",863,900,863,802,894,827
"Os05g0414100",1151,1421,957,982,979,946
"Os05g0299250",13,17,26,23,31,10
"Os05g0323400",86,66,33,49,24,37
"Os05g0358400",244,251,194,263,206,251
"Os05g0357800",1934,1761,1784,1871,2149,1977
"Os05g0381700",2383,2024,2014,1848,1972,1999
"Os05g0327000",238,255,258,359,338,370
"Os05g0426300",1159,1118,1014,1058,1035,1090
"Os05g0105900",1771,1841,2230,2512,2965,3207
"Os05g0151700",17,14,32,12,14,12
"Os05g0144000",663,660,532,578,516,467
"Os05g0142500",26,17,16,13,4,12
"Os05g0390000",137,177,278,283,451,352
"Os05g0158700",68,57,71,81,88,75
"Os05g0541700",1772,1483,1519,1875,3147,2761
"Os05g0307400",1476,1738,1458,1581,1487,1656
"Os05g0215800",744,647,618,628,603,611
"Os05g0490100",223,212,203,249,214,245
"Os05g0505383",64,63,37,52,56,62
"Os05g0257100",794,507,556,522,634,624
"Os05g0145600",893,817,747,827,875,929
"Os05g0181902",29,16,26,22,4,5
"Os05g0144400",6302,5791,5056,5236,5918,5502
"Os05g0315100",1779,1335,1222,1656,1899,1846
"Os05g0584200",4249,6274,4286,6569,5945,5114
"Os05g0388400",526,517,438,648,661,762
"Os05g0175800",26,22,29,12,18,27
"Os05g0351500",262,266,229,302,289,276
"Os05g0561800",284,331,214,273,199,162
"Os05g0404600",278,303,219,215,201,160
"Os05g0109825",71,137,127,112,96,89
"Os05g0193600",44,66,52,24,64,44
"Os05g0302700",4181,4394,3341,3828,3440,3669
"Os05g0243100",356,298,209,354,439,405
"Os05g0512400",272,255,233,248,201,250
"Os05g0467300",2714,3593,2942,3577,3465,3192
"Os05g0498700",6985,7796,6973,7620,9040,7727
"Os05g0370200",286,264,346,454,630,653
"Os05g0195101",245,369,277,471,476,336
"Os05g0198700",81,131,85,119,118,111
"Os05g0149600",12875,12534,10648,11574,11935,10824
"Os05g0346901",11,22,5,8,14,13
"Os05g0292200",2368,2749,2341,2731,2758,2772
"Os05g0568900",3960,3884,3841,4823,5950,6183
"Os05g0575400",257,235,209,183,253,203
"Os05g0583100",29,7,7,15,0,17
"Os05g0169000",2585,2549,1920,2114,1877,1915
"Os05g0426200",28560,33176,26427,25512,21877,19476
"Os05g0255800",57,44,25,66,31,70
"Os05g0443400",1464,1606,1377,962,1032,828
"Os05g0199700",1664,1217,2292,2355,3245,3000
"Os05g0459200",8,11,7,7,18,12
"Os05g0562000",1447,1213,1537,1744,2049,2277
"Os05g0203800",36,38,38,39,26,30
"Os05g0160000",370,385,344,374,277,285
"Os05g0573500",15,29,18,13,10,33
"Os05g0355500",3142,3173,2529,3242,2879,2774
"Os05g0154700",3268,2974,2535,2583,2510,2263
"Os05g0380300",861,758,989,966,1330,1185
"Os05g0263500",72,66,81,84,94,88
"Os05g0460000",594,203,128,492,38,146
"Os05g0246600",57,68,75,100,104,162
"Os05g0198200",298,402,200,288,367,265
"Os05g0365200",29,16,21,34,28,41
"Os05g0130100",2386,2096,1722,1160,1749,1331
"Os05g0389800",50,33,18,33,0,22
"Os05g0122400",19,17,20,8,14,16
"Os05g0526900",75,16,26,27,22,55
"Os05g0104650",636,387,420,552,555,703
"Os05g0452500",735,569,843,1218,997,1133
"Os05g0580000",389,536,293,284,274,173
"Os05g0409300",2922,3083,2616,2557,2932,2721
"Os05g0128000",99,118,72,73,49,111
"Os05g0555600",1763,1604,1476,1837,2155,2023
"Os05g0132500",1196,1149,886,919,1063,1041
"Os05g0480000",2394,2433,3620,4620,6926,7214
"Os05g0537100",3982,6306,4660,2689,2333,1900
"Os05g0110000",479,662,612,561,412,393
"Os05g0213500",2823,3356,2761,2433,3074,2681
"Os05g0381600",84,74,106,59,108,117
"Os05g0574700",503,461,301,450,321,329
"Os05g0533800",40,69,33,39,20,26
"Os05g0104200",175,132,113,50,2,9
"Os05g0574300",1066,1065,998,1456,1382,1346
"Os05g0534100",56,77,56,133,92,159
"Os05g0591550",40,27,40,34,40,38
"Os05g0440800",65,73,68,74,81,81
"Os05g0114600",384,426,320,352,349,296
"Os05g0310800",123,101,99,144,114,105
"Os05g0429500",970,713,1512,1412,2484,2546
"Os05g0579800",52,54,66,76,54,57
"Os05g0157600",169,259,126,159,160,193
"Os05g0535566",140,78,57,52,36,59
"Os05g0496400",9,13,12,2,8,20
"Os05g0367100",157,195,193,229,167,232
"Os05g0261700",4341,4189,3279,2606,1939,635
"Os05g0497300",3082,3527,3881,3045,3307,2757
"Os05g0200500",639,567,667,773,746,836
"Os05g0374000",133,114,107,162,205,208
"Os05g0146100",35,24,23,37,28,22
"Os05g0495650",16,14,8,22,8,11
"Os05g0232500",1011,985,831,764,676,654
"Os05g0130300",281,306,300,331,256,170
"Os05g0144200",166,193,128,154,172,165
"Os05g0423500",1496,1896,2069,1565,2450,1874
"Os05g0525900",196,118,248,173,323,195
"Os05g0162000",95,127,88,59,33,40
"Os05g0136400",303,281,316,456,426,456
"Os05g0304600",1708,2273,2381,4829,6877,6020
"Os05g0353200",46,18,31,37,33,66
"Os05g0587400",717,735,717,689,680,786
"Os05g0573700",11590,10139,10337,16322,15545,14890
"Os05g0320100",271,267,289,325,323,285
"Os05g0349000",382,315,309,374,384,446
"Os05g0568100",652,313,237,436,334,424
"Os05g0546800",1772,1791,1505,1709,2172,1825
"Os05g0112101",11,17,18,7,8,5
"Os05g0423701",157,148,92,91,121,170
"Os05g0426400",8,1,16,6,18,33
"Os05g0479900",134,208,138,109,151,123
"Os05g0143400",414,388,287,465,660,596
"Os05g0241400",105,100,113,144,109,132
"Os05g0498900",141,117,132,147,198,218
"Os05g0404000",718,602,561,908,773,824
"Os05g0487300",191,97,163,240,429,523
"Os05g0296530",833,933,689,918,936,915
"Os05g0496200",14849,14039,19476,26766,31095,27822
"Os05g0506200",3434,3082,2786,3100,3402,3367
"Os05g0239350",26,24,16,46,48,85
"Os05g0397800",1438,1264,1173,1217,1159,1120
"Os05g0415200",121,130,117,148,177,171
"Os05g0419500",1234,1475,945,1489,1147,1117
"Os05g0536800",375,549,452,605,711,621
"Os05g0215500",36,26,16,35,21,22
"Os05g0161200",1879,1636,1660,1527,1696,1609
"Os05g0513350",406,486,417,351,494,428
"Os05g0182000",231,283,209,207,274,284
"Os05g0440900",2,6,12,16,18,34
"Os05g0557700",6333,6447,5947,4051,4047,3832
"Os05g0577500",22,61,52,45,20,4
"Os05g0316100",248,295,206,273,266,240
"Os05g0580800",19,29,17,14,15,8
"Os05g0593800",4276,4752,3769,3633,3900,3792
"Os05g0393700",257,228,188,241,253,219
"Os05g0100700",77,68,53,90,103,82
"Os05g0367200",54,60,52,47,60,75
"Os05g0221400",2278,2220,1804,1891,1901,1963
"Os05g0113400",1724,1265,1331,2771,3142,3704
"Os05g0207700",12,22,20,5,2,14
"Os05g0207400",28,50,43,51,48,121
"Os05g0420600",6313,5450,4123,3691,2430,2663
"Os05g0478000",12,11,19,8,32,32
"Os05g0429400",2434,3477,2421,2229,2924,2305
"Os05g0440100",32,20,31,28,21,10
"Os05g0441500",4010,3566,5836,5921,6806,6987
"Os05g0168300",2074,1899,1409,2087,2447,2907
"Os05g0295200",1633,1469,1505,1626,1757,1581
"Os05g0359833",18,21,15,23,24,11
"Os05g0399200",94,111,84,118,36,87
"Os05g0567400",3492,3162,2978,3126,2671,3117
"Os05g0114500",269,260,209,254,196,310
"Os05g0443300",4383,4407,3447,3493,3158,2952
"Os05g0274300",1786,1856,1503,1746,2046,1640
"Os05g0168800",46,30,20,40,32,40
"Os05g0108450",19,34,22,19,5,20
"Os05g0147100",804,808,773,719,570,644
"Os05g0535800",1607,1389,1841,2140,3588,3383
"Os05g0476200",7,10,18,19,5,8
"Os05g0477300",4710,6018,4676,5120,4744,4471
"Os05g0583500",1364,1313,1150,1100,1126,1202
"Os05g0485300",322,470,225,326,302,222
"Os05g0435700",246,161,215,176,226,193
"Os05g0564000",696,683,666,602,796,825
"Os05g0418800",682,709,706,790,800,878
"Os05g0495600",4228,3503,3218,3151,2576,1882
"Os05g0117864",2970,2715,2439,2669,3174,3007
"Os05g0134400",137,109,135,80,109,89
"Os05g0199500",114,188,99,126,70,72
"Os05g0582100",1649,1616,1278,1263,631,772
"Os05g0227700",5384,5443,4617,4574,4380,4164
"Os05g0193800",1498,1573,1766,2052,2482,2461
"Os05g0581000",45,34,30,47,16,24
"Os05g0131900",854,1179,982,1184,1480,1570
"Os05g0229475",316,318,400,588,713,729
"Os05g0270200",3377,3159,2545,2445,2667,2674
"Os05g0405000",17344,17027,14636,11804,13792,10989
"Os05g0125250",47,46,35,39,11,27
"Os05g0256100",1531,1214,1520,1879,2345,2366
"Os05g0498300",55,54,40,69,51,88
"Os05g0143700",238,327,300,168,156,106
"Os05g0444200",614,640,605,519,417,443
"Os05g0403600",298,324,237,349,424,338
"Os05g0425700",6109,6131,6097,5874,7137,7156
"Os05g0295800",2808,2818,2131,2932,3046,3014
"Os05g0563400",3083,3086,2740,3979,4954,4336
"Os05g0565701",11,6,14,11,8,8
"Os05g0532500",10,15,40,46,68,106
"Os05g0555300",972,786,798,896,1385,1340
"Os05g0117798",90,66,57,19,9,12
"Os05g0134000",2522,2649,2055,2333,2148,2172
"Os05g0166300",202,134,240,269,278,198
"Os05g0451300",225,226,131,104,52,24
"Os05g0420200",1870,2062,1944,2711,3399,3343
"Os05g0456500",54,64,36,58,33,51
"Os05g0343800",74,65,41,50,74,43
"Os05g0513500",285,230,208,176,192,152
"Os05g0404400",3721,3546,3567,4546,5492,4593
"Os05g0567300",1308,940,1171,1786,1876,1833
"Os05g0508800",3901,5274,3984,3406,2783,2415
"Os05g0585400",5,5,10,34,25,26
"Os05g0150600",602,530,430,573,606,683
"Os05g0458000",349,413,286,359,347,342
"Os05g0110300",2171,1722,1629,2266,1781,1872
"Os05g0552100",350,169,234,300,398,414
"Os05g0395300",3988,4069,3411,3425,3638,3689
"Os05g0149000",62,71,37,20,20,5
"Os05g0492600",27,49,25,31,12,11
"Os05g0488900",338,214,209,267,284,375
"Os05g0358500",388,312,262,270,283,283
"Os05g0444300",521,435,470,544,563,518
"Os05g0362100",24,20,22,44,30,52
"Os05g0473900",2675,2812,2327,2314,2229,2162
"Os05g0443800",41,33,45,52,38,28
"Os05g0185700",918,1094,911,1007,1140,957
"Os05g0555800",585,766,572,614,649,596
"Os05g0170000",96,78,66,65,61,56
"Os05g0111000",102,98,52,66,80,104
"Os05g0444750",23,20,21,17,25,15
"Os05g0325200",228,212,190,202,265,173
"Os05g0200280",771,1063,673,788,582,626
"Os05g0161400",278,343,266,327,218,373
"Os05g0528701",111,123,75,123,62,72
"Os05g0498366",32,42,50,58,68,33
"Os05g0548400",68,91,63,81,56,64
"Os05g0455400",2256,2858,2190,1456,1903,1265
"Os05g0455900",155,135,109,113,125,104
"Os05g0489100",382,466,392,306,331,311
"Os05g0439100",425,400,710,871,1346,1287
"Os05g0398100",39,45,53,41,39,59
"Os05g0323100",448,401,388,445,409,442
"Os05g0100366",304,342,288,300,284,323
"Os05g0419600",1504,1726,1258,1001,1069,833
"Os05g0519500",1079,1065,836,1040,843,860
"Os05g0304501",56,40,69,141,130,106
"Os05g0155300",1113,1144,870,1013,937,907
"Os05g0420000",255,302,352,237,579,514
"Os05g0129000",4246,3680,3155,3643,3257,3220
"Os05g0104000",54,29,89,88,95,111
"Os05g0535900",91,91,130,164,262,256
"Os05g0189900",35,23,15,31,33,35
"Os05g0583200",128,62,93,106,74,81
"Os05g0389000",88,106,94,98,152,103
"Os05g0133100",1718,2291,1905,1966,1882,2117
"Os05g0180400",102,75,90,92,102,108
"Os05g0326625",14,37,21,25,42,38
"Os05g0474400",532,802,603,640,510,541
"Os05g0586050",338,446,384,858,1335,1386
"Os05g0207300",29,32,22,33,9,22
"Os05g0448700",571,669,655,723,1569,1341
"Os05g0203912",117,95,99,155,365,414
"Os05g0199100",40,91,22,36,14,13
"Os05g0510100",201,271,128,234,192,206
"Os05g0531500",1229,1513,1138,1020,1053,1063
"Os05g0466700",326,357,444,295,501,411
"Os05g0149400",1514,1962,1064,1127,935,565
"Os05g0131500",798,676,982,1646,2323,2215
"Os05g0147550",22,28,9,21,20,18
"Os05g0318700",5014,5785,4685,5370,4395,4214
"Os05g0137400",23396,22630,16719,18540,14903,14605
"Os05g0152400",244,267,244,335,258,228
"Os05g0116500",112,123,93,81,111,89
"Os05g0397300",4245,2805,5644,4177,10653,6567
"Os05g0490900",1766,1831,2399,2602,3566,3806
"Os05g0426000",2117,2357,2239,2776,2813,2433
"Os05g0290400",791,743,655,675,787,841
"Os05g0342900",1484,1241,1063,828,1191,1102
"Os05g0363566",20,16,15,17,6,4
"Os05g0514300",2373,2032,2337,2107,3303,3556
"Os05g0517800",180,214,157,207,211,258
"Os05g0176000",183,197,140,143,132,141
"Os05g0158400",267,304,237,246,277,265
"Os05g0339200",574,510,355,240,170,228
"Os05g0275700",697,856,580,683,629,664
"Os05g0377000",164,193,106,105,68,68
"Os05g0517200",2378,2384,2489,2266,2837,2549
"Os05g0580900",1497,1606,1230,1335,1323,1304
"Os05g0475300",9221,10076,8068,6143,6678,6095
"Os05g0153000",126,122,79,61,24,28
"Os05g0417300",970,881,640,458,473,411
"Os05g0566300",854,700,632,949,1075,917
"Os05g0320300",274,328,320,357,401,409
"Os05g0372100",2514,2733,2173,2020,2410,2427
"Os05g0549600",492,786,555,400,345,452
"Os05g0196100",4851,4364,3033,4464,4449,5371
"Os05g0168700",4490,5187,4034,4323,4745,4717
"Os05g0455600",1078,1185,835,1031,1140,1072
"Os05g0481500",1842,1642,1454,1700,1875,1609
"Os05g0102200",516,430,431,533,598,502
"Os05g0533600",3309,2801,3014,3877,3831,3832
"Os05g0477800",24,6,35,78,63,46
"Os05g0480300",14,18,26,5,15,22
"Os05g0206200",26,36,26,43,33,192
"Os05g0404200",3726,3520,3910,4470,5852,5748
"Os05g0272800",184,201,184,114,180,102
"Os05g0429900",111,73,78,128,165,193
"Os05g0407200",1318,1188,993,1187,990,1030
"Os05g0524200",776,730,576,640,700,682
"Os05g0474900",4026,4470,3536,2869,3209,2838
"Os05g0326400",88,84,54,90,99,99
"Os05g0166450",74,102,89,119,113,81
"Os05g0427300",2946,2723,2698,2785,3166,2985
"Os05g0547100",477,531,627,550,750,795
"Os05g0401500",745,805,643,415,314,339
"Os05g0424300",415,777,401,591,766,613
"Os05g0366300",104,83,30,36,32,58
"Os05g0449900",132,109,179,226,389,505
"Os05g0557500",691,880,640,832,727,709
"Os05g0247400",96,79,104,153,52,78
"Os05g0432600",186,246,171,235,140,108
"Os05g0548700",6,35,25,28,30,35
"Os05g0539700",2219,2019,1909,2339,2598,2483
"Os05g0582300",2273,1876,1358,2062,1365,1083
"Os05g0533500",1025,1173,1351,1870,2212,2590
"Os05g0585700",22,18,14,34,10,50
"Os05g0595100",4339,3624,2525,4244,3346,3233
"Os05g0279400",2749,2578,2016,1976,2096,2130
"Os05g0384600",18,21,9,20,23,20
"Os05g0121100",14,38,18,18,18,10
"Os05g0541200",735,799,598,638,694,904
"Os05g0463500",664,560,508,549,626,644
"Os05g0399100",3036,3822,2856,3830,4881,4696
"Os05g0446900",75,40,51,67,109,114
"Os05g0398800",43,80,126,157,154,71
"Os05g0306000",1557,1800,1512,1387,1267,1234
"Os05g0289400",2776,2718,2392,2522,2563,2492
"Os05g0121500",471,572,500,442,532,590
"Os05g0542100",453,702,580,665,774,757
"Os05g0551600",43,16,44,34,62,70
"Os05g0128300",45,46,28,27,6,0
"Os05g0565400",2403,1331,1795,3657,4819,4705
"Os05g0508900",271,381,197,345,317,283
"Os05g0575300",15216,12825,14161,17007,18654,19674
"Os05g0493166",10,14,10,10,6,6
"Os05g0497200",64,60,92,57,64,83
"Os05g0367400",551,659,532,399,395,320
"Os05g0152201",213,251,179,186,112,127
"Os05g0496500",328,353,265,278,209,133
"Os05g0314100",1346,1620,1206,1316,1227,1282
"Os05g0268500",2948,4506,3214,3537,3449,2374
"Os05g0595400",1581,2019,1623,2181,2204,2139
"Os05g0529400",154,181,83,205,121,148
"Os05g0491000",179,214,160,240,290,271
"Os05g0369900",564,568,613,892,1549,1157
"Os05g0274200",804,625,551,537,639,661
"Os05g0352700",535,587,580,598,611,590
"Os05g0103500",618,531,410,524,431,508
"Os05g0321600",212,239,298,298,476,422
"Os05g0215000",4,2,7,73,52,494
"Os05g0580500",26,33,9,55,27,68
"Os05g0481800",335,227,256,218,188,257
"Os05g0357200",4009,5247,3507,3859,3338,3142
"Os05g0569300",3001,2451,2713,2072,3059,2490
"Os05g0539800",542,705,648,582,549,672
"Os05g0106200",187,333,171,242,258,283
"Os05g0393800",32,30,19,14,18,17
"Os05g0538250",12,10,38,28,30,32
"Os05g0568300",98,109,124,309,385,553
"Os05g0346500",1489,1639,1322,1346,1283,1055
"Os05g0456300",8,13,8,16,24,16
"Os05g0104100",2744,2654,1736,1827,1467,1587
"Os05g0447580",314,256,213,311,265,294
"Os05g0437900",1488,1595,1310,1198,1231,1067
"Os05g0593000",436,815,538,469,307,349
"Os05g0497600",1236,1231,1338,999,1332,1228
"Os05g0210600",50,58,76,38,58,41
"Os05g0194900",144,176,198,130,85,108
"Os05g0451900",26,16,15,22,36,42
"Os05g0143000",34,46,30,8,10,0
"Os05g0193900",99,41,41,57,90,71
"Os05g0595300",3498,3190,3530,6284,6245,5170
"Os05g0479800",103,124,72,106,101,120
"Os05g0415600",82,38,25,44,25,89
"Os05g0305100",485,372,365,437,358,453
"Os05g0121700",47,55,61,108,89,56
"Os05g0443700",457,483,440,495,485,595
"Os05g0150800",3785,3973,3936,4529,4709,4606
"Os05g0588200",82,105,108,158,145,111
"Os05g0542600",70,58,67,98,73,69
"Os05g0120100",2112,2397,1836,2169,2083,1935
"Os05g0125600",1450,1406,1211,1424,1543,1577
"Os05g0577000",41,48,30,43,35,20
"Os05g0511050",36,20,26,29,6,20
"Os05g0582500",94,66,38,42,18,18
"Os05g0237200",62,74,77,66,88,74
"Os05g0432500",186,216,187,180,194,205
"Os05g0111900",219,251,221,292,338,651
"Os05g0490300",501,668,470,632,658,565
"Os05g0534900",386,360,294,379,294,290
"Os05g0240200",2300,2246,2105,2174,2889,2663
"Os05g0341450",18,24,55,40,60,70
"Os05g0522600",13085,14556,9830,5934,4004,2567
"Os05g0400400",1855,2106,1509,1328,1120,910
"Os05g0538900",172,144,126,163,234,204
"Os05g0573000",1099,1273,939,818,654,577
"Os05g0564100",104,119,113,128,181,164
"Os05g0594900",1567,1666,1370,1730,1764,1856
"Os05g0564200",4513,4632,4258,4776,5175,4949
"Os05g0108300",7,20,12,10,16,2
"Os05g0215033",9,6,15,11,10,10
"Os05g0586300",85,61,72,104,127,131
"Os05g0399800",138,242,139,131,49,44
"Os05g0409500",257,395,374,563,781,717
"Os05g0540200",350,563,401,461,541,660
"Os05g0499600",43,36,36,20,18,16
"Os05g0186100",82,33,52,90,75,59
"Os05g0247100",18527,12792,17957,18211,11622,11796
"Os05g0422300",872,1023,797,723,731,831
"Os05g0594200",411,383,310,377,459,505
"Os05g0310750",124,159,127,126,129,170
"Os05g0555700",1259,2107,1044,1000,739,784
"Os05g0115100",562,168,203,154,42,71
"Os05g0417600",513,866,603,638,667,549
"Os05g0587300",13,10,40,7,29,38
"Os05g0243200",2574,2125,2577,2848,2988,2923
"Os05g0280700",8,12,13,30,35,46
"Os05g0372200",1095,1182,904,990,972,1155
"Os05g0357100",606,511,437,492,409,370
"Os05g0209500",715,1099,791,689,760,710
"Os05g0464001",902,570,538,515,685,591
"Os05g0491200",2886,3703,3519,2860,4698,4302
"Os05g0411300",3637,4335,3747,3207,3364,2979
"Os05g0239151",186,148,105,89,98,141
"Os05g0140500",754,790,671,663,642,593
"Os05g0179300",171,111,84,79,70,62
"Os05g0569400",27,27,21,21,24,20
"Os05g0407500",4255,5457,5659,4300,5237,4568
"Os05g0427200",276,288,316,456,612,598
"Os05g0229000",1313,1009,1280,1565,1365,1594
"Os05g0465000",258,174,204,161,200,135
"Os05g0141400",667,770,519,590,550,546
"Os05g0562200",15895,16447,15133,16984,21416,17586
"Os05g0579000",196,176,167,199,224,157
"Os05g0125500",3092,3664,2671,2767,2691,2851
"Os05g0517900",26,32,22,34,16,24
"Os05g0414300",1494,1395,1340,1270,1321,1207
"Os05g0244500",174,157,159,308,245,422
"Os05g0578500",26,29,32,24,6,18
"Os05g0587100",1304,1280,878,1067,1031,1066
"Os05g0542900",1356,1583,1387,1354,1425,1405
"Os05g0519200",4336,5172,4225,4383,4049,3231
"Os05g0373000",1609,1367,1146,1241,886,945
"Os05g0390800",103,151,137,164,331,317
"Os05g0409800",33,64,26,41,52,38
"Os05g0207200",21,30,13,16,46,27
"Os05g0548800",103,117,93,97,84,45
"Os05g0579900",3671,2893,3183,4064,4504,4666
"Os05g0516300",1693,1975,2204,2421,3069,3035
"Os05g0102400",115,89,87,95,82,119
"Os05g0549100",425,341,330,404,504,704
"Os05g0569800",47,29,28,42,63,72
"Os05g0395400",186,235,120,124,33,109
"Os05g0145100",47,38,36,4,26,16
"Os05g0584600",44,54,18,28,22,72
"Os05g0268400",79,88,59,13,30,26
"Os05g0492200",11,12,4,13,6,5
"Os05g0235300",7864,5764,6371,7456,7882,7266
"Os05g0116000",685,862,529,750,599,606
"Os05g0502800",615,551,401,470,384,420
"Os05g0317300",173,164,141,174,150,135
"Os05g0158600",24,36,37,20,16,18
"Os05g0105000",17228,21053,14213,13062,10316,9661
"Os05g0362300",359,458,289,312,246,199
"Os05g0543700",2363,1926,1792,1757,1787,1903
"Os05g0529000",2274,2375,1834,1907,1990,2047
"Os05g0371100",6,3,14,6,11,10
"Os05g0257333",338,298,320,263,392,358
"Os05g0521500",1646,1648,1572,1681,1930,1781
"Os05g0488500",90,86,105,62,150,168
"Os05g0137700",9,25,17,17,35,36
"Os05g0304200",966,969,963,931,1277,1281
"Os05g0133900",2272,2453,2079,1971,1922,1927
"Os05g0406100",484,349,436,458,513,754
"Os05g0258400",1665,2033,1411,1551,2323,1967
"Os05g0227800",207,154,146,195,171,244
"Os05g0496000",357,399,295,245,461,377
"Os05g0142600",738,687,370,163,41,70
"Os05g0325400",126,136,164,115,109,132
"Os05g0132400",827,806,677,803,771,607
"Os05g0115900",413,366,304,341,374,329
"Os05g0208000",1900,1978,1531,1456,1488,1521
"Os05g0554400",52,32,31,32,46,45
"Os05g0528200",484,513,383,468,495,493
"Os05g0417200",1337,1137,1175,1412,1982,2151
"Os05g0160100",2072,2384,1941,2475,2892,2624
"Os05g0392200",375,363,319,399,361,380
"Os05g0437800",20,24,20,68,14,26
"Os05g0363100",3053,4113,2714,3020,2459,1928
"Os05g0256500",1208,1217,964,1541,2128,1538
"Os05g0113000",4749,5164,4728,4539,5299,4362
"Os05g0139200",74,42,48,48,44,58
"Os05g0509900",140,145,105,133,101,187
"Os05g0241000",1121,951,753,951,873,881
"Os05g0318300",3177,2594,2506,3035,2867,2403
"Os05g0120200",214,167,158,143,265,160
"Os05g0526400",81,75,61,68,49,50
"Os05g0560000",6546,7677,9926,14853,22700,21914
"Os05g0512500",347,403,336,412,426,441
"Os05g0121400",755,830,739,822,729,799
"Os05g0547600",37,50,10,56,24,50
"Os05g0516700",118,97,120,66,30,92
"Os05g0565500",195,217,192,200,225,268
"Os05g0511000",1564,1455,1172,1445,1472,1488
"Os05g0551100",74,42,69,79,39,72
"Os05g0533100",9214,9626,8252,9184,8280,8731
"Os05g0304100",810,718,727,795,964,1031
"Os05g0497150",31,55,14,21,18,26
"Os05g0393200",149,166,111,119,150,124
"Os05g0419200",8042,7161,6878,6290,6501,6668
"Os05g0558900",2919,2395,2242,2076,2221,2087
"Os05g0374600",996,994,839,1090,933,1061
"Os05g0103600",1406,1317,1115,1339,1349,1555
"Os05g0520600",239,179,277,316,509,743
"Os05g0446600",1702,1610,1159,1586,1248,1406
"Os05g0104800",2078,2076,1861,1839,2084,2127
"Os05g0566200",500,423,473,479,364,470
"Os05g0422600",234,333,282,344,340,373
"Os05g0500450",45,43,24,32,58,72
"Os05g0188100",10016,16403,8222,10957,9475,8705
"Os05g0181000",118,140,89,112,111,132
"Os05g0145400",277,313,258,192,188,201
"Os05g0571400",1330,1578,1798,2196,2561,2797
"Os05g0453500",704,930,756,633,793,562
"Os05g0336200",237,343,215,217,203,97
"Os05g0560400",339,353,258,296,194,246
"Os05g0432400",5067,5195,4558,4582,5320,4751
"Os05g0583400",71,106,46,99,80,116
"Os05g0137200",361,257,469,818,793,758
"Os05g0176100",763,954,651,715,448,654
"Os05g0435500",785,754,806,1039,922,870
"Os05g0406150",356,341,504,508,661,918
"Os05g0548500",23,15,16,24,10,7
"Os05g0122800",1057,854,1217,1430,1677,2163
"Os05g0227100",29,43,30,55,56,60
"Os05g0426900",14,12,8,4,6,19
"Os05g0437700",194,195,145,168,154,120
"Os05g0560300",2202,3211,1970,1658,1081,828
"Os05g0232200",733,819,861,1150,1183,1151
"Os05g0177000",12,10,10,24,27,7
"Os05g0584300",106,91,91,62,151,154
"Os05g0159200",1000,1022,780,839,701,556
"Os05g0563900",50,62,67,47,43,42
"Os05g0365700",376,468,285,327,166,159
"Os05g0144900",239,237,175,127,91,77
"Os05g0100100",19,22,23,14,22,113
"Os05g0346400",951,1034,854,900,970,997
"Os05g0470000",412,775,630,499,366,309
"Os05g0156800",6738,6636,5670,5469,4987,5133
"Os05g0464300",168,247,181,315,403,395
"Os05g0400700",1236,1421,1122,1287,1515,1335
"Os05g0157200",2713,3731,2526,2525,3010,2726
"Os05g0160600",565,604,593,493,683,594
"Os05g0156200",124,115,105,143,178,174
"Os05g0402900",79,29,34,28,12,27
"Os05g0361000",740,742,953,1025,1554,1115
"Os05g0583075",653,552,597,540,547,464
"Os05g0528900",694,695,620,634,569,571
"Os05g0220900",1447,1564,1362,1431,1569,1375
"Os05g0307200",44,38,50,50,55,47
"Os05g0156600",974,927,801,681,658,714
"Os05g0121600",20170,19439,19868,20236,30815,29222
"Os05g0195700",273,531,295,609,507,362
"Os05g0149500",46,36,131,185,220,239
"Os05g0318600",406,465,372,489,699,398
"Os05g0176700",516,539,531,445,526,511
"Os05g0380200",1001,1410,1314,1017,1271,853
"Os05g0560200",47,40,19,38,18,24
"Os05g0591500",1292,1176,1384,1624,2002,2078
"Os05g0493100",207,325,194,183,78,40
"Os05g0594700",1198,812,1128,1424,1578,1560
"Os05g0266900",74,55,62,104,85,101
"Os05g0170950",336,304,250,398,409,441
"Os05g0115800",4704,4679,3918,3013,3885,3786
"Os05g0463600",3862,3829,3658,3521,3740,3578
"Os05g0466000",66,42,28,39,16,18
"Os05g0531000",98,145,106,154,80,119
"Os05g0507300",10851,11968,8639,8406,8205,10101
"Os05g0149200",428,441,490,476,504,474
"Os05g0103800",3,80,7,38,49,22
"Os05g0418100",534,472,473,458,692,702
"Os05g0103700",1317,1406,1121,1031,1165,975
"Os05g0408300",1765,2047,1675,1366,1262,1119
"Os05g0341300",264,242,312,271,346,298
"Os05g0178300",97,56,138,179,260,231
"Os05g0367900",4,22,18,53,53,24
"Os05g0242600",42,22,8,12,4,16
"Os05g0275600",327,285,246,250,279,248
"Os05g0370600",2,8,3,13,10,10
"Os05g0574600",419,318,235,210,75,103
"Os05g0389400",896,848,760,978,1174,1218
"Os05g0202500",7488,4381,9366,10739,12800,15284
"Os05g0536101",135,131,90,102,79,100
"Os05g0449600",498,695,489,425,385,446
"Os05g0200400",24,32,32,32,20,36
"Os05g0549700",622,727,684,1006,987,977
"Os05g0542732",211,257,250,306,499,421
"Os05g0141200",44,19,4,14,4,2
"Os05g0431266",55,49,78,82,114,128
"Os05g0163000",22,11,13,11,4,5
"Os05g0358000",4174,3678,4342,5185,5561,5820
"Os05g0186900",87,79,78,120,147,117
"Os05g0438700",10,12,14,4,4,6
"Os05g0578000",2555,2624,2206,2639,2911,2699
"Os05g0160200",4818,6634,5376,6461,5706,5783
"Os05g0509500",4199,4521,2952,2342,2470,1761
"Os05g0299600",48,56,70,65,44,36
"Os05g0447700",3268,3938,8245,3500,12637,10048
"Os05g0149900",912,1038,742,895,1097,1100
"Os05g0210100",28,37,28,23,15,44
"Os05g0168400",798,943,673,763,757,559
"Os05g0361900",1241,1293,1146,1764,1808,1665
"Os05g0465100",78,52,58,68,43,72
"Os05g0554500",1318,1371,1257,1388,1289,1311
"Os05g0316000",130,139,102,115,85,97
"Os05g0452900",1509,1723,1219,1098,1091,858
"Os05g0319100",4,2,0,23,36,23
"Os05g0123200",759,923,936,869,1028,1099
"Os05g0437401",104,236,119,132,69,54
"Os05g0586500",16,14,2,12,14,14
"Os05g0589000",3587,4137,3327,3626,3857,3522
"Os05g0472200",48,78,71,58,49,60
"Os05g0218400",555,424,532,533,549,374
"Os05g0119300",19006,25273,18588,28829,25659,24464
"Os05g0530500",130,141,134,124,132,137
"Os05g0405600",843,839,713,777,707,531
"Os05g0275100",429,365,401,430,473,476
"Os05g0489700",903,978,811,986,1182,1190
"Os05g0105800",849,662,812,833,1200,1356
"Os05g0373700",3123,2883,2181,2331,2043,2186
"Os05g0535400",18,25,12,4,12,4
"Os05g0476700",166,120,170,172,122,143
"Os05g0251500",1275,1638,1189,1201,1115,1010
"Os05g0355133",10,10,6,6,6,14
"Os05g0129300",7946,8769,7996,6466,6054,6533
"Os05g0592300",89,40,57,78,82,128
"Os05g0406200",22,10,15,7,1,1
"Os05g0486700",1037,1462,1174,1268,1354,1313
"Os05g0452600",421,451,610,498,627,610
"Os05g0365500",776,751,648,862,771,805
"Os05g0486150",8,24,15,18,4,9
"Os05g0460800",780,687,855,919,1045,975
"Os05g0131100",1256,1129,1297,1722,1992,2021
"Os05g0374500",982,775,688,831,749,822
"Os05g0480700",15,13,9,3,12,16
"Os05g0551350",63,71,97,52,83,67
"Os05g0596200",456,366,377,397,357,355
"Os05g0471000",48,58,36,64,44,23
"Os05g0464400",115,247,175,211,198,231
"Os05g0232700",98,110,96,124,104,134
"Os05g0122900",733,926,785,913,873,916
"Os05g0537200",102,78,70,101,73,116
"Os05g0332300",269,162,190,399,285,391
"Os05g0387900",160,175,108,182,169,173
"Os05g0105600",890,695,814,693,721,541
"Os05g0577700",3749,4684,3552,3977,5333,3366
"Os05g0326675",223,133,98,67,79,145
"Os05g0526700",232,442,226,172,114,64
"Os05g0166900",0,2,0,14,16,29
"Os05g0397700",1051,995,941,1171,1117,1099
"Os05g0194500",474,553,262,303,134,321
"Os05g0552800",69,68,66,60,40,7
"Os05g0535700",117,109,79,106,96,106
"Os05g0426033",118,102,145,125,110,122
"Os05g0556700",120,158,151,154,142,158
"Os05g0552500",2851,2897,2683,2447,2356,2132
"Os05g0398450",944,739,719,742,883,810
"Os05g0358700",1703,1670,1261,1125,799,757
"Os05g0393100",1212,1252,1188,1092,1003,882
"Os05g0508400",206,329,216,388,606,619
"Os05g0417251",11,8,10,14,6,6
"Os05g0171300",344,420,360,355,311,276
"Os05g0456100",169,173,191,245,349,339
"Os05g0173700",363,412,373,415,515,450
"Os05g0414400",34,14,24,19,4,34
"Os05g0511300",1880,1755,1645,1616,1642,1602
"Os05g0576800",193,178,170,160,165,143
"Os05g0526200",7233,8967,8388,8401,9956,9022
"Os05g0147300",38,28,52,80,135,188
"Os05g0482501",0,2,10,14,10,6
"Os05g0315200",1212,1408,1156,1248,1275,1144
"Os05g0439400",1657,3552,2308,2061,2501,2210
"Os05g0389600",76,89,43,76,76,81
"Os05g0178400",663,610,585,699,683,700
"Os05g0392400",222,194,190,201,188,162
"Os05g0540800",2142,2015,1818,1910,1985,1730
"Os05g0220100",1271,1794,1043,1078,814,758
"Os05g0372000",562,613,485,429,446,442
"Os05g0141700",462,609,497,531,667,703
"Os05g0543200",3394,3310,2619,2696,2530,2276
"Os05g0222200",527,446,643,759,910,1023
"Os05g0494200",5110,5999,2690,2986,1994,2545
"Os05g0410200",121,143,85,87,50,59
"Os05g0165900",1231,1045,1145,1399,1474,1564
"Os05g0534400",126,118,142,214,236,167
"Os05g0583950",36,24,35,37,42,21
"Os05g0459900",8329,9110,7026,7541,7349,6945
"Os05g0412800",121,180,84,160,18,76
"Os05g0459700",6,9,4,12,12,15
"Os05g0161100",12,19,16,12,16,7
"Os05g0490500",49,31,53,58,47,92
"Os05g0179000",266,317,222,275,220,195
"Os05g0495900",342,265,290,458,283,354
"Os05g0135900",1113,975,793,1049,615,763
"Os05g0555100",2,2,4,16,11,14
"Os05g0537400",2622,1857,1725,1659,1859,2121
"Os05g0188600",2183,1973,1888,1819,2140,2053
"Os05g0182700",4683,4899,4172,3944,4516,4072
"Os05g0445500",10203,9748,7731,7605,6919,6716
"Os05g0107000",22,10,38,35,24,41
"Os05g0336000",421,721,486,432,384,196
"Os05g0488100",208,238,137,152,166,105
"Os05g0130600",593,643,433,462,247,198
"Os05g0126100",76,114,84,85,91,124
"Os05g0235701",221,258,156,206,190,196
"Os05g0589700",43,46,64,256,314,464
"Os05g0529700",3775,2996,2054,1859,1070,999
"Os05g0147200",440,400,360,363,341,331
"Os05g0215300",776,437,988,1341,2184,1482
"Os05g0510800",59,72,58,89,87,79
"Os05g0305700",551,569,554,514,680,535
"Os05g0195200",474,870,507,1079,1030,790
"Os05g0394200",12,4,14,2,10,18
"Os05g0373900",398,72,23,94,50,42
"Os05g0272900",359,415,234,234,214,205
"Os05g0179100",139,78,114,174,170,169
"Os05g0172500",65,54,44,64,58,46
"Os05g0253200",1254,1260,1007,1949,2310,1347
"Os05g0136100",1,11,11,7,8,23
"Os05g0498800",282,212,223,254,284,315
"Os05g0574400",2361,2644,1689,1811,1107,1350
"Os05g0163100",745,803,585,837,747,775
"Os05g0592600",4718,4410,3338,3669,2868,2865
"Os05g0164800",1724,2608,1837,1685,1878,1563
"Os05g0414800",14,24,24,25,14,17
"Os05g0312500",75,41,59,53,4,0
"Os05g0461900",26,10,24,14,24,16
"Os05g0116100",475,355,349,592,476,771
"Os05g0406550",130,131,159,141,104,103
"Os05g0519800",325,263,268,324,287,339
"Os05g0130200",448,366,349,295,332,326
"Os05g0188500",4901,3912,3754,3689,3604,3325
"Os05g0181650",133,130,102,111,111,78
"Os05g0550700",136,248,180,128,101,50
"Os05g0564400",209,219,135,170,168,177
"Os05g0101600",45,20,51,51,119,212
"Os05g0192500",14,12,12,4,2,2
"Os05g0437200",1505,1675,1357,1354,1261,1297
"Os05g0359000",108,115,60,77,83,106
"Os05g0480500",109,191,167,221,325,365
"Os05g0550800",732,1247,682,513,152,85
"Os05g0440300",222,123,164,235,596,427
"Os05g0312600",166,389,232,211,68,31
"Os05g0165500",22,27,16,18,22,0
"Os05g0102500",530,653,623,615,721,649
"Os05g0596500",84,223,98,107,126,84
"Os05g0295700",2358,2184,2273,2600,3017,2717
"Os05g0103400",879,706,818,1526,1528,1396
"Os05g0473500",4637,5558,5259,4818,5524,4459
"Os05g0552200",170,267,175,155,158,141
"Os05g0372900",14,14,27,6,15,12
"Os05g0137500",379,667,390,317,355,353
"Os05g0587600",84,58,96,193,165,178
"Os05g0311000",120,114,96,109,80,87
"Os05g0556000",910,991,640,590,368,330
"Os05g0120700",3609,4653,3212,2856,2272,2453
"Os05g0552900",10,6,10,12,2,2
"Os05g0588225",113,101,146,108,200,207
"Os05g0134200",2239,2566,2278,2015,3071,2949
"Os05g0521400",312,282,282,301,406,311
"Os05g0299300",1162,1234,991,1131,1078,1196
"Os05g0523200",72,48,111,143,202,129
"Os05g0440201",45,13,8,6,5,11
"Os05g0446300",1550,1697,1293,1316,1272,1314
"Os05g0384300",50,47,144,198,201,100
"Os05g0223200",5,28,16,40,14,70
"Os05g0294600",562,504,337,466,397,402
"Os05g0429100",1218,2646,1604,1897,2698,2620
"Os05g0440632",36,16,19,21,50,50
"Os05g0185800",2612,2208,2283,2419,2437,2575
"Os05g0546300",352,474,417,361,176,252
"Os05g0121800",56,22,36,27,47,45
"Os05g0437500",442,444,303,321,318,313
"Os05g0365600",791,657,607,1306,1483,1999
"Os05g0204900",1465,1151,1069,1092,1023,1088
"Os05g0554000",304,157,177,267,222,406
"Os05g0215600",2412,2502,2217,2654,3068,2819
"Os05g0163400",5677,5690,4605,4924,4841,4611
"Os05g0500200",249,274,188,137,118,58
"Os05g0462400",3798,3479,2682,2168,1285,1377
"Os05g0103300",593,593,606,1051,1286,1873
"Os05g0349400",38,12,14,2,6,2
"Os05g0510300",3795,3878,3589,4172,4456,4086
"Os05g0587000",33,12,5,25,22,18
"Os05g0594100",4564,6438,3829,4341,3145,2897
"Os05g0566400",621,794,946,780,593,759
"Os05g0316200",3580,4322,2335,2597,2301,2486
"Os05g0543800",221,254,240,255,237,239
"Os05g0588900",11,7,11,10,2,15
"Os05g0364600",413,367,390,324,434,381
"Os05g0106600",42,57,60,34,31,21
"Os05g0571800",8,6,6,20,27,16
"Os05g0533400",44,41,10,93,30,119
"Os05g0495000",242,285,237,500,551,366
"Os05g0243300",1703,1855,1532,1834,2005,1708
"Os05g0361500",115,72,95,79,123,52
"Os05g0119200",1445,1712,1052,1522,832,1024
"Os05g0313500",4836,5292,3833,3930,3863,4063
"Os05g0407550",38,31,43,25,22,8
"Os05g0185650",148,192,115,115,92,130
"Os05g0135700",1245,1727,1371,1061,491,570
"Os05g0439200",188,264,228,348,488,506
"Os05g0548100",1966,2903,2033,2273,2304,2222
"Os05g0244700",292,106,153,149,77,96
"Os05g0299500",1393,1200,971,779,550,489
"Os05g0350700",5793,5361,4413,4339,4096,4189
"Os05g0239900",225,225,185,283,327,409
"Os05g0113500",8548,9947,8649,9447,10791,11624
"Os05g0594001",10,13,8,14,0,0
"Os05g0287800",3440,3227,2722,2212,2151,1746
"Os05g0119600",21,2,3,15,6,10
"Os05g0376300",2184,2137,2467,2466,2732,2769
"Os05g0352800",967,1183,786,863,926,673
"Os05g0214900",93,56,85,104,125,195
"Os05g0225500",88,100,84,75,89,124
"Os05g0305900",4515,5279,3770,3121,2315,2047
"Os05g0550000",3010,2473,2808,2582,3751,3206
"Os05g0217700",16,0,10,585,184,617
"Os05g0278500",1827,3712,1199,1248,310,175
"Os05g0357700",357,331,353,416,431,450
"Os05g0540600",288,336,283,347,327,341
"Os05g0471350",197,254,197,218,246,281
"Os05g0584950",19,21,20,16,38,20
"Os05g0137600",35,28,57,92,77,66
"Os05g0590100",31,20,13,12,10,11
"Os05g0363500",617,604,643,322,299,319
"Os05g0548600",198,210,240,214,295,344
"Os05g0536000",63,101,121,97,118,99
"Os05g0101400",5438,5895,5484,8219,9140,8392
"Os05g0208550",18,15,6,35,18,11
"Os05g0461300",3349,3858,3042,3129,3187,3211
"Os05g0434800",149,292,133,166,93,86
"Os05g0189425",15,19,11,8,25,31
"Os05g0172300",69,68,26,75,49,30
"Os05g0165800",245,306,304,428,667,794
"Os05g0136900",146,375,201,233,102,102
"Os05g0310600",123,144,74,64,78,66
"Os05g0477900",80,116,153,80,155,234
"Os05g0389300",939,1104,780,850,732,819
"Os05g0511700",490,445,437,612,647,589
"Os05g0356201",9,4,10,8,39,17
"Os05g0495100",454,422,269,337,372,349
"Os05g0141000",131,139,136,123,135,122
"Os05g0103200",10720,9410,9551,14198,13011,12596
"Os05g0439300",130,127,101,67,64,61
"Os05g0298200",451,361,263,321,314,393
"Os05g0510200",346,378,263,306,320,283
"Os05g0142900",122,94,80,37,18,24
"Os05g0391600",306,437,392,367,732,633
"Os05g0290300",81,85,82,64,78,96
"Os05g0421600",579,287,244,237,268,410
"Os05g0481000",1703,1717,1966,2023,2751,2519
"Os05g0157300",628,538,574,682,677,789
"Os05g0460600",3026,2135,3590,3832,5751,5154
"Os05g0510400",1115,1288,1159,1481,2598,1882
"Os05g0585800",49,56,21,53,34,44
"Os05g0443900",552,693,493,573,685,791
"Os05g0221200",613,751,645,646,771,731
"Os05g0156300",4414,4826,3211,3267,2754,2442
"Os05g0468700",123,118,102,69,61,50
"Os05g0463800",1794,2160,1761,1766,1995,1659
"Os05g0397600",438,376,418,445,564,621
"Os05g0402300",3632,4867,3708,4081,3618,3437
"Os05g0494900",2626,2395,1892,2050,1884,2122
"Os05g0182800",1913,1709,1262,1470,1264,1419
"Os05g0123100",505,470,339,338,180,233
"Os05g0430700",98,72,146,152,150,211
"Os05g0462301",1336,1320,1039,807,530,519
"Os05g0571700",1618,1413,1277,1349,1268,1466
"Os05g0557900",98,107,119,142,139,119
"Os05g0129800",345,254,490,907,1453,1227
"Os05g0204600",275,266,264,382,597,550
"Os05g0217800",8,0,6,44,86,1102
"Os05g0349700",5802,4449,4829,6907,7707,7538
"Os05g0491100",8608,9872,6896,8020,7657,7050
"Os05g0188300",195,255,128,108,124,134
"Os05g0512200",1126,1086,983,1265,1100,968
"Os05g0430300",5496,5889,4611,3792,3608,2804
"Os05g0501350",45,105,114,108,136,170
"Os05g0447200",18,24,9,32,49,38
"Os05g0588100",93,153,116,134,188,176
"Os05g0523300",335,234,256,344,367,482
"Os05g0149800",346,325,328,304,366,336
"Os05g0519700",79,26,18,58,18,70
"Os05g0108800",390,420,269,315,229,151
"Os05g0542200",5623,3965,4511,2635,4429,3617
"Os05g0102900",2921,3126,2361,2250,2256,2169
"Os05g0541800",22,52,28,74,69,106
"Os05g0462500",76,32,28,22,12,44
"Os05g0518600",811,807,864,876,1172,1023
"Os05g0543600",4,52,30,36,13,2
"Os05g0422900",855,813,997,1074,1473,1386
"Os05g0173500",1474,1265,1123,1300,1136,1255
"Os05g0499800",751,802,623,579,617,679
"Os05g0494500",4643,5869,4383,4248,3462,3038
"Os05g0105500",374,400,371,347,414,346
"Os05g0445900",386,228,375,338,466,396
"Os05g0464350",49,147,80,77,90,92
"Os05g0137800",212,217,225,340,333,302
"Os05g0332600",15,28,16,28,12,27
"Os05g0423200",697,790,640,682,806,841
"Os05g0397900",124,84,64,60,52,65
"Os05g0430900",56,97,59,103,176,185
"Os05g0582800",667,997,702,987,990,994
"Os05g0207900",8171,7274,6474,6319,6411,5868
"Os05g0560100",52,28,9,14,4,10
"Os05g0466900",102,60,29,60,71,30
"Os05g0488800",671,771,490,480,486,504
"Os05g0169400",906,1132,954,1043,1137,1130
"Os05g0579100",256,496,332,403,425,436
"Os05g0269500",400,224,178,696,512,184
"Os05g0186300",278,468,459,427,249,271
"Os05g0404300",156,204,141,171,122,134
"Os05g0324700",768,1366,799,506,350,262
"Os05g0237800",22,59,26,6,1,0
"Os05g0558400",3286,3617,2678,2875,2295,2870
"Os05g0511400",4067,4052,3181,3430,2828,2889
"Os05g0516600",4662,4938,3792,4199,4017,4119
"Os05g0230900",5763,5218,4621,5343,5404,5147
"Os05g0579300",97,67,144,285,423,446
"Os05g0143300",1527,1280,1254,1501,2224,2122
"Os05g0149251",703,798,754,862,1011,937
"Os05g0320800",143,194,105,96,86,60
"Os05g0123400",32,70,20,41,23,43
"Os05g0126400",7485,6893,6198,6083,6020,6439
"Os05g0565900",599,753,469,280,249,157
"Os05g0118000",122,127,84,129,181,184
"Os05g0529200",1197,1311,1022,1011,940,1050
"Os05g0135400",22,51,56,60,39,7
"Os05g0560500",177,149,128,108,77,93
"Os05g0569900",16,14,7,10,8,6
"Os05g0215700",447,642,659,398,732,579
"Os05g0197300",402,244,194,258,143,174
"Os05g0540100",661,609,499,627,546,595
"Os05g0539500",519,631,408,513,444,453
"Os05g0390500",935,947,779,665,638,626
"Os05g0173800",74,84,83,88,122,113
"Os05g0448675",71,103,91,90,80,91
"Os05g0132000",105,80,102,93,155,156
"Os05g0369300",147,221,212,187,90,71
"Os05g0101200",6797,6479,7052,8578,11973,10573
"Os05g0481900",46,30,21,48,42,28
"Os05g0592100",9787,8359,8968,11599,13205,14251
"Os05g0467400",321,365,373,484,618,533
"Os05g0409400",37,24,28,26,28,36
"Os05g0592400",2136,1871,1639,1691,1777,1748
"Os05g0502500",879,983,688,1202,1172,995
"Os05g0457700",1064,1152,987,1176,1136,1086
"Os05g0191500",5112,7117,10630,7086,10040,9737
"Os05g0437300",3095,3561,2749,2891,2975,2726
"Os05g0208500",454,558,504,529,544,285
"Os05g0355400",3514,4122,3335,2366,5419,3397
"Os05g0455500",2945,2083,1974,2806,2694,2616
"Os05g0143200",533,491,457,484,454,454
"Os05g0597100",3164,2691,2154,2560,1941,2289
"Os05g0109600",407,306,241,369,301,386
"Os05g0481100",11458,14016,10335,9781,9477,6786
"Os05g0350500",5302,4755,3199,3745,2958,2832
"Os05g0459400",30,48,56,32,55,22
"Os05g0568600",10,6,16,32,42,38
"Os05g0526800",820,790,648,996,827,809
"Os05g0506300",3053,3595,2874,3562,4038,3931
"Os05g0411200",1404,814,897,1683,1731,1513
"Os05g0333000",8,12,18,6,11,6
"Os05g0164900",235,196,177,155,169,122
"Os05g0358200",31,25,38,16,25,20
"Os05g0537300",1120,942,1090,1202,1235,1158
"Os05g0421300",498,478,275,425,391,381
"Os05g0267800",56,30,45,76,54,97
"Os05g0363200",4938,5943,5932,6097,6736,5539
"Os05g0224700",70,62,62,104,153,178
"Os05g0271300",356,348,257,255,375,322
"Os05g0197200",22,20,30,54,66,117
"Os05g0119100",192,166,116,99,22,31
"Os05g0111300",73,54,39,1052,2120,2647
"Os05g0557600",2814,2797,2516,2797,3147,2929
"Os05g0567500",181,291,164,287,154,204
"Os05g0549850",41,96,82,90,80,57
"Os05g0142000",142,179,90,115,144,118
"Os05g0535500",339,343,281,260,264,291
"Os05g0305600",1560,1688,1356,1558,1641,1524
"Os05g0454500",2080,2160,2069,1357,1962,1490
"Os05g0576600",2448,3519,2392,1550,716,432
"Os05g0488000",182,206,122,175,168,213
"Os05g0489200",252,176,138,205,159,236
"Os05g0534800",3516,4069,2800,2238,1469,1254
"Os05g0291700",1730,1698,2776,3792,5454,4754
"Os05g0147150",235,149,142,201,173,156
"Os05g0521300",541,379,431,606,942,1166
"Os05g0104900",505,422,391,567,477,470
"Os05g0496100",57,43,44,61,44,28
"Os05g0193700",164,184,146,150,205,112
"Os05g0571100",2111,1533,1458,2265,2231,2343
"Os05g0241100",370,300,189,283,235,270
"Os05g0390100",3282,2482,3384,3974,4446,4407
"Os05g0463400",893,908,809,693,891,911
"Os05g0569200",350,353,375,519,658,736
"Os05g0509200",2609,3269,2388,2523,2521,2258
"Os05g0541900",3552,4079,3179,3737,3687,3440
"Os05g0428700",768,1048,655,1584,1538,2060
"Os05g0312000",9262,12713,7913,6329,4250,4037
"Os05g0128100",2821,2674,3246,3751,5324,5051
"Os05g0100300",98,137,101,163,241,232
"Os05g0158500",1579,2360,1194,1514,922,843
"Os05g0462600",2642,2174,2259,2534,2742,2607
"Os05g0145700",226,234,177,188,180,176
"Os05g0100900",1682,1340,1365,1911,1723,1780
"Os05g0148800",14,10,8,9,3,11
"Os05g0499500",1049,1170,958,997,1031,851
"Os05g0498851",116,99,100,80,113,90
"Os05g0165400",956,942,938,882,925,1082
"Os05g0148000",1440,1258,1287,1519,1366,1352
"Os05g0110500",868,679,681,863,728,792
"Os05g0176500",156,200,124,166,132,196
"Os05g0150000",1750,1808,1616,1810,1867,1856
"Os05g0301600",1321,1412,1191,1156,1288,1282
"Os05g0231700",1050,1423,1269,966,1162,868
"Os05g0565200",650,642,535,748,754,803
"Os05g0100800",2635,2830,2192,2647,2818,2613
"Os05g0365300",3566,2755,3409,5766,7959,7354
"Os05g0529300",748,708,593,737,709,570
"Os05g0199800",23,35,20,8,2,0
"Os05g0370100",605,517,534,520,657,655
"Os05g0440250",180,195,140,175,154,190
"Os05g0430800",701,918,922,981,1436,1084
"Os05g0322900",14418,29749,20829,15596,15705,14480
"Os05g0417000",21,18,15,25,50,32
"Os05g0506000",2415,2728,2502,2416,5730,5782
"Os05g0421450",1189,520,518,442,524,605
"Os05g0137300",10341,10971,9678,11599,12265,12347
"Os05g0337400",1095,905,970,1534,1510,1821
"Os05g0271900",146,162,147,153,153,141
"Os05g0391500",834,827,561,689,616,634
"Os05g0545000",17590,17714,13734,13171,11813,12503
"Os05g0494000",351,482,285,284,129,112
"Os05g0508700",3464,3653,3604,3446,4742,4343
"Os05g0583000",168,341,270,154,93,54
"Os05g0439000",130,48,172,79,195,175
"Os05g0144100",4411,4076,3512,3446,3657,3344
"Os05g0447000",164,105,144,165,229,209
"Os05g0571600",174,197,208,190,303,178
"Os05g0343400",14846,21294,18931,12458,14569,10912
"Os05g0532800",14,51,28,37,31,35
"Os05g0479700",105,78,88,114,147,155
"Os05g0103100",1446,1443,1132,1388,1290,1302
"Os05g0353500",20,30,53,34,76,85
"Os05g0470800",660,627,554,683,627,661
"Os05g0367000",379,357,265,334,274,284
"Os05g0489000",2476,2602,2002,2056,2033,2258
"Os05g0163200",513,606,459,514,601,470
"Os05g0346200",1158,1450,1211,1353,1233,1323
"Os05g0364300",385,751,654,571,697,630
"Os05g0473401",18,30,16,15,8,20
"Os05g0509800",19,29,8,17,11,6
"Os05g0387200",3315,2993,3026,4855,5412,5381
"Os05g0346300",3623,3820,2996,2953,2939,2969
"Os05g0515400",189,168,139,117,138,120
"Os05g0126700",1256,1262,1108,775,616,718
"Os05g0562400",6029,5699,5006,5572,5412,5317
"Os05g0214300",0,0,0,22,29,32
"Os05g0310500",9121,8959,5875,6497,4242,5161
"Os05g0456000",100,110,73,75,64,122
"Os05g0539900",851,1117,985,945,1049,1073
"Os05g0502000",1208,1280,1244,1772,1950,2148
"Os05g0541100",340,267,274,166,88,64
"Os05g0498400",13243,11539,9498,11415,11038,10762
"Os05g0464150",19,17,11,15,20,12
"Os05g0443850",20,33,21,19,24,27
"Os05g0543400",399,385,324,300,242,256
"Os05g0392000",871,956,816,958,1021,933
"Os05g0130400",14,4,0,24,23,26
"Os05g0102300",815,636,550,668,570,669
"Os05g0356800",128,125,155,150,154,146
"Os05g0110100",5055,6063,7822,9378,13909,12385
"Os05g0294800",2182,2260,2102,2673,3057,3126
"Os05g0595500",939,913,735,667,669,643
"Os05g0368300",74,67,43,44,47,44
"Os05g0470650",269,230,253,269,241,336
"Os05g0209100",2058,2046,1676,1947,1613,1715
"Os05g0430200",888,694,736,880,1012,895
"Os05g0549800",389,570,210,544,790,1033
"Os05g0539600",628,807,603,629,794,884
"Os05g0586400",40,30,34,18,20,24
"Os05g0557800",950,1008,814,753,755,710
"Os05g0432200",7,12,41,23,16,4
"Os05g0573800",30,62,30,10,19,29
"Os05g0387700",226,421,355,387,417,443
"Os05g0482700",2136,2041,1369,1714,1462,1491
"Os05g0125400",211,148,130,116,66,62
"Os05g0528000",343,447,384,392,271,240
"Os05g0467600",32,60,64,56,43,54
"Os05g0353400",54,60,35,20,33,36
"Os05g0141500",1877,2103,1526,1787,1753,2155
"Os05g0332801",110,147,139,121,137,157
"Os05g0383100",50,56,58,55,48,33
"Os05g0323900",4207,4622,2914,3354,3463,3410
"Os05g0383000",1035,1556,1020,1243,1112,1040
"Os05g0379500",87,48,40,44,50,69
"Os05g0497700",2124,1832,1765,1930,1934,1710
"Os05g0104700",118,53,40,44,48,51
"Os05g0200340",86,158,89,112,113,91
"Os05g0168500",2952,3928,2537,2437,1996,1866
"Os05g0498500",42,41,58,61,64,57
"Os05g0546400",134,198,186,121,48,60
"Os05g0119350",40,19,32,32,31,40
"Os05g0400600",854,728,800,998,1167,1104
"Os05g0150733",3,13,8,37,23,50
"Os05g0540000",4336,4242,3671,2977,2669,2470
"Os05g0333200",2132,2066,1793,1851,1841,2344
"Os05g0390300",20,5,65,12,94,125
"Os05g0494800",374,289,230,255,250,312
"Os05g0406300",961,698,810,336,155,126
"Os05g0421900",786,1113,719,1048,1203,701
"Os05g0205000",325,288,210,191,121,107
"Os05g0563050",2119,1995,1496,1580,1408,1523
"Os05g0345500",3555,3434,3463,3898,4207,3934
"Os05g0135450",14,47,44,34,23,1
"Os05g0177100",8,6,16,6,10,14
"Os05g0324000",42,40,54,59,65,72
"Os05g0580550",179,121,167,110,107,143
"Os05g0129900",600,563,514,587,529,534
"Os05g0187100",349,477,299,237,256,289
"Os05g0344200",8359,10387,11014,7447,21090,15773
"Os05g0401300",281,269,311,539,636,653
"Os05g0157500",257,195,216,356,483,350
"Os05g0103000",68,62,36,79,49,98
"Os05g0552300",2167,3005,2558,2685,3202,3086
"Os05g0172100",160,152,170,151,176,146
"Os05g0393900",62,43,58,81,50,36
"Os05g0581900",56,62,30,67,75,98
"Os05g0269100",2511,2620,2381,2076,3128,3102
"Os05g0588300",231,290,276,425,438,570
"Os05g0335401",7296,6629,7153,7925,8660,8903
"Os05g0478700",10,110,73,34,8,26
"Os05g0163250",473,330,277,418,280,345
"Os05g0449100",36,71,52,36,64,35
"Os05g0102800",1399,1085,1025,1577,1462,1618
"Os05g0486300",14,8,16,6,10,22
"Os05g0198400",430,409,424,512,726,541
"Os05g0154900",315,219,250,223,258,222
"Os05g0518200",12,0,24,2,26,22
"Os05g0114700",4923,5411,5226,7246,9133,7452
"Os05g0239100",14,10,1,5,4,24
"Os05g0181300",44,41,53,73,88,70
"Os05g0349200",2759,2068,2959,3906,4252,3863
"Os05g0247900",1459,1252,1214,1231,1354,1358
"Os05g0568800",30,18,44,80,163,224
"Os05g0593300",1893,1919,1653,1912,1931,1865
"Os05g0545600",1067,1068,945,1082,1237,1326
"Os05g0556650",40,18,20,28,24,22
"Os05g0500400",386,399,524,452,822,884
"Os05g0509700",325,410,375,387,320,324
"Os05g0147133",27,31,12,19,45,30
"Os05g0337200",8,26,21,23,2,0
"Os05g0406700",29,37,77,40,16,28
"Os05g0429000",1387,1348,955,1122,1065,1203
"Os05g0186000",3240,2537,2603,3747,4274,4613
"Os05g0442700",53,67,64,99,76,75
"Os05g0101300",29,29,19,36,26,21
"Os05g0368000",108,501,349,274,89,192
"Os05g0159300",49,40,85,21,26,38
"Os05g0125200",20,16,10,18,17,25
"Os05g0125300",162,134,89,98,44,94
"Os05g0196800",1657,1816,1487,1823,1647,1580
"Os05g0417100",689,560,433,730,463,593
"Os05g0106900",149,237,135,114,130,78
"Os05g0556600",346,387,343,460,703,723
"Os05g0275000",1015,864,1321,1730,2092,1961
"Os05g0532600",225,236,191,222,176,207
"Os05g0389700",2393,2496,2293,2426,2617,2548
"Os05g0499400",85,114,118,63,29,14
"Os05g0188800",169,147,100,172,168,140
"Os05g0230600",7630,7737,5840,5917,5200,5093
"Os05g0412400",11,21,4,9,12,6
"Os05g0147600",55,53,36,50,34,49
"Os05g0472300",1422,1374,1231,1335,1513,1550
"Os05g0460200",8,7,6,14,14,11
"Os05g0113900",48,119,57,80,92,84
"Os05g0178600",1830,2134,1677,2264,2389,1800
"Os05g0516900",2388,2402,1983,1919,1713,1955
"Os05g0526600",22,28,44,44,87,77
"Os05g0120800",163,133,87,101,158,164
"Os05g0348100",2457,2667,3471,4796,6570,6337
"Os05g0453100",26,51,30,22,40,45
"Os05g0395000",607,739,611,817,616,710
"Os05g0316800",749,934,810,923,1027,1000
"Os05g0524300",315,266,187,448,431,577
"Os05g0455700",612,587,463,667,668,611
"Os05g0274900",2373,2972,2432,2870,2777,2390
"Os05g0495700",538,447,405,370,394,327
"Os05g0350600",4064,4195,3459,4018,3926,3692
"Os05g0420750",31,22,31,23,31,4
"Os05g0382600",124,48,218,176,516,555
"Os05g0357600",2668,2492,2093,2073,2203,2118
"Os05g0228400",425,516,391,586,587,554
"Os05g0143500",2488,2273,1956,2544,2501,2423
"Os05g0585500",2900,2527,2161,2172,1603,1704
"Os05g0549900",423,590,451,268,321,201
"Os05g0139100",126,192,132,88,53,35
"Os05g0182500",1001,1091,798,803,719,634
"Os05g0559900",5816,5188,4898,5271,5627,5445
"Os05g0524400",1920,1653,1356,1449,1348,1455
"Os05g0551000",1566,1478,1229,1537,1406,1367
"Os05g0405500",1365,1383,1364,1604,2022,1877
"Os05g0396700",7,3,15,15,30,28
"Os05g0106700",74,49,38,71,41,100
"Os05g0593900",38,84,20,44,14,10
"Os05g0414501",3916,4031,3506,4473,4741,4449
"Os05g0461400",4899,6213,5592,5530,7988,7459
"Os05g0158200",2417,2241,2290,2375,2786,2875
"Os05g0333500",923,59,27,36,31,19
"Os05g0238400",24,42,77,40,127,79
"Os05g0149300",545,1024,537,429,429,274
"Os05g0147650",109,138,150,83,108,96
"Os05g0500700",2,11,4,11,10,6
"Os05g0463900",2502,2228,1873,2218,2248,2235
"Os05g0594500",6369,6628,8340,12341,17190,14995
"Os05g0106500",67,85,62,107,66,100
"Os05g0533301",87,60,46,32,6,17
"Os05g0571000",6066,5159,4833,5162,5139,5292
"Os05g0470700",3758,4384,3712,3251,3723,3466
"Os05g0362500",1206,1506,951,1564,997,1061
"Os05g0592500",3155,3033,2662,2854,3120,2979
"Os05g0520100",396,454,348,357,389,365
"Os05g0487600",710,862,759,851,1036,955
"Os05g0224800",2858,2948,2707,2480,2345,2122
"Os05g0112750",534,594,497,606,525,728
"Os05g0345400",3574,3090,2884,2541,3507,2840
"Os05g0449500",12724,15372,10939,9588,11890,8841
"Os05g0388500",11379,11077,10673,15384,18581,17293
"Os05g0304400",3044,3377,2145,2427,1887,1922
"Os05g0366600",13597,11193,7193,8369,3246,4529
"Os05g0357525",28,54,51,44,72,74
"Os05g0576500",1873,2605,1894,1457,1717,1154
"Os05g0194600",927,900,830,858,985,1048
"Os05g0182900",329,360,255,326,309,317
"Os05g0384800",2701,2533,2494,2510,2659,2719
"Os05g0432700",9933,12598,7784,10535,8927,9130
"Os05g0515200",568,314,674,696,751,773
"Os05g0301700",2646,3321,2397,2255,2365,1987
"Os05g0571200",314,518,310,221,131,152
"Os05g0267100",185,122,172,246,281,423
"Os05g0311500",432,444,321,368,345,548
"Os05g0121200",2774,2548,2484,2695,2946,2869
"Os05g0212100",19,22,34,37,28,27
"Os05g0594800",1275,1202,903,952,884,827
"Os05g0468900",814,1090,989,565,1036,494
"Os05g0534600",1343,1230,1352,1348,1582,1381
"Os05g0536200",243,300,206,320,193,175
"Os05g0169700",9,24,6,31,13,22
"Os05g0142100",34,106,48,87,140,118
"Os05g0592800",2172,2493,2137,2548,3233,2966
"Os05g0112900",48,28,43,44,40,61
"Os05g0194000",184,205,174,182,246,222
"Os05g0488600",216,456,226,246,602,337
"Os05g0501600",159,170,177,148,159,176
"Os05g0503000",505,436,407,448,428,413
"Os05g0447800",77,75,84,40,170,86
"Os05g0543300",798,869,675,628,605,600
"Os05g0126300",6708,7219,6401,5804,6498,6600
"Os05g0517500",1833,1746,1579,2383,2668,2766
"Os05g0572000",240,214,113,184,177,251
"Os05g0220500",53,49,62,40,48,30
"Os05g0560900",10,2,8,38,73,118
"Os05g0559400",3148,3013,2630,2826,2930,2656
"Os05g0209400",354,331,303,433,396,370
"Os05g0398000",634,443,615,396,814,571
"Os05g0244600",134,140,194,268,339,353
"Os05g0331200",169,142,97,109,60,69
"Os05g0360800",66,144,80,100,111,119
"Os05g0161500",69,30,146,67,158,643
"Os05g0390932",465,945,766,1107,1689,1985
"Os05g0509300",1503,1478,1349,1620,1695,1545
"Os05g0110600",1118,1314,1110,1453,1247,1092
"Os05g0202800",269,50,58,745,1550,2018
"Os05g0212200",742,716,636,609,726,712
"Os05g0280350",193,290,187,158,149,139
"Os05g0451200",23,52,54,61,97,94
"Os05g0106000",507,484,545,552,555,549
"Os05g0427400",1868,3250,3113,1446,375,124
"Os05g0213900",15,10,10,8,15,2
"Os05g0424800",559,861,520,642,410,509
"Os05g0317700",1744,2092,1404,1210,1022,1052
"Os05g0187800",909,1307,727,682,461,434
"Os05g0355300",113,114,92,103,102,112
"Os05g0365000",468,578,552,693,987,1083
"Os05g0407900",159,160,136,183,91,157
"Os05g0150300",5236,4292,3723,3923,4388,4510
"Os05g0121000",5718,6076,5681,5138,5567,5779
"Os05g0108000",362,331,344,503,491,512
"Os05g0100500",1343,1244,1074,1102,1129,1171
"Os05g0154500",239,282,165,201,233,250
"Os05g0552000",0,10,2,12,24,61
"Os05g0566600",928,1128,907,979,831,835
"Os05g0303000",4174,4157,3482,4414,4374,4844
"Os05g0151400",9889,9308,8972,9578,11528,10847
"Os05g0181250",309,225,225,265,259,220
"Os05g0155200",130,87,122,260,268,398
"Os05g0439750",6,11,2,8,16,12
"Os05g0563500",109,114,112,144,84,76
"Os05g0567800",20,12,17,10,26,17
"Os05g0154600",3601,3475,3321,3582,6645,5613
"Os05g0328000",27,24,7,16,11,24
"Os05g0330700",24,32,26,28,34,18
"Os05g0372400",789,807,645,705,686,591
"Os05g0474500",897,1000,771,703,698,692
"Os05g0492100",12,15,3,7,8,17
"Os05g0427100",1737,2108,2010,2313,3463,3354
"Os05g0563300",202,316,182,315,522,276
"Os05g0143800",218,369,347,184,235,117
"Os05g0486600",362,309,278,530,513,747
"Os05g0501300",3,18,4,11,0,14
"Os05g0557200",2484,1823,1660,1975,1999,1782
"Os05g0405900",4722,4597,3606,3753,3626,3496
"Os05g0335100",2286,2457,1949,2442,2494,2551
"Os05g0566900",3616,3896,3417,3869,3849,3533
"Os05g0553400",955,2191,1690,1052,866,456
"Os05g0574800",2076,1393,1407,2404,2168,2187
"Os05g0370700",383,250,261,130,69,22
"Os05g0145000",966,1105,994,939,1115,948
"Os05g0112800",26,29,12,14,14,54
"Os05g0355800",46,90,95,84,137,105
"Os05g0171900",559,212,187,122,47,68
"Os05g0226300",342,249,537,760,841,937
"Os05g0426066",44,38,33,54,48,22
"Os05g0557400",950,1384,1067,1235,1516,1662
"Os05g0564800",1533,1933,1359,1186,1311,1265
"Os05g0480600",151,154,158,123,163,189
"Os05g0569000",210,205,180,118,105,112
"Os05g0115700",951,951,870,897,973,930
"Os05g0558000",1477,1740,1288,1355,1315,1656
"Os05g0571300",99,50,40,63,30,26
"Os05g0456800",29,22,21,14,10,30
"Os05g0381500",7799,5744,8056,9558,11027,10370
"Os05g0554100",110,178,123,102,102,114
"Os05g0107900",99,75,53,98,129,162
"Os05g0411600",22712,21310,18616,17910,17454,17194
"Os05g0114800",42,28,17,38,31,33
"Os05g0410900",139,81,206,377,571,545
"Os05g0292800",2644,2696,2775,3592,3904,3883
"Os05g0489900",40,32,22,47,4,22
"Os05g0453900",41,72,61,65,51,26
"Os05g0542800",538,512,426,259,240,233
"Os05g0164100",23878,20960,25134,28506,38280,35862
"Os05g0475700",48,10,94,140,77,104
"Os05g0169100",16409,16024,12034,14305,10370,11637
"Os05g0128400",2295,2725,1958,2236,2209,2088
"Os05g0372800",741,697,563,747,679,709
"Os05g0230700",5317,3851,5657,11736,10245,10994
"Os05g0590201",58,42,26,93,49,39
"Os05g0194550",93,162,112,117,152,153
"Os05g0224900",2020,1946,1803,1381,1388,1256
"Os05g0295900",578,481,371,483,427,459
"Os05g0185525",36,62,61,41,43,51
"Os05g0305200",16,28,18,34,30,18
"Os05g0392100",1636,1686,1386,1373,1334,1309
"Os05g0513100",266,251,278,347,284,404
"Os05g0112000",3867,5598,3693,3301,3118,2507
"Os05g0285900",194,238,293,222,321,239
"Os05g0167300",0,0,0,10,30,24
"Os05g0453300",152,213,177,196,338,302
"Os05g0135800",6651,7609,6136,5933,5310,4495
"Os05g0458400",5781,4933,3978,4457,4172,4520
"Os05g0401100",2306,2053,3161,3824,5407,5445
"Os05g0307100",65,44,73,75,56,74
"Os05g0326700",12,18,18,22,12,12
"Os05g0296750",27,24,22,30,35,36
"Os05g0207500",80,77,61,108,136,115
"Os05g0531700",16,4,12,18,11,11
"Os05g0413400",117,131,115,80,81,93
"Os05g0371500",532,648,485,604,509,496
"Os05g0574500",251,128,120,193,196,228
"Os05g0134300",653,690,577,530,574,543
"Os05g0311801",69,147,199,49,2,6
"Os05g0155100",74,88,57,90,45,71
"Os05g0586600",552,527,333,581,263,283
"Os05g0170800",2014,1900,1222,1822,1545,1838
"Os05g0118800",229,196,156,204,171,202
"Os05g0446800",1441,1481,1081,1139,1124,1048
"Os05g0558800",6219,6176,5294,5382,4887,5209
"Os05g0126200",584,735,529,697,516,529
"Os05g0374200",29,15,33,54,45,40
"Os05g0593100",1676,1693,1187,1100,1193,1021
"Os05g0582400",9,8,17,6,14,12
"Os05g0526300",515,515,495,491,572,522
"Os05g0548300",37,42,37,47,35,60
"Os05g0107300",2516,2253,2209,1889,1995,2036
"Os05g0169500",157,136,114,126,113,160
"Os05g0355200",488,474,433,495,469,404
"Os05g0162200",49,57,47,23,34,31
"Os05g0192700",910,1537,1609,1864,3111,3143
"Os05g0530400",3250,5202,2490,1842,1522,1347
"Os05g0209000",177,316,222,308,188,219
"Os05g0557100",12,12,10,4,14,18
"Os05g0182201",411,396,281,317,312,299
"Os05g0533200",86,35,33,47,4,8
"Os05g0277200",103,145,136,203,199,251
"Os05g0127500",235,377,330,276,223,178
"Os05g0547850",4837,5734,4240,4420,4870,4789
"Os05g0155000",388,345,390,433,483,512
"Os05g0339000",248,299,189,312,342,388
"Os05g0132800",35,24,35,35,32,59
"Os05g0466600",686,850,678,751,784,550
"Os05g0313900",66,68,62,81,98,76
"Os05g0107600",997,884,702,735,641,523
"Os05g0344400",192,150,147,133,230,156
"Os05g0586200",6777,7217,5754,5947,4228,3831
"Os05g0515900",16,18,14,16,8,31
"Os05g0495200",618,611,469,558,590,444
"Os05g0296800",18,4,28,18,34,8
"Os05g0270000",15,10,4,12,18,7
"Os05g0579600",74,180,75,36,165,105
"Os05g0490700",6021,6347,5260,4973,5046,4702
"Os05g0519300",91,72,46,59,56,64
"Os05g0119400",18,7,12,17,41,12
"Os05g0364500",91,82,59,91,64,91
"Os05g0214800",29,41,41,59,46,50
"Os05g0388600",4735,5366,3791,3562,3824,3140
"Os05g0196400",1191,1235,1369,1381,2076,1498
"Os05g0550300",14,37,12,4,6,9
"Os05g0564300",8,26,7,13,11,8
"Os05g0335800",67,77,54,56,40,25
"Os05g0582600",254,436,360,246,76,64
"Os05g0536900",212,260,223,202,266,242
"Os05g0545400",74,134,72,40,12,42
"Os05g0483801",141,145,166,275,493,376
"Os05g0470600",16,7,18,11,6,6
"Os05g0547800",174,161,161,244,255,296
"Os05g0299101",28,20,13,29,8,4
"Os05g0480400",134,107,123,196,167,216
"Os05g0508500",3944,4862,3283,4181,3684,3958
"Os05g0519900",6425,6426,5303,5123,4677,4564
"Os05g0337500",1413,1484,1701,1828,2444,2280
"Os05g0576300",38,42,32,94,47,74
"Os05g0490200",2438,2233,2048,1768,2149,1842
"Os05g0279300",240,218,182,251,322,283
"Os05g0102600",85,90,64,43,59,40
"Os05g0489600",33872,40551,32740,35048,34562,31428
"Os05g0180500",51,30,31,67,59,84
"Os05g0561700",12,17,15,19,24,45
"Os05g0592000",32,7,12,8,17,26
"Os05g0533900",915,866,664,766,880,938
"Os05g0392050",70,56,64,83,89,113
"Os05g0581100",470,398,434,553,515,588
"Os05g0331900",66,24,10,119,217,195
"Os05g0114000",43,63,27,27,23,28
"Os05g0513300",696,728,694,723,830,734
"Os05g0129100",778,978,703,711,537,488
"Os05g0588250",165,190,186,241,303,349
"Os05g0573300",481,395,377,292,253,210
"Os05g0406000",6951,6741,7401,7574,9525,8660
"Os05g0593200",313,393,323,435,491,472
"Os05g0139300",51,32,28,56,66,98
"Os05g0100600",6388,7659,5956,4566,4586,4040
"Os05g0147500",2733,2084,2187,2804,3014,2833
"Os05g0510700",2478,2864,2088,2051,1983,1831
"Os05g0468800",291,46,21,93,6,12
"Os05g0269000",1116,929,1038,1349,1163,1129
"Os05g0497675",109,69,163,151,214,337
"Os05g0295100",1467,1491,1272,1228,1359,1153
"Os05g0412500",18,26,26,30,18,22
"Os05g0560600",456,621,531,573,591,544
"Os05g0461350",112,108,97,125,34,66
"Os05g0302300",1513,1481,1367,1293,1051,1029
"Os05g0169600",36,19,22,15,18,14
"Os05g0458100",1186,1125,975,1482,1372,1327
"Os05g0361200",16176,14975,18422,19566,24402,22933
"Os05g0461600",10,4,2,40,33,30
"Os05g0440466",19,17,28,11,51,37
"Os05g0255600",1261,1259,1007,1097,1229,1279
"Os05g0140300",58,61,75,107,132,115
"Os05g0349500",106,58,87,49,149,201
"Os05g0180700",190,219,169,217,249,218
"Os05g0495250",651,443,371,360,257,266
"Os05g0503300",9477,8290,6902,9309,9058,8589
"Os05g0580600",278,180,210,230,298,284
"Os05g0591900",8956,10315,7903,8375,10864,10506
"Os05g0141300",97,198,79,76,21,10
"Os05g0155400",126,160,102,219,161,180
"Os05g0142400",734,881,771,562,750,443
"Os05g0431700",173,228,174,133,88,103
"Os05g0562300",76,7,11,44,5,21
"Os05g0180300",102,108,137,179,204,161
"Os05g0502200",40,47,8,42,26,46
"Os05g0542150",159,152,175,102,133,114
"Os05g0447620",16,17,7,24,23,21
"Os05g0373500",73,88,88,186,170,207
"Os05g0380900",217,207,146,148,104,159
"Os05g0111200",127,58,91,234,222,322
"Os05g0402700",3962,5277,3216,3215,2234,1994
"Os05g0106100",1869,2446,2073,2275,2548,2383
"Os05g0420500",596,643,605,711,606,591
"Os05g0383200",46,62,46,38,96,88
"Os05g0567700",22,11,20,20,17,14
"Os05g0321900",26,36,59,16,6,8
"Os05g0105300",617,454,400,427,566,499
"Os05g0200100",1723,1897,1706,1784,2123,2093
"Os05g0112200",60,73,57,78,101,86
"Os05g0401200",6316,5766,6220,8034,9576,8722
"Os05g0481600",1366,2016,1383,1760,1626,1682
"Os05g0589600",3281,3767,2663,3196,2700,3255
"Os05g0227600",1306,1940,1383,847,368,1025
"Os05g0360400",285,232,271,266,162,265
"Os05g0494100",634,630,569,664,585,515
"Os05g0105050",627,767,565,530,469,455
"Os05g0453700",28,26,35,32,8,20
"Os05g0392700",4303,3858,3580,2995,2379,2199
"Os05g0497500",774,677,681,587,672,597
"Os05g0536400",1921,1986,1524,1838,1529,1548
"Os05g0274950",43,35,73,86,58,92
"Os05g0559600",1570,1553,1468,1737,2222,2388
"Os05g0142200",629,625,366,422,457,411
"Os05g0534000",194,151,141,212,164,195
"Os05g0520200",1137,984,909,1384,1362,1474
"Os05g0317200",4849,4549,3079,3176,2692,2618
"Os05g0283000",64,40,38,16,52,36
"Os05g0136200",3002,3969,2762,2520,2561,1665
"Os05g0214232",20,10,24,14,0,24
"Os05g0494700",98,107,94,83,126,109
"Os05g0183100",2472,3247,2134,1381,819,583
"Os05g0340000",276,330,292,364,343,403
"Os05g0323800",10115,10567,6569,5838,3557,3953
"Os05g0588800",140,125,144,140,166,166
"Os05g0203900",2187,1263,2070,3101,4898,5556
"Os05g0354400",1559,1507,1279,1561,1915,1697
"Os05g0370000",182,195,191,180,206,164
"Os05g0419000",1852,2229,2447,3040,3765,3937
"Os05g0233000",178,330,243,172,140,153
"Os05g0157100",456,586,420,468,567,542
"Os05g0148300",182,219,173,147,172,199
"Os05g0145900",404,562,407,556,504,499
"Os05g0535300",58,59,47,53,71,124
"Os05g0179950",830,897,612,848,1177,1073
"Os05g0181700",1001,1456,1098,1207,1023,1029
"Os05g0438600",1441,1143,1254,1692,2947,1548
"Os05g0333600",23,19,59,66,50,43
"Os05g0394900",573,587,366,480,449,461
"Os05g0467700",16,34,26,22,11,8
"Os05g0544900",381,383,393,651,742,620
"Os05g0490400",171,166,109,189,248,247
"Os05g0110900",2834,2489,2165,2538,2247,2416
"Os05g0513200",851,948,661,573,444,472
"Os05g0551801",763,649,513,534,502,536
"Os05g0485500",44,31,52,66,76,85
"Os05g0126800",127,132,124,129,100,85
"Os05g0298900",161,296,164,134,282,242
"Os05g0414600",5188,4473,4317,5475,4828,5509
"Os05g0301500",5221,5792,4163,3866,3558,3169
"Os05g0156500",2245,2666,1565,1400,1437,1500
"Os05g0495300",12902,13081,12001,14718,12055,11350
"Os05g0156700",366,406,458,259,286,342
"Os05g0220600",99,86,67,57,49,47
"Os05g0113300",364,440,381,506,799,791
"Os05g0299700",5694,6131,5582,5448,6806,6860
"Os05g0267900",262,298,274,270,266,214
"Os05g0241200",128,109,145,218,219,170
"Os05g0547700",2774,2779,2744,2950,2577,2883
"Os05g0459600",3,5,6,16,35,13
"Os05g0338900",9,3,17,12,26,38
"Os05g0110800",1511,1163,1068,1118,1206,1226
"Os05g0515700",2346,3234,2353,2276,2663,2273
"Os05g0438800",2111,1171,858,1101,630,803
"Os05g0105200",345,345,337,270,273,336
"Os05g0563100",284,229,205,248,209,253
"Os05g0501700",136,168,120,160,96,104
"Os05g0498333",30,34,31,40,48,29
"Os05g0596600",2770,2247,2264,2748,2711,2783
"Os05g0238200",2195,2676,2577,2788,3571,3017
"Os05g0162500",111,93,71,87,49,52
"Os05g0176600",569,583,380,392,381,333
"Os05g0324200",28,22,51,49,88,104
"Os05g0589200",841,786,1016,722,972,1076
"Os05g0320700",1486,1948,1426,1254,446,384
"Os05g0418500",6,17,12,8,10,12
"Os05g0342000",20,65,32,21,58,38
"Os05g0146900",447,418,418,466,537,405
"Os05g0466800",1900,2133,1736,1681,1707,1621
"Os05g0164200",222,159,232,361,559,575
"Os05g0572900",139,80,84,79,72,73
"Os05g0490800",1138,1228,787,834,555,556
"Os05g0108100",1653,1329,1177,1096,834,812
"Os05g0473000",117,124,99,23,32,0
"Os05g0155700",658,764,674,763,760,719
"Os05g0261001",2058,2568,1596,1189,734,143
"Os05g0162600",77,81,45,100,68,99
"Os05g0235800",26,28,20,32,12,8
"Os05g0459300",69,77,73,139,202,143
"Os05g0575500",138,143,125,192,130,131
"Os05g0245700",183,84,98,186,130,140
"Os05g0179800",3199,2994,2403,2328,2425,2228
"Os05g0159100",1007,1237,932,977,761,749
"Os05g0150900",1483,1468,1294,1470,1192,1252
"Os05g0380400",193,248,133,150,114,95
"Os05g0151300",2969,3787,2543,2168,1938,1785
"Os05g0541500",12,36,27,40,22,26
"Os05g0295300",7619,6184,6238,6130,5575,5898
"Os05g0152366",35,32,26,31,21,24
"Os05g0414700",229,270,148,171,120,112
"Os05g0371200",2329,2637,2410,2288,2587,2701
"Os05g0150500",669,555,467,577,629,864
"Os05g0540300",1094,858,579,802,588,574
"Os05g0386000",131,177,174,195,185,151
"Os05g0163700",8395,7842,5994,5632,5064,4199
"ENSRNA049467602",38,12,25,20,20,13
"Os07g0593000",32,30,54,44,99,74
"Os07g0544900",800,850,724,882,872,818
"Os07g0546200",309,289,303,177,294,155
"Os07g0120300",42,35,14,15,8,13
"Os07g0495200",683,1161,652,858,753,678
"Os07g0656100",551,627,572,449,498,484
"Os07g0516300",966,1010,842,720,741,683
"Os07g0206700",1054,876,735,881,823,986
"Os07g0580500",600,996,868,757,871,695
"Os07g0249700",3514,4368,3345,3825,3905,4019
"Os07g0622700",7,4,10,25,58,28
"Os07g0439000",114,102,123,149,151,166
"Os07g0693500",5992,4066,3356,3959,3315,3266
"Os07g0212200",4426,3656,7747,10126,14752,15201
"Os07g0530300",1799,1366,1392,1162,1505,1367
"Os07g0561800",165,388,304,263,428,170
"Os07g0102100",302,270,557,940,1410,1784
"Os07g0692900",10,17,6,16,6,23
"Os07g0112100",25,75,32,86,135,73
"Os07g0155600",291,263,229,351,398,341
"Os07g0486400",78,93,103,104,169,132
"Os07g0153400",3425,3764,3310,2888,3566,3683
"Os07g0688100",187,192,191,138,172,188
"Os07g0262200",3775,3887,3030,3108,3006,2680
"Os07g0615000",395,308,337,463,368,340
"Os07g0608800",937,1077,957,839,900,852
"Os07g0241800",23,33,41,22,53,45
"Os07g0584366",45,78,56,70,62,63
"Os07g0496000",3356,4070,2910,2992,2865,2751
"Os07g0443700",12,6,10,15,8,27
"Os07g0213800",0,1,5,10,26,13
"Os07g0416900",1027,3145,1472,1377,134,24
"Os07g0599500",22,18,22,19,22,50
"Os07g0653900",36,35,41,14,16,6
"Os07g0673000",618,610,548,594,666,742
"Os07g0249900",1344,1479,1187,1645,1931,1982
"Os07g0243150",848,1028,1564,1884,2931,2711
"Os07g0456700",970,910,689,875,710,698
"Os07g0273700",173,153,73,84,108,50
"Os07g0531800",19,31,15,12,12,2
"Os07g0452400",568,620,537,650,522,529
"Os07g0481200",404,402,302,313,252,161
"Os07g0167200",1086,1033,919,1017,911,1021
"Os07g0513000",13923,15062,18270,23638,30844,31988
"Os07g0605350",254,298,258,183,226,240
"Os07g0101200",138,85,97,134,117,118
"Os07g0490500",13,28,45,30,44,36
"Os07g0438550",1355,1450,1113,1177,1004,1036
"Os07g0497500",33,20,15,14,8,4
"Os07g0660200",7299,6182,5612,6136,5904,5982
"Os07g0540000",16,12,12,31,10,14
"Os07g0195200",202,122,172,154,179,268
"Os07g0659500",44,28,49,61,34,40
"Os07g0485600",442,507,497,638,576,600
"Os07g0190900",2397,2188,2153,2093,2289,2226
"Os07g0282500",39,47,50,85,114,50
"Os07g0267400",2318,2002,1860,1979,2355,2452
"Os07g0637200",456,357,362,446,324,294
"Os07g0492966",673,1616,1013,631,443,375
"Os07g0110650",75,185,115,197,344,219
"Os07g0534100",214,238,175,174,121,150
"Os07g0415200",494,592,447,562,572,592
"Os07g0644200",8,10,18,14,7,4
"Os07g0687100",108,140,101,114,50,62
"Os07g0556300",389,420,655,688,1295,1111
"Os07g0121800",904,1195,523,811,743,1324
"Os07g0299701",84,54,50,25,28,51
"Os07g0572100",51,113,118,74,96,76
"Os07g0117200",29,28,14,43,3,2
"Os07g0626400",2530,2237,2183,2386,2651,2561
"Os07g0141600",140,157,120,126,120,93
"Os07g0686500",840,621,981,933,1356,1505
"Os07g0421932",1359,935,1254,1372,1354,1359
"Os07g0191500",59,65,66,52,53,50
"Os07g0668700",154,142,121,183,173,138
"Os07g0124100",5258,7693,3316,3377,2871,2163
"Os07g0598900",1605,1415,1115,1075,873,854
"Os07g0669700",6646,5571,5316,5538,5445,4420
"Os07g0153300",1673,1777,1350,1266,1384,1443
"Os07g0129800",52,61,74,30,0,2
"Os07g0178100",1409,1506,1350,1610,1450,1179
"Os07g0109400",83,69,81,76,34,44
"Os07g0221300",244,235,243,247,324,317
"Os07g0565200",162,180,175,243,236,238
"Os07g0608450",21,14,18,12,8,16
"Os07g0496200",4561,5250,3490,3662,3250,3335
"Os07g0419200",275,389,299,324,331,316
"Os07g0154900",80,71,73,138,144,134
"Os07g0661201",91,85,60,85,83,74
"Os07g0223001",32,24,17,22,26,22
"Os07g0501700",66,72,46,45,81,62
"Os07g0509200",474,445,390,413,440,540
"Os07g0689950",1687,1407,1442,1615,1733,1521
"Os07g0232200",2770,2638,2005,1994,1963,1926
"Os07g0679000",185,167,150,176,238,206
"Os07g0440900",14,16,10,12,4,8
"Os07g0159800",4496,6204,4442,4540,3148,3044
"Os07g0626100",291,290,250,328,244,257
"Os07g0471100",1142,1005,943,977,967,930
"Os07g0172900",988,986,989,1156,1219,1072
"Os07g0633800",453,537,384,369,402,327
"Os07g0175300",215,348,198,454,416,231
"Os07g0417766",358,286,415,474,344,466
"Os07g0517100",592,674,1872,862,2704,1951
"Os07g0607300",4241,4046,3613,3519,3776,3694
"Os07g0274800",1278,1461,1113,873,591,626
"Os07g0542400",3377,2861,4983,4054,4812,4446
"Os07g0545300",823,1305,858,1041,1046,1036
"Os07g0656700",2348,2492,1810,2410,1543,1672
"Os07g0690400",560,506,596,652,854,810
"Os07g0557400",204,275,209,195,112,122
"Os07g0208500",119,122,98,128,119,120
"Os07g0423000",153,202,196,154,158,123
"Os07g0510200",50,59,66,97,88,74
"Os07g0649100",15,12,14,5,12,17
"Os07g0296000",843,650,605,654,689,670
"Os07g0229700",97,63,87,112,140,185
"Os07g0243200",19,19,27,41,9,15
"Os07g0646000",409,418,302,421,505,551
"Os07g0138200",579,797,328,291,12,4
"Os07g0562950",1322,1603,1031,1157,1328,1050
"Os07g0446900",34,34,33,33,21,26
"Os07g0482566",35,48,61,44,101,101
"Os07g0176500",17,7,15,17,6,40
"Os07g0113200",212,215,130,164,118,126
"Os07g0452500",965,1087,875,884,943,751
"Os07g0524000",15,10,22,13,13,46
"Os07g0120800",935,934,746,901,1019,1058
"Os07g0275100",406,290,408,603,768,635
"Os07g0508200",1299,1506,1433,1500,1757,1758
"Os07g0566150",20,43,45,49,44,75
"Os07g0584200",39,11,9,15,10,15
"Os07g0230700",292,366,323,448,468,457
"Os07g0620400",1226,1624,986,873,928,767
"Os07g0621100",333,306,222,259,202,205
"Os07g0609000",1576,2574,1690,1464,1301,1220
"Os07g0119300",1356,1664,1553,3895,3285,3157
"Os07g0608300",1648,1775,1415,1502,1295,1541
"Os07g0688500",72,67,41,62,27,54
"Os07g0484401",43,27,27,40,35,33
"Os07g0635500",330,110,98,179,12,117
"Os07g0187200",2843,2230,2211,2276,2238,2023
"Os07g0203275",191,113,124,149,81,87
"Os07g0486500",3370,3368,2455,2473,2713,2505
"Os07g0210100",734,665,566,849,967,998
"Os07g0111700",78,73,83,78,106,72
"Os07g0557100",4174,4835,3661,2942,2215,2312
"Os07g0127600",41,68,95,15,2,0
"Os07g0192400",19,4,22,12,1,18
"Os07g0155100",714,847,708,1088,1037,1036
"Os07g0662500",7862,8401,6923,7329,7566,7603
"Os07g0570700",4934,3459,3974,5173,5867,5267
"Os07g0564000",220,230,190,218,203,261
"Os07g0695900",341,380,303,366,344,326
"Os07g0411300",13,10,2,18,4,5
"Os07g0684400",1134,804,1159,1205,1358,1351
"Os07g0164100",2847,2731,2907,3123,3682,3490
"Os07g0598000",33,78,36,44,77,56
"Os07g0603900",472,471,431,471,420,408
"Os07g0686700",1216,1004,988,1026,1194,1142
"Os07g0446100",4463,5659,3911,4034,4087,3881
"Os07g0179300",48,51,22,32,47,44
"Os07g0206300",132,177,106,192,199,222
"Os07g0106200",11982,21926,12656,13463,14982,11057
"Os07g0546100",25,51,22,23,27,20
"Os07g0409400",195,225,160,306,211,245
"Os07g0199350",66,54,48,76,57,101
"Os07g0123000",127,202,150,134,141,131
"Os07g0605400",1321,2634,1428,912,1345,966
"Os07g0167300",230,311,247,352,233,281
"Os07g0645500",35,26,24,61,55,55
"Os07g0256200",349,359,309,291,287,338
"Os07g0680400",3490,8302,3947,2471,1884,853
"Os07g0537200",5,10,13,9,10,20
"Os07g0617800",814,733,445,597,466,558
"Os07g0628900",354,258,353,476,1191,2011
"Os07g0604800",186,342,215,247,223,140
"Os07g0671200",141,152,82,134,137,111
"Os07g0216100",53,59,52,29,46,72
"Os07g0196100",311,184,189,334,229,481
"Os07g0518500",80,46,49,211,297,297
"Os07g0630900",52,36,56,44,42,69
"Os07g0148900",1903,1749,3611,4136,7772,7221
"Os07g0498400",74,30,81,247,323,176
"Os07g0684100",665,810,796,669,969,836
"Os07g0657500",344,303,236,321,233,240
"Os07g0252800",306,295,374,521,1074,1138
"Os07g0107900",1223,1288,1128,1171,1557,1441
"Os07g0414200",391,428,411,373,399,493
"Os07g0498300",291,425,318,344,336,285
"Os07g0495000",2020,1956,1639,2061,1705,1693
"Os07g0623000",558,706,579,790,1105,1062
"Os07g0695100",251,196,369,386,528,506
"Os07g0464200",704,854,553,1387,1796,1562
"Os07g0661100",991,1225,874,778,883,884
"Os07g0165200",1360,1069,893,1139,980,1353
"Os07g0499800",469,603,459,456,661,713
"Os07g0148800",175,187,155,157,115,76
"Os07g0187400",5602,4373,3220,2423,2058,2029
"Os07g0590600",677,569,651,868,921,810
"Os07g0100500",2828,3250,3098,2983,3899,3663
"Os07g0229800",918,777,971,953,1319,1180
"Os07g0572800",1154,1352,1202,1124,1224,1060
"Os07g0476900",1471,2099,2200,3374,4488,3951
"Os07g0257200",41,32,41,53,16,10
"Os07g0482887",330,594,220,182,44,6
"Os07g0677600",137,169,136,197,405,224
"Os07g0299800",247,260,208,223,216,254
"Os07g0184500",602,621,542,746,763,799
"Os07g0582500",32,35,21,32,2,29
"Os07g0582400",3912,4544,3019,4016,2949,3166
"Os07g0553900",1152,1059,1231,976,1560,1306
"Os07g0479100",936,1080,864,898,985,963
"Os07g0662800",1891,1598,2257,2631,3406,3110
"Os07g0262800",54,63,56,76,89,69
"Os07g0683200",8148,12400,8222,4403,3828,1699
"Os07g0418150",172,171,165,214,120,181
"Os07g0205700",2848,2585,2347,3009,2713,2818
"Os07g0677100",78,65,94,200,165,139
"Os07g0577500",679,558,548,634,605,647
"Os07g0195100",2492,2488,2060,2095,1954,1913
"Os07g0283050",12,18,2,70,14,28
"Os07g0294300",191,203,251,250,545,438
"Os07g0672500",8180,7236,6547,7119,7263,6729
"Os07g0572000",645,813,619,712,675,657
"Os07g0696000",270,201,205,218,178,311
"Os07g0642400",409,349,268,293,416,300
"Os07g0164700",343,276,217,352,292,482
"Os07g0690300",3522,3486,3292,3276,3557,3481
"Os07g0457300",407,506,317,408,507,498
"Os07g0638000",97,102,73,115,89,58
"Os07g0180300",629,414,561,589,1260,832
"Os07g0140232",196,187,173,289,424,339
"Os07g0595700",253,417,292,317,596,501
"Os07g0137000",66,10,60,51,56,28
"Os07g0626700",103,57,70,195,276,302
"Os07g0596200",38,32,25,38,45,37
"Os07g0558200",403,347,382,401,462,479
"Os07g0486200",11,0,5,1,10,10
"Os07g0501900",5255,5450,4112,4481,3611,3588
"Os07g0249200",85,84,64,123,107,132
"Os07g0597000",22900,25788,17993,21131,20130,19870
"Os07g0147700",256,335,330,361,556,430
"Os07g0567700",69,94,114,219,340,243
"Os07g0556200",29087,36059,41523,52260,77209,69939
"Os07g0538350",722,1048,948,692,1075,610
"Os07g0209100",336,213,252,876,1557,1764
"Os07g0455100",983,854,699,726,700,619
"Os07g0223100",3868,5276,3938,4098,3598,3577
"Os07g0691100",9,18,22,22,20,33
"Os07g0241500",49,27,58,68,88,204
"Os07g0111400",137,176,141,215,305,211
"Os07g0690200",50,72,54,126,109,95
"Os07g0693700",5086,4860,4399,4588,5302,5364
"Os07g0297300",178,226,166,185,154,202
"Os07g0484800",1166,1340,1128,1602,815,382
"Os07g0131500",103,167,74,101,37,23
"Os07g0537600",1389,1163,1449,924,1472,483
"Os07g0117350",13,12,4,18,0,8
"Os07g0198300",3212,5269,3113,3572,3216,4886
"Os07g0111600",1932,1986,1683,1998,1748,1864
"Os07g0120400",423,466,373,289,475,529
"Os07g0197100",163,157,171,199,216,245
"Os07g0477866",47,58,44,79,80,53
"Os07g0573800",3928,3779,3561,4277,4575,4469
"Os07g0643700",68,47,37,27,40,26
"Os07g0565700",350,478,403,321,587,506
"Os07g0410100",2767,2985,2080,2207,1784,2018
"Os07g0202900",1277,1248,970,977,812,833
"Os07g0590700",13,22,31,16,9,13
"Os07g0652900",49,51,30,70,64,69
"Os07g0605800",251,182,72,132,152,147
"Os07g0228400",230,203,174,262,272,269
"Os07g0237900",103,118,117,138,216,196
"Os07g0694500",897,916,876,1065,1103,1286
"Os07g0574400",193,239,171,194,168,212
"Os07g0670000",152,196,213,171,219,182
"Os07g0558800",1102,1093,1118,1045,1286,1301
"Os07g0608500",1675,2034,1579,2053,2022,2045
"Os07g0638400",531,26,8,572,6,470
"Os07g0506600",107,79,30,54,34,70
"Os07g0510400",4,7,16,26,20,32
"Os07g0450000",650,775,591,654,430,544
"Os07g0456500",56,46,39,45,58,68
"Os07g0150100",5676,4676,6041,6307,8097,8200
"Os07g0180800",17,12,7,15,9,0
"Os07g0530850",12,10,2,6,10,8
"Os07g0164500",535,649,523,448,568,505
"Os07g0173501",1923,2432,1775,2224,1877,2166
"Os07g0534000",208,146,107,216,233,231
"Os07g0575700",636,589,339,461,421,286
"Os07g0173100",240,361,227,214,230,218
"Os07g0436100",1318,1563,1531,1712,1853,1400
"Os07g0676900",59,46,207,291,307,511
"Os07g0611600",361,259,238,319,193,227
"Os07g0541000",93,153,84,62,30,16
"Os07g0483500",7962,9246,7591,7447,7530,7093
"Os07g0537500",1609,1309,2683,1671,3189,1249
"Os07g0124000",269,388,331,289,359,341
"Os07g0462000",5933,5392,4901,5149,5482,5429
"Os07g0108200",1010,1414,745,615,132,41
"Os07g0177200",31,18,48,29,19,25
"Os07g0588800",904,794,752,927,1152,843
"Os07g0412400",601,570,532,567,499,560
"Os07g0695400",1268,1337,947,1128,798,766
"Os07g0181800",918,886,648,843,682,684
"Os07g0110400",2114,1998,2021,1870,1995,1896
"Os07g0627400",453,579,442,601,807,799
"Os07g0406300",87,92,83,83,87,86
"Os07g0511000",1835,1870,1308,1201,1063,1075
"Os07g0671800",487,501,283,393,421,360
"Os07g0503500",134,187,126,185,37,92
"Os07g0637400",278,236,270,222,274,339
"Os07g0161000",4130,4057,3491,4155,4088,4027
"Os07g0134600",139,166,123,124,115,84
"Os07g0665900",463,401,389,407,285,390
"Os07g0669600",1291,1249,1144,1149,1383,1276
"Os07g0582800",17,13,17,10,6,6
"Os07g0115500",40,36,52,84,99,168
"Os07g0568400",643,760,584,710,711,627
"Os07g0587300",33,4,16,7,4,15
"Os07g0671000",45,60,25,32,35,36
"Os07g0541200",107,89,99,199,389,637
"Os07g0681500",3406,3804,2874,2928,2456,2444
"Os07g0239200",160,188,136,170,156,170
"Os07g0250900",213,311,273,192,362,363
"Os07g0632600",4413,4120,4095,4559,4382,5129
"Os07g0192900",2343,2451,2372,2444,2807,2615
"Os07g0118300",156,157,79,114,168,148
"Os07g0538000",138,138,298,10,2,2
"Os07g0236800",2691,2555,1905,2359,2535,2485
"Os07g0653300",25,43,38,50,59,43
"Os07g0687400",24,260,36,81,20,14
"Os07g0560300",11,19,40,18,30,18
"Os07g0173300",396,370,241,279,293,281
"Os07g0618800",1505,1692,1258,1302,1165,1157
"Os07g0150500",1351,1237,1192,1408,1353,1265
"Os07g0542600",3051,4526,3350,2414,1606,757
"Os07g0186000",18513,19285,14342,18819,19523,18917
"Os07g0550900",205,280,225,166,74,78
"Os07g0185800",847,959,702,713,707,582
"Os07g0292800",1267,1096,1000,996,1040,867
"Os07g0585800",1805,1958,1375,1598,1443,1384
"Os07g0586200",2,4,15,6,25,16
"Os07g0660700",592,515,495,459,394,473
"Os07g0458700",172,241,191,145,176,234
"Os07g0609100",46,76,63,37,34,55
"Os07g0191000",1001,1104,946,1035,979,1064
"Os07g0273900",896,1019,845,823,690,710
"Os07g0208900",57,63,51,59,62,72
"Os07g0621400",70,123,81,127,89,122
"Os07g0603300",16,21,215,315,449,205
"Os07g0673900",296,135,153,104,89,104
"Os07g0596900",664,680,670,709,811,785
"Os07g0573900",110,134,172,59,184,48
"Os07g0553633",13,16,5,10,5,9
"Os07g0236300",70,82,156,125,204,215
"Os07g0217800",42,44,17,4,4,0
"Os07g0421200",1728,1713,1555,1683,1751,1666
"Os07g0129200",1596,3746,1825,2177,185,121
"Os07g0159500",822,977,710,806,770,809
"Os07g0301200",3158,2860,2724,2890,2764,2761
"Os07g0545400",3258,4470,3515,5750,5020,4430
"Os07g0581100",81,65,96,116,200,135
"Os07g0636200",1340,1319,1074,1068,1305,1305
"Os07g0210000",191,135,163,176,229,359
"Os07g0129900",268,473,422,216,64,6
"Os07g0211200",535,723,544,647,680,581
"Os07g0678600",7569,7965,5151,4943,3601,2404
"Os07g0549200",129,135,108,118,101,98
"Os07g0246200",13493,15697,10868,9923,8330,9076
"Os07g0472500",3641,2918,3008,3162,3557,3478
"Os07g0461800",17,13,10,16,0,6
"Os07g0518100",323,635,256,239,38,10
"Os07g0512200",6031,7196,4569,5406,4739,4752
"Os07g0661300",23,28,16,23,14,23
"Os07g0438800",5379,5208,4714,4862,5786,5333
"Os07g0598300",1244,951,942,1184,1213,1327
"Os07g0407700",4103,4206,4499,3606,4411,3949
"Os07g0658200",1358,1437,1199,1286,1194,1131
"Os07g0644100",849,905,588,663,358,398
"Os07g0182200",764,784,759,795,920,880
"Os07g0667400",199,244,180,134,106,108
"Os07g0145250",16,40,18,19,17,22
"Os07g0252400",314,299,307,302,249,224
"Os07g0207400",179,200,185,193,105,206
"Os07g0204250",13,19,4,11,2,3
"Os07g0225000",57,45,46,30,16,17
"Os07g0228300",63,68,53,33,64,71
"Os07g0578125",18,4,6,7,28,50
"Os07g0584900",697,588,781,862,1551,1218
"Os07g0222700",659,656,488,634,565,576
"Os07g0569800",167,375,168,87,47,18
"Os07g0187700",4824,4870,4534,5506,6194,5609
"Os07g0563400",283,211,587,499,1665,2035
"Os07g0467200",606,464,499,420,404,368
"Os07g0507200",54,104,54,66,38,57
"Os07g0655500",2230,2106,1814,1923,1869,1711
"Os07g0495100",3619,4122,3685,3635,4455,4048
"Os07g0562800",9851,9373,7780,7940,6953,6441
"Os07g0410700",86,54,59,40,46,14
"Os07g0105600",2548,2413,4323,5279,8497,8042
"Os07g0147800",2104,1475,1892,2267,2871,3228
"Os07g0203300",2141,1847,1656,1756,1506,1424
"Os07g0165650",68,76,60,83,90,120
"Os07g0193600",3894,3698,3344,3555,3328,3377
"Os07g0179200",1153,1154,981,1203,1185,1386
"Os07g0404300",1008,1015,884,1077,855,844
"Os07g0442900",605,810,384,242,82,102
"Os07g0202100",3166,3321,2529,2678,2483,2498
"Os07g0206750",108,67,51,114,82,85
"Os07g0529800",57254,63336,59237,80352,79255,74843
"Os07g0149900",69,81,70,50,77,71
"Os07g0471900",8,27,21,31,17,14
"Os07g0668900",749,722,583,590,634,646
"Os07g0619200",1976,2706,1927,2235,2640,2844
"Os07g0167100",2905,2661,2687,3122,3466,3231
"Os07g0242050",126,185,182,146,294,221
"Os07g0565000",1292,1526,1169,1296,1251,1305
"Os07g0158400",48,21,16,18,4,32
"Os07g0102300",487,374,432,414,357,398
"Os07g0117400",114,192,130,80,24,10
"Os07g0616000",840,733,708,590,874,960
"Os07g0569550",146,110,136,161,123,135
"Os07g0645200",278,241,190,228,132,247
"Os07g0146300",20,24,16,20,28,33
"Os07g0686800",365,628,394,263,244,216
"Os07g0409900",5115,5896,4402,4213,3290,3053
"Os07g0585100",4310,4100,3564,4580,4191,4184
"Os07g0432201",185,305,461,339,116,19
"Os07g0476200",3290,3155,2640,2675,2463,2604
"Os07g0693000",140,172,137,195,134,119
"Os07g0613200",1738,2090,1734,1970,1957,1926
"Os07g0186400",789,825,739,793,787,746
"Os07g0113300",22,26,14,14,18,12
"Os07g0136800",54,4,28,23,29,13
"Os07g0520800",2079,2582,2244,2720,3546,2802
"Os07g0162600",1980,3058,2288,1210,2169,1209
"Os07g0541400",1512,1610,1095,1331,1253,1277
"Os07g0617901",145,170,117,105,66,118
"Os07g0686400",298,199,255,395,354,445
"Os07g0137500",119,88,160,183,140,161
"Os07g0613300",1105,1034,922,1051,948,1061
"Os07g0484300",4438,4554,3898,4162,3828,3527
"Os07g0528900",41,36,7,11,1,15
"Os07g0230600",22,28,18,23,21,16
"Os07g0642900",122,104,94,119,97,156
"Os07g0273600",482,658,473,436,444,377
"Os07g0231800",580,633,468,1089,1042,943
"Os07g0477500",3051,3085,2276,2572,2425,2544
"Os07g0583200",1359,1092,1044,1416,1426,1501
"Os07g0267200",16,26,22,10,2,10
"Os07g0571900",1569,1862,1673,1680,2157,1963
"Os07g0185900",830,945,611,649,332,414
"Os07g0160300",973,568,1171,1811,3162,2364
"Os07g0676200",1568,1476,1440,1943,1972,2226
"Os07g0134800",3265,3295,2258,2298,1746,1854
"Os07g0603100",257,197,152,203,230,161
"Os07g0420700",3294,2904,2932,3634,4030,3932
"Os07g0492100",1406,1089,1132,1311,1295,1231
"Os07g0231500",2397,2747,2329,2510,2842,2918
"Os07g0524900",52,147,136,181,159,239
"Os07g0143700",319,375,377,387,500,479
"Os07g0284950",103,89,70,145,137,150
"Os07g0639900",56,28,43,54,59,39
"Os07g0484500",35,40,32,57,30,42
"Os07g0573200",40,97,51,34,44,31
"Os07g0557500",771,839,651,787,1182,1112
"Os07g0202300",1126,1451,1032,1221,1281,1035
"Os07g0654100",27,16,12,24,12,5
"Os07g0637000",516,583,485,360,300,174
"Os07g0691200",5754,2981,9079,16072,20872,22850
"Os07g0669100",12194,10547,9358,11827,10414,10708
"Os07g0421800",82,102,101,105,131,177
"Os07g0685500",900,1826,733,790,326,337
"Os07g0691800",63,49,39,55,33,23
"Os07g0132500",173,324,213,144,20,14
"Os07g0618600",2708,3257,2544,3058,3101,2806
"Os07g0593400",74,104,25,18,10,13
"Os07g0627300",1061,1199,714,933,806,856
"Os07g0647600",267,275,253,328,309,287
"Os07g0201500",51,29,54,88,173,257
"Os07g0184800",609,746,523,679,817,806
"Os07g0408700",2665,2635,2608,3236,3380,3700
"Os07g0623400",689,826,714,754,723,828
"Os07g0179000",51,63,42,90,63,85
"Os07g0619700",691,700,602,635,841,803
"Os07g0693400",725,680,544,731,701,667
"Os07g0180000",34,42,25,33,78,45
"Os07g0689400",3793,2920,3452,5434,5992,6057
"Os07g0238700",2234,1937,2260,2468,2570,2503
"Os07g0138100",1705,1901,1665,1677,1884,1918
"Os07g0222800",447,450,438,411,492,500
"Os07g0577300",22,7,11,8,14,17
"Os07g0188800",10168,10055,8042,8207,7501,7637
"Os07g0497400",4490,4921,3838,3859,3725,3145
"Os07g0615900",1283,1117,1089,1391,1159,1268
"Os07g0211800",1663,2016,1749,1899,2138,2059
"Os07g0475400",397,820,406,525,274,236
"Os07g0154400",172,99,88,73,55,87
"Os07g0685300",269,300,198,212,324,471
"Os07g0580800",34,112,44,20,12,4
"Os07g0110200",1963,1660,1668,1805,1922,2015
"Os07g0626200",195,158,98,197,143,127
"Os07g0517300",28,60,62,64,46,70
"Os07g0534700",979,1447,970,819,713,562
"Os07g0635700",182,64,292,302,813,1081
"Os07g0121000",123,221,337,128,73,53
"Os07g0110000",2013,2112,1243,1933,3510,1651
"Os07g0186500",266,250,169,158,156,160
"Os07g0564600",525,641,520,564,494,482
"Os07g0646600",1499,1550,1186,1175,1071,909
"Os07g0673100",4161,3874,3444,3905,4095,3899
"Os07g0556066",7,44,65,42,30,38
"Os07g0538700",420,276,442,161,176,50
"Os07g0583600",6225,7965,6293,9216,6931,6546
"Os07g0674300",57,117,94,66,98,67
"Os07g0693900",2736,2585,2567,2718,2900,2633
"Os07g0568000",278,247,287,308,312,324
"Os07g0194950",242,285,239,207,401,394
"Os07g0154800",140,139,137,189,204,166
"Os07g0447800",1856,1739,1329,1415,1359,1281
"Os07g0490300",934,851,810,836,762,820
"Os07g0671100",166,151,138,181,154,143
"Os07g0536300",243,367,210,179,113,182
"Os07g0112700",11,10,129,63,278,221
"Os07g0666900",417,247,378,380,472,585
"Os07g0655400",309,349,193,286,297,345
"Os07g0541800",12,20,26,29,61,14
"Os07g0589600",18,42,22,17,17,13
"Os07g0164000",416,394,331,566,496,454
"Os07g0662600",969,1085,831,845,1032,1019
"Os07g0460900",187,309,197,232,329,237
"Os07g0130800",187,191,142,143,129,128
"Os07g0157900",467,427,482,455,627,565
"Os07g0626500",70,56,86,115,216,183
"Os07g0550600",10,14,10,10,4,1
"Os07g0196900",2105,2342,2443,3152,3494,3423
"Os07g0273000",18,25,22,7,36,48
"Os07g0674200",3393,3861,3196,3756,3551,3658
"Os07g0413700",476,377,310,444,539,472
"Os07g0454400",2850,2245,2334,2589,2531,2610
"Os07g0687200",6439,7766,5471,5904,5726,4633
"Os07g0627800",1163,1062,746,916,834,861
"Os07g0692401",426,453,440,611,828,821
"Os07g0168700",18,18,2,13,2,4
"Os07g0530600",1225,1122,1158,1220,1294,1222
"Os07g0173400",1271,1163,881,949,982,835
"Os07g0530100",88,95,108,113,104,84
"Os07g0684000",5687,6879,4171,9189,9788,12347
"Os07g0602600",35,26,42,39,58,46
"Os07g0438300",154,210,187,169,200,209
"Os07g0658700",26,14,42,16,44,28
"Os07g0578050",4,18,12,6,5,17
"Os07g0695700",18,23,20,51,100,175
"Os07g0670100",183,218,132,187,211,192
"Os07g0626800",489,492,758,1218,1776,1734
"Os07g0540600",122,212,148,92,88,47
"Os07g0598500",494,391,326,424,318,352
"Os07g0463500",42,93,60,49,93,92
"Os07g0606500",1670,1503,1584,1712,1827,1821
"Os07g0564200",9,14,10,17,4,6
"Os07g0109700",145,96,233,115,246,355
"Os07g0493100",115,79,69,109,186,153
"Os07g0228000",1613,1738,1747,2008,2444,2223
"Os07g0659400",856,1000,656,1109,791,763
"Os07g0296800",43,50,24,55,65,49
"Os07g0246300",1474,1529,1149,1186,1094,1104
"Os07g0227800",1056,1048,893,1015,914,939
"Os07g0516000",225,247,178,248,169,281
"Os07g0586000",393,423,317,327,287,332
"Os07g0184300",707,801,592,790,706,752
"Os07g0227400",840,812,751,918,1209,1106
"Os07g0164300",619,600,491,550,624,541
"Os07g0637300",3193,2313,1813,2397,1479,1857
"Os07g0180900",5677,6680,5373,5868,5044,5469
"Os07g0160500",342,358,268,375,422,428
"Os07g0675400",1289,1262,1141,1143,1072,1134
"Os07g0203900",60,72,53,89,113,94
"Os07g0172600",461,443,420,517,589,633
"Os07g0193701",34,30,37,24,53,55
"Os07g0481000",533,580,523,550,600,626
"Os07g0208600",27,17,13,36,19,29
"Os07g0641800",1096,1323,980,1081,1152,1280
"Os07g0634400",32,38,40,26,62,50
"Os07g0664600",797,728,828,575,904,487
"Os07g0114400",4041,3733,3367,3270,3116,2977
"Os07g0492300",86,128,103,112,222,161
"Os07g0659700",751,798,719,633,721,698
"Os07g0677500",34,97,106,220,28,94
"Os07g0670300",24,33,24,64,184,152
"Os07g0515000",120,90,133,105,113,92
"Os07g0687900",873,582,636,572,698,504
"Os07g0602200",3594,3837,2714,2647,2752,2659
"Os07g0581300",1502,1479,1123,1687,2093,2098
"Os07g0194300",10,0,8,2,18,14
"Os07g0571200",52,39,39,49,80,71
"Os07g0681000",1804,1706,1390,1617,1597,1515
"Os07g0236200",5578,4359,7023,6523,7743,7676
"Os07g0437500",752,511,481,971,876,1000
"Os07g0475000",1315,1483,1818,2185,3457,3384
"Os07g0630800",117,141,118,184,193,160
"Os07g0580900",6023,11010,6562,5965,2729,2351
"Os07g0581400",21,17,13,28,12,26
"Os07g0694800",1048,1046,736,937,814,862
"Os07g0568200",965,887,703,829,800,739
"Os07g0535700",80,71,39,100,71,71
"Os07g0435400",3154,2925,2636,2789,2585,2837
"Os07g0562900",386,467,387,467,470,456
"Os07g0251900",1471,2497,2073,1384,689,414
"Os07g0503900",632,1246,649,1236,1236,605
"Os07g0562700",245,214,159,341,370,567
"Os07g0472200",842,949,862,953,1059,1067
"Os07g0696100",414,334,381,374,621,487
"Os07g0493200",303,339,255,229,245,289
"Os07g0181700",20,20,12,15,9,6
"Os07g0555300",216,146,130,242,253,210
"Os07g0568100",345,237,358,389,445,422
"Os07g0585900",324,542,298,212,109,81
"Os07g0283125",60,26,13,42,12,28
"Os07g0261200",20,18,8,42,40,30
"Os07g0656200",1532,1312,1193,1166,1260,1417
"Os07g0202400",6,7,6,10,14,20
"Os07g0563000",177,235,127,157,133,167
"Os07g0139400",10279,10723,9815,10274,10440,10261
"Os07g0294650",153,103,138,154,165,133
"Os07g0685700",8858,9431,11246,8847,14043,11912
"Os07g0573700",142,165,198,350,289,362
"Os07g0555200",9307,8339,6832,8379,6624,7326
"Os07g0639400",20,14,5,12,0,9
"Os07g0476500",2018,2499,1555,1663,1204,1180
"Os07g0281500",19,18,35,46,48,28
"Os07g0572600",53,36,44,30,33,31
"Os07g0604550",34,36,30,18,8,18
"Os07g0448800",1882,2297,1387,2324,1718,1618
"Os07g0151300",46,76,74,66,49,46
"Os07g0692300",130,126,154,247,327,353
"Os07g0163800",2270,2189,1494,1876,1791,1659
"Os07g0607800",5023,5084,4541,5202,5916,5622
"Os07g0265100",83,130,103,132,79,106
"Os07g0623100",3412,3856,3042,2951,2794,2664
"Os07g0185500",133,158,158,168,198,188
"Os07g0236700",121,268,129,209,286,220
"Os07g0108000",589,517,432,599,547,585
"Os07g0558500",9094,7504,8179,9567,10501,10039
"Os07g0622900",657,833,628,623,806,666
"Os07g0631300",276,226,233,208,307,181
"Os07g0539900",11179,18890,12741,8328,5212,4297
"Os07g0549800",835,731,605,645,545,557
"Os07g0141400",16746,16041,19229,22866,33825,35478
"Os07g0141500",332,244,253,244,336,347
"Os07g0576550",5,8,12,10,20,23
"Os07g0678300",859,1129,1186,1509,1582,1206
"Os07g0688200",58,104,60,86,75,50
"Os07g0484700",1987,1810,1848,2177,1929,1628
"Os07g0585600",977,778,675,585,521,526
"Os07g0628500",265,216,165,50,63,42
"Os07g0264000",548,494,410,405,424,425
"Os07g0603600",699,848,584,328,231,132
"Os07g0414800",553,436,519,493,496,610
"Os07g0429700",72,22,34,36,35,0
"Os07g0574800",1099,1440,1054,991,1072,939
"Os07g0564800",450,495,493,584,560,594
"Os07g0227750",11,2,2,14,4,10
"Os07g0259700",933,756,849,1036,1212,1264
"Os07g0110800",1266,1475,1262,1174,1208,1219
"Os07g0471000",3917,3765,2758,3010,2429,2567
"Os07g0418200",1289,994,1043,1285,1406,1479
"Os07g0549900",76,134,65,115,156,128
"Os07g0638100",6735,4661,2787,4263,4629,6075
"Os07g0163000",222,194,160,208,220,208
"Os07g0463600",376,625,291,321,188,97
"Os07g0579050",866,903,920,1234,1174,1048
"Os07g0188233",390,322,448,604,802,826
"Os07g0564700",3543,3526,3082,2891,2741,2893
"Os07g0614300",70,75,68,38,33,40
"Os07g0532800",9,32,20,27,20,15
"Os07g0626900",1561,1643,1294,1466,1304,1363
"Os07g0159550",6,17,14,32,27,10
"Os07g0444000",326,213,190,242,175,169
"Os07g0529000",2398,647,102,284,2,228
"Os07g0274700",1321,1756,1201,974,448,369
"Os07g0548300",2088,1647,2021,2818,3533,3102
"Os07g0571700",866,893,748,716,586,552
"Os07g0449100",702,826,536,613,362,398
"Os07g0222900",31,28,20,53,60,57
"Os07g0523400",11,8,25,44,5,26
"Os07g0621500",1086,892,959,1178,1017,1039
"Os07g0108800",18,10,10,26,46,22
"Os07g0147550",32,16,2,16,2,0
"Os07g0485000",22,10,10,6,4,7
"Os07g0601900",33,4,13,28,11,40
"Os07g0100600",42,49,59,70,69,63
"Os07g0452700",760,723,578,793,634,692
"Os07g0469600",379,359,260,259,264,293
"Os07g0231400",1654,2001,1642,1672,1804,1700
"Os07g0688000",392,412,279,373,363,324
"Os07g0208100",66,52,28,48,30,26
"Os07g0573300",2283,2474,2062,2194,2478,2015
"Os07g0241600",6,17,37,21,96,118
"Os07g0164900",1076,857,1065,859,880,1272
"Os07g0194100",98,73,44,56,101,102
"Os07g0200000",398,418,321,282,266,215
"Os07g0217600",10101,16155,6724,4566,639,339
"Os07g0658100",571,568,490,557,338,394
"Os07g0589000",480,828,527,651,498,587
"Os07g0258000",793,1118,954,1271,1407,1244
"Os07g0141450",4,12,7,17,20,44
"Os07g0467500",1267,1703,1372,1486,1839,1693
"Os07g0622000",3357,3737,3025,2795,2001,1630
"Os07g0604000",1847,1353,1346,1555,2667,3412
"Os07g0147900",9266,12210,6341,5301,2837,2338
"Os07g0631500",361,867,514,441,368,251
"Os07g0655300",4436,4156,3839,3665,4085,3854
"Os07g0157700",14,28,20,18,18,26
"Os07g0139600",975,960,827,876,743,924
"Os07g0175100",557,686,538,638,639,586
"Os07g0497100",8229,7373,6567,7168,6241,6626
"Os07g0668000",31,19,17,31,27,28
"Os07g0233300",245,279,333,290,376,326
"Os07g0603500",185,227,221,261,396,315
"Os07g0213300",658,444,515,735,782,738
"Os07g0658000",174,174,220,368,541,556
"Os07g0114000",290,497,468,431,946,787
"Os07g0173601",20,15,22,21,77,82
"Os07g0540100",1004,1943,1004,988,733,1010
"Os07g0461600",4602,4052,4022,4577,4718,4713
"Os07g0516801",13,7,21,7,14,42
"Os07g0680000",1167,1307,841,707,463,367
"Os07g0182100",4480,4562,3365,2531,1282,1008
"Os07g0568900",414,366,385,644,752,892
"Os07g0122100",601,1011,376,468,150,219
"Os07g0521400",32,46,24,28,39,61
"Os07g0585000",3724,4743,3554,4240,5499,4188
"Os07g0168900",82,67,61,49,49,41
"Os07g0620200",1172,1309,960,1158,1147,983
"Os07g0457550",133,99,167,178,286,320
"Os07g0559100",11,12,16,51,51,34
"Os07g0656500",51,75,52,75,64,49
"Os07g0573000",57,24,24,48,4,21
"Os07g0446600",1280,1514,1254,1100,970,1089
"Os07g0131250",163,275,259,284,301,232
"Os07g0579100",27,41,18,73,69,70
"Os07g0225100",138,150,102,85,59,94
"Os07g0492000",8594,10093,7142,7813,7411,6976
"Os07g0178800",103,10,23,18,12,20
"Os07g0596600",2650,2524,2212,2220,2041,2032
"Os07g0465100",450,513,326,391,362,337
"Os07g0675000",8927,9050,6282,7314,7193,7302
"Os07g0568300",2916,3549,3088,3085,3157,3618
"Os07g0230400",65,103,98,48,114,82
"Os07g0406800",32,39,14,30,24,27
"Os07g0181500",454,669,507,896,864,1088
"Os07g0676400",6,14,12,8,2,10
"Os07g0150700",8611,10935,8085,7818,8158,5742
"Os07g0659900",220,238,138,143,106,100
"Os07g0175000",39,35,34,55,38,41
"Os07g0463100",2799,2462,2338,2065,2230,2255
"Os07g0177100",1044,810,694,884,807,731
"Os07g0414000",16,48,54,76,69,80
"Os07g0642100",1911,1563,1653,1946,2234,1718
"Os07g0546000",404,248,274,432,350,339
"Os07g0583700",2289,2035,2049,2391,2831,2422
"Os07g0175500",22,10,6,16,7,25
"Os07g0680300",1241,1329,1015,1005,970,860
"Os07g0421866",755,534,623,617,521,656
"Os07g0614000",551,584,400,540,637,708
"Os07g0613600",21,37,11,16,21,9
"Os07g0108300",73927,71847,80115,99968,127136,124101
"Os07g0695800",2778,3241,2056,1846,1194,1291
"Os07g0469200",682,872,967,1151,2118,2087
"Os07g0137600",1408,1263,1472,1541,1316,1461
"Os07g0534200",74,51,66,95,70,73
"Os07g0642600",2497,2548,2500,3384,4486,4198
"Os07g0228900",70,62,50,88,99,90
"Os07g0647300",495,548,340,427,379,441
"Os07g0619600",727,547,437,498,379,393
"Os07g0133100",135,310,134,162,276,224
"Os07g0681600",16,12,6,24,4,8
"Os07g0168600",254,275,284,309,295,315
"Os07g0131600",279,363,220,255,194,266
"Os07g0235200",276,157,170,335,513,630
"Os07g0608100",1824,1713,1661,2065,2415,2510
"Os07g0213500",505,570,351,446,470,602
"Os07g0470800",302,261,184,165,193,205
"Os07g0452801",70,67,46,92,55,73
"Os07g0602100",1187,891,995,1221,1185,1205
"Os07g0681100",995,812,1112,1057,1032,1507
"Os07g0479600",1588,1469,1392,1579,1369,1443
"Os07g0175700",14,56,24,34,36,40
"Os07g0694700",9138,9647,6269,8528,9933,7918
"Os07g0521000",729,966,807,830,957,855
"Os07g0122400",1290,1196,1033,1161,1099,967
"Os07g0539100",472,263,924,266,183,265
"Os07g0190000",8343,22694,10303,8813,948,329
"Os07g0575100",5416,4506,4229,4224,4781,4784
"Os07g0591800",395,265,315,539,431,539
"Os07g0540500",238,391,180,142,112,99
"Os07g0143401",56,57,64,38,85,78
"Os07g0502200",4195,7421,3982,4438,2818,1810
"Os07g0290800",531,665,593,636,551,618
"Os07g0617700",30,31,45,19,47,26
"Os07g0686300",54,66,85,122,136,129
"Os07g0190800",175,216,143,340,308,476
"Os07g0640200",1962,1928,1401,1824,1868,1716
"Os07g0640401",38,61,51,58,55,79
"Os07g0295400",537,589,482,536,481,485
"Os07g0189800",5852,7225,6898,8537,10777,10658
"Os07g0246600",664,802,661,624,569,524
"Os07g0575500",4,4,0,22,20,30
"Os07g0463400",1407,1505,1325,1254,1514,1441
"Os07g0122000",882,1396,306,720,280,326
"Os07g0687000",142,240,140,97,44,24
"Os07g0495900",10601,9577,8768,9548,10032,9516
"Os07g0505101",154,175,170,171,193,224
"Os07g0661500",1752,1725,1621,1716,1577,1584
"Os07g0184900",912,813,767,818,755,892
"Os07g0613500",657,682,659,867,910,982
"Os07g0565400",46,22,76,131,229,141
"Os07g0570300",8245,7416,6203,6304,6177,6003
"Os07g0194800",949,1186,910,552,301,303
"Os07g0406600",4289,3589,3687,4866,5327,5371
"Os07g0258400",76,85,58,104,45,129
"Os07g0459400",3922,3913,3016,3251,3298,2511
"Os07g0509700",756,854,796,1404,1880,1724
"Os07g0569000",1094,1016,841,796,1038,832
"Os07g0241700",12,21,24,17,80,85
"Os07g0695300",201,159,125,168,170,144
"Os07g0584500",1513,1541,1759,1764,1983,2099
"Os07g0666600",173,187,136,142,143,154
"Os07g0687300",27,99,7,46,7,11
"Os07g0688300",920,826,860,894,1021,1032
"Os07g0681400",334,526,374,666,709,662
"Os07g0164800",906,445,312,690,342,488
"Os07g0212300",4,14,4,10,10,20
"Os07g0142900",1565,694,1319,1698,3034,5610
"Os07g0615200",22699,30552,25239,19363,14149,12036
"Os07g0468100",4345,6048,6638,8605,16412,13859
"Os07g0639800",2105,2530,1812,1834,1881,1925
"Os07g0109300",565,481,509,460,450,404
"Os07g0572500",12,21,26,40,48,27
"Os07g0657900",3579,2921,3516,3748,4730,4450
"Os07g0482433",8,11,11,13,27,19
"Os07g0195350",78,71,65,128,103,227
"Os07g0459000",39,35,35,51,156,139
"Os07g0158200",408,414,311,402,485,441
"Os07g0134200",32,12,21,21,61,46
"Os07g0523700",27,32,14,28,14,242
"Os07g0196300",284,241,191,305,280,414
"Os07g0567000",113,143,117,118,150,135
"Os07g0693450",134,178,136,186,144,172
"Os07g0171200",147,217,143,207,185,199
"Os07g0545800",1199,1004,1279,1198,1504,1872
"Os07g0673200",1101,353,384,391,425,697
"Os07g0577400",745,701,702,734,956,867
"Os07g0116900",304,532,207,241,79,45
"Os07g0211101",33,27,20,42,28,30
"Os07g0592100",42,24,28,49,9,8
"Os07g0272400",829,806,710,762,851,766
"Os07g0222300",4302,4538,3831,4303,3865,4081
"Os07g0180700",3340,2829,2865,3481,3422,2525
"Os07g0203700",2634,2521,2479,2509,2897,2702
"Os07g0492500",57,121,24,50,12,14
"Os07g0122350",39,30,27,16,4,10
"Os07g0588100",63,51,50,43,66,53
"Os07g0102000",481,530,423,531,513,511
"Os07g0539300",971,739,725,827,823,1078
"Os07g0592600",71,54,45,49,9,6
"Os07g0647400",728,770,681,609,647,646
"Os07g0275300",630,765,542,538,513,516
"Os07g0654500",2334,4003,1864,1436,398,267
"Os07g0182000",22,15,3,16,7,16
"Os07g0165000",3357,3030,2581,3059,3116,3010
"Os07g0102400",2078,2188,1502,1747,1723,1481
"Os07g0566200",1451,1326,1487,1470,1880,1839
"Os07g0615400",566,624,478,558,546,588
"Os07g0118900",709,779,605,675,982,798
"Os07g0601000",2041,2391,2838,3635,5342,4302
"Os07g0162100",239,228,154,257,175,200
"Os07g0579000",460,883,592,584,959,852
"Os07g0677400",5,4,41,80,84,116
"Os07g0118200",6,35,34,16,2,6
"Os07g0620500",645,873,549,469,438,418
"Os07g0167700",335,517,239,383,268,206
"Os07g0242400",16,10,22,10,14,16
"Os07g0561500",150,156,138,165,226,210
"Os07g0454200",1110,1297,1234,1619,1918,1822
"Os07g0649200",22,20,27,19,23,31
"Os07g0564500",657,825,649,298,62,98
"Os07g0137900",2699,2642,2453,2760,2618,2729
"Os07g0175600",1105,1773,1035,634,136,101
"Os07g0540200",150,199,224,247,266,294
"Os07g0586500",237,223,176,195,133,116
"Os07g0124400",40,62,23,28,8,7
"Os07g0575800",1323,1323,1253,1239,1261,920
"Os07g0538200",266,458,359,259,321,159
"Os07g0553700",3819,4954,3625,3278,3647,3062
"Os07g0237700",303,477,323,374,652,452
"Os07g0580300",18,10,4,19,2,12
"Os07g0650100",37,17,24,21,15,12
"Os07g0208000",328,396,270,318,229,211
"Os07g0559400",243,36,118,240,319,355
"Os07g0260300",1467,1245,1190,1502,1535,1543
"Os07g0462700",1439,2104,1501,1459,1656,1561
"Os07g0286000",19,20,6,10,9,14
"Os07g0134400",576,638,533,411,366,478
"Os07g0265600",847,798,730,787,795,970
"Os07g0515900",434,406,367,313,347,322
"Os07g0417800",274,278,282,292,348,415
"Os07g0663900",12,54,27,12,0,8
"Os07g0495150",13,6,10,11,2,1
"Os07g0673550",55,36,63,73,78,95
"Os07g0604500",2238,2836,2389,2477,2726,2543
"Os07g0520400",585,477,635,622,878,971
"Os07g0103200",1474,1635,1216,1421,1345,1225
"Os07g0656800",2586,2957,2606,2597,2899,2945
"Os07g0657200",9283,9303,7688,8215,8519,8590
"Os07g0218200",750,93,107,3,0,0
"Os07g0220333",19,80,20,84,50,111
"Os07g0614600",2148,3863,2073,1774,1592,1459
"Os07g0618700",1202,1070,1079,766,905,799
"Os07g0586700",159,194,165,144,87,166
"Os07g0110900",569,723,467,558,505,423
"Os07g0620600",62,46,25,28,6,15
"Os07g0489100",20,43,66,22,19,44
"Os07g0110500",1336,1546,1081,1122,1017,997
"Os07g0669650",213,294,222,239,238,216
"Os07g0654450",249,487,261,170,66,40
"Os07g0576600",42,49,30,80,66,115
"Os07g0550500",1317,858,805,590,535,467
"Os07g0475900",7244,7375,6938,6404,8275,6956
"Os07g0498900",154,167,107,193,189,236
"Os07g0174700",364,346,371,355,394,367
"Os07g0192000",1979,1856,1469,910,482,423
"Os07g0165100",12,11,13,9,18,26
"Os07g0227600",583,725,669,583,1013,1137
"Os07g0289400",523,651,532,636,876,724
"Os07g0633600",76,61,49,54,28,37
"Os07g0101400",1205,1423,1177,1405,1471,1305
"Os07g0418000",2932,2760,3221,4773,5817,5359
"Os07g0211400",722,737,558,484,420,464
"Os07g0528200",139,291,261,248,117,33
"Os07g0543100",31,6,20,13,22,18
"Os07g0185700",744,822,667,602,665,665
"Os07g0661550",246,199,176,153,176,185
"Os07g0693800",1390,871,4056,5057,7553,5033
"Os07g0154300",329,595,364,365,393,434
"Os07g0211000",624,761,562,529,282,258
"Os07g0648100",77,95,65,92,80,76
"Os07g0665200",5187,6729,4374,5231,4505,4907
"Os07g0477000",342,269,328,247,379,389
"Os07g0209000",5069,5979,4255,4117,3418,3459
"Os07g0621300",834,1087,899,1133,1411,1326
"Os07g0685800",375,431,320,345,309,418
"Os07g0661000",132,91,95,97,76,86
"Os07g0575600",519,436,318,361,544,364
"Os07g0486000",234,98,329,288,290,275
"Os07g0164600",769,1134,930,916,1006,923
"Os07g0251200",1102,1497,1070,1188,1325,879
"Os07g0116600",194,186,147,267,419,348
"Os07g0425000",56,67,47,42,37,37
"Os07g0479200",1096,1162,935,958,917,929
"Os07g0598100",864,783,959,895,909,803
"Os07g0249800",40,15,31,37,38,89
"Os07g0134000",851,917,627,915,855,648
"Os07g0577900",191,181,128,142,135,114
"Os07g0120700",393,302,332,381,384,439
"Os07g0408400",146,159,112,199,77,150
"Os07g0152000",334,479,401,405,399,362
"Os07g0568500",888,928,844,1215,1406,1410
"Os07g0142000",599,585,441,615,564,578
"Os07g0420000",626,471,868,1245,1926,1591
"Os07g0577700",3075,3876,2399,2356,1864,1927
"Os07g0607400",28,13,14,2,2,0
"Os07g0226200",183,146,196,188,468,520
"Os07g0531900",363,368,321,448,326,426
"Os07g0585500",4502,6007,4170,3585,3324,2563
"Os07g0151200",1409,2155,1236,1623,1706,1754
"Os07g0636400",474,382,422,573,536,597
"Os07g0271000",1212,1320,955,811,783,603
"Os07g0537000",629,542,691,833,1437,1931
"Os07g0229100",205,262,201,198,296,274
"Os07g0569100",7,16,1,8,11,14
"Os07g0647100",463,552,421,497,429,452
"Os07g0495250",141,98,106,138,190,170
"Os07g0189700",181,170,260,385,539,412
"Os07g0673700",327,349,344,368,424,428
"Os07g0148200",94,107,62,47,8,6
"Os07g0203950",12,17,13,20,3,9
"Os07g0629500",56,6,10,5,0,16
"Os07g0680500",1446,1244,1265,1406,1460,1445
"Os07g0667900",356,326,286,353,387,383
"Os07g0571100",24571,28094,24715,26029,25888,24684
"Os07g0692200",44,34,21,21,6,22
"Os07g0499300",1515,1712,1444,1950,1628,1659
"Os07g0167500",1571,1959,1189,1697,1629,1368
"Os07g0223766",350,235,261,278,299,286
"Os07g0649500",49,18,22,29,19,7
"Os07g0645300",9,8,9,33,96,14
"Os07g0689900",289,285,272,338,424,348
"Os07g0134500",708,626,408,604,422,435
"Os07g0520600",576,589,437,525,675,588
"Os07g0170300",2808,2411,2023,2227,2102,2171
"Os07g0123450",20,22,27,17,11,11
"Os07g0511500",371,375,383,467,572,674
"Os07g0296100",226,262,216,238,274,170
"Os07g0434700",933,950,1140,1540,1954,1953
"Os07g0205200",795,788,757,821,872,915
"Os07g0218700",31,14,16,1,0,0
"Os07g0409200",757,780,889,1126,1448,1336
"Os07g0649300",27,22,17,8,18,11
"Os07g0558300",76,49,190,125,148,190
"Os07g0489300",88,97,88,109,151,192
"Os07g0223700",65,63,57,64,80,89
"Os07g0300900",633,588,522,598,719,652
"Os07g0204500",1661,1606,1134,1104,1190,1195
"Os07g0191650",138,208,131,261,326,356
"Os07g0687700",4977,5286,4567,4162,4068,3548
"Os07g0513200",125,84,128,109,117,92
"Os07g0507000",4617,4921,3759,3107,3601,3094
"Os07g0617100",28,70,34,62,68,56
"Os07g0191200",639,749,543,473,286,292
"Os07g0621600",46,24,9,32,11,25
"Os07g0591100",20,9,26,37,71,113
"Os07g0679300",533,319,270,253,244,346
"Os07g0170100",3795,3729,3199,2456,2814,2277
"Os07g0113500",238,136,212,281,513,567
"Os07g0294800",1418,1510,1456,1280,1929,2340
"Os07g0619500",1059,1535,1190,794,657,363
"Os07g0668100",31,33,14,42,13,25
"Os07g0663800",13859,19257,15817,7659,10867,6823
"Os07g0287000",46,41,50,151,107,76
"Os07g0548800",1653,2448,1911,2883,3504,2832
"Os07g0597400",1320,2033,1518,1325,1107,1782
"Os07g0658300",733,654,581,650,622,531
"Os07g0417200",982,2962,1300,1356,106,20
"Os07g0158100",11,6,3,11,2,14
"Os07g0141900",14,10,4,20,0,2
"Os07g0239400",3743,4245,3001,3249,2888,2620
"Os07g0467800",254,222,227,217,298,241
"Os07g0110100",438,565,443,552,474,505
"Os07g0232300",15,38,38,20,32,22
"Os07g0530700",2063,2624,2635,2418,3563,2417
"Os07g0541500",3688,4365,2643,2053,1717,1136
"Os07g0178600",51,30,21,51,30,43
"Os07g0163200",20,46,7,21,27,16
"Os07g0141700",28,25,8,23,22,9
"Os07g0584000",733,907,689,664,547,554
"Os07g0143000",5046,4408,4171,4603,5439,5256
"Os07g0207700",1322,1314,1081,1060,1486,1190
"Os07g0496250",212,161,109,105,108,90
"Os07g0634300",482,580,609,593,984,836
"Os07g0239600",64,72,74,50,65,76
"Os07g0194351",20,14,19,14,48,70
"Os07g0435300",3611,3088,4380,5909,9205,9227
"Os07g0117000",258,276,177,248,108,96
"Os07g0576000",1695,1614,1460,1482,1383,1243
"Os07g0209800",1109,1137,1167,1267,1152,1238
"Os07g0667300",52,81,46,99,119,88
"Os07g0250300",1741,2107,1555,1918,1555,1400
"Os07g0546750",143,153,105,156,151,176
"Os07g0496900",494,562,464,438,442,365
"Os07g0517000",2087,1663,1818,1964,2243,2046
"Os07g0572900",384,504,378,419,354,424
"Os07g0282401",37,40,34,95,132,100
"Os07g0450100",113,115,105,157,143,113
"Os07g0416600",275,475,230,185,82,48
"Os07g0436600",132,133,119,132,213,179
"Os07g0645100",7354,7299,6487,6848,6442,6172
"Os07g0435100",3158,3682,2998,3071,3490,2994
"Os07g0669200",2803,2303,2042,2968,3709,3571
"Os07g0694000",7740,9055,7847,7674,10185,9085
"Os07g0123300",1600,1649,1584,2290,2884,2480
"Os07g0636000",845,852,621,802,642,758
"Os07g0516200",29,79,38,38,42,83
"Os07g0297500",11,8,11,42,28,26
"Os07g0472400",543,639,416,434,318,333
"Os07g0532500",398,292,589,927,1308,1467
"Os07g0581366",586,676,601,624,1101,1018
"Os07g0133700",1225,845,1077,1305,1306,1453
"Os07g0223400",3953,4924,3720,3814,3718,3954
"Os07g0405100",33,15,13,7,6,8
"Os07g0247100",1386,1219,1250,1431,1568,1374
"Os07g0606600",370,358,451,409,1023,649
"Os07g0619800",472,507,452,493,799,635
"Os07g0545900",1161,954,972,1318,1367,1495
"Os07g0636900",30,67,39,47,33,36
"Os07g0641700",564,462,325,439,258,306
"Os07g0129300",60793,121793,65259,46685,15757,2978
"Os07g0240400",32,16,18,18,24,28
"Os07g0166100",964,915,748,917,829,884
"Os07g0242600",563,495,476,473,611,698
"Os07g0669000",99,84,72,107,94,58
"Os07g0181200",65,56,55,72,67,77
"Os07g0537400",88,21,20,44,24,12
"Os07g0166800",50,31,37,44,31,24
"Os07g0623200",743,836,626,937,1189,1158
"Os07g0645701",189,127,96,116,209,115
"Os07g0587400",170,196,169,227,214,242
"Os07g0134700",935,852,860,982,1063,1317
"Os07g0514400",18,11,16,5,11,17
"Os07g0680800",647,607,661,636,587,459
"Os07g0649600",11,14,16,19,20,16
"Os07g0648300",2978,2928,2458,2646,2559,2680
"Os07g0243100",289,311,192,262,186,186
"Os07g0466200",1477,1489,1290,1362,1375,1494
"Os07g0182900",12,18,8,17,4,8
"Os07g0640000",379,288,264,370,295,264
"Os07g0436350",13,13,20,30,41,20
"Os07g0567050",10,17,16,12,31,27
"Os07g0671450",67,88,108,58,101,68
"Os07g0200700",922,897,736,955,723,774
"Os07g0578600",731,682,648,778,794,799
"Os07g0238800",65,34,54,68,49,70
"Os07g0220600",1890,1302,1536,2272,2161,2555
"Os07g0507500",39,33,20,19,13,14
"Os07g0519600",1020,1489,848,670,237,81
"Os07g0289600",552,514,458,633,401,527
"Os07g0481400",2088,2309,1919,1994,1987,1945
"Os07g0541600",109,94,84,98,91,46
"Os07g0650600",23983,29145,22112,19453,22958,15867
"Os07g0605600",18,24,24,42,65,44
"Os07g0482900",24,19,10,13,0,0
"Os07g0516500",6287,5395,6986,6863,6532,7235
"Os07g0609766",2303,2175,1945,1649,1786,1659
"Os07g0521100",443,476,297,347,283,211
"Os07g0522900",1052,1266,874,836,775,620
"Os07g0658500",33,60,36,60,109,90
"Os07g0185300",1051,1018,881,1287,1194,1294
"Os07g0498800",1767,1791,1279,1460,1190,1379
"Os07g0413800",52,97,138,296,477,779
"Os07g0660000",32,20,15,23,29,20
"Os07g0601100",327,636,322,326,276,188
"Os07g0205000",1241,1581,1202,1417,1368,1318
"Os07g0565300",90,85,75,92,119,104
"Os07g0172200",1244,1117,1240,1171,1422,1137
"Os07g0108400",16,16,9,21,7,16
"Os07g0296200",798,781,757,865,867,889
"Os07g0597200",2602,3918,2694,1612,962,785
"Os07g0479400",104,105,84,100,92,85
"Os07g0677200",3696,4477,4915,8037,3162,6896
"Os07g0645400",5791,6038,4197,4706,3942,4042
"Os07g0451300",25,37,6,11,0,0
"Os07g0162500",1168,1369,1427,1309,1936,1743
"Os07g0507300",1201,1109,964,1015,1042,1098
"Os07g0614250",705,634,594,681,644,638
"Os07g0600400",1192,1125,1086,994,1068,934
"Os07g0165700",36,45,38,28,64,91
"Os07g0408100",902,813,777,819,877,947
"Os07g0616500",275,335,264,482,451,584
"Os07g0673801",13,10,16,6,4,23
"Os07g0101101",211,217,186,303,177,190
"Os07g0175900",1404,1289,1213,1915,2134,1898
"Os07g0207301",28,15,29,29,25,42
"Os07g0299600",455,494,400,362,345,437
"Os07g0635600",126,146,111,153,148,144
"Os07g0500300",1136,1421,943,1412,2184,2278
"Os07g0525900",33,10,30,50,44,18
"Os07g0270900",1748,1411,1376,1297,1196,1415
"Os07g0561300",111,276,135,94,44,19
"Os07g0571300",371,481,454,434,405,410
"Os07g0633200",319,136,93,207,97,118
"Os07g0121200",72,46,32,48,34,61
"Os07g0207100",127,172,149,197,304,242
"Os07g0490700",65,49,66,77,101,53
"Os07g0647800",2055,2172,1814,1970,2100,1926
"Os07g0694300",204,288,371,301,323,353
"Os07g0688800",1529,1518,989,1319,967,863
"Os07g0522600",846,749,724,710,619,715
"Os07g0564750",165,114,116,122,109,171
"Os07g0209500",15,19,40,21,27,36
"Os07g0438700",278,141,179,128,69,67
"Os07g0434100",527,476,482,653,483,463
"Os07g0661400",2999,3703,4360,3333,2384,2857
"Os07g0232900",38,40,28,38,52,35
"Os07g0565100",163,231,599,255,124,246
"Os07g0570100",2483,3096,1892,1391,1277,850
"Os07g0461900",592,913,710,864,962,981
"Os07g0258800",111,105,133,115,140,114
"Os07g0458500",74,66,62,80,85,88
"Os07g0111100",595,667,453,470,551,492
"Os07g0563800",15238,17526,13532,13731,14653,13828
"Os07g0224900",384,443,325,426,350,324
"Os07g0527750",19,17,2,25,9,21
"Os07g0637100",80,111,74,80,93,96
"Os07g0481300",826,755,659,620,685,626
"Os07g0432800",427,463,610,610,568,458
"Os07g0693600",1564,2052,1435,1506,1124,1122
"Os07g0253000",37,15,25,37,78,66
"Os07g0691300",474,249,457,519,743,949
"Os07g0575900",1122,2107,1936,873,1095,522
"Os07g0584100",2557,2886,2667,2123,2027,1897
"Os07g0139500",1167,1129,1069,1067,943,928
"Os07g0596000",35,67,57,69,104,90
"Os07g0490200",5868,5881,4790,4656,4981,4714
"Os07g0173200",4275,5412,5054,5036,6281,5652
"Os07g0539950",31,30,80,114,155,104
"Os07g0119100",29,35,29,59,49,71
"Os07g0577600",2428,2789,4093,5084,10056,8231
"Os07g0633500",804,779,660,683,633,705
"Os07g0166500",21,30,16,36,66,43
"Os07g0510100",2868,2092,2286,3242,3502,3706
"Os07g0611700",1,17,31,8,6,11
"Os07g0227700",677,610,696,640,633,692
"Os07g0625400",17,16,8,19,10,12
"Os07g0110300",655,610,472,690,514,492
"Os07g0691700",20,28,10,16,6,10
"Os07g0229900",4220,4184,3130,3693,2832,2866
"Os07g0589400",1783,1904,1532,1806,1601,1654
"Os07g0619400",1487,2295,1693,1925,3537,3324
"Os07g0627000",406,349,293,357,236,254
"Os07g0194000",4567,5864,3931,4422,4228,3760
"Os07g0204900",9062,7625,7714,8465,10286,9458
"Os07g0124600",900,791,803,856,1124,1075
"Os07g0172500",1075,1368,1070,1203,1150,1121
"Os07g0287100",5597,4210,5115,5553,6072,6025
"Os07g0119000",219,313,187,245,178,131
"Os07g0635900",336,227,242,286,362,279
"Os07g0687500",2635,2498,1823,2222,1919,1966
"Os07g0509800",8739,9833,10273,11755,26853,29934
"Os07g0595800",352,407,297,394,349,350
"Os07g0281000",1084,1338,1117,1260,1512,1309
"Os07g0483400",347,408,285,352,306,315
"Os07g0211900",365,405,344,608,616,826
"Os07g0424400",1461,1595,1031,1052,685,735
"Os07g0480300",20,13,9,16,5,5
"Os07g0289800",7,12,18,6,8,10
"Os07g0581000",2579,3813,2440,2272,1923,1640
"Os07g0635800",112,85,64,82,62,51
"Os07g0412100",275,224,160,393,271,323
"Os07g0548500",42,42,19,37,31,50
"Os07g0548900",1378,1545,1279,1376,1413,1342
"Os07g0588900",127,231,170,151,235,218
"Os07g0158800",52,36,29,40,76,91
"Os07g0151800",71,112,48,29,28,38
"Os07g0114500",12,12,10,15,15,26
"Os07g0118800",252,228,133,156,158,120
"Os07g0580200",30,35,30,36,54,42
"Os07g0491500",107,108,83,97,98,89
"Os07g0674100",80,54,55,63,63,47
"Os07g0158900",363,382,293,350,427,374
"Os07g0592200",7075,7795,6098,5379,5187,4986
"Os07g0185200",3560,4121,3492,3888,4985,4424
"Os07g0511900",3807,4450,3806,3575,3417,3301
"Os07g0101300",610,545,531,462,468,475
"Os07g0549700",5577,5502,4620,5205,4848,4548
"Os07g0680600",1213,1473,1484,1667,1760,1503
"Os07g0551300",3252,3034,3470,2089,2158,2356
"Os07g0231700",157,141,124,140,151,175
"Os07g0684800",1257,1345,868,1417,1112,1218
"Os07g0563600",1348,1156,1215,1320,1315,1524
"Os07g0485400",4231,3189,3179,4044,4371,4171
"Os07g0188266",918,838,982,1097,1362,1537
"Os07g0472100",104,106,65,99,107,88
"Os07g0593332",196,260,196,225,223,206
"Os07g0248800",1635,1534,1768,2529,2545,2443
"Os07g0491900",244,260,291,379,718,621
"Os07g0471300",2402,3891,2135,2319,2039,1791
"Os07g0613000",1454,1660,931,759,509,378
"Os07g0515100",785,668,813,1086,1553,1255
"Os07g0192300",1100,1185,1000,1133,1000,1004
"Os07g0647900",987,934,688,878,798,741
"Os07g0489800",3958,3425,5400,7566,11718,10686
"Os07g0628600",51,81,52,33,52,22
"Os07g0295200",779,901,793,936,724,723
"Os07g0245200",2236,2804,1790,2315,2479,1695
"Os07g0667350",32,11,35,24,4,19
"Os07g0255200",92,111,192,179,141,94
"Os07g0471050",38,24,30,26,32,42
"Os07g0484600",407,472,448,537,560,584
"Os07g0181000",2104,3144,2291,2222,2414,2199
"Os07g0587500",410,619,600,659,1047,896
"Os07g0208801",407,472,326,440,477,448
"Os07g0558000",1525,1500,1335,1249,966,1000
"Os07g0521500",88,91,39,70,63,37
"Os07g0656300",14,31,30,8,24,4
"Os07g0586100",109,108,22,79,4,16
"Os07g0656900",1307,1547,1361,2169,1896,1568
"Os07g0508900",887,851,776,768,711,693
"Os07g0456400",1562,1323,1246,1385,1566,1598
"Os07g0629000",156,127,135,107,166,205
"Os07g0567400",80,38,34,71,62,54
"Os07g0147600",36,22,18,18,47,24
"Os07g0508700",131,156,144,216,264,183
"Os07g0521800",75,70,32,67,73,54
"Os07g0661700",610,644,675,678,755,732
"Os07g0123800",304,462,306,152,146,137
"Os07g0526400",3207,6261,8988,2001,706,459
"Os07g0130200",83,101,61,44,14,12
"Os07g0297200",91,104,113,194,197,197
"Os07g0244400",131,153,108,236,330,266
"Os07g0524100",1289,1231,928,1088,985,1066
"Os07g0178900",1203,1179,995,964,950,1006
"Os07g0100800",139,149,116,193,224,359
"Os07g0685400",1313,1494,1117,1353,1249,1298
"Os07g0681700",79,70,88,153,148,101
"Os07g0633000",135,152,130,125,81,40
"Os07g0168000",5276,3770,4649,5837,6232,5945
"Os07g0563700",1002,903,807,1020,784,935
"Os07g0616200",60,48,136,147,174,190
"Os07g0496500",1168,1008,810,1009,946,1128
"Os07g0538400",3519,3954,3568,2389,3216,2026
"Os07g0112600",3,25,25,23,29,56
"Os07g0558400",374,236,825,863,1716,1761
"Os07g0260000",60,64,57,73,54,60
"Os07g0661800",323,275,263,273,255,266
"Os07g0470400",37,22,20,23,32,23
"Os07g0507600",1361,1346,972,1314,1316,1415
"Os07g0614500",6688,6601,5727,6146,5794,6111
"Os07g0597100",32,69,30,43,26,36
"Os07g0191700",1946,1791,1535,1969,1642,1757
"Os07g0608700",3967,4014,2935,2801,2468,2571
"Os07g0506700",805,726,685,679,619,710
"Os07g0121750",482,562,275,396,440,747
"Os07g0147500",1137,1375,1483,583,437,34
"Os07g0274100",212,266,169,184,180,142
"Os07g0176900",2443,2651,3576,4371,5356,5573
"Os07g0152800",7659,8026,7396,6974,7508,6751
"Os07g0475800",768,730,603,689,559,739
"Os07g0634200",135,139,123,124,136,98
"Os07g0469100",2920,2710,4316,4752,6990,6288
"Os07g0539200",113,48,100,83,44,80
"Os07g0204800",612,572,606,567,667,603
"Os07g0603200",607,656,550,743,568,620
"Os07g0295800",2786,2746,2265,2132,1629,1588
"Os07g0252000",1680,1788,1498,1244,1344,1082
"Os07g0122300",112,90,33,81,70,98
"Os07g0130000",39,28,26,26,14,8
"Os07g0614100",256,198,106,205,124,134
"Os07g0124300",21,26,4,12,9,14
"Os07g0689600",45,183,52,47,187,104
"Os07g0294600",215,205,167,216,194,188
"Os07g0174766",399,460,410,572,728,630
"Os07g0663700",1573,3994,1451,1387,140,32
"Os07g0694600",126,119,88,108,97,66
"Os07g0516900",1653,1524,1484,1667,1413,1672
"Os07g0637150",98,58,49,65,86,57
"Os07g0641200",412,353,278,331,320,289
"Os07g0111900",10,2,25,16,70,80
"Os07g0291100",1109,1223,882,1026,1015,1047
"Os07g0422000",4588,3475,3726,4035,3884,3920
"Os07g0506000",3040,3580,2435,2134,1565,1483
"Os07g0160400",1566,1522,1153,2106,1650,1704
"Os07g0458800",878,723,635,656,775,753
"Os07g0573600",374,363,291,314,285,315
"Os07g0490600",3340,3844,3728,3944,4485,3897
"Os07g0413300",155,124,113,268,227,222
"Os07g0546700",3928,3931,3107,3404,2974,2855
"Os07g0554500",24,46,17,29,56,46
"Os07g0659100",448,427,340,348,299,377
"Os07g0155200",80,78,53,49,42,55
"Os07g0546400",25,15,25,19,44,39
"Os07g0654900",36,34,62,33,54,34
"Os07g0213400",1371,1369,1363,1325,1921,1801
"Os07g0624100",45,35,26,25,68,45
"Os07g0489200",200,206,165,284,471,499
"Os07g0516050",67,86,74,62,64,50
"Os07g0587100",860,824,827,768,730,685
"Os07g0554900",20,20,11,23,16,30
"Os07g0541700",26,18,18,26,19,21
"Os07g0602900",241,206,281,329,607,562
"Os07g0689300",1738,1632,1304,1344,1194,1183
"Os07g0166600",177,183,142,238,141,151
"Os07g0608900",1080,1210,955,730,925,910
"Os07g0291200",253,237,237,272,264,317
"Os07g0106100",3155,2926,2923,3450,3414,2712
"Os07g0658400",119730,96421,115413,141780,169590,154662
"Os07g0656400",177,191,179,159,169,158
"Os07g0467600",2562,2632,2483,2954,3508,3273
"Os07g0555400",14,12,6,18,8,16
"Os07g0648233",16,11,10,17,13,15
"Os07g0137200",166,110,171,222,184,164
"Os07g0618000",149,85,206,86,154,85
"Os07g0459200",804,722,802,765,808,758
"Os07g0640600",41,73,58,64,54,81
"Os07g0496300",41,47,38,57,34,41
"Os07g0168300",79,98,124,87,44,69
"Os07g0668800",214,196,172,202,235,315
"Os07g0162900",16,16,10,4,35,6
"Os07g0454100",740,891,762,751,918,770
"Os07g0530400",410,621,627,906,1488,1275
"Os07g0660400",200,192,190,170,217,252
"Os07g0232800",930,1806,1139,939,780,649
"Os07g0661900",1159,1177,1232,1163,1060,1063
"Os07g0665700",683,634,442,536,509,472
"Os07g0496700",8,14,12,8,16,20
"Os07g0489000",32,66,60,33,14,36
"Os07g0168800",1167,1527,1120,1052,1089,1049
"Os07g0599201",12,3,17,15,18,25
"Os07g0616750",10,8,12,17,15,27
"Os07g0545500",76,76,40,76,104,64
"Os07g0177300",2355,3403,2609,2733,2861,2352
"Os07g0655900",768,708,465,544,485,458
"Os07g0175200",176,258,167,194,149,156
"Os07g0240300",749,847,869,778,591,519
"Os07g0203925",43,49,41,44,48,55
"Os07g0231900",173,112,145,134,155,213
"Os07g0623300",2349,2008,2320,2762,3252,3380
"Os07g0635300",2977,3847,2465,2391,2123,1250
"Os07g0490800",980,922,704,877,837,904
"Os07g0436700",266,294,342,359,512,384
"Os07g0521600",615,569,465,653,714,790
"Os07g0596300",3167,3544,3008,2998,3006,2791
"Os07g0588200",495,573,480,926,960,929
"Os07g0200900",67,32,30,43,49,44
"Os07g0571600",18,12,20,29,19,33
"Os07g0683600",78,178,58,131,78,59
"Os07g0622200",1244,1665,1316,743,248,157
"Os07g0108100",43,44,13,54,33,50
"Os07g0120650",149,135,128,144,178,192
"Os07g0607700",550,504,487,488,519,619
"Os07g0674400",18,41,22,8,18,16
"Os07g0300100",46,41,50,30,29,51
"Os07g0122900",642,786,596,783,806,547
"Os07g0159900",249,226,198,162,125,150
"Os07g0543000",1969,1954,1666,2202,1824,1843
"Os07g0468900",196,194,148,231,164,183
"Os07g0173850",88,74,89,114,132,144
"Os07g0615800",595,779,565,632,643,565
"Os07g0209401",186,133,151,134,194,180
"Os07g0295000",289,317,263,212,227,213
"Os07g0600700",36,30,21,28,38,36
"Os07g0229200",22,8,6,20,9,24
"Os07g0122200",2587,2449,1576,1363,1275,1433
"Os07g0600300",423,420,443,575,772,693
"Os07g0177150",296,286,283,277,290,293
"Os07g0654300",132,346,312,198,184,130
"Os07g0616900",3021,3065,2346,2486,2499,2596
"Os07g0572300",86,54,101,120,143,111
"Os07g0277200",173,239,372,292,469,394
"Os07g0490400",1855,1340,1807,2289,2759,2775
"Os07g0114300",4687,4107,3301,3953,3682,3559
"Os07g0201100",4677,4159,3062,3204,2280,2581
"Os07g0421000",278,369,272,292,327,270
"Os07g0624700",1552,1740,1236,1214,797,927
"Os07g0232850",69,81,66,33,30,19
"Os07g0179400",1589,1551,1546,1738,2254,2323
"Os07g0643100",865,1023,974,983,1039,887
"Os07g0549600",24,17,60,43,97,89
"Os07g0164200",464,536,483,667,871,676
"Os07g0558100",21,44,28,33,56,47
"Os07g0106000",67,33,45,71,67,69
"Os07g0227200",254,298,228,340,198,234
"Os07g0479300",4995,5373,4075,4525,3555,3712
"Os07g0255300",306,443,396,523,811,794
"Os07g0235800",440,519,349,565,653,638
"Os07g0670600",621,593,517,572,364,515
"Os07g0564533",12,22,22,25,6,30
"Os07g0434500",740,594,545,399,455,488
"Os07g0529600",4013,3672,2799,3673,3001,3706
"Os07g0631000",2266,2462,2015,2126,2064,2047
"Os07g0187000",34,66,56,30,24,13
"Os07g0249100",909,879,824,946,884,982
"Os07g0224000",411,425,371,457,281,239
"Os07g0169600",660,638,834,921,1006,943
"Os07g0109600",637,619,604,795,770,906
"Os07g0123900",1216,1641,1030,1513,1703,1774
"Os07g0466300",577,630,484,557,553,493
"Os07g0130500",462,630,522,394,347,412
"Os07g0267300",155,129,97,113,116,106
"Os07g0152900",17079,14563,16880,22139,28685,27101
"Os07g0679700",2627,2768,2380,2845,2739,2195
"Os07g0619100",1080,873,892,1347,1414,1481
"Os07g0513100",51,55,65,95,56,52
"Os07g0666300",299,237,288,224,259,228
"Os07g0578333",119,107,103,194,203,424
"Os07g0566500",12,0,2,51,48,54
"Os07g0684700",331,466,487,630,761,680
"Os07g0100900",96,106,92,236,236,242
"Os07g0112800",2242,2102,1711,2054,1864,1872
"Os07g0632800",2397,2651,2283,2241,2690,2293
"Os07g0101500",568,526,507,647,724,650
"Os07g0166700",22,13,20,17,18,55
"Os07g0578800",346,308,320,368,307,357
"Os07g0107800",309,232,170,286,215,193
"Os07g0510800",130,243,100,215,167,151
"Os07g0626300",2792,2374,2076,2721,2948,2621
"Os07g0244300",15,28,22,19,32,39
"Os07g0588000",3748,3377,3587,4293,4513,3329
"Os07g0569600",365,336,424,566,823,808
"Os07g0648400",31,26,13,40,31,26
"Os07g0613800",30,29,29,67,55,90
"Os07g0100300",3275,2950,3157,4169,4383,4601
"Os07g0669800",4575,3778,3462,3722,3414,3489
"Os07g0519300",29,30,35,44,41,46
"Os07g0603800",2782,3546,2779,2681,2259,1212
"Os07g0258700",678,904,703,811,855,824
"Os07g0418600",109,54,44,19,10,2
"Os07g0633100",134,156,163,178,172,188
"Os07g0593200",40,28,14,24,22,38
"Os07g0642300",3309,3951,3201,3439,3659,3004
"Os07g0631700",1019,1607,991,744,458,246
"Os07g0124500",2911,2531,2046,2312,1770,1836
"Os07g0660100",816,660,718,585,750,783
"Os07g0538300",1198,1383,1249,693,610,403
"Os07g0109500",2391,3463,2793,3218,3259,3287
"Os07g0150200",3657,3757,2962,3004,2731,2979
"Os07g0414900",131,92,88,215,153,163
"Os07g0237100",231,257,303,255,291,279
"Os07g0162300",4050,3615,3399,3989,3893,3945
"Os07g0620300",2925,2983,2274,2080,2100,1849
"Os07g0258100",556,526,616,965,825,1055
"Os07g0264900",1060,982,793,1040,929,933
"Os07g0199000",10,4,10,10,42,38
"Os07g0508300",438,444,353,392,363,372
"Os07g0466500",48,70,28,36,35,24
"Os07g0293000",37,48,29,29,48,46
"Os07g0264800",639,496,463,737,844,760
"Os07g0143200",1840,2226,2317,2164,3560,2370
"Os07g0544800",1903,2460,3388,3969,6319,5964
"Os07g0494800",207,255,231,142,127,112
"Os07g0435900",689,684,588,589,656,734
"Os07g0152950",26,15,26,29,22,32
"Os07g0297400",908,1434,958,1145,1066,1243
"Os07g0627700",407,530,368,549,442,393
"Os07g0598200",2370,2595,2972,2547,3649,3239
"Os07g0664000",131,244,112,123,85,28
"Os07g0553600",65,34,40,44,58,32
"Os07g0245100",1431,1340,1024,728,528,528
"Os07g0447000",14,6,6,16,24,33
"Os07g0176200",38,21,47,36,66,55
"Os07g0170800",173,143,210,198,394,389
"Os07g0121100",36,48,24,16,12,10
"Os07g0646400",129,95,41,90,100,58
"Os07g0646300",914,981,673,612,538,486
"Os07g0127500",325,442,553,62,14,2
"Os07g0485100",1237,1246,957,1110,1369,1199
"Os07g0661600",1004,1042,739,715,703,700
"Os07g0673500",5226,4667,5100,5426,6600,6321
"Os07g0648266",1393,970,863,1017,816,999
"Os07g0646100",96,137,103,155,130,220
"Os07g0598700",539,501,489,486,546,575
"Os07g0639600",5853,6422,4489,4985,5560,5615
"Os07g0170200",697,1022,962,1039,1313,1383
"Os07g0143600",3539,3133,4272,4767,7841,7029
"Os07g0176966",84,71,30,40,38,35
"Os07g0686900",66,72,28,48,18,46
"Os07g0667000",893,977,742,969,799,792
"Os07g0409700",1530,1425,1195,1303,1152,1244
"Os07g0617600",30,47,38,56,102,100
"Os07g0470700",987,792,873,1078,1089,1168
"Os07g0191600",74,101,113,123,159,142
"Os07g0120900",52,72,108,66,44,65
"Os07g0442000",2860,2517,3071,3385,4319,3978
"Os07g0515700",183,76,68,103,109,160
"Os07g0474700",4967,5106,4619,4764,4628,5291
"Os07g0187300",1070,787,681,750,669,590
"Os07g0494900",1768,1856,1640,1669,1742,1564
"Os07g0671500",188,189,160,149,152,138
"Os07g0526600",386,484,1552,146,34,53
"Os07g0277600",670,483,476,493,375,359
"Os07g0682400",1940,2084,1906,2761,2669,2736
"Os07g0543500",31,33,17,31,42,28
"Os07g0573100",936,1052,942,991,1029,960
"Os07g0685000",280,261,268,282,334,329
"Os07g0409100",4384,3928,3087,3544,3275,3808
"Os07g0599000",1057,1114,832,1030,1053,1087
"Os07g0597050",61,69,55,75,93,64
"Os07g0640100",813,1158,825,985,1096,1072
"Os07g0641600",767,701,651,664,627,657
"Os07g0187900",899,1008,588,504,303,418
"Os07g0282300",69,76,84,143,277,139
"Os07g0539700",3379,2875,3448,3041,3482,3042
"Os07g0161600",1211,1198,1181,1244,1222,1196
"Os07g0535800",78,98,46,48,60,24
"Os07g0508000",2664,2641,2409,2549,3150,3003
"Os07g0682700",1385,1280,1044,1363,1418,1287
"Os07g0583000",1054,1216,960,947,1084,1048
"Os07g0659300",24,46,58,47,78,70
"Os07g0559700",1773,1998,2163,1681,1982,2021
"Os07g0531700",797,763,628,753,654,714
"Os07g0225300",1590,1787,2108,1493,1492,1643
"Os07g0509600",35,53,39,26,38,12
"Os07g0570500",5788,5852,4556,4017,4028,3415
"Os07g0171300",1078,998,782,1025,798,714
"Os07g0123601",62,55,51,65,70,50
"Os07g0240600",68,36,63,62,127,116
"Os07g0127700",78,184,108,26,10,2
"Os07g0454700",247,309,212,216,259,205
"Os07g0260400",36,44,12,20,18,38
"Os07g0418500",511,150,105,102,8,72
"Os07g0520900",1420,1681,1217,1180,982,1064
"Os07g0662900",9349,7817,9268,11397,11462,9623
"Os07g0551400",29,53,52,60,63,63
"Os07g0464600",1576,1366,1476,2147,2639,2406
"Os07g0569700",864,1076,684,642,739,723
"Os07g0180100",12,5,23,25,55,139
"Os07g0241050",0,4,0,12,18,20
"Os07g0179500",424,355,357,394,544,512
"Os07g0290200",460,528,453,526,1021,846
"Os07g0185432",1874,1720,1646,1628,1792,1714
"Os07g0188249",326,184,291,350,333,441
"Os07g0508500",128,115,156,286,329,314
"Os07g0113700",6169,5234,5429,6202,6982,6910
"Os07g0531600",2593,2640,2183,2353,2601,2252
"Os07g0607200",824,1204,1228,1570,1799,1792
"Os07g0565600",2270,2040,2503,3700,4643,4343
"Os07g0599100",51,26,55,59,63,46
"Os07g0622100",6163,5933,5379,6351,5410,5559
"Os07g0690900",378,626,485,680,664,568
"Os07g0248900",1130,859,1054,1277,1029,773
"Os07g0507700",5793,5492,5425,4600,5518,5034
"Os07g0568600",1418,1334,1281,946,1076,939
"Os07g0160100",47,32,22,20,34,22
"Os07g0124800",460,478,453,602,441,516
"Os07g0100200",3360,4378,4175,5251,6167,5228
"Os07g0632700",1750,2225,1575,1669,1697,1673
"Os07g0628700",829,625,1055,1276,2653,4579
"Os07g0196200",1427,1616,2097,3003,4803,5162
"Os07g0534300",198,196,113,109,73,108
"Os07g0182400",1358,1291,1651,2132,3987,2875
"Os07g0689150",36,41,24,46,7,26
"Os07g0608400",2239,2571,2078,3051,2949,3149
"Os07g0569500",34,42,45,25,38,59
"Os07g0631100",6162,7917,5578,7615,7216,7653
"Os07g0563300",4399,4834,4198,4454,4711,4594
"Os07g0599600",17,30,26,33,28,36
"Os07g0445600",394,304,353,298,296,278
"Os07g0617000",2841,3507,3213,1458,1985,1032
"Os07g0171100",5845,5869,6736,9100,12745,11376
"Os07g0130100",53,68,50,50,18,30
"Os07g0493800",704,1011,602,520,259,195
"Os07g0419800",1765,1865,1771,2054,2383,2032
"Os07g0592300",1956,1659,1492,1782,1967,1958
"Os07g0167000",2127,2207,1823,2106,2267,2228
"Os07g0631900",3737,3373,3328,3808,4293,4118
"Os07g0283200",885,834,704,984,948,894
"Os07g0626600",940,873,864,1039,1012,1087
"Os07g0673400",688,861,684,633,886,697
"Os07g0461950",20,23,35,30,40,38
"Os07g0521300",150,98,68,97,114,31
"Os07g0625800",30,10,37,43,55,40
"Os07g0474600",1542,1580,1585,1650,2217,2179
"Os07g0491600",1147,1361,988,1163,834,834
"Os07g0682800",845,897,721,787,536,577
"Os07g0683900",8192,13294,7079,16838,23432,26739
"Os07g0537900",2154,2358,2076,1781,1437,1081
"Os07g0158300",4728,4016,5245,7082,8515,8728
"Os07g0185000",236,363,255,204,200,201
"Os07g0578200",1735,1732,1225,1449,1105,1098
"Os07g0285200",177,195,183,174,216,193
"Os07g0239500",98,87,75,73,51,75
"Os07g0616600",2886,3069,2384,2586,2091,2398
"Os07g0571500",948,726,655,750,809,781
"Os07g0163900",150,119,139,124,145,164
"Os07g0264100",866,923,615,793,734,576
"Os07g0178700",62,26,8,4,0,16
"Os07g0176300",348,360,420,450,513,446
"Os07g0419500",962,852,898,1287,1633,1534
"Os07g0549300",360,395,322,412,383,488
"Os07g0438500",5043,4332,3296,3321,2994,3132
"Os07g0597500",214,247,253,339,431,421
"Os07g0204100",1369,1513,1002,690,636,562
"Os07g0618500",1440,1066,1146,1285,1130,1188
"Os07g0163500",4136,3262,3324,4302,4227,4529
"Os07g0486100",175,124,122,121,111,144
"Os07g0602700",1076,839,926,1047,1255,1174
"Os07g0605200",132,112,120,128,181,241
"Os07g0537250",105,143,113,131,82,69
"Os07g0522500",43880,65647,33917,26204,8697,8751
"Os07g0103100",890,961,751,1093,950,1614
"Os07g0281700",435,257,352,720,879,1673
"Os07g0608200",590,773,461,579,547,589
"Os07g0249600",509,498,328,378,306,345
"Os07g0663000",18,47,28,24,6,27
"Os07g0636100",235,287,269,312,377,301
"Os07g0657600",491,561,438,438,509,531
"Os07g0671700",2378,2274,2163,2496,2475,2267
"Os07g0195400",1045,1078,887,896,784,776
"Os07g0270950",486,504,436,610,485,436
"Os07g0162400",924,1697,1139,768,506,468
"Os07g0298700",12,9,27,29,15,10
"Os07g0534500",13,27,17,18,14,10
"Os07g0197400",136,139,91,160,177,178
"Os07g0532600",10,14,8,15,33,63
"Os07g0200500",28,44,6,6,8,24
"Os07g0649400",52,51,32,80,54,50
"Os07g0644000",947,871,793,795,712,711
"Os07g0658550",14,29,26,32,36,23
"Os07g0272800",761,689,641,591,462,480
"ENSRNA049475715",56,42,39,39,27,18
"Os11g0528300",1567,1743,1298,1324,1487,1422
"Os11g0702700",642,626,492,409,254,324
"Os11g0552600",44,68,25,36,25,30
"Os11g0152700",125,117,90,108,109,107
"Os11g0109950",143,132,95,145,126,182
"Os11g0600900",309,280,234,333,260,268
"Os11g0689100",29,29,20,38,28,24
"Os11g0160700",755,623,543,652,774,720
"Os11g0220400",52,30,35,21,20,27
"Os11g0104300",1060,1246,1043,1256,1178,1093
"Os11g0124300",588,757,741,980,909,861
"Os11g0109933",3595,3160,2681,3349,3114,2990
"Os11g0282300",539,602,579,495,544,488
"Os11g0629300",1272,1334,1211,1254,1669,1613
"Os11g0636600",321,204,315,323,316,304
"Os11g0686400",451,567,393,602,503,482
"Os11g0544800",2004,1615,1679,2214,2289,2260
"Os11g0148600",516,507,463,462,583,612
"Os11g0236100",1956,2356,3236,3703,6508,6686
"Os11g0181800",2102,3187,1285,1398,1596,2282
"Os11g0689400",299,227,204,248,257,263
"Os11g0303400",1583,1746,1490,1698,2152,2049
"Os11g0117900",181,159,82,67,45,55
"Os11g0564800",65,96,83,83,76,67
"Os11g0112650",174,173,142,141,128,125
"Os11g0266800",1376,924,1002,1353,1279,1317
"Os11g0302500",1006,968,979,1012,1356,1331
"Os11g0171400",376,391,310,461,454,482
"Os11g0641500",2273,2522,1692,812,22,30
"Os11g0141400",462,685,540,268,234,93
"Os11g0417800",354,217,335,845,963,773
"Os11g0157100",3765,3656,3132,3331,2928,3306
"Os11g0152600",60,49,34,28,45,50
"Os11g0607200",26205,36199,24967,21814,16627,15835
"Os11g0684100",744,922,681,1251,1416,1619
"Os11g0558400",121,110,109,151,105,131
"Os11g0575600",57,59,94,56,61,42
"Os11g0473100",1349,1260,1078,1256,1084,1033
"Os11g0428500",56,37,32,46,36,38
"Os11g0605900",34,25,25,17,15,2
"Os11g0284900",562,606,477,446,480,414
"Os11g0679900",140,198,179,192,211,164
"Os11g0206850",69,88,113,110,103,104
"Os11g0212300",31,46,21,55,61,60
"Os11g0549695",256,211,174,234,256,248
"Os11g0242800",217,354,192,444,452,650
"Os11g0102800",3560,3623,3105,3456,3179,3026
"Os11g0661800",3267,4481,3020,3197,4783,4326
"Os11g0681400",216,223,234,307,348,369
"Os11g0261600",87,73,51,41,102,59
"Os11g0483900",217,233,216,152,198,110
"Os11g0579600",395,371,299,258,306,293
"Os11g0202000",328,320,252,234,313,303
"Os11g0136800",151,163,123,222,125,131
"Os11g0251400",35403,29457,35704,30973,45476,36022
"Os11g0482500",724,581,590,548,439,468
"Os11g0104400",101,115,72,127,105,63
"Os11g0602800",1903,1212,1192,1101,818,872
"Os11g0102500",17,16,18,18,20,18
"Os11g0488500",198,231,164,226,186,250
"Os11g0625801",222,179,336,248,349,308
"Os11g0158600",289,277,226,229,162,217
"Os11g0474566",677,503,498,594,1121,1282
"Os11g0491850",129,142,78,148,173,192
"Os11g0307950",1471,1436,1359,1649,1776,1869
"Os11g0674400",40,38,37,39,72,63
"Os11g0105750",3695,3067,3638,5966,6792,6014
"Os11g0705900",210,279,233,217,174,138
"Os11g0615200",630,723,623,629,499,504
"Os11g0229500",28,22,21,26,33,22
"Os11g0629600",830,968,724,692,591,728
"Os11g0686100",170,285,217,183,254,230
"Os11g0173600",117,122,84,133,114,144
"Os11g0310800",630,613,552,634,616,567
"Os11g0599200",834,966,845,1008,1211,1221
"Os11g0131900",5044,4917,4333,4374,5054,4267
"Os11g0150100",2892,2531,2913,3753,4915,4932
"Os11g0537375",6722,8628,6916,6108,7403,6048
"Os11g0429100",1309,1287,1228,1069,891,904
"Os11g0181100",2721,2621,1948,2156,1376,1482
"Os11g0680200",50,101,84,89,118,92
"Os11g0700500",185,267,252,229,298,135
"Os11g0204600",2018,2335,2250,2632,3564,2920
"Os11g0576400",4,11,6,16,31,98
"Os11g0119900",5,16,22,27,9,24
"Os11g0638700",22,16,23,29,25,11
"Os11g0162200",1688,1973,1398,1249,936,994
"Os11g0444400",124,124,121,294,342,273
"Os11g0582100",2663,3603,2676,1584,2225,2058
"Os11g0244600",6,30,21,28,34,16
"Os11g0638200",45,51,32,53,77,48
"Os11g0247000",595,679,944,840,943,411
"Os11g0217500",3068,2264,2111,2180,2128,2333
"Os11g0576900",288,201,185,380,236,303
"Os11g0602600",428,425,353,372,336,358
"Os11g0488400",146,214,159,119,64,65
"Os11g0682300",3767,3885,3419,3559,3575,3424
"Os11g0691600",82,69,59,55,34,61
"Os11g0148300",1286,1059,998,1087,1131,1108
"Os11g0157701",22,17,1,13,6,27
"Os11g0654800",48,62,54,86,130,89
"Os11g0649700",1422,1906,1609,1552,2833,2386
"Os11g0634350",57,13,13,57,40,34
"Os11g0113200",1622,1483,1424,1568,1691,1716
"Os11g0102700",299,558,436,537,777,665
"Os11g0119200",385,399,402,423,277,378
"Os11g0557500",58,74,72,41,43,50
"Os11g0603200",21122,17882,14779,17170,14780,15118
"Os11g0514400",433,1012,237,337,48,78
"Os11g0130900",129,36,89,36,24,16
"Os11g0690466",38,56,18,68,13,69
"Os11g0181900",1659,1357,1151,1279,1237,1458
"Os11g0659500",915,1072,819,1143,1161,988
"Os11g0169900",4914,5872,3805,4301,4126,3986
"Os11g0496600",64,87,83,54,87,85
"Os11g0209000",839,746,798,1399,1262,1546
"Os11g0545600",1353,1184,1077,1221,1269,1218
"Os11g0532000",13,19,21,27,31,49
"Os11g0537300",895,1078,779,807,878,857
"Os11g0433600",380,458,334,509,384,451
"Os11g0176300",59,53,50,67,65,48
"Os11g0171100",12,111,53,31,31,23
"Os11g0466966",194,186,245,280,405,407
"Os11g0167200",132,85,58,108,71,114
"Os11g0307600",626,780,710,844,1043,920
"Os11g0445300",587,774,856,962,1306,1051
"Os11g0489250",320,400,234,413,146,279
"Os11g0308266",48,66,25,56,51,75
"Os11g0588400",648,595,561,631,595,607
"Os11g0267400",28,14,18,74,34,62
"Os11g0707000",74155,72062,85373,174436,203102,178148
"Os11g0171300",35224,41805,42483,71295,68588,60376
"Os11g0130400",97,297,139,139,90,53
"Os11g0118600",34,23,21,83,60,49
"Os11g0218000",1794,1885,1337,1857,1881,1770
"Os11g0207300",82,105,78,82,116,75
"Os11g0526000",12,26,28,25,12,0
"Os11g0140800",2523,2456,2320,2315,2102,1984
"Os11g0606200",40,53,28,34,18,11
"Os11g0287100",18,26,18,26,32,48
"Os11g0112000",13,29,18,20,20,23
"Os11g0434000",174,222,179,191,217,256
"Os11g0272800",2015,1700,1989,2360,2537,2464
"Os11g0146950",303,258,246,404,422,353
"Os11g0114600",6038,7661,5972,6488,7019,8080
"Os11g0638900",5792,5372,4523,3747,3698,3268
"Os11g0446000",73,51,31,84,76,64
"Os11g0216400",762,804,629,658,597,715
"Os11g0275400",1226,1081,1195,1279,1478,1407
"Os11g0110066",1034,932,795,724,766,817
"Os11g0112900",535,689,373,439,360,317
"Os11g0153000",196,220,195,228,116,221
"Os11g0571900",817,1009,896,866,1097,922
"Os11g0146200",417,203,490,520,461,373
"Os11g0202400",70,55,54,51,20,29
"Os11g0630300",134,186,146,110,66,226
"Os11g0631800",18,27,19,32,31,69
"Os11g0197600",122,76,55,74,50,80
"Os11g0173900",230,108,97,269,363,472
"Os11g0700900",252,122,139,105,18,79
"Os11g0615000",788,718,595,660,625,501
"Os11g0270700",9,18,22,48,41,31
"Os11g0691500",1855,6055,1578,2854,2461,3954
"Os11g0558200",580,453,615,756,847,1150
"Os11g0113300",2230,2890,2156,2221,2246,1770
"Os11g0704600",1204,1229,987,1161,938,1278
"Os11g0216100",1744,1967,2291,3818,5315,4925
"Os11g0550500",1294,1514,1061,1110,1158,900
"Os11g0210600",3,100,22,24,7,2
"Os11g0265500",288,382,272,280,335,261
"Os11g0199600",1660,1733,1511,1758,1847,2087
"Os11g0144500",2,12,6,18,14,10
"Os11g0592300",57,21,26,42,39,117
"Os11g0150450",21,12,55,42,64,85
"Os11g0425300",9058,7812,7113,10200,10352,10475
"Os11g0661101",540,515,595,572,486,531
"Os11g0618300",85,79,53,117,56,69
"Os11g0151500",10,8,7,32,0,25
"Os11g0117700",1377,1279,1012,1069,1051,993
"Os11g0183800",396,433,462,515,513,543
"Os11g0233201",3,1,4,12,27,21
"Os11g0620500",13,14,8,12,12,10
"Os11g0256400",2295,2212,2226,2041,2429,2198
"Os11g0631900",50,43,85,45,74,54
"Os11g0118500",19,10,25,39,33,49
"Os11g0170400",2244,1869,2342,2321,2559,2471
"Os11g0691400",572,2140,633,1136,1064,1413
"Os11g0141000",1252,1403,909,873,898,731
"Os11g0161100",216,187,181,156,106,193
"Os11g0690154",390,708,531,263,15,13
"Os11g0587600",17704,20665,10346,5765,1242,299
"Os11g0260100",390,340,311,280,228,143
"Os11g0127900",5105,5727,5051,5355,6251,5504
"Os11g0455800",6210,8378,6957,7787,6572,5748
"Os11g0150632",78,71,150,100,147,142
"Os11g0133900",174,244,197,267,213,269
"Os11g0594200",1216,1088,953,1247,1053,957
"Os11g0688832",110,83,54,56,53,79
"Os11g0184900",4069,3551,3762,4495,2998,4074
"Os11g0158832",2466,2530,2168,2008,2515,2437
"Os11g0645200",177,118,103,277,252,247
"Os11g0648000",2587,2395,1727,1592,1516,1656
"Os11g0708400",328,260,225,333,279,330
"Os11g0280600",83,151,122,145,188,102
"Os11g0156600",4610,8006,5268,3383,2550,1405
"Os11g0247300",3116,5626,4217,3360,3642,3137
"Os11g0614400",138,81,180,65,45,13
"Os11g0212900",23,4,8,18,12,2
"Os11g0533000",57,43,25,66,57,73
"Os11g0153600",3078,2337,2238,3297,4127,3880
"Os11g0184800",826,426,418,336,8,255
"Os11g0122150",1,4,10,10,12,7
"Os11g0220700",296,266,258,248,265,274
"Os11g0456200",181,214,153,212,212,223
"Os11g0160400",95,90,84,88,18,0
"Os11g0116400",360,252,187,359,278,496
"Os11g0610700",1499,1395,1127,1128,1072,1105
"Os11g0482400",1165,1120,1160,2030,2312,2102
"Os11g0450050",198,221,143,259,213,282
"Os11g0151600",928,787,933,858,1146,1031
"Os11g0446500",2580,2466,1870,1928,1668,1743
"Os11g0157300",91,102,157,198,171,184
"Os11g0695800",359,468,262,328,385,343
"Os11g0607900",145,118,34,12,4,0
"Os11g0661300",322,278,319,343,681,719
"Os11g0242700",359,345,280,403,321,286
"Os11g0296500",2511,1949,1990,2207,2235,2345
"Os11g0481500",232,314,402,416,876,826
"Os11g0493700",10,5,22,21,30,20
"Os11g0150200",108,80,102,115,128,175
"Os11g0305300",423,354,459,622,546,492
"Os11g0585700",935,867,619,713,832,767
"Os11g0182900",15,20,24,186,549,905
"Os11g0620100",420,688,512,702,648,754
"Os11g0592900",15,15,23,29,23,235
"Os11g0256050",981,959,783,792,870,687
"Os11g0293300",135,62,90,68,84,106
"Os11g0124900",14,10,8,10,4,14
"Os11g0629500",909,1094,918,1062,893,1211
"Os11g0490800",803,751,775,788,702,751
"Os11g0425800",3611,3071,3350,3921,4429,4452
"Os11g0161200",21,13,10,14,14,29
"Os11g0676050",38,79,44,36,76,41
"Os11g0665600",1697,2208,1105,1073,1045,1021
"Os11g0543800",1176,1156,1109,1075,1323,1240
"Os11g0602900",717,698,570,656,791,750
"Os11g0657850",55,40,49,65,31,35
"Os11g0163600",1006,953,899,1186,1193,1473
"Os11g0485500",1302,1601,1743,1818,2589,2323
"Os11g0568700",5951,6892,4868,4940,5566,5571
"Os11g0552000",101,96,54,50,63,50
"Os11g0487700",67,115,80,126,162,124
"Os11g0226800",892,817,758,714,685,686
"Os11g0608000",1323,1257,1307,1319,1849,1578
"Os11g0173550",19,24,8,14,5,2
"Os11g0629566",118,157,89,101,92,104
"Os11g0205500",3826,4045,3592,4671,5343,5094
"Os11g0149100",9,4,4,26,23,26
"Os11g0195100",784,570,617,926,855,789
"Os11g0558900",1248,2059,917,971,902,436
"Os11g0287000",137,176,172,280,379,356
"Os11g0672400",57,35,36,32,34,49
"Os11g0127600",381,626,427,303,233,128
"Os11g0574333",252,208,236,226,232,226
"Os11g0119311",37,74,54,68,80,65
"Os11g0579700",528,672,578,648,608,678
"Os11g0696200",343,318,220,466,559,748
"Os11g0110901",681,836,588,883,853,951
"Os11g0703900",98810,109826,110509,164122,182990,159459
"Os11g0618850",94,90,101,138,103,67
"Os11g0106800",74,39,37,33,44,28
"Os11g0539700",71,62,77,101,77,107
"Os11g0579300",13,30,21,22,24,37
"Os11g0660300",80,95,97,69,98,127
"Os11g0140400",1149,1006,1028,759,915,849
"Os11g0456300",3779,4259,3250,3329,3812,3930
"Os11g0263000",357,527,386,539,578,585
"Os11g0474100",2036,3148,3402,3414,4852,5250
"Os11g0546200",223,218,200,217,223,217
"Os11g0549655",350,254,252,336,314,340
"Os11g0245000",53,45,30,51,62,42
"Os11g0683500",882,765,422,960,1175,656
"Os11g0691800",152,157,146,170,162,156
"Os11g0250000",3422,3748,3278,3502,4009,3276
"Os11g0550900",488,574,419,533,499,591
"Os11g0484400",878,966,648,768,759,794
"Os11g0629582",10,13,11,4,11,2
"Os11g0551350",179,233,176,208,185,206
"Os11g0527300",44,29,43,59,44,61
"Os11g0239500",106,126,114,98,180,116
"Os11g0536800",1539,1854,1331,1270,954,802
"Os11g0180000",12,14,14,2,2,0
"Os11g0302900",280,254,246,244,177,235
"Os11g0163500",28,44,47,24,36,36
"Os11g0528400",43,28,36,47,0,28
"Os11g0167800",2629,3032,2233,3691,4879,6437
"Os11g0294800",6,6,8,18,34,18
"Os11g0622200",17,10,9,13,21,10
"Os11g0132000",398,399,265,402,398,522
"Os11g0690066",456,954,655,352,42,6
"Os11g0595200",754,1024,769,827,822,671
"Os11g0220300",210,314,326,458,733,587
"Os11g0140700",2095,1561,1940,2639,3039,3246
"Os11g0707300",17,25,17,28,29,36
"Os11g0184100",554,561,555,704,662,664
"Os11g0147150",268,119,84,69,20,78
"Os11g0614900",1827,1584,1716,1759,2456,2391
"Os11g0660400",2176,2164,2411,2915,3511,3687
"Os11g0129600",245,209,197,166,159,126
"Os11g0707800",526,914,603,529,411,485
"Os11g0258500",18,31,14,6,7,8
"Os11g0157400",353,412,254,258,227,221
"Os11g0661400",4154,3991,3334,3619,3601,3279
"Os11g0474400",180,152,212,220,216,221
"Os11g0127800",440,315,451,1629,1997,2005
"Os11g0481150",17,20,28,21,21,9
"Os11g0109900",642,423,335,557,401,540
"Os11g0303200",1796,1843,1777,1872,1600,1481
"Os11g0118400",26,19,13,40,30,37
"Os11g0132600",873,710,547,661,575,581
"Os11g0170200",490,533,334,616,560,654
"Os11g0515500",3009,3020,2239,2159,1966,2036
"Os11g0578100",214,236,210,236,206,217
"Os11g0664500",579,660,560,450,330,325
"Os11g0145400",1988,2548,1954,2533,2767,2748
"Os11g0549650",767,785,577,557,556,508
"Os11g0492100",187,322,179,251,308,380
"Os11g0600700",2818,3826,2674,2676,2043,2153
"Os11g0138350",58,37,37,48,34,57
"Os11g0481200",1207,1258,861,1106,888,1040
"Os11g0578000",23,6,14,22,13,42
"Os11g0213700",985,1007,749,607,315,378
"Os11g0175800",269,272,352,316,427,362
"Os11g0101200",789,630,646,668,758,666
"Os11g0457700",20,20,31,22,9,13
"Os11g0507200",36,11,10,14,2,24
"Os11g0686500",1411,1458,1212,1252,1416,1120
"Os11g0591400",6,2,4,17,22,11
"Os11g0185800",26,20,30,69,57,35
"Os11g0625900",1883,1174,1042,689,876,855
"Os11g0486000",523,563,472,530,646,595
"Os11g0169600",931,992,902,983,1274,1200
"Os11g0121400",118,57,80,72,96,55
"Os11g0668800",53,54,45,47,59,45
"Os11g0170000",49,73,42,88,63,60
"Os11g0621400",914,1025,944,1604,1918,2058
"Os11g0207600",64,78,52,40,26,18
"Os11g0152500",14,10,1,15,6,12
"Os11g0477400",136,114,71,94,70,33
"Os11g0128700",198,145,122,146,129,141
"Os11g0180300",458,489,507,657,530,537
"Os11g0234100",77,77,94,107,58,68
"Os11g0130200",82,138,106,58,111,60
"Os11g0161000",827,965,798,701,606,623
"Os11g0704000",306,311,232,183,122,122
"Os11g0473000",999,1196,860,984,566,660
"Os11g0540800",27,105,70,95,65,54
"Os11g0685200",543,487,492,553,534,503
"Os11g0555866",18,21,20,12,10,13
"Os11g0620450",11,4,5,4,10,20
"Os11g0175500",212,225,195,216,191,216
"Os11g0213600",147,179,106,138,154,130
"Os11g0297800",41,25,49,86,100,49
"Os11g0145200",325,308,367,567,559,462
"Os11g0115350",1940,1024,2593,2302,1772,2029
"Os11g0586300",535,454,375,802,616,881
"Os11g0177200",247,320,238,182,221,298
"Os11g0204500",13,45,42,20,20,32
"Os11g0173500",4039,4647,3281,3854,4202,3935
"Os11g0140600",1463,1924,1641,1666,1813,1876
"Os11g0229333",229,170,129,140,224,138
"Os11g0186200",14013,15105,11055,9445,8546,6875
"Os11g0151400",87,90,128,82,82,70
"Os11g0153100",135,149,185,171,395,362
"Os11g0213800",280,281,178,223,71,101
"Os11g0242500",74,80,56,66,60,72
"Os11g0177400",66,68,61,99,163,216
"Os11g0237300",20,32,28,34,42,54
"Os11g0432400",416,222,537,812,1000,1058
"Os11g0111000",84,134,127,168,194,174
"Os11g0695900",920,767,769,720,805,823
"Os11g0441500",1001,1208,803,678,323,329
"Os11g0107500",2561,2898,2457,3158,3400,3473
"Os11g0631825",46,30,41,47,32,48
"Os11g0149300",75,49,62,72,40,73
"Os11g0549675",738,1139,925,1238,1448,1343
"Os11g0615100",404,511,377,590,574,469
"Os11g0544300",255,233,200,287,224,284
"Os11g0297000",232,305,249,418,440,439
"Os11g0475500",675,903,1063,1014,1539,1195
"Os11g0602200",5427,5169,4115,4451,3797,3842
"Os11g0137200",576,646,508,484,395,379
"Os11g0105400",571,529,524,536,419,397
"Os11g0246600",140,93,91,117,135,123
"Os11g0295000",784,833,801,816,1153,1101
"Os11g0173366",271,179,317,284,268,183
"Os11g0213900",160,145,92,133,128,134
"Os11g0113100",1497,1415,1086,1648,1069,1235
"Os11g0233400",70,45,79,102,113,131
"Os11g0209200",20,17,22,20,13,6
"Os11g0670800",86,76,76,72,64,82
"Os11g0119100",254,137,335,475,452,727
"Os11g0516000",5190,6550,4599,3732,2898,2246
"Os11g0181500",3190,3419,2519,2327,2235,2344
"Os11g0166450",5,19,11,3,12,16
"Os11g0167300",258,224,126,209,172,192
"Os11g0104150",1309,1054,1262,1297,1084,1282
"Os11g0303500",4159,3241,2973,2899,2337,2511
"Os11g0702400",319,1089,561,499,167,101
"Os11g0661000",1011,931,807,1025,960,1043
"Os11g0172300",82,98,54,100,83,173
"Os11g0106083",216,317,196,116,66,33
"Os11g0116550",263,149,204,248,269,324
"Os11g0579200",50,77,75,55,24,40
"Os11g0189600",33,13,6,18,16,12
"Os11g0704500",924,1315,678,799,497,422
"Os11g0587500",138,137,93,115,111,165
"Os11g0438700",1012,699,1465,1750,2695,3090
"Os11g0213000",56,52,44,81,42,15
"Os11g0206600",81,22,58,65,73,81
"Os11g0704300",212,182,161,181,110,151
"Os11g0676500",91,166,47,155,51,21
"Os11g0619000",50,72,59,82,51,41
"Os11g0517400",113,86,78,183,113,224
"Os11g0207100",5542,5269,5192,5509,6178,6421
"Os11g0131700",47,53,40,41,36,38
"Os11g0294600",2382,2946,2089,2304,1719,1656
"Os11g0222900",275,278,221,343,599,385
"Os11g0677500",851,660,692,829,959,803
"Os11g0112050",18,36,22,35,32,37
"Os11g0590700",616,809,526,654,731,746
"Os11g0557900",434,518,495,561,453,450
"Os11g0104900",6585,7035,5129,5889,4401,5228
"Os11g0433800",189,150,127,183,175,141
"Os11g0249000",66,38,61,61,12,11
"Os11g0671000",8229,9792,9412,9917,16512,11725
"Os11g0520500",380,495,383,254,247,298
"Os11g0602750",219,96,93,58,24,52
"Os11g0536000",173,309,177,145,85,64
"Os11g0252400",238,311,238,222,328,315
"Os11g0151300",2047,2324,1944,2466,2262,2100
"Os11g0546000",6552,5676,4908,4693,4919,4422
"Os11g0312220",7,18,20,13,16,16
"Os11g0158500",946,999,686,964,811,844
"Os11g0590400",33,41,31,31,55,16
"Os11g0271100",41,69,59,51,49,48
"Os11g0549469",29,50,37,23,45,17
"Os11g0545000",2424,2565,1719,1971,1626,1784
"Os11g0591100",6693,7106,5454,5550,4879,4259
"Os11g0465200",120,103,107,193,145,204
"Os11g0130300",86,61,52,47,48,64
"Os11g0227000",1191,1960,1472,1398,1620,1396
"Os11g0565300",14,12,13,16,16,13
"Os11g0684700",1662,1815,1502,1321,1740,1219
"Os11g0168300",3458,3479,2801,3588,3540,3362
"Os11g0470600",89,154,217,174,271,271
"Os11g0672300",10695,13743,9324,9499,8463,6661
"Os11g0683600",40,35,15,24,34,23
"Os11g0475200",492,809,506,302,148,95
"Os11g0567600",76,22,151,111,181,152
"Os11g0533500",2133,2116,1877,2042,2233,2186
"Os11g0194900",1212,1252,1084,1178,1250,1062
"Os11g0655800",1807,1866,1599,1497,1405,1346
"Os11g0117400",513,641,845,443,102,340
"Os11g0148800",304,236,300,411,418,431
"Os11g0581900",107,66,58,14,16,16
"Os11g0199700",3495,4020,2910,2718,2529,2664
"Os11g0276300",1143,1156,948,1185,1330,1274
"Os11g0677101",232,645,432,337,789,267
"Os11g0275200",150,262,110,158,84,56
"Os11g0692000",329,312,271,336,479,415
"Os11g0592100",650,1049,737,959,590,292
"Os11g0202500",45,37,86,70,109,95
"Os11g0417300",491,458,482,494,577,534
"Os11g0294300",201,182,127,165,195,172
"Os11g0586900",495,646,469,499,464,741
"Os11g0120100",148,121,172,359,394,408
"Os11g0222200",60,34,32,36,29,30
"Os11g0127700",2899,2944,2242,2276,1917,2024
"Os11g0200000",13,16,7,11,27,30
"Os11g0148101",145,87,143,127,101,110
"Os11g0576975",28,36,30,49,49,48
"Os11g0606800",70,61,42,61,61,79
"Os11g0103800",935,807,831,1038,1187,1013
"Os11g0526800",977,959,805,1097,1029,988
"Os11g0256200",310,263,231,292,244,228
"Os11g0161700",452,609,271,422,235,363
"Os11g0240900",673,566,422,606,589,602
"Os11g0516100",517,670,403,596,468,516
"Os11g0572800",121,98,108,102,66,118
"Os11g0170900",274,350,69,333,515,17
"Os11g0703600",36,46,78,59,36,28
"Os11g0242100",1292,1626,1159,1211,1004,974
"Os11g0463700",48,12,60,108,108,106
"Os11g0582700",189,181,163,158,119,151
"Os11g0140300",22,20,4,16,16,14
"Os11g0245800",748,679,808,844,794,696
"Os11g0707900",107,86,71,70,108,113
"Os11g0659400",312,247,271,299,250,254
"Os11g0610900",1283,1086,1145,1802,1621,1513
"Os11g0246250",2,5,3,18,19,38
"Os11g0657100",2074,1567,1709,2303,2636,2577
"Os11g0200600",75,47,43,32,81,65
"Os11g0699532",4,18,15,78,39,92
"Os11g0209700",3112,3124,2529,2844,2748,2880
"Os11g0552100",10,10,17,10,24,18
"Os11g0116300",2489,4527,2134,1908,419,184
"Os11g0153400",8,14,22,11,19,17
"Os11g0168600",773,1247,742,644,778,632
"Os11g0140100",119,149,81,114,141,90
"Os11g0432900",3191,3801,2427,3132,2502,1855
"Os11g0572500",6186,5760,5280,5799,6242,5716
"Os11g0702501",55,100,70,58,32,64
"Os11g0609600",32,3,23,18,19,25
"Os11g0103400",276,186,293,330,550,404
"Os11g0702100",129,19,10,0,6,4
"Os11g0210000",26,28,16,19,30,30
"Os11g0670700",110,133,122,159,102,127
"Os11g0701700",287,352,431,788,1051,1192
"Os11g0438400",1106,1003,1001,1164,971,1073
"Os11g0265200",1624,1647,1238,1425,1557,1496
"Os11g0227200",4082,4190,2882,2742,2875,2295
"Os11g0171800",566,449,297,548,420,466
"Os11g0530600",182,18,39,28,7,4
"Os11g0210500",56,32,42,8,10,26
"Os11g0135400",124,109,86,88,62,72
"Os11g0417266",14,12,10,2,6,15
"Os11g0166201",62,52,74,132,175,169
"Os11g0692400",156,312,285,384,683,642
"Os11g0109700",54,84,110,62,136,123
"Os11g0618600",83,76,80,100,118,43
"Os11g0608300",92,72,30,24,3,2
"Os11g0644600",2219,2083,1811,2969,3115,3026
"Os11g0210100",20,30,9,10,0,4
"Os11g0649600",80,118,99,62,46,65
"Os11g0118200",183,188,165,149,159,181
"Os11g0707100",2,5,6,10,10,21
"Os11g0125900",35,32,39,57,83,107
"Os11g0233800",2,0,8,16,18,15
"Os11g0655700",58,51,34,42,25,24
"Os11g0649300",33,24,18,60,13,30
"Os11g0603000",18,42,25,32,23,2
"Os11g0146700",1645,1795,1572,1752,1793,1915
"Os11g0116500",27,20,28,27,16,37
"Os11g0226301",447,566,411,456,318,314
"Os11g0256100",65,18,50,93,38,47
"Os11g0264700",1372,1403,1217,1051,1427,1390
"Os11g0106400",119,147,76,105,133,99
"Os11g0661200",560,429,562,579,669,706
"Os11g0154500",178,180,184,250,182,239
"Os11g0202300",3794,3022,5391,4381,5604,4122
"Os11g0161166",29,86,35,12,8,18
"Os11g0550300",343,317,223,303,245,222
"Os11g0117300",83,148,105,107,101,141
"Os11g0112800",2411,2245,1559,1874,1639,1662
"Os11g0211300",247,275,227,153,84,42
"Os11g0139500",1339,1463,1253,1580,1636,1708
"Os11g0110000",343,380,233,245,199,223
"Os11g0708500",53,132,72,118,184,133
"Os11g0666200",1895,2675,1701,1087,490,330
"Os11g0604600",1765,2123,1668,1629,1528,1395
"Os11g0120600",93,79,105,107,94,138
"Os11g0293900",1987,2151,1483,1717,1513,1457
"Os11g0210201",2084,1849,1042,773,360,607
"Os11g0269700",35,14,30,12,19,34
"Os11g0206700",2422,2394,2099,2314,2198,2159
"Os11g0506150",0,0,3,12,14,16
"Os11g0567800",283,403,456,386,490,479
"Os11g0531700",304,353,252,261,237,373
"Os11g0663100",71,95,71,11,2,0
"Os11g0538900",1245,1261,1018,1097,1041,962
"Os11g0134500",1055,726,700,743,566,639
"Os11g0557300",512,410,402,391,389,420
"Os11g0549670",103,142,122,163,138,179
"Os11g0205900",197,144,125,165,131,159
"Os11g0265900",875,1123,653,678,525,404
"Os11g0550100",179,202,174,200,210,181
"Os11g0266500",1846,2141,1739,1353,1270,1051
"Os11g0642900",43,25,11,15,2,24
"Os11g0264500",306,174,1622,795,1400,900
"Os11g0704700",1945,1963,1866,2092,2085,2354
"Os11g0151002",13,0,15,18,28,23
"Os11g0602300",80,76,62,118,98,98
"Os11g0494100",39,27,63,30,70,47
"Os11g0116600",3,12,44,31,23,42
"Os11g0592200",264,38,21,102,10,46
"Os11g0569600",414,249,591,280,470,343
"Os11g0285000",30,11,39,23,54,55
"Os11g0162900",517,716,461,740,911,738
"Os11g0167500",686,474,755,868,1317,1278
"Os11g0160500",2243,2472,2062,2606,2714,2501
"Os11g0297900",378,475,380,444,426,440
"Os11g0633600",30,22,22,32,12,20
"Os11g0209100",61,43,30,51,43,41
"Os11g0298000",16,50,33,16,88,66
"Os11g0242400",3627,3079,3720,4372,5287,5387
"Os11g0175400",367,396,328,231,202,168
"Os11g0177750",24,16,25,28,30,52
"Os11g0132700",1863,2052,1426,1555,1269,1320
"Os11g0133800",111,140,79,104,52,78
"Os11g0549690",271,272,245,307,283,366
"Os11g0652100",10,10,11,18,4,4
"Os11g0572301",62,72,64,67,65,73
"Os11g0103100",59,76,59,59,59,83
"Os11g0517800",126,58,99,130,98,255
"Os11g0692500",30,22,22,28,38,29
"Os11g0245200",76,187,51,88,71,41
"Os11g0696600",4869,4571,5843,6362,8203,7566
"Os11g0199200",11932,11842,7516,7306,4332,4475
"Os11g0695000",243,204,337,536,806,754
"Os11g0267100",138,148,118,113,131,110
"Os11g0568600",1588,1525,1376,1462,1626,1541
"Os11g0209502",52,50,51,43,29,19
"Os11g0639000",552,640,491,562,526,488
"Os11g0640800",110,157,126,115,103,120
"Os11g0641200",1740,1709,1783,1830,2068,2031
"Os11g0548600",189,383,181,169,109,75
"Os11g0161800",455,444,281,295,182,224
"Os11g0172150",279,180,151,89,140,147
"Os11g0634500",1594,1352,1248,1493,1096,1363
"Os11g0544700",1786,1883,1674,1665,1814,1748
"Os11g0429200",190,237,144,230,154,142
"Os11g0264200",799,988,790,808,538,644
"Os11g0143300",310,784,485,2555,467,274
"Os11g0208000",6,12,24,20,39,34
"Os11g0207400",1129,1608,1078,910,604,351
"Os11g0276100",31,30,16,12,62,61
"Os11g0114700",2682,2710,2252,2115,2290,2138
"Os11g0527250",24,16,8,24,20,17
"Os11g0146800",341,360,303,542,462,555
"Os11g0302700",936,1030,846,722,792,969
"Os11g0218100",336,430,382,392,392,323
"Os11g0555300",63,74,63,95,85,57
"Os11g0685500",362,279,307,385,425,244
"Os11g0139800",1136,1250,1020,1072,859,891
"Os11g0229400",2229,2521,1801,1454,1115,1052
"Os11g0660000",1385,1367,1080,1279,1159,1282
"Os11g0637501",980,1157,1015,1227,1051,1033
"Os11g0237900",221,173,136,127,108,71
"Os11g0535600",343,570,341,391,377,434
"Os11g0158400",6753,6715,5977,4204,3239,2694
"Os11g0611600",293,326,287,383,389,281
"Os11g0108800",226,226,170,133,145,130
"Os11g0679700",176,8,20,6,14,24
"Os11g0129800",285,307,284,208,222,251
"Os11g0147000",280,244,215,204,196,202
"Os11g0546900",2837,2956,2238,2409,2124,2268
"Os11g0444000",51,19,53,22,65,41
"Os11g0471100",1009,1221,839,1636,1642,1570
"Os11g0636900",2891,2668,2591,3279,2850,3075
"Os11g0621825",56,82,79,44,94,51
"Os11g0687800",53,68,50,58,32,52
"Os11g0168100",100,118,84,70,77,74
"Os11g0209450",18,12,11,3,18,26
"Os11g0672200",40,50,42,23,26,12
"Os11g0657200",291,332,256,324,370,300
"Os11g0689500",23,19,13,43,9,23
"Os11g0114300",103,94,70,75,39,8
"Os11g0472500",2567,2287,2053,2482,2302,2358
"Os11g0146000",40,35,62,76,75,81
"Os11g0128800",1370,1327,1066,1290,931,1034
"Os11g0479100",34,11,21,33,32,26
"Os11g0197400",579,401,540,730,815,981
"Os11g0484300",228,153,169,296,276,364
"Os11g0558500",802,1020,738,709,1075,1075
"Os11g0621500",1104,1298,1411,1536,2109,1649
"Os11g0668300",63,142,114,23,19,15
"Os11g0505300",27,4,119,76,323,269
"Os11g0668100",1352,1515,1268,1360,1514,1295
"Os11g0582000",1180,2042,963,718,112,101
"Os11g0635000",28,8,38,62,62,19
"Os11g0180200",4919,7010,4701,4263,3275,3014
"Os11g0602400",174,177,134,185,127,155
"Os11g0182200",1286,1387,1341,2278,3078,2452
"Os11g0140900",121,84,108,113,106,137
"Os11g0669100",2108,2717,2176,1909,2004,1787
"Os11g0151200",117,46,41,46,9,21
"Os11g0176200",907,707,742,903,896,957
"Os11g0592700",2502,2156,2398,2659,3241,3171
"Os11g0199801",840,1419,833,734,524,418
"Os11g0472000",2804,2978,2752,2917,3008,3043
"Os11g0150800",51,27,62,48,76,42
"Os11g0629200",2021,2211,1882,1847,2029,1454
"Os11g0275500",30,27,11,16,20,6
"Os11g0208600",19,46,18,21,56,55
"Os11g0448000",652,374,814,897,1444,1381
"Os11g0592000",1805,1177,747,1921,308,509
"Os11g0275000",47,94,68,95,115,90
"Os11g0308600",114,170,99,139,186,152
"Os11g0223400",698,889,662,690,831,591
"Os11g0633800",94,142,92,96,110,142
"Os11g0207200",7503,8597,8944,8505,8685,5779
"Os11g0226933",13758,17525,11930,10795,11735,8665
"Os11g0694600",9,24,16,14,24,27
"Os11g0126100",7,11,10,13,26,21
"Os11g0163800",290,355,256,277,306,293
"Os11g0249900",96,91,98,69,84,99
"Os11g0607100",120,103,78,97,100,68
"Os11g0573200",1569,1428,1392,1399,1631,1762
"Os11g0209600",43,70,71,78,120,100
"Os11g0676800",50,18,21,33,24,29
"Os11g0516800",267,100,105,251,119,407
"Os11g0102900",1185,1181,1211,1466,1372,1371
"Os11g0531300",1590,1395,1235,986,932,801
"Os11g0164900",26,72,56,58,24,129
"Os11g0570000",308,256,400,177,142,145
"Os11g0547000",55,61,38,10,16,36
"Os11g0303800",73,24,34,22,8,14
"Os11g0129500",17,12,15,15,12,7
"Os11g0100200",374,359,268,374,275,434
"Os11g0103700",961,954,734,917,770,893
"Os11g0605800",76,106,99,106,121,85
"Os11g0611100",52,54,39,44,93,39
"Os11g0276000",176,114,129,184,187,193
"Os11g0157200",814,997,930,1066,1284,1440
"Os11g0133600",1518,1893,1561,1671,1725,1687
"Os11g0216000",636,504,283,398,169,309
"Os11g0312340",220,182,161,227,240,245
"Os11g0216900",3043,3092,2225,3400,3163,3082
"Os11g0643700",1594,1260,1169,1124,1262,1189
"Os11g0705200",4024,5583,3894,3345,3196,2435
"Os11g0145700",65,56,42,52,31,23
"Os11g0626700",9388,7280,6167,10459,11395,7277
"Os11g0594000",878,1241,658,662,973,342
"Os11g0115800",823,1121,1089,1090,1209,1081
"Os11g0308100",3464,3614,3816,4027,4642,4226
"Os11g0550800",1193,1104,1011,1503,2080,1874
"Os11g0256300",2530,2314,2432,2397,2576,2650
"Os11g0115400",191,132,210,263,300,418
"Os11g0557000",89,70,77,107,166,179
"Os11g0271000",118,100,105,153,153,111
"Os11g0670100",31,24,11,11,8,16
"Os11g0201360",38,36,24,20,34,32
"Os11g0137100",236,262,212,247,235,192
"Os11g0136500",50,68,70,98,48,74
"Os11g0191400",10359,8918,8534,10601,13364,13643
"Os11g0618700",2754,2966,2459,2541,1983,996
"Os11g0549700",2278,2224,1983,2247,2281,2041
"Os11g0591800",55,8,26,20,6,4
"Os11g0525900",11,17,35,12,1,0
"Os11g0507400",15,10,3,12,16,21
"Os11g0557400",49,63,49,62,43,51
"Os11g0117500",155,668,788,282,62,86
"Os11g0524300",21,25,6,21,18,11
"Os11g0513900",322,63,94,245,177,607
"Os11g0116200",215,335,444,615,950,810
"Os11g0502700",720,724,708,372,348,457
"Os11g0689650",138,340,214,175,83,74
"Os11g0137500",17,30,41,66,20,37
"Os11g0258900",88,190,176,60,77,40
"Os11g0160100",1629,1103,783,916,645,761
"Os11g0598300",2,12,11,0,2,146
"Os11g0148200",163,62,74,119,84,121
"Os11g0312000",241,190,200,209,177,280
"Os11g0637800",2428,2387,2226,2381,2655,2367
"Os11g0222000",53,59,44,57,44,25
"Os11g0106700",19315,14078,9789,4607,5041,2535
"Os11g0459400",90,115,108,231,323,257
"Os11g0186400",1272,1117,1003,1066,1028,1066
"Os11g0256000",857,907,750,828,800,668
"Os11g0701500",114,147,68,86,70,34
"Os11g0629550",40,40,32,27,25,20
"Os11g0144900",177,181,201,204,129,139
"Os11g0118000",10,13,3,7,8,14
"Os11g0103000",126,141,184,200,239,277
"Os11g0414000",11055,10838,8847,9873,8529,9006
"Os11g0707700",460,807,461,597,664,568
"Os11g0678000",1150,909,963,921,1044,963
"Os11g0539800",3092,2945,2378,2529,2626,2436
"Os11g0518900",2911,1901,1768,2241,1803,2569
"Os11g0429433",146,128,138,159,189,154
"Os11g0691650",100,140,60,72,9,49
"Os11g0606400",3099,2726,2750,4095,5661,3444
"Os11g0549665",2749,3493,2533,2973,2531,2830
"Os11g0168200",5008,4802,3756,4561,3953,4237
"Os11g0539600",439,469,424,459,561,457
"Os11g0523700",0,0,14,16,27,44
"Os11g0573000",4514,3879,3380,3848,3477,3518
"Os11g0565400",1853,1864,1437,1656,1880,1776
"Os11g0262600",18,29,20,63,2,105
"Os11g0673000",122,108,111,86,121,135
"Os11g0121500",31,22,41,56,49,26
"Os11g0133100",63,101,17,95,83,54
"Os11g0246166",88,146,87,54,83,75
"Os11g0559533",78,100,81,134,90,123
"Os11g0706100",2048,1675,2172,2467,3180,2952
"Os11g0250600",10,30,11,11,8,7
"Os11g0544200",3120,2559,2789,3082,3537,3319
"Os11g0265000",15,16,16,18,12,11
"Os11g0684000",2516,2459,2457,1115,985,530
"Os11g0159000",1494,1495,1312,1418,1385,1178
"Os11g0104800",457,763,498,443,387,392
"Os11g0588600",5570,4551,5358,6828,8032,7720
"Os11g0147100",174,244,179,228,187,219
"Os11g0171700",146,193,136,168,389,465
"Os11g0592500",657,648,707,617,591,730
"Os11g0143600",6,17,2,17,4,10
"Os11g0694850",8,5,5,22,32,11
"Os11g0237700",1978,1577,1521,1773,1787,1087
"Os11g0112300",85,127,92,98,127,74
"Os11g0685600",297,299,230,291,396,190
"Os11g0565920",394,372,248,465,599,746
"Os11g0552500",4,40,18,14,10,16
"Os11g0109500",382,551,414,347,364,231
"Os11g0241900",3005,3020,2614,2936,3114,1939
"Os11g0549635",371,346,263,369,265,345
"Os11g0605100",5693,4640,7526,6692,11068,5680
"Os11g0689800",1635,2694,1935,2011,1841,1606
"Os11g0514100",12,14,8,14,1,12
"Os11g0585900",3229,3193,3223,3401,3828,3866
"Os11g0607000",64,98,93,89,121,66
"Os11g0153800",978,1103,814,922,860,990
"Os11g0156750",51,65,40,37,62,78
"Os11g0556132",103,93,87,95,52,77
"Os11g0247400",758,528,565,514,605,500
"Os11g0452400",1294,1602,1531,1328,1211,1239
"Os11g0155100",133,230,132,85,60,84
"Os11g0256900",11984,13914,10720,10802,14310,7742
"Os11g0109600",9,16,12,11,2,14
"Os11g0214001",352,270,287,280,219,240
"Os11g0515700",815,793,753,806,529,787
"Os11g0257800",131,122,166,95,239,246
"Os11g0447300",339,313,247,275,322,286
"Os11g0615600",98,147,118,125,129,84
"Os11g0668650",1122,1635,1204,652,204,196
"Os11g0292050",3063,2353,2582,2820,2872,2735
"Os11g0200950",127,128,171,153,158,158
"Os11g0112100",64,79,66,104,66,126
"Os11g0300400",247,212,226,257,275,238
"Os11g0559200",18,63,33,80,19,15
"Os11g0106200",9010,7703,9718,10616,12007,11913
"Os11g0488600",465,553,448,625,567,517
"Os11g0135000",23,57,32,13,22,2
"Os11g0136600",7,3,24,20,12,8
"Os11g0406945",9,9,7,18,11,10
"Os11g0618800",71,73,80,60,90,85
"Os11g0201299",18,13,8,18,11,10
"Os11g0111101",59,88,65,52,46,72
"Os11g0114800",50,38,63,44,42,59
"Os11g0208651",32,65,32,10,8,4
"Os11g0204800",1665,1516,1528,2632,2461,2529
"Os11g0630501",28,18,43,45,78,66
"Os11g0240800",521,465,536,820,906,584
"Os11g0130800",59,53,24,41,30,45
"Os11g0148400",1004,908,1065,1141,1293,879
"Os11g0604500",16,22,12,14,16,10
"Os11g0485200",1651,1296,1244,1226,1605,1548
"Os11g0227100",13815,18956,12108,11967,12023,10998
"Os11g0180600",32,56,45,38,12,31
"Os11g0170300",2203,1697,1702,1428,1363,1497
"Os11g0104050",322,439,339,311,368,392
"Os11g0448400",2457,1913,1908,2499,2522,2488
"Os11g0162000",1160,1339,1023,1230,1104,1021
"Os11g0102600",764,912,707,788,851,875
"Os11g0490900",2536,3388,2199,1434,828,552
"Os11g0433500",2635,2391,1920,1812,1723,1597
"Os11g0213733",38,16,14,18,0,2
"Os11g0515000",44,28,19,11,20,10
"Os11g0236200",175,154,240,233,447,513
"Os11g0198100",924,1033,808,670,490,514
"Os11g0670900",8,19,7,24,10,4
"Os11g0516400",236,184,156,185,143,228
"Os11g0605500",2600,2481,1722,1303,1126,1991
"Os11g0606300",131,169,181,228,226,125
"Os11g0237600",572,535,455,409,465,214
"Os11g0562100",1433,1110,1908,1854,2469,1881
"Os11g0307500",363,642,762,633,1028,912
"Os11g0433900",1102,1341,1016,1249,1084,1194
"Os11g0208900",600,476,552,938,820,987
"Os11g0658800",624,644,451,426,304,236
"Os11g0434800",78,91,136,110,223,209
"Os11g0667700",405,482,383,267,308,206
"Os11g0474800",8652,19247,9282,6345,803,156
"Os11g0568500",751,815,587,678,577,665
"Os11g0266000",1592,1732,1426,1434,1704,1665
"Os11g0549680",2151,2043,1957,2196,2228,2133
"Os11g0211200",106,141,99,122,142,154
"Os11g0687100",14,68,59,70,18,42
"Os11g0643100",112,57,136,13,0,0
"Os11g0139900",2594,3645,2969,3105,3009,2841
"Os11g0615800",115,159,65,90,81,65
"Os11g0544500",1384,1319,1345,1761,1649,1736
"Os11g0433200",4868,4661,3960,4015,4274,4044
"Os11g0444700",4924,6167,7054,9356,18058,14513
"Os11g0691280",24,57,21,41,9,33
"Os11g0482000",4562,5506,4636,4974,4929,4792
"Os11g0579900",128,133,74,61,53,47
"Os11g0664400",79,108,79,70,103,121
"Os11g0610600",128,202,169,240,281,205
"Os11g0220800",4113,4596,3532,3715,3275,3146
"Os11g0130100",1387,1187,1072,1220,1375,1247
"Os11g0232100",106,92,129,138,187,204
"Os11g0526900",398,350,429,554,660,563
"Os11g0250100",509,470,336,549,924,689
"Os11g0220100",55,18,61,92,147,102
"Os11g0544600",2450,1810,1904,2050,2254,2130
"Os11g0123500",146,125,91,127,81,100
"Os11g0308800",39,15,49,49,62,39
"Os11g0555600",27,36,24,57,32,38
"Os11g0697100",1142,827,830,1261,938,1285
"Os11g0173800",14,8,8,48,43,42
"Os11g0667000",76,157,109,73,84,40
"Os11g0219000",2015,1437,1773,2687,3010,2891
"Os11g0708100",9,8,12,18,9,22
"Os11g0481600",10,6,18,29,0,24
"Os11g0572100",3133,2952,2290,2441,2337,2328
"Os11g0109000",33,37,23,59,0,12
"Os11g0481301",31,32,24,28,37,78
"Os11g0244900",136,106,133,157,181,157
"Os11g0568800",50,23,38,37,77,53
"Os11g0170100",22,8,14,22,24,38
"Os11g0195500",3437,5390,4201,3282,3257,2622
"Os11g0235200",29,23,36,53,65,88
"Os11g0471300",25,8,45,57,118,126
"Os11g0524601",19,13,25,40,18,22
"Os11g0483950",38,56,82,40,60,53
"Os11g0141800",892,1839,1668,2106,3682,3777
"Os11g0546401",14,5,6,15,1,14
"Os11g0224900",1129,1254,841,778,659,489
"Os11g0582300",565,391,314,326,280,392
"Os11g0644800",1129,574,379,540,260,423
"Os11g0580800",2928,2822,2980,3746,3946,3754
"Os11g0182400",1547,1627,1603,1648,1731,1733
"Os11g0131200",485,325,296,580,458,465
"Os11g0133001",848,505,387,199,118,32
"Os11g0139100",255,244,203,243,227,225
"Os11g0554200",8,14,10,16,22,12
"Os11g0498400",771,789,652,828,1018,894
"Os11g0153500",100,115,88,126,256,252
"Os11g0156300",52,110,104,121,176,116
"Os11g0242200",23,35,40,18,17,8
"Os11g0118950",12,10,6,6,11,54
"Os11g0549900",549,465,347,355,363,351
"Os11g0229600",1446,1258,972,1236,691,821
"Os11g0479000",24,12,8,4,3,14
"Os11g0183900",6399,8386,5500,5041,2887,2872
"Os11g0129200",65,37,26,29,41,59
"Os11g0616200",528,554,551,479,452,538
"Os11g0134300",1263,896,669,753,743,862
"Os11g0686250",312,394,249,402,419,394
"Os11g0146500",318,419,257,421,296,328
"Os11g0191300",2103,2070,1790,2527,2913,3352
"Os11g0545800",407,353,262,317,203,191
"Os11g0261900",401,919,656,356,245,163
"Os11g0126900",581,445,339,353,330,209
"Os11g0646801",8,4,18,16,14,9
"Os11g0143200",11,14,23,26,50,10
"Os11g0125500",463,364,363,388,344,307
"Os11g0229300",175,187,109,140,165,129
"Os11g0157600",2054,2160,1637,1682,1941,1587
"Os11g0248466",111,127,116,128,165,163
"Os11g0233000",12,34,4,12,32,8
"Os11g0471200",25,21,30,70,114,87
"Os11g0417400",430,381,373,570,806,834
"Os11g0161133",215,266,151,132,60,61
"Os11g0460700",8,2,10,10,12,19
"Os11g0591200",12,14,11,14,8,9
"Os11g0131400",21,12,19,18,18,17
"Os11g0236932",44,66,22,80,72,78
"Os11g0579800",568,606,475,470,450,429
"Os11g0439300",538,497,383,680,595,595
"Os11g0121600",413,480,671,879,1400,1249
"Os11g0701600",32,46,8,78,79,18
"Os11g0525200",594,430,651,567,569,566
"Os11g0245900",141,240,143,243,214,200
"Os11g0498600",80,30,66,84,140,188
"Os11g0153300",665,769,580,557,542,537
"Os11g0131800",1403,1112,1382,1562,1438,1546
"Os11g0202600",210,190,239,192,251,327
"Os11g0267000",272,369,460,884,1287,1242
"Os11g0673900",7,2,4,12,14,53
"Os11g0655000",116,96,76,114,119,96
"Os11g0537400",17,19,11,10,8,6
"Os11g0606500",82,69,96,134,172,214
"Os11g0274700",45,101,8,70,34,47
"Os11g0123033",782,693,724,669,836,746
"Os11g0644500",24,4,38,32,107,152
"Os11g0137300",565,419,389,456,310,349
"Os11g0226201",1647,1391,1034,1075,1040,901
"Os11g0195600",141,109,77,69,71,54
"Os11g0133700",695,656,417,331,211,247
"Os11g0435300",54,54,38,51,40,56
"Os11g0633500",878,674,730,1111,904,1045
"Os11g0264300",3284,2766,2915,3217,3456,3568
"Os11g0223201",263,304,256,298,267,202
"Os11g0162700",1601,1780,1330,1587,1552,1535
"Os11g0482100",1281,1065,838,948,759,848
"Os11g0514500",2586,4449,1297,1007,282,215
"Os11g0248200",71,98,44,71,58,53
"Os11g0189900",394,353,425,353,422,377
"Os11g0708600",2566,2149,2311,2564,2672,2503
"Os11g0384789",74,96,142,97,106,135
"Os11g0648100",75,94,76,50,75,92
"Os11g0664800",368,670,544,319,101,64
"Os11g0601700",2803,3083,2681,1749,1957,1571
"Os11g0569300",23,22,20,28,5,24
"Os11g0525600",5543,4504,4894,5549,6429,6146
"Os11g0146550",19,20,10,10,14,4
"Os11g0148500",3858,3566,2898,3586,3211,3608
"Os11g0300600",9,17,2,46,31,21
"Os11g0584100",295,275,216,187,195,251
"Os11g0585100",82,94,94,80,97,136
"Os11g0235300",12,4,13,14,4,22
"Os11g0416900",677,473,722,2114,1274,7009
"Os11g0128300",235,345,246,180,84,60
"Os11g0485900",360,317,270,310,264,327
"Os11g0656100",45,51,28,47,57,78
"Os11g0147800",226,276,161,283,231,164
"Os11g0240600",219,187,181,136,186,132
"Os11g0521000",46,70,51,83,124,214
"Os11g0171500",3130,3191,2430,2016,1383,1546
"Os11g0543100",263,294,167,169,155,159
"Os11g0655900",66,261,185,178,153,48
"Os11g0693900",260,225,169,178,205,251
"Os11g0270500",7,2,5,11,25,16
"Os11g0473350",436,471,420,468,515,464
"Os11g0604900",958,885,1426,1561,1942,1164
"Os11g0549401",154,131,150,181,111,144
"Os11g0513500",119,28,58,44,52,115
"Os11g0249800",107,99,58,87,91,121
"Os11g0143500",271,343,280,316,169,219
"Os11g0685700",304,526,415,498,748,336
"Os11g0132501",826,678,748,937,986,858
"Os11g0145100",155,133,106,115,108,124
"Os11g0178800",227,547,249,244,103,107
"Os11g0174000",3852,4144,3343,3081,2563,2881
"Os11g0704550",135,161,235,299,357,353
"Os11g0136701",187,248,174,217,238,228
"Os11g0461000",46,23,84,76,147,144
"Os11g0439600",9,12,18,43,46,44
"Os11g0579400",71,125,162,104,98,63
"Os11g0697001",399,462,390,417,514,626
"Os11g0642800",2336,2057,1840,1907,1745,1730
"Os11g0100600",62,84,112,56,43,44
"Os11g0435400",18,13,10,16,41,59
"Os11g0549610",36,21,28,49,35,67
"Os11g0296800",3731,3612,3280,3570,3949,3716
"Os11g0311300",379,424,315,341,361,445
"Os11g0143400",95,132,75,96,42,64
"Os11g0267300",1830,1705,1301,1326,1160,1268
"Os11g0544000",921,747,1160,1836,2004,1996
"Os11g0648400",53,58,79,98,49,40
"Os11g0598500",590,663,556,703,892,506
"Os11g0138300",32,44,37,49,32,32
"Os11g0586100",2170,1566,1673,1775,1883,1579
"Os11g0473275",714,662,648,691,638,662
"Os11g0590900",13,31,18,44,66,68
"Os11g0638000",4621,4023,4175,5481,5921,5062
"Os11g0226550",110,121,114,115,104,102
"Os11g0488900",74,121,80,56,82,32
"Os11g0176100",2406,2585,2235,2527,2381,2449
"Os11g0635500",26,2,167,80,140,328
"Os11g0470500",31,36,24,50,56,42
"Os11g0311100",3502,3952,5202,5591,6975,6895
"Os11g0100100",573,600,417,717,544,544
"Os11g0551800",486,599,452,456,474,475
"Os11g0246900",3751,4042,3601,4436,5161,5489
"Os11g0703400",1570,1841,1151,1145,899,1028
"Os11g0463600",59,70,70,75,52,90
"Os11g0226700",690,751,552,645,656,573
"Os11g0106000",467,725,534,566,658,572
"Os11g0490300",19,27,18,26,36,34
"Os11g0123250",59,41,59,40,51,49
"Os11g0470966",300,274,315,438,438,406
"Os11g0130700",91,48,74,107,136,111
"Os11g0483600",1407,1336,1207,1110,1145,1063
"Os11g0225300",295,431,286,273,287,250
"Os11g0289700",99,12,49,42,32,47
"Os11g0209050",4,22,10,14,8,22
"Os11g0417132",82,51,57,123,88,115
"Os11g0286800",85,57,43,129,133,134
"Os11g0135900",414,189,206,174,117,140
"Os11g0672800",75,59,58,56,76,76
"Os11g0151700",450,134,463,565,1012,1289
"Os11g0523800",10536,8937,8494,10592,10749,12436
"Os11g0673200",12,8,17,21,0,8
"Os11g0429900",414,358,507,441,570,562
"Os11g0454300",1417,10,2,68,0,28
"Os11g0225000",499,661,519,352,454,326
"Os11g0283500",1391,2123,1349,1658,1330,945
"Os11g0251250",15,16,31,16,23,10
"Os11g0117600",17,123,225,145,46,310
"Os11g0427401",101,116,108,106,107,115
"Os11g0459600",16,23,14,37,38,37
"Os11g0139700",7779,7679,6531,7221,7070,4893
"Os11g0645600",58,39,33,34,74,54
"Os11g0309000",432,312,304,577,561,689
"Os11g0597400",38,25,31,45,42,84
"Os11g0116000",379,436,595,682,1289,1881
"Os11g0194800",571,758,552,708,631,583
"Os11g0528200",1382,1343,988,1067,722,865
"Os11g0479232",480,437,386,373,383,333
"Os11g0120300",20,18,30,20,36,54
"Os11g0671100",1791,1895,1807,1195,1429,1506
"Os11g0210300",3260,2337,1730,1745,1431,1672
"Os11g0531800",104,64,123,65,69,107
"Os11g0565000",480,445,385,464,616,421
"Os11g0435500",131,112,141,340,333,524
"Os11g0245100",617,951,580,526,436,307
"Os11g0186050",819,839,987,1061,1881,1802
"Os11g0497000",1964,1841,1542,1607,1647,1471
"Os11g0234300",20,13,15,16,25,17
"Os11g0671950",106,111,73,59,114,81
"Os11g0435301",60,78,39,75,170,117
"Os11g0113700",1514,1335,1532,1440,992,1192
"Os11g0217300",2409,2336,2220,2463,2665,2521
"Os11g0106900",50,17,18,25,29,16
"Os11g0536400",250,392,168,225,121,90
"Os11g0455500",17965,27304,18927,18566,9779,7459
"Os11g0114150",18,10,55,76,153,74
"Os11g0521900",2617,2975,2361,2708,3089,2807
"Os11g0642400",10,2,46,12,2,0
"Os11g0480000",92,107,91,122,128,99
"Os11g0153700",5125,4156,4338,6730,7250,7892
"Os11g0619500",412,467,367,546,648,426
"Os11g0137250",133,143,103,134,115,126
"Os11g0484700",23,37,4,2,6,26
"Os11g0514000",251,386,294,204,85,114
"Os11g0105800",491,559,634,675,659,714
"Os11g0572400",1101,1206,1050,1465,1566,1471
"Os11g0208850",40,49,36,50,44,40
"Os11g0206400",12,18,12,12,16,27
"Os11g0104220",31,41,27,33,29,29
"Os11g0569800",185,78,247,190,231,146
"Os11g0146100",54,76,73,57,109,54
"Os11g0438000",719,613,624,855,868,953
"Os11g0107450",197,189,200,190,166,167
"Os11g0243750",28,27,35,21,26,42
"Os11g0621000",1003,1149,902,609,485,361
"Os11g0433101",54,57,47,63,86,77
"Os11g0595100",4,4,14,14,14,20
"Os11g0112200",1062,803,558,263,143,102
"Os11g0503400",258,364,173,220,188,211
"Os11g0124500",316,397,240,188,189,206
"Os11g0583200",105,69,56,47,82,63
"Os11g0525700",440,350,335,563,736,878
"Os11g0307550",305,288,319,365,510,469
"Os11g0637100",6,0,2,13,12,21
"Os11g0155000",149,192,142,160,174,125
"Os11g0702600",11,13,19,27,17,16
"Os11g0110100",1244,1265,1230,1429,1516,1414
"Os11g0246100",402,444,368,436,379,502
"Os11g0264600",1368,1438,993,1054,825,924
"Os11g0207000",6124,6173,5643,5670,6083,5771
"Os11g0572700",3431,3056,3394,3976,5221,5317
"Os11g0152400",150,117,102,133,153,243
"Os11g0265400",1819,1837,1317,1585,1588,1323
"Os11g0107600",19,24,21,14,6,21
"Os11g0132400",736,744,747,738,681,609
"Os11g0541600",1462,2710,1897,2046,2265,1347
"Os11g0225100",1372,1445,1196,1167,1242,1208
"Os11g0528500",1982,1817,2203,2278,2926,2116
"Os11g0298400",2433,2095,1977,2239,2087,2304
"Os11g0186800",200,268,153,144,123,128
"Os11g0121300",213,390,255,197,140,67
"Os11g0526200",2629,2447,2445,2941,2903,3199
"Os11g0532600",675,508,475,540,494,551
"Os11g0639100",41,38,37,42,66,43
"Os11g0620400",195,153,161,177,169,155
"Os11g0473200",363,352,307,368,297,312
"Os11g0204100",18,6,8,11,22,26
"Os11g0660500",30638,36524,33027,39754,44897,40482
"Os11g0543500",425,211,904,1508,2814,2963
"Os11g0227800",15202,19511,12798,12769,13027,11580
"Os11g0546100",86,96,69,96,88,71
"Os11g0160550",48,34,42,89,97,70
"Os11g0181700",527,514,593,862,1050,1488
"Os11g0546300",455,373,354,325,344,333
"Os11g0522000",153,168,158,188,174,180
"Os11g0134232",208,123,73,83,72,108
"Os11g0160600",33,18,52,39,55,119
"Os11g0251200",37,42,59,30,43,61
"Os11g0128000",597,735,526,630,509,559
"Os11g0704800",581,543,326,287,106,86
"Os11g0575900",150,218,142,120,153,166
"Os11g0308432",108,118,70,175,167,192
"Os11g0533100",5283,4064,4401,5350,6330,5779
"Os11g0156401",118,109,94,94,100,79
"Os11g0138600",14,16,6,23,31,31
"Os11g0462500",26,8,30,30,44,39
"Os11g0569500",272,181,225,307,249,113
"Os11g0544100",55,55,54,63,109,106
"Os11g0226966",1220,1675,1007,852,846,692
"Os11g0572200",173,354,211,234,170,123
"Os11g0432800",193,262,199,382,373,253
"Os11g0532200",1030,1223,1222,1020,1130,1214
"Os11g0697600",4,4,6,37,29,11
"Os11g0491400",2169,2010,1878,2288,2257,2093
"Os11g0557700",215,242,194,181,208,180
"Os11g0657300",500,458,400,360,297,337
"Os11g0169100",571,701,592,524,610,616
"Os11g0600500",60,61,53,31,12,4
"Os11g0533800",1424,1242,1039,1481,1479,1591
"Os11g0141550",12,32,12,22,16,28
"Os11g0172133",5,6,20,11,13,8
"Os11g0479300",1470,1529,1213,1247,1260,1247
"Os11g0109800",35,27,28,44,59,22
"Os11g0258400",73,68,64,73,55,77
"Os11g0621200",23,28,9,34,5,7
"Os11g0148000",76,53,73,62,109,115
"Os11g0592800",1911,1482,1660,2310,2275,2011
"Os11g0707600",2129,1763,1668,2234,2291,1979
"Os11g0587000",145,99,96,108,139,164
"Os11g0545700",896,949,718,689,761,747
"Os11g0236000",366,384,262,325,292,296
"Os11g0130600",140,129,115,170,164,153
"Os11g0540600",660,1109,776,1029,1120,713
"Os11g0244800",1153,1172,1102,1311,1659,1503
"Os11g0118300",189,224,162,200,287,189
"Os11g0577700",18,6,8,18,16,16
"Os11g0637700",1853,1841,1480,1801,1795,2000
"Os11g0102200",8104,6285,7132,8096,8509,6958
"Os11g0693800",61,29,59,69,59,52
"Os11g0158300",51,66,63,42,48,33
"Os11g0166800",100,161,169,222,250,246
"Os11g0216300",11873,9915,9477,11624,13055,11947
"Os11g0229700",65,57,52,30,13,6
"Os11g0128600",4,26,14,20,28,14
"Os11g0213500",161,182,185,197,202,221
"Os11g0425600",1511,2188,1931,2208,2487,2436
"Os11g0163100",14539,16630,15713,18862,21701,20321
"Os11g0621300",3077,3793,2428,1881,1649,801
"Os11g0278300",127,212,125,164,337,212
"Os11g0623700",299,391,444,429,557,301
"Os11g0183700",2546,2721,2433,2405,2505,2327
"Os11g0205800",885,748,738,787,925,797
"Os11g0153900",289,305,247,296,243,322
"Os11g0175900",2578,2597,2321,2472,2540,2389
"Os11g0634200",3590,3555,3235,2959,3038,2102
"Os11g0605300",550,456,468,501,398,272
"Os11g0148700",1741,1745,1437,1655,1417,1547
"Os11g0614500",52,116,153,79,119,58
"Os11g0708000",2013,1950,2537,2514,3592,3505
"Os11g0166100",76,113,85,98,71,90
"Os11g0182100",86,86,87,52,56,40
"Os11g0423800",606,661,607,619,853,887
"Os11g0632200",84,64,79,74,124,119
"Os11g0117450",24,25,26,14,19,13
"Os11g0226400",239,230,214,297,227,259
"Os11g0209550",15,14,8,4,11,5
"Os11g0602500",131,107,124,107,93,90
"Os11g0441550",75,142,80,100,136,127
"Os11g0116900",411,404,259,352,228,323
"Os11g0482200",427,590,435,345,266,149
"Os11g0604700",245,276,188,217,165,147
"Os11g0578066",6,12,10,12,17,13
"Os11g0685400",167,166,218,197,234,188
"Os11g0484000",3654,3010,2815,4430,4822,5771
"Os11g0475000",944,1377,813,551,55,11
"Os11g0620000",545,568,438,482,514,613
"Os11g0508600",205,354,308,242,491,261
"Os11g0525800",152,173,122,141,94,116
"Os11g0597500",13,27,18,16,12,38
"Os11g0482901",35,33,16,17,4,0
"Os11g0703100",69,64,69,138,127,133
"Os11g0527700",10,16,20,14,24,4
"Os11g0234200",216,261,174,252,211,196
"Os11g0155600",9778,8971,6818,7574,4009,4358
"Os11g0444900",88,60,96,115,240,185
"Os11g0508301",38,25,49,54,31,43
"Os11g0147200",23,10,2,11,12,16
"Os11g0521500",3803,3876,3745,4371,5715,5030
"Os11g0156700",308,346,314,201,221,202
"Os11g0643800",35,28,20,23,11,29
"Os11g0142500",3552,2734,2461,2013,1792,1848
"Os11g0600600",321,672,238,365,314,220
"Os11g0180900",22,17,33,29,19,38
"Os11g0129700",56,64,179,69,28,14
"Os11g0588300",3705,3887,3118,2860,2776,2707
"Os11g0182500",650,928,431,655,609,1161
"Os11g0666000",41,53,38,36,39,38
"Os11g0628000",252,257,180,274,245,183
"Os11g0131300",197,218,157,167,213,210
"Os11g0302800",25,4,20,30,29,18
"Os11g0661900",2515,3552,2670,3169,3453,3294
"Os11g0593700",288,389,247,314,186,220
"Os11g0310100",232,216,224,267,196,263
"Os11g0127951",45,35,37,56,50,27
"Os11g0206200",102,83,75,82,55,90
"Os11g0568300",108,145,109,181,212,216
"Os11g0456100",4437,3540,4114,4662,5477,5024
"Os11g0108932",327,310,291,313,296,345
"Os11g0427500",4455,3461,4598,5088,5766,5523
"Os11g0629400",16,14,14,18,46,22
"Os11g0131100",134,172,91,152,240,297
"Os08g0538600",17540,13437,9554,15672,13583,18813
"Os08g0265500",3964,3902,2675,2878,2627,2353
"Os08g0543500",253,163,214,264,252,327
"Os08g0485600",2001,1961,1756,1916,2213,2021
"Os08g0556300",40,67,46,42,38,40
"Os08g0481100",1233,1306,922,918,846,670
"Os08g0384100",782,701,526,593,425,463
"Os08g0338900",1036,1112,877,894,820,917
"Os08g0547900",561,684,366,621,547,579
"Os08g0150150",1339,1362,1134,1421,1235,1296
"Os08g0498400",2097,2931,2696,1741,844,399
"Os08g0179900",7376,7816,6436,7333,8962,8055
"Os08g0531200",1031,728,830,902,993,978
"Os08g0193100",39,24,49,76,85,102
"Os08g0154250",20,14,9,12,11,4
"Os08g0282200",453,458,409,481,439,510
"Os08g0156600",1250,1309,1118,943,959,1061
"Os08g0290500",1285,1486,1231,1617,1918,1829
"Os08g0366000",960,876,653,880,619,921
"Os08g0101800",6297,10062,4220,6230,4526,4143
"Os08g0488700",441,448,367,570,646,553
"Os08g0403300",74,159,75,81,38,26
"Os08g0159900",3156,3035,2944,3446,3543,3646
"Os08g0188151",178,228,263,273,476,484
"Os08g0527400",35,34,10,30,16,13
"Os08g0233600",385,386,327,368,375,469
"Os08g0103900",34,39,12,77,10,55
"Os08g0413100",18,48,44,16,10,10
"Os08g0332100",48,42,58,128,181,192
"Os08g0326400",7226,8774,7414,8711,9447,8211
"Os08g0173300",141,178,281,134,108,102
"Os08g0462700",14,8,10,6,22,20
"Os08g0378250",32,14,18,21,38,22
"Os08g0564750",912,1431,1121,1795,1598,1610
"Os08g0113200",3483,3126,2357,2894,2737,2820
"Os08g0171000",366,239,219,329,313,394
"Os08g0203150",1234,2171,1361,1028,494,239
"Os08g0474800",19,9,10,10,10,2
"Os08g0561800",60,32,54,20,30,51
"Os08g0192900",550,536,379,476,545,628
"Os08g0324300",161,168,91,142,183,196
"Os08g0444100",1974,2243,1895,2098,1842,1898
"Os08g0555800",15,14,10,10,4,14
"Os08g0534400",154,92,102,126,138,146
"Os08g0138600",669,559,539,807,788,716
"Os08g0557400",1591,1545,1706,2390,2909,2834
"Os08g0527100",192,241,147,117,93,78
"Os08g0439900",38,45,27,32,35,41
"Os08g0512400",4350,4687,3830,3449,3669,3425
"Os08g0411200",599,364,483,628,679,892
"Os08g0557600",5242,3034,2018,3262,1385,2245
"Os08g0494200",16,6,21,16,5,9
"Os08g0139000",3930,4402,3352,3645,3915,3506
"Os08g0334900",94,45,18,33,0,16
"Os08g0116700",164,64,69,110,78,79
"Os08g0244400",479,447,387,431,449,465
"Os08g0493900",945,868,816,912,865,918
"Os08g0158800",170,185,232,182,164,207
"Os08g0207000",510,508,416,359,312,354
"Os08g0432000",419,324,320,429,435,501
"Os08g0549950",39,44,31,45,45,37
"Os08g0481950",1392,922,1093,1117,1343,1262
"Os08g0208400",1099,1044,998,1098,1053,987
"Os08g0359300",13,14,26,10,8,17
"Os08g0406400",1275,1229,819,819,549,739
"Os08g0256000",258,334,336,156,180,162
"Os08g0309300",961,1059,865,767,738,794
"Os08g0404900",19,15,7,14,0,24
"Os08g0300901",511,563,465,574,579,575
"Os08g0398400",1456,1424,1017,1207,1432,1280
"Os08g0530600",855,876,903,1040,968,996
"Os08g0528100",129,58,64,179,235,208
"Os08g0535050",1907,1532,1781,1715,2007,1973
"Os08g0238200",66,32,27,46,15,28
"Os08g0401100",103,120,115,121,124,129
"Os08g0191900",2707,2028,1865,2600,2744,2290
"Os08g0546400",144,81,58,151,83,122
"Os08g0421700",27,16,16,26,43,17
"Os08g0116900",168,98,188,271,340,322
"Os08g0481400",1795,2060,1897,2581,2979,2357
"Os08g0363800",203,167,135,148,141,163
"Os08g0553750",110,80,122,131,199,198
"Os08g0450700",1786,1288,1361,1653,1649,1535
"Os08g0191000",1660,1815,1407,1395,1653,1824
"Os08g0520200",52,71,78,83,123,116
"Os08g0532200",6115,5602,4357,5900,5601,5729
"Os08g0517300",3259,3313,2725,2749,2655,2416
"Os08g0127700",4272,4096,3690,4266,4173,4269
"Os08g0464400",776,967,885,816,1147,1175
"Os08g0149100",131,130,79,126,88,136
"Os08g0300300",199,228,209,273,570,474
"Os08g0516900",819,777,814,658,1377,1079
"Os08g0157400",176,187,198,347,296,357
"Os08g0235650",86,77,59,67,104,90
"Os08g0152600",804,719,573,649,556,528
"Os08g0113100",122,125,87,96,70,67
"Os08g0515800",1256,1338,1191,1675,2267,1977
"Os08g0526350",200,175,144,212,135,135
"Os08g0203800",148,205,189,189,224,238
"Os08g0514000",133,238,228,76,17,5
"Os08g0475000",7,0,12,26,28,12
"Os08g0187700",4371,4377,3426,3583,3803,3423
"Os08g0523600",361,391,292,314,327,314
"Os08g0126300",14347,12051,6590,8502,4580,5972
"Os08g0161500",170,217,209,278,277,247
"Os08g0440300",1684,2564,2154,2138,3011,2763
"Os08g0548900",2400,3644,2259,2346,2487,2510
"Os08g0412100",418,459,304,370,299,230
"Os08g0131000",65,46,54,57,76,100
"Os08g0335200",11,15,6,18,35,44
"Os08g0467500",28,8,8,30,11,12
"Os08g0331900",1721,1989,1811,691,344,149
"Os08g0524100",1060,839,731,799,899,1260
"Os08g0255500",4,15,11,17,20,18
"Os08g0369200",166,159,148,134,107,86
"Os08g0347500",960,883,1163,1269,1674,1443
"Os08g0113000",120,156,66,68,24,14
"Os08g0511500",453,580,607,565,680,765
"Os08g0451000",1041,1141,889,824,865,914
"Os08g0411500",108,77,97,94,85,79
"Os08g0200400",2884,3092,2566,2544,2299,2337
"Os08g0410950",16,7,3,13,6,14
"Os08g0503200",784,789,773,638,533,452
"Os08g0180500",1034,922,845,874,1034,913
"Os08g0167500",1185,1145,1277,1422,1801,1870
"Os08g0539100",6,18,12,14,8,16
"Os08g0556400",25,23,23,24,27,46
"Os08g0205300",162,155,159,146,137,163
"Os08g0154000",232,163,176,217,215,197
"Os08g0562200",6118,6795,4428,4929,3551,3875
"Os08g0152800",1126,1220,973,975,1009,810
"Os08g0512100",4,26,20,5,6,11
"Os08g0526300",11006,11138,11555,14954,17337,15750
"Os08g0343000",821,1277,567,608,230,195
"Os08g0525000",14,12,29,26,19,50
"Os08g0334300",15,28,25,14,15,21
"Os08g0519400",5904,6258,4369,4053,4491,3994
"Os08g0153225",23,20,32,37,25,58
"Os08g0521400",1354,1179,1134,1436,1515,1380
"Os08g0249501",167,212,124,227,175,192
"Os08g0520000",533,477,592,373,220,333
"Os08g0203300",315,267,378,314,489,253
"Os08g0299400",6,22,6,16,36,44
"Os08g0502800",1957,1701,1882,1830,2250,2136
"Os08g0386700",456,378,279,272,271,276
"Os08g0337700",1145,1460,958,995,852,864
"Os08g0246400",2019,2296,2396,3211,4069,4070
"Os08g0520400",276,289,214,253,214,230
"Os08g0561700",4419,4311,3568,4633,4181,4862
"Os08g0416250",24,32,14,29,25,36
"Os08g0111200",6585,10313,6051,4088,2608,1196
"Os08g0101600",197,249,202,224,224,240
"Os08g0376200",670,722,460,464,361,425
"Os08g0266600",193,271,217,281,295,304
"Os08g0345400",1991,1942,1648,2386,2435,2613
"Os08g0175200",3763,4169,2833,3723,3390,3646
"Os08g0138900",422,540,354,368,394,746
"Os08g0299200",140,266,183,235,193,244
"Os08g0137900",91,282,351,74,41,20
"Os08g0323000",2776,2629,1940,1999,1848,1744
"Os08g0517500",2881,2853,2801,2920,2777,2744
"Os08g0499900",537,521,453,541,653,609
"Os08g0484800",320,329,327,443,429,430
"Os08g0242900",163,179,135,139,167,120
"Os08g0440100",1754,2099,1697,1865,2398,1969
"Os08g0521800",3397,3201,3970,5225,7608,5942
"Os08g0242700",13178,11629,14054,16408,17501,20145
"Os08g0428300",116,46,142,157,157,217
"Os08g0537800",2875,3157,2762,3536,3855,3744
"Os08g0241600",659,606,422,471,470,557
"Os08g0120301",1640,1742,1636,1603,1420,1366
"Os08g0482700",16729,15527,17302,11085,12879,9612
"Os08g0116800",89,31,68,74,92,67
"Os08g0553800",3695,3470,4038,4419,4560,4666
"Os08g0527700",60,85,60,70,119,41
"Os08g0338600",638,770,610,600,575,672
"Os08g0408500",2790,3311,2616,2900,2257,2392
"Os08g0270500",898,792,917,1031,1174,1639
"Os08g0520850",676,720,849,1049,1448,1308
"Os08g0440200",337,295,258,279,271,333
"Os08g0344600",2497,2359,1989,1836,1571,1481
"Os08g0271400",60,51,24,32,42,59
"Os08g0478800",1264,1119,1047,1349,1378,1337
"Os08g0174000",49,59,12,35,0,0
"Os08g0277900",3229,3136,2562,2813,2874,2506
"Os08g0155900",179,196,79,133,16,126
"Os08g0240200",1998,1974,2019,1676,2051,1019
"Os08g0174800",10635,10226,10113,11479,12787,12586
"Os08g0152500",774,866,629,677,621,655
"Os08g0137100",2716,2767,2655,2833,2925,2968
"Os08g0336500",12,10,21,30,38,31
"Os08g0451500",8,12,10,8,11,37
"Os08g0556000",1288,1585,1008,1045,900,927
"Os08g0448900",35,22,34,45,26,37
"Os08g0467600",414,491,462,610,674,668
"Os08g0558600",2264,2615,1783,1732,1918,1828
"Os08g0201700",26,63,45,26,28,8
"Os08g0491200",420,353,275,355,291,300
"Os08g0174300",70,65,16,36,8,38
"Os08g0496600",26,31,1,11,2,4
"Os08g0223900",176,110,99,161,100,116
"Os08g0344300",2693,3020,2473,2572,2341,2205
"Os08g0562100",15046,13316,13138,15960,16539,15499
"Os08g0422800",128,158,156,187,185,244
"Os08g0538200",49,51,25,9,3,7
"Os08g0223833",1625,1284,1203,1404,1282,1344
"Os08g0162000",1726,2006,1409,1589,1190,1202
"Os08g0468400",36,29,28,22,18,14
"Os08g0121900",13,10,12,5,7,4
"Os08g0269500",58,105,64,128,89,64
"Os08g0478500",3085,2801,2631,2525,2793,2964
"Os08g0110400",1249,1638,1667,1920,2227,2099
"Os08g0100600",248,304,255,231,281,264
"Os08g0191433",43,25,38,49,48,69
"Os08g0307601",133,85,91,129,81,104
"Os08g0491000",286,211,167,178,167,173
"Os08g0104400",148,109,92,106,27,64
"Os08g0305000",541,459,645,854,1021,972
"Os08g0287800",1155,1103,1175,1155,1002,986
"Os08g0288200",2474,1998,2430,2687,3001,2853
"Os08g0542100",1415,1320,1314,1368,1512,1522
"Os08g0516000",1269,1130,951,1005,1011,923
"Os08g0417000",27,22,18,46,22,13
"Os08g0487800",2821,2291,1804,2254,1842,2066
"Os08g0143500",675,766,550,710,752,798
"Os08g0177700",1009,1165,826,1051,849,1029
"Os08g0223700",416,327,304,346,337,381
"Os08g0141300",13797,17672,11430,9895,10458,10011
"Os08g0464000",495,562,423,486,562,492
"Os08g0504500",615,393,764,852,1844,1913
"Os08g0558100",772,542,430,380,173,235
"Os08g0445500",75,87,56,122,78,83
"Os08g0202500",14,20,10,10,2,4
"Os08g0499300",942,722,946,3081,2480,2240
"Os08g0383700",699,773,589,658,575,537
"Os08g0216600",40,96,60,120,147,138
"Os08g0434000",56,93,42,65,47,63
"Os08g0472000",565,609,513,560,838,825
"Os08g0191700",8290,6436,3918,5524,3963,4905
"Os08g0272800",122,112,99,191,198,230
"Os08g0398700",3138,2642,1889,2336,2372,2283
"Os08g0472800",65,68,34,109,58,107
"Os08g0485700",4237,4418,4269,4153,5226,4545
"Os08g0172300",147,156,106,116,90,122
"Os08g0551300",22,14,13,22,27,19
"Os08g0514033",65,128,138,64,10,2
"Os08g0471900",2594,2429,2170,2408,2543,2442
"Os08g0532600",55,29,25,30,13,26
"Os08g0100200",292,303,278,354,248,361
"Os08g0346500",872,884,786,696,729,821
"Os08g0368777",46,76,31,25,27,52
"Os08g0127300",862,864,716,782,919,902
"Os08g0535600",166,239,143,142,156,99
"Os08g0244750",26,29,17,8,6,2
"Os08g0246800",997,1247,784,1095,1353,1143
"Os08g0528601",130,158,132,193,116,177
"Os08g0323400",1776,1767,2338,3726,4312,4478
"Os08g0360300",832,1042,732,476,323,480
"Os08g0214900",230,348,407,375,660,741
"Os08g0113501",457,366,387,456,564,611
"Os08g0163400",2396,2138,2433,2479,3554,2757
"Os08g0506400",25,14,20,29,56,69
"Os08g0395800",52,32,78,24,12,6
"Os08g0268900",658,645,615,645,642,693
"Os08g0230100",19,18,20,16,8,8
"Os08g0130000",31,93,52,40,28,22
"Os08g0248100",23,11,22,64,82,81
"Os08g0320200",13,10,12,23,6,26
"Os08g0233400",53,45,31,45,39,161
"Os08g0538300",4263,4949,3949,3649,3785,3198
"Os08g0342300",705,679,369,364,217,276
"Os08g0106100",71,86,82,114,116,90
"Os08g0402600",149,147,155,138,100,90
"Os08g0261100",473,634,426,733,644,608
"Os08g0299600",13,6,2,19,14,2
"Os08g0461100",77,62,82,75,51,83
"Os08g0437300",56,36,56,47,70,44
"Os08g0540500",384,317,293,313,422,356
"Os08g0227100",191,247,196,268,323,323
"Os08g0320000",1665,1623,1440,1525,1558,1455
"Os08g0521200",43,36,82,87,53,52
"Os08g0335500",65,78,50,46,16,45
"Os08g0254900",945,668,654,659,685,647
"Os08g0103600",1902,2179,1517,1888,2192,2000
"Os08g0558000",4228,5017,4139,5424,6010,5133
"Os08g0363200",1044,1303,1435,1851,2370,2261
"Os08g0237000",424,568,837,779,903,663
"Os08g0407600",4357,5937,4425,6238,7332,7143
"Os08g0510400",591,726,613,686,774,797
"Os08g0485800",39,58,32,51,48,79
"Os08g0526700",9,21,22,11,10,12
"Os08g0525500",147,165,149,212,159,175
"Os08g0484301",26,27,19,75,30,28
"Os08g0224500",132,138,100,132,144,108
"Os08g0138500",4843,5280,4683,4865,5334,5420
"Os08g0199100",247,273,208,217,311,302
"Os08g0263300",872,1064,1022,1097,1542,1359
"Os08g0480200",133,216,129,111,83,65
"Os08g0139400",257,359,243,262,196,280
"Os08g0237100",898,1006,851,1023,1181,1077
"Os08g0110600",27,16,23,6,24,29
"Os08g0395700",6566,7724,6832,4708,3228,3580
"Os08g0517700",59,45,36,19,44,48
"Os08g0519750",59,84,38,46,18,32
"Os08g0481500",500,438,432,530,570,575
"Os08g0492400",616,584,486,379,329,366
"Os08g0293100",93,95,150,173,229,220
"Os08g0500500",347,470,318,357,375,410
"Os08g0155400",160,162,159,154,88,82
"Os08g0560000",19,74,65,80,58,53
"Os08g0412500",174,202,156,202,183,210
"Os08g0156900",68,74,60,121,141,138
"Os08g0205800",901,655,376,338,89,172
"Os08g0445700",611,951,817,632,706,574
"Os08g0379200",714,644,460,659,439,460
"Os08g0161401",82,94,66,133,138,158
"Os08g0474500",47,26,45,53,37,58
"Os08g0478100",447,405,440,589,497,481
"Os08g0187800",3099,3284,2207,1969,1370,1050
"Os08g0107900",249,334,237,348,293,361
"Os08g0361000",142,157,109,106,122,165
"Os08g0379000",1624,1491,1546,1691,1743,1535
"Os08g0122000",3140,3205,2651,3163,2858,3063
"Os08g0249000",23,10,14,8,5,10
"Os08g0397900",1603,2077,1993,2243,3286,2806
"Os08g0428900",1799,1813,1570,1651,1518,1370
"Os08g0476100",548,741,572,471,867,515
"Os08g0558300",41,22,9,27,35,28
"Os08g0536300",1234,1303,1481,1142,1638,1272
"Os08g0174900",403,308,248,272,215,248
"Os08g0557900",4628,5109,3575,3691,2235,2109
"Os08g0243100",228,187,215,198,133,169
"Os08g0548000",7,15,2,4,10,24
"Os08g0393900",103,100,163,192,309,299
"Os08g0507100",933,2122,1237,548,176,47
"Os08g0441400",235,325,246,329,289,349
"Os08g0281600",291,237,333,306,343,322
"Os08g0506500",582,416,376,502,530,531
"Os08g0162500",532,394,495,562,536,580
"Os08g0385400",272,214,157,231,214,273
"Os08g0250200",458,435,332,375,332,348
"Os08g0363000",490,584,548,498,441,437
"Os08g0180100",3139,3088,3044,3070,3168,3019
"Os08g0127800",120,128,118,100,145,99
"Os08g0416000",6850,8441,7337,8254,11326,9157
"Os08g0428100",659,691,553,611,524,504
"Os08g0461800",744,793,669,752,810,715
"Os08g0233000",263,163,202,230,312,354
"Os08g0203100",1746,2494,2029,1293,564,244
"Os08g0531300",445,404,320,473,493,694
"Os08g0485400",1533,891,697,519,291,334
"Os08g0537002",537,431,429,546,506,514
"Os08g0515700",139,94,94,158,99,128
"Os08g0543051",19,16,14,14,21,29
"Os08g0208200",113,81,72,103,101,166
"Os08g0177550",99,89,80,117,108,92
"Os08g0246100",0,10,18,40,2,10
"Os08g0524200",1089,1034,936,1030,919,1241
"Os08g0206600",34,27,26,32,29,26
"Os08g0520900",1765,1573,1435,1873,2413,2095
"Os08g0258200",512,462,332,363,472,441
"Os08g0379300",2547,2725,1862,1961,1750,1313
"Os08g0530400",5607,5367,4542,5639,5108,4642
"Os08g0273000",13,28,14,7,10,36
"Os08g0386300",910,748,839,1177,1383,1285
"Os08g0476000",1086,1497,865,718,910,601
"Os08g0298800",20,16,60,40,71,35
"Os08g0367400",226,286,208,325,197,241
"Os08g0384000",829,978,599,623,474,487
"Os08g0112800",3700,4337,3023,3294,2910,2940
"Os08g0392500",22,31,9,35,21,46
"Os08g0472400",6,14,23,8,26,6
"Os08g0244100",1319,1361,941,1112,1203,1112
"Os08g0130100",78,35,91,90,194,164
"Os08g0138100",15,46,47,10,8,4
"Os08g0526100",49,57,32,53,39,48
"Os08g0206700",1175,946,871,978,852,955
"Os08g0541500",21,13,9,28,16,9
"Os08g0491100",364,378,242,230,189,217
"Os08g0165901",71,58,52,106,89,86
"Os08g0129800",4871,5910,4959,6471,6321,5819
"Os08g0500600",22,35,27,57,66,50
"Os08g0190250",39,16,34,40,33,38
"Os08g0241800",41,24,31,75,67,38
"Os08g0502700",157465,168762,200088,291723,451721,391810
"Os08g0248900",1131,1278,1088,1094,1046,1138
"Os08g0165601",118,129,92,125,111,78
"Os08g0387400",67,39,44,54,41,41
"Os08g0478466",363,452,475,218,316,180
"Os08g0130400",518,649,425,573,639,651
"Os08g0103100",13,3,9,16,26,26
"Os08g0562700",12686,10233,8999,10679,11093,10804
"Os08g0109500",2185,1874,1941,2120,1792,1851
"Os08g0395400",55,66,34,43,4,29
"Os08g0480100",21841,20499,18802,19101,17936,17796
"Os08g0320100",31,18,12,26,11,25
"Os08g0248800",165,115,104,352,391,423
"Os08g0323266",317,292,265,305,248,225
"Os08g0438400",150,157,144,195,242,263
"Os08g0191600",2945,3221,2572,3242,3134,3049
"Os08g0109800",55,124,108,48,24,32
"Os08g0359100",1408,1231,1026,1352,1315,1770
"Os08g0390000",5060,4997,4198,3825,3951,3678
"Os08g0566400",4108,3245,4168,4057,5627,4950
"Os08g0246700",52,77,49,71,120,66
"Os08g0530300",1771,2649,1925,1964,2313,1808
"Os08g0540900",129,121,133,82,32,25
"Os08g0487500",725,799,823,822,1158,987
"Os08g0180000",1266,1406,1138,1307,1274,1185
"Os08g0154600",5112,4167,3756,3842,3955,3878
"Os08g0512900",373,550,384,476,444,490
"Os08g0430200",3213,3319,2865,3114,3057,3327
"Os08g0109400",1232,1354,1421,3565,3380,4236
"Os08g0171216",265,237,194,232,289,217
"Os08g0127750",10,13,8,5,4,22
"Os08g0128300",1783,1652,1731,2027,2014,2099
"Os08g0404500",275,452,383,179,74,42
"Os08g0427900",2800,2584,2695,3197,3426,3010
"Os08g0453700",204,248,279,383,452,396
"Os08g0169700",1011,814,822,784,593,677
"Os08g0338700",1550,1455,1122,1140,896,792
"Os08g0436000",2318,2421,1948,2605,3245,2926
"Os08g0543150",8,20,12,28,22,20
"Os08g0269700",53,32,94,242,379,477
"Os08g0566000",2503,2553,2027,2026,1617,1522
"Os08g0185300",1089,1273,694,921,844,792
"Os08g0109000",1806,1661,1665,1786,2053,1895
"Os08g0484200",463,591,429,171,373,244
"Os08g0235400",197,225,168,188,262,218
"Os08g0175700",10,18,12,14,12,12
"Os08g0170100",2188,1998,1867,2214,2176,2160
"Os08g0318400",843,768,786,871,1246,1198
"Os08g0165800",94,105,85,110,79,112
"Os08g0532500",264,212,209,215,196,218
"Os08g0545000",437,521,582,497,611,678
"Os08g0546700",426,377,707,928,1554,1083
"Os08g0154200",34,19,27,31,71,68
"Os08g0185701",1431,1665,1048,942,735,435
"Os08g0374000",85,120,70,128,172,106
"Os08g0564500",1014,1305,1120,1530,1364,1389
"Os08g0144400",2462,2367,1978,2084,1949,1910
"Os08g0243866",153,113,101,93,70,91
"Os08g0430300",583,631,399,383,454,422
"Os08g0556500",294,246,182,255,219,220
"Os08g0413850",1836,2235,2559,3039,4284,3556
"Os08g0520300",1696,1960,1311,1479,1169,1251
"Os08g0308100",1577,1772,1363,1556,1300,1322
"Os08g0386900",1353,1358,1331,1211,1243,1276
"Os08g0536200",26,17,14,18,28,17
"Os08g0520550",1430,1554,1288,1319,1361,1407
"Os08g0533700",462,622,588,710,839,676
"Os08g0148600",2173,1734,1581,2011,1917,1892
"Os08g0511800",175,106,101,103,53,71
"Os08g0430800",260,276,250,263,200,260
"Os08g0203700",77,81,45,59,44,73
"Os08g0544800",1000,1307,1328,1452,1822,1453
"Os08g0170900",1901,1744,1527,1869,2517,2412
"Os08g0396200",500,609,703,706,1065,971
"Os08g0129200",344,413,296,431,478,436
"Os08g0359600",492,535,416,558,529,478
"Os08g0143900",833,798,679,1085,984,1014
"Os08g0211750",38,44,11,28,29,20
"Os08g0560500",4867,5471,5510,6223,7793,6806
"Os08g0114100",519,620,559,1061,1102,942
"Os08g0460700",1960,1835,1659,1906,1772,1685
"Os08g0103400",215,293,158,203,190,158
"Os08g0395500",87,53,65,62,34,44
"Os08g0530066",9,0,8,30,37,10
"Os08g0474866",76,91,63,226,57,57
"Os08g0276200",1099,920,761,773,1089,1025
"Os08g0532400",1221,792,787,1016,1223,1138
"Os08g0435800",1109,926,909,859,996,893
"Os08g0559000",1056,985,889,1411,1413,1438
"Os08g0175300",843,758,666,645,649,581
"Os08g0414300",514,495,475,579,595,668
"Os08g0149000",151,202,121,179,107,154
"Os08g0232000",249,259,202,167,119,166
"Os08g0461400",256,207,263,393,497,378
"Os08g0434100",123,68,25,54,16,23
"Os08g0405700",17,13,31,71,78,67
"Os08g0299000",2024,2290,1698,2121,1956,1521
"Os08g0105000",702,561,642,633,624,617
"Os08g0100700",907,998,833,1184,1128,1111
"Os08g0490000",1941,2056,2466,1176,756,905
"Os08g0288000",5299,4397,5228,5048,5566,5350
"Os08g0547500",7,11,8,26,37,82
"Os08g0215200",2497,2157,2373,2897,3141,2702
"Os08g0178700",1077,1007,903,1220,1406,1113
"Os08g0197000",215,163,117,121,180,162
"Os08g0487100",12,8,8,24,21,42
"Os08g0355500",881,969,880,1149,1085,1321
"Os08g0245400",655,588,532,582,478,542
"Os08g0390700",16,38,16,17,0,2
"Os08g0463500",30,32,25,27,42,46
"Os08g0229601",9,51,25,25,10,8
"Os08g0249400",96,100,74,96,113,113
"Os08g0205900",312,515,279,386,370,372
"Os08g0259100",40,39,27,36,30,45
"Os08g0340900",112,88,96,117,119,115
"Os08g0167800",151,578,2022,1367,202,2111
"Os08g0537600",294,295,349,461,516,600
"Os08g0524400",32,21,32,8,6,18
"Os08g0221300",81,65,175,210,241,339
"Os08g0528900",1697,2286,1689,1869,2080,2102
"Os08g0513300",1319,1276,985,1284,1124,1049
"Os08g0487900",327,503,302,354,343,187
"Os08g0163500",2811,3834,3795,4418,5432,5190
"Os08g0145501",12,10,8,14,4,4
"Os08g0484500",404,356,289,325,297,300
"Os08g0233300",986,854,1160,1414,1635,1453
"Os08g0197300",99,61,55,72,55,62
"Os08g0250900",5491,5261,5377,6774,8507,9143
"Os08g0104300",2314,2546,1741,2055,1775,1622
"Os08g0495500",819,975,787,883,1068,915
"Os08g0398800",220,334,212,289,278,244
"Os08g0409100",51,31,117,196,198,296
"Os08g0441500",2156,3783,1981,1838,282,168
"Os08g0321000",33,51,84,82,65,125
"Os08g0326500",71,42,55,81,117,89
"Os08g0387500",2427,2300,2051,2541,2807,2737
"Os08g0292400",72,62,91,98,114,134
"Os08g0540000",2015,1867,1407,1908,2111,1922
"Os08g0416900",550,456,356,349,311,203
"Os08g0499532",490,559,502,565,705,743
"Os08g0436600",488,532,511,725,778,884
"Os08g0119700",49,51,64,79,108,116
"Os08g0280200",426,297,333,263,206,223
"Os08g0555300",305,413,206,185,173,138
"Os08g0121800",12,23,29,51,31,30
"Os08g0481800",1711,1511,1381,1782,1668,1663
"Os08g0457300",15,24,25,22,42,27
"Os08g0477800",1719,1764,1314,1264,1142,1105
"Os08g0488800",842,1107,947,1316,1549,1316
"Os08g0137800",458,1074,1222,471,187,92
"Os08g0424200",2787,2363,2075,2072,1936,2132
"Os08g0232700",1730,1577,2094,2420,3680,3893
"Os08g0155700",1886,2186,1961,1998,2035,1991
"Os08g0337100",181,140,173,152,204,224
"Os08g0118900",410,308,281,214,234,173
"Os08g0166400",318,273,280,363,381,364
"Os08g0546100",4,16,28,20,22,34
"Os08g0158900",3191,2414,2490,3091,3290,3439
"Os08g0360100",75,57,56,62,87,98
"Os08g0519600",289,328,242,216,238,279
"Os08g0206400",356,324,252,130,89,93
"Os08g0430600",287,369,228,334,345,425
"Os08g0105800",99,51,42,73,95,107
"Os08g0127100",18332,23268,15416,14754,13548,12028
"Os08g0476400",694,816,642,724,719,808
"Os08g0469750",19,53,33,39,73,47
"Os08g0484100",148,98,178,145,186,195
"Os08g0500000",780,666,572,663,664,750
"Os08g0313200",2015,1862,1661,1801,2023,2115
"Os08g0129900",73,42,40,42,43,59
"Os08g0469500",41,55,60,64,81,96
"Os08g0139100",3616,3407,2906,3559,3806,4425
"Os08g0159100",2226,1974,1832,2139,2483,2533
"Os08g0227200",126,211,150,147,219,220
"Os08g0567200",1410,1670,1343,1469,1319,1414
"Os08g0417100",433,631,497,616,694,663
"Os08g0151600",107,69,78,65,115,115
"Os08g0481000",61,52,45,48,45,60
"Os08g0434632",19,27,46,28,28,106
"Os08g0184800",666,759,587,734,676,610
"Os08g0527600",72,84,74,79,61,66
"Os08g0528700",68,62,77,113,75,123
"Os08g0310001",249,265,221,303,302,340
"Os08g0466050",53,44,41,31,69,47
"Os08g0120600",990,888,820,780,904,773
"Os08g0414900",60,68,51,99,82,42
"Os08g0197900",15,12,13,9,20,14
"Os08g0193600",10,18,8,23,11,20
"Os08g0465800",1300,1284,1069,2513,2256,2596
"Os08g0243600",602,691,477,565,550,665
"Os08g0295100",1701,1567,1591,1632,2041,1931
"Os08g0508500",74,73,91,57,64,79
"Os08g0356800",261,551,360,427,587,364
"Os08g0394000",350,423,599,601,955,951
"Os08g0522300",65,68,68,62,223,164
"Os08g0226666",76,69,108,172,232,172
"Os08g0535400",4354,5643,4166,4096,4780,3780
"Os08g0510700",1092,1390,1134,1212,1465,1575
"Os08g0107600",26,21,11,24,16,2
"Os08g0323700",4118,4171,3128,2924,2487,2376
"Os08g0558200",2713,1961,2504,3154,3217,3653
"Os08g0449200",66,40,29,39,92,57
"Os08g0440900",1472,1308,1285,1732,1616,1677
"Os08g0108100",28,34,54,45,80,39
"Os08g0526200",94,94,104,72,49,32
"Os08g0517600",26,21,28,30,22,13
"Os08g0558400",50,74,50,53,38,32
"Os08g0451700",1112,972,909,1054,1075,1295
"Os08g0410500",619,705,692,608,1036,1062
"Os08g0268000",90,131,96,142,196,201
"Os08g0204632",112,194,130,99,82,110
"Os08g0439200",618,515,497,566,514,561
"Os08g0117300",4272,5548,4000,4423,3789,4050
"Os08g0260800",25,19,36,30,45,10
"Os08g0555200",1954,2174,1620,1871,1536,1359
"Os08g0470200",399,589,616,135,36,14
"Os08g0187500",1273,1242,1338,1615,1863,2065
"Os08g0392700",36,33,45,59,185,121
"Os08g0500700",1857,1492,1078,1497,963,1202
"Os08g0396500",60,52,214,122,293,242
"Os08g0385900",1795,2040,1697,1929,2229,2014
"Os08g0490900",231,151,171,240,292,236
"Os08g0186200",134,143,83,38,16,43
"Os08g0249675",7,11,2,12,20,13
"Os08g0434300",1773,1546,1130,1005,296,304
"Os08g0238100",225,233,283,333,274,342
"Os08g0547100",218,269,196,167,173,136
"Os08g0559600",2089,1843,1444,1641,1201,1159
"Os08g0383250",98,132,100,98,60,73
"Os08g0496000",1817,1986,1409,1490,1263,1251
"Os08g0152366",1204,1556,1227,2129,2564,2197
"Os08g0517200",10455,8619,8975,6030,5603,5326
"Os08g0113300",919,957,785,767,960,882
"Os08g0435900",169,168,133,268,408,831
"Os08g0565800",1003,1236,1170,1680,1501,1659
"Os08g0499700",17,21,14,24,13,20
"Os08g0278750",91,117,114,275,339,277
"Os08g0377400",372,411,279,352,284,343
"Os08g0174100",63,57,35,32,11,9
"Os08g0117400",594,927,606,774,765,664
"Os08g0543900",1057,1310,933,1046,1076,969
"Os08g0535100",149,136,146,114,134,188
"Os08g0439000",103,54,103,144,146,85
"Os08g0224100",637,589,460,609,659,608
"Os08g0500900",149,126,120,149,148,194
"Os08g0135900",2041,2370,1803,1524,1051,976
"Os08g0130300",100,89,84,52,62,81
"Os08g0116500",6504,8440,6392,7819,5733,6479
"Os08g0384900",657,816,525,616,607,639
"Os08g0240600",50,63,77,58,62,78
"Os08g0165300",64,104,98,106,150,132
"Os08g0157900",7908,8002,5971,6085,5275,5674
"Os08g0476050",84,99,100,78,68,45
"Os08g0457000",4,14,14,4,12,16
"Os08g0505300",1071,1226,1059,1240,1559,1339
"Os08g0196700",107,137,65,104,76,88
"Os08g0545700",435,442,480,609,774,813
"Os08g0543400",1109,1143,1001,1046,950,1130
"Os08g0132700",33,18,26,62,41,82
"Os08g0117800",21,6,10,21,0,8
"Os08g0369400",447,503,424,506,559,533
"Os08g0422000",6657,5472,5835,6197,6558,5670
"Os08g0293300",231,332,153,111,42,0
"Os08g0320300",786,607,737,930,1061,1038
"Os08g0545500",31,15,16,3,17,21
"Os08g0267000",4,12,20,5,20,22
"Os08g0520500",769,870,669,735,654,736
"Os08g0455700",40,32,27,34,36,58
"Os08g0544400",106,59,31,26,46,40
"Os08g0171700",134,124,134,192,425,520
"Os08g0337001",45,24,25,19,24,38
"Os08g0409500",79,91,80,83,107,95
"Os08g0282400",6184,6524,4903,5401,4878,4692
"Os08g0547300",3,0,40,41,28,29
"Os08g0378900",1380,1198,1068,1539,1437,1704
"Os08g0160000",1790,1590,1390,1822,1541,1614
"Os08g0133700",770,736,747,765,917,929
"Os08g0371200",189,392,242,161,64,36
"Os08g0200750",36,45,40,18,14,14
"Os08g0442700",8,14,0,10,28,6
"Os08g0154700",1391,1536,1330,1455,1735,1743
"Os08g0551366",17,18,16,17,9,10
"Os08g0203900",372,341,325,414,311,294
"Os08g0330900",85,75,38,72,23,29
"Os08g0300200",4399,3829,3689,4369,5779,5877
"Os08g0564100",232,248,172,248,125,152
"Os08g0224000",317,299,348,311,339,321
"Os08g0143300",10,8,10,12,14,5
"Os08g0234000",4221,4218,3347,3545,3861,3184
"Os08g0133600",1013,870,761,751,697,838
"Os08g0428800",773,936,898,1070,1215,1221
"Os08g0168000",1107,1531,2901,1227,122,39
"Os08g0477600",345,392,322,305,375,437
"Os08g0101500",51,40,49,53,50,64
"Os08g0509100",18820,39756,24290,12934,5334,1948
"Os08g0560900",6009,7360,9071,13550,19858,18902
"Os08g0540100",1481,1516,1086,1212,1134,1154
"Os08g0479300",135,120,125,252,291,413
"Os08g0416400",5448,4827,4453,5348,5180,5835
"Os08g0375900",419,441,339,372,414,623
"Os08g0398000",3636,3865,2012,2241,1349,1223
"Os08g0498100",10098,14136,12454,9212,5876,3692
"Os08g0542600",833,738,665,752,904,745
"Os08g0530500",89,135,91,114,108,106
"Os08g0120200",34,18,18,12,18,9
"Os08g0207600",643,540,488,649,578,583
"Os08g0467300",10,6,15,16,24,18
"Os08g0558800",3708,3680,2864,3601,2649,2642
"Os08g0190200",758,748,652,682,683,727
"Os08g0442400",236,119,276,112,341,164
"Os08g0469700",536,834,646,922,1053,774
"Os08g0470700",18,2,14,4,14,20
"Os08g0148267",131,155,108,143,186,288
"Os08g0486233",14,6,20,16,23,59
"Os08g0275200",143,246,137,67,53,96
"Os08g0431500",866,1278,800,998,852,820
"Os08g0422600",2491,2454,2121,2270,2056,2319
"Os08g0157000",184,172,204,232,264,274
"Os08g0553700",129,124,81,273,317,269
"Os08g0224200",3718,4170,3236,3561,3318,2984
"Os08g0177300",5066,4799,4126,4407,4067,4168
"Os08g0102700",819,675,995,905,1000,1086
"Os08g0159500",480,629,605,1202,1168,1089
"Os08g0156000",146,208,120,120,28,79
"Os08g0518100",6793,6309,5839,4383,5064,5273
"Os08g0107800",25,10,22,10,27,26
"Os08g0137200",461,426,386,319,389,310
"Os08g0404200",22,20,16,8,19,33
"Os08g0487700",18,11,24,24,30,19
"Os08g0295300",5513,4825,3950,4175,3622,3445
"Os08g0414600",1177,1437,1299,1476,1662,1485
"Os08g0162300",62,69,55,54,76,64
"Os08g0112400",138,150,81,147,162,171
"Os08g0153700",11,14,19,12,19,15
"Os08g0494375",43,49,35,38,69,33
"Os08g0135800",1934,1711,1563,1681,1657,1548
"Os08g0562300",429,956,632,597,538,329
"Os08g0462900",6,14,0,4,18,12
"Os08g0554100",20,14,2,12,18,11
"Os08g0359500",5054,4347,3214,3453,3388,3051
"Os08g0537900",806,861,863,997,1300,1461
"Os08g0204800",249,270,166,255,148,149
"Os08g0548400",102,179,103,141,206,179
"Os08g0485000",6,0,10,14,41,99
"Os08g0344100",354,388,316,341,277,271
"Os08g0550500",64,88,73,63,66,95
"Os08g0119800",38,43,55,50,92,92
"Os08g0162200",138,116,151,148,146,175
"Os08g0162100",10121,10112,8172,10112,9483,10313
"Os08g0282500",26,17,16,23,12,23
"Os08g0359000",3993,3506,3955,4849,5527,5561
"Os08g0201600",22,37,24,7,8,11
"Os08g0483600",1913,1708,1515,2017,2099,2151
"Os08g0455800",1096,1421,835,871,790,885
"Os08g0546800",24,12,14,29,8,6
"Os08g0563300",242,181,151,158,110,91
"Os08g0282000",1430,1715,1190,1293,1136,1222
"Os08g0119000",1273,1270,1069,1119,1010,1013
"Os08g0406150",539,561,551,543,441,500
"Os08g0268550",346,307,314,325,389,345
"Os08g0400300",1173,1071,643,937,868,1128
"Os08g0203600",15725,24238,13639,12943,7018,5710
"Os08g0554000",1170,1449,1170,1225,1320,1195
"Os08g0564900",257,255,181,307,268,357
"Os08g0197800",70,44,42,63,77,64
"Os08g0137300",168,156,130,184,149,179
"Os08g0189400",45,74,64,30,40,0
"Os08g0512500",906,1094,1043,1220,1313,1516
"Os08g0156100",29,21,8,29,0,38
"Os08g0151000",1871,1918,1778,2179,2431,2273
"Os08g0538800",499,630,725,964,850,740
"Os08g0438600",142,240,134,322,241,181
"Os08g0269600",16,22,14,35,23,34
"Os08g0155000",1279,1349,1289,1303,1436,1370
"Os08g0547200",769,628,692,570,635,571
"Os08g0459100",128,162,103,95,112,130
"Os08g0515900",60,46,26,34,14,34
"Os08g0330800",158,208,138,195,120,136
"Os08g0326100",1894,1777,1624,1795,1946,1861
"Os08g0278100",205,207,193,204,225,250
"Os08g0374701",81,88,96,69,27,29
"Os08g0344800",19,10,10,13,4,7
"Os08g0307400",2921,2286,2584,2727,3011,2995
"Os08g0232100",707,647,565,720,688,722
"Os08g0537001",253,317,330,410,447,467
"Os08g0504700",5365,6236,6174,6039,8908,7264
"Os08g0174700",1325,1457,1281,1185,1076,1173
"Os08g0486100",1680,1370,1390,1582,1765,1694
"Os08g0524800",17,23,18,32,25,34
"Os08g0534900",130,148,75,131,147,147
"Os08g0326000",353,433,406,399,547,423
"Os08g0230000",2013,2527,1914,2136,2180,1924
"Os08g0254600",46,11,29,40,53,52
"Os08g0560600",640,656,490,705,703,730
"Os08g0412700",263,236,87,128,14,175
"Os08g0261000",66,47,85,36,86,76
"Os08g0404300",832,959,756,1136,797,991
"Os08g0169600",1993,2086,1879,2029,2002,1992
"Os08g0480000",495,279,267,650,361,521
"Os08g0501700",26,54,48,30,24,0
"Os08g0387200",18,20,2,20,6,8
"Os08g0458200",685,924,470,355,227,189
"Os08g0461000",682,622,514,666,624,598
"Os08g0199200",15,9,19,34,38,62
"Os08g0550600",32,54,24,14,22,12
"Os08g0128500",2194,2885,2285,2887,2792,2637
"Os08g0519800",8023,7919,6002,6285,6027,5617
"Os08g0451400",2562,2701,2299,2551,2513,2356
"Os08g0408300",8,13,14,16,18,8
"Os08g0236866",156,138,136,149,172,169
"Os08g0544500",2540,2193,1955,2159,1846,1868
"Os08g0189500",59,44,16,22,8,2
"Os08g0499200",1181,1257,973,1083,973,970
"Os08g0225000",164,131,119,145,127,132
"Os08g0540400",10,15,6,106,43,7
"Os08g0345700",5258,5996,3832,3829,3108,2893
"Os08g0243900",1771,2053,1891,1860,2585,2390
"Os08g0203350",53,82,35,93,90,64
"Os08g0563500",26,47,48,30,24,29
"Os08g0158500",1048,1136,936,994,867,815
"Os08g0504400",953,954,857,921,915,904
"Os08g0129700",3342,3375,3027,2563,2302,2203
"Os08g0323600",4631,3037,3522,4858,5198,5068
"Os08g0337300",3194,2742,2697,2903,2799,3016
"Os08g0112000",84,111,108,107,96,121
"Os08g0465700",2137,3445,2913,4027,6450,3278
"Os08g0231100",6,10,14,3,2,584
"Os08g0215300",1539,1149,1583,1325,1884,2592
"Os08g0487000",91,65,93,117,81,92
"Os08g0209000",10,11,0,10,4,6
"Os08g0130900",99,116,84,120,92,68
"Os08g0391000",129,308,220,118,16,4
"Os08g0447000",5803,8035,4012,3761,1775,1328
"Os08g0162400",22,4,10,9,3,20
"Os08g0549100",23528,23920,21878,25296,28450,26017
"Os08g0190100",906,1023,1158,373,234,136
"Os08g0528500",34,47,43,22,20,18
"Os08g0114400",17,31,15,16,4,4
"Os08g0513100",40,34,39,66,77,76
"Os08g0176800",2191,2183,1636,1599,1488,1400
"Os08g0140300",571,732,861,234,10,2
"Os08g0556200",363,796,793,536,237,328
"Os08g0392100",249,391,189,223,302,136
"Os08g0331800",3191,4902,3364,1975,481,41
"Os08g0434700",529,630,489,453,489,429
"Os08g0352100",317,443,420,169,56,62
"Os08g0234100",38,36,53,66,28,64
"Os08g0468100",1570,823,1185,1325,2915,3034
"Os08g0469600",61,178,110,243,376,295
"Os08g0391300",208,210,173,261,213,197
"Os08g0163100",6,2,10,31,11,14
"Os08g0407000",2107,1950,1867,2391,3110,2930
"Os08g0254500",1679,1199,1125,2217,2030,2121
"Os08g0556900",52,55,35,88,72,85
"Os08g0276400",40,79,53,70,50,51
"Os08g0503800",322,395,381,292,284,343
"Os08g0162800",2686,2554,2094,3148,3081,2233
"Os08g0104100",1467,1394,1183,1239,1232,1243
"Os08g0422200",152,190,129,104,86,69
"Os08g0197500",2017,1601,1311,2208,2608,2281
"Os08g0130600",1373,1388,1029,1588,1067,1322
"Os08g0176200",537,795,498,386,461,471
"Os08g0132600",1146,979,917,1198,981,954
"Os08g0178300",1038,1007,955,1088,1062,1024
"Os08g0266200",611,714,627,629,704,837
"Os08g0338000",702,620,618,625,764,807
"Os08g0249100",12,11,2,20,20,12
"Os08g0430000",6347,6116,5364,5533,4990,5403
"Os08g0492100",116,86,97,120,90,85
"Os08g0404400",145,153,114,161,188,185
"Os08g0290400",1364,1543,1137,1046,963,1140
"Os08g0234700",74,48,81,60,60,63
"Os08g0356001",12,15,7,15,13,4
"Os08g0485900",1409,1004,2283,3427,5019,4499
"Os08g0410266",55,91,118,133,185,154
"Os08g0561600",126,106,106,160,143,217
"Os08g0429200",30,20,17,35,34,37
"Os08g0387700",424,387,284,420,486,326
"Os08g0548200",1837,2205,1674,1893,1849,1602
"Os08g0474700",4067,3996,3053,3413,3283,3173
"Os08g0480500",1022,1321,1066,1134,1293,1233
"Os08g0180300",2957,3050,2356,2743,2336,2594
"Os08g0526633",145,144,181,222,371,180
"Os08g0482500",99,77,107,96,92,103
"Os08g0161700",1427,1610,1260,1165,1357,1326
"Os08g0192400",318,283,256,215,193,279
"Os08g0326600",5761,5096,4217,4903,4216,4320
"Os08g0170700",8,2,22,24,16,13
"Os08g0452900",791,732,3089,1226,2648,805
"Os08g0189600",407,729,757,207,180,122
"Os08g0355400",1435,568,2368,3343,4585,4524
"Os08g0542700",323,212,165,60,45,63
"Os08g0348300",70,87,93,36,4,21
"Os08g0108200",479,427,362,417,363,385
"Os08g0374900",126,154,129,130,109,152
"Os08g0518900",6,2,4,13,28,24
"Os08g0163600",51,35,36,46,52,67
"Os08g0520100",410,393,308,399,419,538
"Os08g0202400",422,570,306,363,118,86
"Os08g0102000",1974,2050,2457,3015,5081,4342
"Os08g0427100",203,194,162,207,277,197
"Os08g0178000",165,169,111,127,147,165
"Os08g0200500",808,993,882,895,995,1112
"Os08g0250700",321,365,312,300,329,381
"Os08g0483200",2288,1884,2190,2403,2254,2499
"Os08g0524000",1245,1338,1112,954,1295,1273
"Os08g0431800",54,28,34,44,32,43
"Os08g0514600",29,67,32,30,42,6
"Os08g0428200",65,130,41,52,31,15
"Os08g0192200",217,197,162,190,200,169
"Os08g0436100",1368,1329,1139,1262,1153,1233
"Os08g0398300",1487,1391,709,497,432,264
"Os08g0235550",382,637,581,682,1385,1471
"Os08g0150600",119,106,73,98,96,158
"Os08g0151400",669,747,517,582,390,442
"Os08g0265000",289,314,523,679,873,898
"Os08g0236800",51,36,18,35,23,66
"Os08g0360000",239,213,207,182,210,169
"Os08g0272200",142,147,123,165,160,175
"Os08g0523200",45,47,23,49,16,27
"Os08g0289400",14,17,9,3,13,13
"Os08g0567100",11,10,8,10,0,10
"Os08g0509200",33,19,6,11,19,4
"Os08g0526400",3316,4121,3216,2684,3425,3720
"Os08g0438801",12,24,26,18,30,26
"Os08g0450200",159,181,166,179,156,104
"Os08g0293000",31,37,27,38,58,74
"Os08g0550400",1247,1399,1103,889,909,1020
"Os08g0154300",1286,1137,963,1149,1207,1113
"Os08g0554900",29,16,47,15,12,31
"Os08g0318500",5405,4892,4500,4628,4461,4366
"Os08g0342400",4275,3445,2967,3454,3506,3310
"Os08g0235800",239,420,367,410,480,344
"Os08g0502400",2,0,57,60,182,177
"Os08g0433500",77,80,95,114,196,146
"Os08g0347550",41,29,60,53,65,52
"Os08g0420700",315,565,348,339,578,539
"Os08g0564300",476,577,546,376,319,329
"Os08g0509500",314,366,328,333,447,430
"Os08g0116566",689,588,630,585,603,592
"Os08g0539700",2739,1721,1722,2343,5649,1655
"Os08g0500300",1722,2333,1603,1999,1744,1709
"Os08g0492000",60,61,62,56,70,66
"Os08g0151800",2339,2029,1611,1783,1463,1490
"Os08g0127600",1779,1871,1378,1726,1506,1503
"Os08g0141400",2664,2390,2089,1066,404,282
"Os08g0249900",20,39,30,112,117,209
"Os08g0260000",591,544,624,640,655,659
"Os08g0206950",25,15,10,33,16,13
"Os08g0516600",1079,1277,960,563,662,543
"Os08g0247600",122,109,140,292,362,826
"Os08g0422300",285,508,314,461,357,351
"Os08g0548300",1024,1002,764,849,853,918
"Os08g0559700",174,156,110,106,86,141
"Os08g0202300",16517,17229,16303,13829,17685,13208
"Os08g0176100",942,1012,895,875,1031,996
"Os08g0327501",20,8,17,8,11,6
"Os08g0378000",639,518,1091,614,1221,1229
"Os08g0139200",13,13,14,13,7,11
"Os08g0428400",4441,6773,4508,4058,2651,1559
"Os08g0177800",722,730,536,609,590,638
"Os08g0431700",23,16,18,22,16,26
"Os08g0118000",1324,1392,1178,1239,1268,941
"Os08g0404350",160,130,104,100,119,118
"Os08g0157600",5441,4533,3915,4863,3542,4473
"Os08g0556550",1414,1508,1287,1103,1385,1268
"Os08g0109900",3766,3377,3385,4142,4018,4005
"Os08g0102800",1330,2895,1831,2181,1841,1408
"Os08g0353700",167,220,157,136,8,62
"Os08g0549000",18924,24968,23092,18781,37775,30442
"Os08g0319900",1126,1159,1025,922,879,809
"Os08g0431200",18,20,10,12,2,12
"Os08g0206800",595,649,563,560,549,518
"Os08g0110000",1341,1028,1011,1651,1273,1534
"Os08g0100150",75,90,55,56,77,86
"Os08g0195400",34,87,57,52,90,56
"Os08g0366100",9000,11090,7926,8168,7746,6989
"Os08g0512300",1142,1361,914,1132,1266,1359
"Os08g0560700",53,15,28,21,2,8
"Os08g0557000",981,1120,990,1380,1750,1784
"Os08g0425200",1732,1932,1723,2003,2646,2678
"Os08g0382800",221,265,222,196,204,222
"Os08g0482100",9000,7477,7497,7584,7747,7746
"Os08g0189900",1995,2803,2664,1999,1862,1226
"Os08g0412600",1005,963,825,862,888,955
"Os08g0525700",1406,806,1563,2325,3707,3780
"Os08g0548700",282,287,197,230,151,106
"Os08g0442300",916,1010,910,1344,1325,1256
"Os08g0518200",323,248,250,249,285,305
"Os08g0424500",1809,1566,1044,1345,1040,939
"Os08g0289000",387,289,378,479,598,480
"Os08g0467400",1337,1457,1124,1368,1384,1310
"Os08g0496500",204,299,207,324,291,333
"Os08g0408200",2541,2513,2028,2399,2167,2207
"Os08g0414500",0,1,13,7,64,40
"Os08g0500100",8759,7889,7221,8356,8809,8768
"Os08g0117900",699,629,420,459,378,351
"Os08g0243500",2938,4567,3120,2297,663,376
"Os08g0297500",258,267,219,274,319,315
"Os08g0496900",801,754,682,779,768,898
"Os08g0198300",103,122,94,96,120,143
"Os08g0208700",419,298,321,389,349,315
"Os08g0269800",1055,958,965,957,1202,1069
"Os08g0384700",127,179,126,211,226,202
"Os08g0178200",18,12,8,8,8,27
"Os08g0400800",186,160,159,166,275,253
"Os08g0545200",608,440,486,578,731,669
"Os08g0547800",31,40,48,84,67,92
"Os08g0457400",203,393,117,144,55,78
"Os08g0558900",1192,1504,1048,1078,1022,1107
"Os08g0110500",1896,1724,1521,1563,1585,1635
"Os08g0111300",393,816,427,490,334,235
"Os08g0162600",5612,5384,6691,9531,12517,12031
"Os08g0566600",1818,1664,1874,3058,3282,3718
"Os08g0156700",1044,1119,839,1013,1002,827
"Os08g0448100",160,156,108,68,56,43
"Os08g0174750",17,28,25,39,39,33
"Os08g0328300",1960,1938,1993,1926,2132,2293
"Os08g0555000",8,16,7,18,2,10
"Os08g0449500",2549,2364,2394,3034,3377,3144
"Os08g0539300",583,737,581,575,673,668
"Os08g0478200",3518,3696,3006,2814,3165,2733
"Os08g0527900",50,40,29,39,28,6
"Os08g0530000",1511,1806,1388,1326,1299,964
"Os08g0462300",38,38,46,62,74,56
"Os08g0556600",508,579,452,475,432,364
"Os08g0270200",386,341,271,260,336,368
"Os08g0461600",97,102,69,119,116,144
"Os08g0551900",25,27,8,13,21,25
"Os08g0440800",6966,6275,6450,9431,10434,8827
"Os08g0532300",49,60,61,44,55,46
"Os08g0143700",140,87,62,104,72,101
"Os08g0129500",400,424,319,356,441,398
"Os08g0497600",2400,1881,1686,1349,1618,1775
"Os08g0175600",828,654,676,721,908,880
"Os08g0496700",56,49,45,57,32,41
"Os08g0457600",2267,2325,1794,2441,2482,2436
"Os08g0506700",14719,13802,15348,15366,22256,21097
"Os08g0331000",3649,4664,3933,2201,436,108
"Os08g0495800",7,17,10,7,23,114
"Os08g0566900",3202,4589,2903,2315,1508,1132
"Os08g0400200",98,34,129,150,191,272
"Os08g0167000",45,74,50,135,99,153
"Os08g0557200",11,12,22,55,38,17
"Os08g0511900",4615,4061,3316,3950,3317,3690
"Os08g0374800",1143,923,1140,988,1364,1297
"Os08g0461300",628,647,620,644,727,732
"Os08g0152400",184,223,244,324,318,303
"Os08g0483800",87,108,108,111,179,110
"Os08g0288050",990,1162,1107,1270,1595,1214
"Os08g0391800",10,22,13,19,14,1
"Os08g0559501",106,72,53,50,20,41
"Os08g0174500",32,28,34,46,66,61
"Os08g0525600",5073,4306,3051,3090,2889,2630
"Os08g0536000",4149,4874,3779,4119,3821,3128
"Os08g0107400",1642,1708,1539,940,1129,1013
"Os08g0152700",1761,1631,1548,1739,1791,1623
"Os08g0378300",10,9,10,1,11,26
"Os08g0414700",130,133,167,130,156,125
"Os08g0133200",14,18,8,9,20,20
"Os08g0566700",125,76,111,77,102,150
"Os08g0307000",1431,1296,1237,2055,1531,1904
"Os08g0192300",23,29,17,38,28,23
"Os08g0427500",1506,1366,1121,1319,1330,1378
"Os08g0511000",64,75,82,66,87,71
"Os08g0530200",2671,3052,2479,2766,2892,2819
"Os08g0436800",3635,3478,3020,3097,3273,3059
"Os08g0332700",3490,3125,3765,4273,5346,5041
"Os08g0236900",222,198,149,218,204,241
"Os08g0388300",82,82,50,83,32,40
"Os08g0490100",410,443,694,577,654,656
"Os08g0454600",14,77,14,28,38,32
"Os08g0441100",15,15,6,27,16,45
"Os08g0203201",788,1383,907,585,337,119
"Os08g0292000",1131,1028,1269,1641,1978,2016
"Os08g0300700",331,357,325,316,297,317
"Os08g0301600",792,1021,990,1190,1985,1982
"Os08g0550100",2930,3183,2204,2227,2158,2185
"Os08g0562600",1974,2997,1851,2312,2023,1920
"Os08g0288500",1786,2013,1626,1954,2076,1844
"Os08g0138200",83,166,168,50,27,4
"Os08g0104700",4480,4155,3297,2915,2248,2090
"Os08g0270800",1813,1934,1611,1546,1974,2034
"Os08g0104600",13915,15271,20032,21683,31277,23532
"Os08g0120000",2945,3545,2559,2371,1960,1895
"Os08g0162033",39,30,18,44,10,18
"Os08g0269000",14,8,14,13,18,4
"Os08g0180400",32,33,11,33,21,16
"Os08g0266400",681,614,689,1323,1239,1377
"Os08g0536400",665,1088,780,932,791,820
"Os08g0508600",694,732,471,562,679,573
"Os08g0308700",459,398,333,512,619,593
"Os08g0341700",245,260,165,184,145,131
"Os08g0332800",5820,5304,5141,5265,5495,5423
"Os08g0148566",14,8,10,11,2,4
"Os08g0223766",468,323,312,342,412,307
"Os08g0508700",22,36,6,10,38,14
"Os08g0110100",300,422,438,446,500,572
"Os08g0427700",103,120,110,293,415,286
"Os08g0197400",34,37,12,30,26,22
"Os08g0557100",1427,1543,1538,2198,2312,2269
"Os08g0500200",6162,6082,5241,4348,6554,6683
"Os08g0500800",1081,758,567,670,597,593
"Os08g0559200",2800,3617,2938,3633,3278,3319
"Os08g0236700",242,291,211,404,371,434
"Os08g0433600",1896,2039,1689,1766,2198,2141
"Os08g0345800",2284,2474,2505,3661,4267,3852
"Os08g0464950",65,58,41,67,79,77
"Os08g0463900",1423,1185,1306,1914,2201,2076
"Os08g0425700",52,47,64,30,36,21
"Os08g0369800",67,79,124,26,6,14
"Os08g0152100",27,21,6,28,2,10
"Os08g0499800",275,271,280,202,213,234
"Os08g0536100",807,864,917,938,1114,931
"Os08g0450800",7077,5846,5441,6709,6606,6136
"Os08g0501500",257,293,212,202,199,197
"Os08g0335000",1415,1069,1096,1183,1243,1245
"Os08g0230800",40,42,9,22,19,43
"Os08g0402500",60,24,19,26,12,36
"Os08g0431300",238,242,304,161,196,219
"Os08g0421500",23,20,15,31,23,35
"Os08g0373000",6,12,14,8,8,14
"Os08g0241400",101,119,112,40,27,28
"Os08g0237200",1429,1620,1523,1976,1892,1787
"Os08g0247700",10,2,4,40,50,4
"Os08g0156800",1364,1622,1336,1398,1259,1313
"Os08g0107100",2724,4034,2823,3067,2765,2458
"Os08g0424600",147,138,137,161,192,219
"Os08g0133000",1359,1239,1164,1592,1673,1663
"Os08g0110800",9478,9186,9726,11404,11994,11672
"Os08g0135600",197,202,219,197,216,246
"Os08g0266300",2326,1970,2743,3137,4213,4109
"Os08g0158600",18,8,10,22,14,10
"Os08g0183900",1081,755,815,1334,1585,1899
"Os08g0551700",59,68,81,99,111,164
"Os08g0154900",34,33,38,15,11,9
"Os08g0229200",860,1018,1285,1502,2081,1921
"Os08g0401500",39,28,35,28,50,64
"Os08g0320400",2074,1983,1327,961,337,377
"Os08g0460600",385,564,277,724,638,403
"Os08g0506350",27,36,37,32,26,16
"Os08g0230200",128,106,95,128,99,79
"Os08g0416800",2494,2546,1666,2351,2228,2892
"Os08g0451200",1496,1075,1542,1826,2024,3020
"Os08g0483100",204,205,129,139,140,221
"Os08g0385000",56,106,59,97,74,59
"Os08g0184600",2043,2428,2112,2699,3120,2830
"Os08g0198700",7267,6515,7981,8910,10989,10059
"Os08g0542200",252,187,189,198,206,135
"Os08g0119500",39,40,44,43,37,41
"Os08g0144000",3822,3408,3296,4599,5610,5961
"Os08g0431100",9336,8609,8203,5770,6980,6417
"Os08g0541300",623,862,465,718,739,579
"Os08g0475100",215,205,172,158,253,431
"Os08g0272000",428,440,280,277,199,171
"Os08g0101900",867,910,885,1165,1837,1743
"Os08g0240500",100,75,71,74,22,18
"Os08g0126700",915,784,925,921,2346,1908
"Os08g0171100",257,266,234,230,273,280
"Os08g0404000",15,24,17,29,13,51
"Os08g0296900",3035,2487,2743,3376,3411,3606
"Os08g0285301",44,61,43,30,13,37
"Os08g0192800",1578,2021,1885,2865,2327,2554
"Os08g0143400",1644,1872,1611,1647,2245,2064
"Os08g0389700",4241,3750,3877,1878,3244,2703
"Os08g0534200",60,47,40,54,79,40
"Os08g0300100",1183,950,1155,1397,1373,1329
"Os08g0374200",1816,1865,1567,1867,1823,1755
"Os08g0542900",930,1039,769,779,855,787
"Os08g0199300",5207,4737,3602,4288,3550,3825
"Os08g0535700",302,360,281,189,334,335
"Os08g0292600",2460,2603,2582,3106,4112,3826
"Os08g0313600",418,584,494,498,608,573
"Os08g0365900",731,680,634,601,546,432
"Os08g0461700",97,85,99,105,118,69
"Os08g0529100",271,251,136,263,40,126
"Os08g0519700",551,621,341,297,136,117
"Os08g0557500",1673,1672,1408,1485,1412,1344
"Os08g0447500",758,732,716,732,683,653
"Os08g0135100",554,513,432,363,433,385
"Os08g0548650",315,497,325,392,374,300
"Os08g0127500",358,494,390,359,524,557
"Os08g0489100",163,138,138,166,195,295
"Os08g0421900",500,752,538,719,809,733
"Os08g0535900",609,616,495,401,169,198
"Os08g0513600",169,177,111,136,172,189
"Os08g0395300",903,996,734,758,703,600
"Os08g0564800",10322,10796,8770,8931,8305,8295
"Os08g0439600",42,71,58,60,116,120
"Os08g0390100",87,74,60,83,83,83
"Os08g0480800",1011,1070,1070,996,1254,1221
"Os08g0305300",11389,10306,8141,8184,7225,6884
"Os08g0170200",53,67,32,59,30,32
"Os08g0531100",78,59,34,58,41,50
"Os08g0224800",1296,1146,929,818,555,555
"Os08g0357300",515,180,148,84,76,130
"Os08g0459600",3824,5000,3827,2967,2861,2329
"Os08g0104800",45,34,25,14,12,36
"Os08g0451201",29,20,32,30,14,35
"Os08g0343300",5252,5499,4517,4659,4308,4608
"Os08g0151500",126,114,99,136,127,159
"Os08g0205100",34,49,40,34,33,40
"Os08g0296700",573,671,511,625,671,556
"Os08g0544600",8,12,12,18,14,10
"Os08g0205400",2799,3545,2092,2052,1492,1450
"Os08g0105100",580,839,567,639,675,760
"Os08g0112300",1006,756,567,243,142,68
"Os08g0536350",19,9,32,45,35,182
"Os08g0104900",2208,2603,1430,1603,700,638
"Os08g0114300",859,1100,681,412,239,150
"Os08g0248400",22,20,35,18,17,26
"Os08g0136100",159,158,157,189,234,228
"Os08g0346900",129,238,327,44,8,21
"Os08g0564700",47,93,50,170,81,79
"Os08g0432500",563,649,521,772,897,894
"Os08g0179000",19,7,19,22,32,38
"Os08g0230300",556,540,439,355,430,327
"Os08g0238700",21,19,9,9,9,258
"Os08g0198900",453,688,389,458,554,411
"Os08g0213400",823,689,755,803,907,932
"Os08g0567000",5758,6234,4584,5234,4326,4211
"Os08g0359900",14,6,39,49,46,40
"Os08g0484600",187,192,105,157,96,83
"Os08g0285600",44,26,28,36,35,38
"Os08g0482300",61,50,70,77,94,92
"Os08g0189700",64,92,63,12,10,22
"Os08g0387050",117,50,50,24,10,22
"Os08g0546600",21,13,11,6,1,4
"Os08g0107500",3304,3095,2848,3255,3858,3640
"Os08g0522500",1705,2331,1563,1854,2030,2066
"Os08g0292900",6891,7435,6837,7232,7455,7794
"Os08g0158200",529,798,329,469,378,288
"Os08g0234200",133,186,143,155,138,162
"Os08g0157100",2523,2268,2109,1979,1836,2072
"Os08g0398350",62,61,60,44,53,32
"Os08g0320500",41,46,47,22,20,14
"Os08g0430500",656,651,534,668,648,661
"Os08g0296600",327,245,272,324,482,418
"Os08g0200100",16,16,14,10,12,4
"Os08g0510300",431,375,277,536,300,372
"Os08g0310300",1150,901,996,1253,1141,1081
"Os08g0524501",3202,3324,2477,2916,2170,2380
"Os08g0442350",55,60,60,84,81,122
"Os08g0241300",123,60,59,76,48,34
"Os08g0197100",18,17,15,20,24,30
"Os08g0436700",21,8,8,23,14,34
"Os08g0307300",1531,1393,1301,1362,1321,1506
"Os08g0486200",4435,4777,4663,5420,6405,5714
"Os08g0522400",4415,4300,4804,4587,6720,5799
"Os08g0508000",684,28,10,93,2,52
"Os08g0280600",26,20,2,28,8,16
"Os08g0249300",974,861,991,1143,1072,962
"Os08g0507701",240,153,182,350,522,383
"Os08g0246950",6,24,8,10,14,8
"Os08g0340700",433,352,384,592,498,500
"Os08g0556700",92,79,33,58,62,39
"Os08g0558700",1361,1332,1219,1130,1465,1324
"Os08g0439150",812,736,671,744,813,824
"Os08g0351300",32122,51747,29985,31896,36168,23097
"Os08g0447300",923,830,772,756,756,838
"Os08g0188000",261,268,246,242,202,192
"Os08g0416100",1764,1534,1528,1632,1753,1787
"Os08g0356500",2123,3266,2284,1908,1824,1708
"Os08g0557800",143,217,155,147,65,16
"Os08g0559900",1218,1070,1066,1267,1148,1103
"Os08g0100300",367,353,280,336,407,406
"Os08g0542000",3677,4931,2820,2674,2025,1972
"Os08g0112700",919,537,469,1112,1427,977
"Os08g0374600",157,152,193,83,31,65
"Os08g0240000",309,131,281,319,531,399
"Os08g0448000",748,1242,1064,555,169,95
"Os08g0226800",18,13,2,22,22,6
"Os08g0177500",18,4,12,17,8,11
"Os08g0393600",16,2,10,6,12,18
"Os08g0478000",16,29,26,22,12,42
"Os08g0110700",1134,1001,878,996,938,891
"Os08g0490300",501,593,571,582,647,757
"Os08g0525900",310,294,208,242,234,239
"Os08g0103300",3699,3788,2809,2947,2666,2541
"Os08g0109100",25,20,17,9,11,25
"Os08g0201500",149,347,174,176,211,141
"Os08g0207800",120,76,42,59,13,12
"Os08g0518000",74,79,115,62,81,132
"Os08g0538100",75,96,53,36,9,5
"Os08g0103000",2224,2465,2359,1955,2179,2306
"Os08g0433100",2638,2772,2210,2200,2334,2019
"Os08g0407200",5634,5658,4604,5340,5014,5209
"Os08g0475400",714,1251,740,542,342,266
"Os08g0440500",648,814,599,540,534,554
"Os08g0346400",1587,1651,1540,1735,2036,1820
"Os08g0191100",16413,18007,12232,9254,7371,6357
"Os08g0453200",9037,11759,9665,10272,10920,8951
"Os08g0177600",65,68,54,63,72,31
"Os08g0159800",568,716,541,697,830,817
"Os08g0179400",85,120,83,136,113,139
"Os08g0103500",279,259,184,153,181,173
"Os08g0100400",1955,1790,1674,1936,1763,2013
"Os08g0113800",365,466,317,383,319,319
"Os08g0447200",473,434,418,425,248,316
"Os08g0206900",1336,1632,1093,1172,1098,1175
"Os08g0494400",3242,3517,2699,2926,2831,2900
"Os08g0100500",3051,2725,2613,2676,2670,2656
"Os08g0511700",1547,1378,1362,1195,1605,1464
"Os08g0517900",1085,1148,1116,885,915,847
"Os08g0504600",3022,2816,2531,2809,2838,2861
"Os08g0557700",1090,1236,860,991,944,739
"Os08g0369700",455,402,319,259,303,262
"Os08g0276100",7058,8044,10408,14365,22617,20247
"Os08g0411800",730,732,537,621,716,487
"Os08g0107300",228,285,265,288,205,254
"Os08g0185900",344,614,190,234,161,152
"Os08g0245200",27,11,1,6,6,11
"Os08g0509600",70,94,73,43,63,71
"Os08g0390600",19,31,20,22,27,52
"Os08g0239000",26,42,27,24,27,42
"Os08g0544900",2974,2680,2393,2463,3213,2588
"Os08g0220600",1183,1156,1096,1110,1252,1199
"Os08g0526500",281,223,230,162,162,203
"Os08g0559300",4404,4365,4076,4300,3878,3911
"Os08g0373900",4,14,13,17,4,0
"Os08g0430700",1608,1743,1442,1875,2127,2348
"Os08g0562800",82,86,89,75,46,102
"Os08g0322600",485,475,456,449,515,511
"Os08g0425800",1813,1450,1005,1351,1317,1193
"Os08g0506000",34,12,4,13,10,31
"Os08g0163300",17,26,15,4,13,8
"Os08g0351200",556,451,675,871,1236,1407
"Os08g0224700",3465,3380,2776,3173,2694,2659
"Os08g0421400",758,786,792,960,1058,808
"Os08g0547000",1510,1714,1261,1467,1393,1500
"Os08g0535800",7958,9680,6632,6911,4549,4561
"Os08g0128200",763,639,662,668,721,990
"Os08g0507702",238,147,205,300,535,452
"Os08g0159000",560,790,709,693,893,779
"Os08g0225050",18,12,19,7,16,21
"Os08g0135300",103,119,122,134,111,130
"Os08g0134900",974,746,678,797,844,836
"Os08g0230500",717,685,530,595,687,649
"Os08g0433400",88,64,61,84,111,88
"Os08g0137400",27,62,107,31,40,57
"Os08g0295000",1594,1775,1541,1649,2009,2018
"Os08g0396700",263,339,284,298,435,339
"Os08g0346800",71,95,84,159,54,140
"Os08g0339200",84,57,62,49,86,122
"Os08g0254200",333,369,340,410,514,456
"Os08g0338200",1576,1614,1429,1545,1340,1448
"Os08g0150200",237,204,192,246,284,242
"Os08g0382400",1641,1053,1977,2298,2829,2723
"Os08g0413500",4221,4943,5611,6765,10092,8585
"Os08g0101700",831,670,905,1173,1228,1378
"Os08g0411900",455,424,307,450,418,371
"Os08g0231400",15861,12662,16504,24485,29256,30995
"Os08g0453733",228,245,170,234,197,213
"Os08g0501300",78,103,52,77,59,84
"Os08g0386800",4356,5166,4000,4267,3726,3300
"Os08g0552000",22,14,19,16,2,15
"Os08g0190700",46,39,40,49,24,42
"Os08g0375800",109,65,94,66,81,114
"Os08g0430100",1050,993,899,980,1092,1133
"Os08g0145600",375,392,364,383,337,387
"Os08g0169800",1307,1368,1238,1260,1362,1243
"Os08g0439100",3229,3157,2668,2903,2885,2455
"Os08g0504200",16,24,10,10,16,25
"Os08g0352400",205,160,163,222,219,272
"Os08g0384500",9527,11436,9303,6365,5988,4264
"Os08g0364500",100,45,39,35,70,99
"Os08g0494000",11,12,20,4,6,8
"Os08g0200300",39911,40760,42475,60349,79702,75505
"Os08g0510500",689,816,553,598,582,606
"Os08g0497300",61,60,79,90,58,50
"Os08g0433200",1012,1079,905,898,887,961
"Os08g0151700",288,240,196,250,152,171
"Os08g0520700",1175,1213,1426,2302,2526,2275
"Os08g0203400",2467,2036,3454,5153,4092,2361
"Os08g0432800",90,95,86,72,74,75
"Os08g0155100",843,845,597,612,649,552
"Os08g0386200",1297,1946,1408,1544,1939,2231
"Os08g0138700",171,200,134,103,40,33
"Os08g0184300",1235,1160,1027,1119,1013,931
"Os08g0536341",49,21,43,86,96,132
"Os08g0117200",2178,2899,2082,2381,2349,2286
"Os08g0301500",10156,8319,7345,9219,9291,9502
"Os08g0412401",2690,3240,2366,2487,2357,2233
"Os08g0538000",4500,4559,4254,4493,5186,4941
"Os08g0278600",582,597,486,427,338,417
"Os08g0513700",8853,9051,8292,8650,9622,9516
"Os08g0176900",147,154,118,120,148,132
"Os08g0553500",117,117,130,290,221,220
"Os08g0154225",44,27,56,35,74,81
"Os08g0494350",111,123,139,84,149,121
"Os08g0300366",65,58,31,65,122,125
"Os08g0476900",16,10,12,2,8,0
"Os08g0463100",16,8,14,20,63,106
"Os08g0499400",18,16,8,6,16,32
"Os08g0366200",382,500,369,427,440,372
"Os08g0406700",37,77,37,65,90,58
"Os08g0112500",2994,3140,2186,1939,1366,1316
"Os08g0190300",37,56,34,123,98,132
"Os08g0189850",56,84,51,48,36,16
"Os08g0178100",2503,2327,2087,2089,1973,2034
"Os08g0310100",808,879,674,704,739,696
"Os08g0116400",3212,4093,3168,3299,2966,2796
"Os08g0510800",324,355,493,636,920,877
"Os08g0522600",2840,3028,2558,2590,2880,2323
"Os08g0191200",646,519,503,583,449,462
"Os08g0201100",48,60,40,17,14,24
"Os08g0376300",108,134,162,195,261,222
"Os08g0101100",6,20,18,18,4,12
"Os08g0128000",29,8,44,46,31,38
"Os08g0532800",388,288,443,424,490,558
"Os08g0540300",6996,6078,5079,5544,6061,5764
"Os08g0274700",1791,1603,1472,1658,1873,1650
"Os08g0173600",954,841,676,672,529,961
"Os08g0101000",4783,4548,4488,5236,6595,5513
"Os08g0304900",263,234,239,329,306,302
"Os08g0429225",23,6,9,7,23,40
"Os08g0552100",35,40,33,47,51,64
"Os08g0102100",3550,3881,2367,2301,2056,1834
"Os08g0100800",977,870,916,997,992,973
"Os08g0357000",7614,8002,5478,5452,6398,6383
"Os08g0533600",346,474,437,314,447,556
"Os08g0559400",4066,3775,3406,3487,3919,3775
"Os08g0160500",10,20,6,19,20,22
"Os08g0486867",43,59,41,75,80,64
"Os08g0505200",110,44,100,83,128,151
"Os08g0515600",54,43,30,79,31,51
"Os08g0481700",63,96,53,120,110,79
"Os08g0161900",19,24,33,29,24,28
"Os08g0278900",1339,2021,1170,914,913,1028
"Os08g0356700",1635,3217,2475,1827,2121,1671
"Os08g0166500",50,97,113,143,157,105
"Os08g0364900",5932,5107,4268,2547,1937,2995
"Os08g0153600",30,22,30,23,26,27
"Os08g0110300",831,958,922,816,849,804
"Os08g0501200",52,53,28,8,0,0
"Os08g0359200",2746,2559,2550,3545,4489,3887
"Os08g0178800",64,77,52,90,66,46
"Os08g0140500",304,262,142,171,138,221
"Os08g0369600",588,719,528,620,552,489
"Os08g0157500",5635,11685,6389,6437,1895,1191
"Os08g0476300",158,194,372,284,803,589
"Os08g0241900",26,73,49,72,80,56
"Os08g0139700",200,193,305,856,624,1810
"Os08g0512600",16,26,23,6,8,22
"Os08g0236400",95,170,77,134,121,49
"Os08g0150700",328,367,142,194,115,112
"Os08g0199000",729,733,726,576,633,633
"Os08g0290000",1173,1133,953,1207,1070,1130
"Os08g0332600",72,63,47,59,63,72
"Os08g0240800",1539,1333,1161,1254,1162,1107
"Os08g0276000",537,588,507,446,372,354
"Os08g0409900",78,85,63,55,46,63
"Os08g0290100",743,749,636,640,827,698
"Os08g0347000",121,187,110,47,23,16
"Os08g0508100",50,61,78,50,58,53
"Os08g0305100",76,80,68,83,119,152
"Os08g0460800",396,367,406,372,443,418
"Os08g0153900",39,34,10,42,6,32
"Os08g0110200",86,133,100,113,142,101
"Os08g0497900",498,464,472,527,540,359
"Os08g0440000",680,708,551,630,571,454
"Os08g0427300",1562,1661,1499,1386,1439,1449
"Os08g0242800",12283,12414,13972,13650,21601,21094
"Os08g0266225",75,81,85,135,381,264
"Os08g0172200",3806,3763,3929,4224,5106,4906
"Os08g0499000",380,540,419,275,162,142
"Os08g0433300",150,140,163,262,294,311
"Os08g0412200",4824,5391,5068,5631,6506,5821
"Os08g0554050",184,164,162,141,144,159
"Os08g0399600",504,400,305,350,241,280
"Os08g0117100",979,741,962,1463,1815,1731
"Os08g0182400",899,954,657,819,662,641
"Os08g0153101",22,12,20,36,29,21
"Os08g0538700",30,16,35,28,18,15
"Os08g0508800",21085,45056,28543,16742,9548,6819
"Os08g0120500",3208,2724,2587,2267,2818,2746
"Os08g0518800",51,45,32,69,19,34
"Os08g0150800",999,812,801,876,918,788
"Os08g0347200",567,715,601,736,514,416
"Os08g0478700",4051,3756,4218,5637,4229,4672
"Os08g0326300",2084,1722,1831,2052,1744,1874
"Os08g0374100",2749,2906,2254,2351,2329,2074
"Os08g0472600",2964,3132,2504,2217,2304,2191
"Os08g0547600",27,5,18,20,29,84
"Os08g0327100",499,436,563,654,1338,1699
"Os08g0474600",503,522,430,536,486,428
"Os08g0484700",1475,2209,2131,1963,2724,2327
"Os08g0139500",88,57,99,125,217,211
"Os08g0549300",155,164,107,106,116,92
"Os08g0101400",948,1132,875,902,1000,958
"Os08g0326900",116,164,107,130,148,178
"Os08g0152900",834,738,704,830,738,728
"Os08g0541400",2521,2094,2956,3719,4457,4845
"Os08g0378800",801,731,691,706,879,841
"Os08g0135400",221,237,216,172,200,208
"Os08g0215400",137,206,172,144,202,154
"Os08g0332400",35,57,25,58,85,40
"Os08g0205200",804,836,776,915,1145,1149
"Os08g0170800",1281,989,956,1169,919,933
"Os08g0517001",18,19,33,24,27,26
"Os08g0528800",38,71,52,74,92,82
"Os08g0146001",178,239,203,190,311,268
"Os08g0535000",27,15,13,26,0,11
"Os08g0224300",2634,2068,2677,2825,3535,3403
"Os08g0482600",223,122,239,138,156,139
"Os08g0549200",51,33,47,65,109,70
"Os08g0123300",358,313,356,543,579,510
"Os08g0369300",653,740,485,502,448,427
"Os08g0412800",152,135,90,63,13,39
"Os08g0460900",652,721,557,564,653,589
"Os08g0389601",30,74,42,40,54,36
"Os08g0260600",660,1045,845,689,800,475
"Os08g0534350",103,119,90,485,73,76
"Os08g0436500",6,4,2,14,20,19
"Os08g0112600",1540,1788,1547,2029,2225,2100
"Os08g0494100",2,2,14,8,23,22
"Os08g0542300",631,613,585,573,664,676
"Os08g0554400",3002,3373,2902,3624,4783,3928
"Os08g0327400",682,752,566,433,302,276
"Os08g0468700",240,147,264,176,246,301
"Os08g0109300",3596,3724,2350,3061,1959,3200
"Os08g0131100",39,39,23,29,24,51
"Os08g0543600",2363,1954,2155,2678,3015,2797
"Os08g0117000",45,35,34,49,41,57
"Os08g0549900",156,116,98,136,103,82
"ENSRNA049465125",6,20,13,16,46,64
"Os12g0248600",18,27,2,12,10,24
"Os12g0124000",539,489,681,2171,2402,2578
"Os12g0190000",33394,34880,27760,34855,25433,22399
"Os12g0534200",3405,2636,3436,5064,5871,5508
"Os12g0165700",650,670,796,824,1274,928
"Os12g0153433",69,98,16,50,53,72
"Os12g0112500",442,352,243,465,187,281
"Os12g0141000",115,102,99,114,67,46
"Os12g0612400",3181,3180,2619,2420,2334,1961
"Os12g0244100",9001,8165,7424,7738,7602,8527
"Os12g0614800",14,11,10,4,3,4
"Os12g0533800",466,407,375,417,487,572
"Os12g0239900",195,176,101,187,104,129
"Os12g0284800",72,139,137,128,103,100
"Os12g0597700",2024,2698,2047,1850,1534,1394
"Os12g0272800",30,50,35,48,59,44
"Os12g0209000",783,493,745,906,1065,1513
"Os12g0538600",11,31,91,8,0,0
"Os12g0136900",894,787,596,771,730,1050
"Os12g0283100",158,102,64,65,44,28
"Os12g0528300",1154,1036,880,1012,1107,957
"Os12g0130300",234,568,161,256,220,150
"Os12g0284000",6223,6393,5690,6873,7596,7724
"Os12g0131000",1273,1749,1512,1473,1545,1402
"Os12g0601200",915,834,668,923,1116,489
"Os12g0580400",778,1272,947,872,858,856
"Os12g0169700",1216,1360,1031,1068,1180,1007
"Os12g0433200",360,374,311,324,304,346
"Os12g0617900",4503,4382,4403,4665,5180,4588
"Os12g0107300",418,413,464,504,430,374
"Os12g0631200",1800,1964,1330,1478,1250,1137
"Os12g0223300",1718,1978,1607,2208,2545,1967
"Os12g0109900",1034,859,909,1157,1295,1249
"Os12g0566700",2701,3814,2670,3170,2795,2642
"Os12g0112800",683,907,758,589,733,518
"Os12g0432600",196,290,143,80,80,101
"Os12g0615400",12069,11861,12525,16873,19865,19430
"Os12g0541400",1085,1122,789,740,775,691
"Os12g0119700",395,346,239,398,290,282
"Os12g0562300",4611,4337,3607,4225,3901,3956
"Os12g0105300",1138,1025,1088,2074,2389,2591
"Os12g0221700",190,271,166,191,171,89
"Os12g0625000",4438,5542,3605,5281,6880,7669
"Os12g0276100",1852,2219,1729,2066,2469,2228
"Os12g0460800",5330,6071,5590,6114,5655,5843
"Os12g0116900",874,608,619,568,493,579
"Os12g0245100",39,46,12,22,20,13
"Os12g0634800",172,105,87,140,124,121
"Os12g0420000",323,362,305,358,379,351
"Os12g0533700",3575,2893,3039,3672,4086,3998
"Os12g0594600",6,18,16,8,6,15
"Os12g0581350",35,11,24,58,47,37
"Os12g0291000",1026,824,941,938,1127,1041
"Os12g0465800",261,243,250,276,328,326
"Os12g0406200",3877,3626,2962,3280,2895,2996
"Os12g0197200",2608,2032,2435,2761,1931,2453
"Os12g0611700",880,954,772,689,647,802
"Os12g0171500",2066,2024,2191,2817,3815,3044
"Os12g0617100",35,34,29,27,28,16
"Os12g0540000",26,56,36,38,57,24
"Os12g0503300",23,7,23,38,58,32
"Os12g0632000",22544,39315,29767,30110,28628,23841
"Os12g0498700",588,579,464,579,664,560
"Os12g0577600",68,42,78,75,146,123
"Os12g0171600",71,53,62,101,63,80
"Os12g0595800",84,75,58,74,52,53
"Os12g0199800",30,121,54,32,0,0
"Os12g0231000",206,301,250,354,284,518
"Os12g0152600",292,238,223,282,237,193
"Os12g0278900",255,249,226,266,194,231
"Os12g0639100",882,776,702,623,732,663
"Os12g0564100",333,47,22,68,8,28
"Os12g0182600",478,494,323,441,340,353
"Os12g0116400",311,375,257,195,232,180
"Os12g0600701",6364,6733,5634,6829,5448,4218
"Os12g0132400",324,263,179,204,136,186
"Os12g0132800",18,21,24,22,17,9
"Os12g0188900",65,57,55,62,82,37
"Os12g0115100",175,141,253,271,206,249
"Os12g0539700",2156,1592,1940,2932,2876,2782
"Os12g0615100",26,46,47,52,38,59
"Os12g0602200",8,0,18,10,31,20
"Os12g0601800",21,34,25,17,39,102
"Os12g0261300",73,84,66,90,149,162
"Os12g0572400",808,810,622,584,639,880
"Os12g0183300",175,132,162,172,169,164
"Os12g0204500",58,51,40,83,79,36
"Os12g0444500",340,440,340,523,538,534
"Os12g0131150",597,506,380,314,181,173
"Os12g0221400",540,658,497,294,54,49
"Os12g0609900",71,89,76,58,71,68
"Os12g0465600",16,21,21,12,18,7
"Os12g0183100",12168,9248,8733,10023,12223,14494
"Os12g0141900",430,356,282,428,406,233
"Os12g0604000",171,156,117,340,180,144
"Os12g0566500",2294,2430,2011,1905,1878,2041
"Os12g0193800",923,1034,1010,1478,1860,1614
"Os12g0148700",50,36,25,39,74,54
"Os12g0136600",12,17,23,28,28,42
"Os12g0610500",382,370,339,364,403,380
"Os12g0178700",1316,962,875,1479,1542,1345
"Os12g0429200",4753,4019,3765,3923,4124,3764
"Os12g0585300",85,165,109,89,102,119
"Os12g0141500",294,265,222,218,150,123
"Os12g0111800",1235,1300,1019,328,50,20
"Os12g0194900",29,14,17,16,27,66
"Os12g0535900",1637,1645,1405,1297,1711,1587
"Os12g0538700",171,290,298,147,222,93
"Os12g0428700",10,8,12,19,20,13
"Os12g0514500",1656,1093,790,896,586,703
"Os12g0245000",242,153,182,295,178,295
"Os12g0155250",53,39,45,46,53,71
"Os12g0128700",4748,4164,3378,4663,4273,4667
"Os12g0512400",293,377,276,369,407,247
"Os12g0586100",4225,4688,5021,5081,6247,5339
"Os12g0297500",4506,4390,4305,5461,5787,5858
"Os12g0514900",632,611,586,621,639,610
"Os12g0143400",93,112,108,139,135,134
"Os12g0133600",176,260,182,172,256,237
"Os12g0156900",144,81,112,119,82,101
"Os12g0559200",5148,8036,17752,12886,9166,22098
"Os12g0481200",197,304,186,258,244,235
"Os12g0120400",141,114,118,184,230,368
"Os12g0596201",13,13,23,22,44,99
"Os12g0127500",203,207,188,204,208,200
"Os12g0492600",332,414,326,353,575,444
"Os12g0491800",8219,8460,3827,2197,90,4
"Os12g0583900",202,153,108,117,138,167
"Os12g0430000",1419,1229,1111,1077,946,993
"Os12g0120100",16,15,8,17,37,51
"Os12g0538500",1889,1911,1996,2022,2894,2818
"Os12g0614000",288,263,221,296,200,249
"Os12g0105200",599,441,379,390,381,436
"Os12g0104200",141,156,121,104,91,86
"Os12g0560700",31,24,22,16,14,16
"Os12g0103000",1908,1719,1875,2133,2294,2094
"Os12g0168800",203,286,221,239,295,263
"Os12g0540700",360,266,264,258,214,287
"Os12g0539333",190,190,112,201,125,179
"Os12g0222800",190,305,241,433,448,186
"Os12g0106700",2167,2470,2427,2251,3939,3265
"Os12g0605400",3315,4439,3204,3134,3571,3297
"Os12g0632900",165,170,146,245,377,303
"Os12g0112200",3252,2777,2061,2412,2264,2120
"Os12g0495525",78,138,85,92,151,55
"Os12g0171200",1139,877,835,1196,1023,1110
"Os12g0541500",15129,11198,12060,18248,18652,19386
"Os12g0150100",3121,3621,2860,3201,2936,2935
"Os12g0127800",92,150,90,112,79,83
"Os12g0153900",350,483,337,249,440,353
"Os12g0586600",6572,6655,5585,5140,5101,4817
"Os12g0179700",1338,1497,1383,1597,1999,1890
"Os12g0197900",613,570,518,517,521,512
"Os12g0516700",1177,1166,1147,1273,1151,1264
"Os12g0191200",1904,1801,2075,2867,2937,3150
"Os12g0458100",2,24,140,221,71,741
"Os12g0188700",787,699,770,901,953,975
"Os12g0562477",372,351,279,321,378,361
"Os12g0596501",17,30,25,18,22,42
"Os12g0268000",65,84,20,38,1,6
"Os12g0634600",108,172,120,169,212,135
"Os12g0263200",2486,2438,1906,2055,1895,1875
"Os12g0616900",659,645,653,559,472,615
"Os12g0579450",136,184,170,204,238,208
"Os12g0118800",10492,11121,9289,9388,8358,8399
"Os12g0126800",2713,2436,2599,3027,3446,3566
"Os12g0147800",2641,2192,1805,2527,1375,1711
"Os12g0127200",184,295,176,153,104,117
"Os12g0636100",37,42,20,52,20,30
"Os12g0247700",19,36,163,102,34,229
"Os12g0600100",25,6,11,20,35,48
"Os12g0208900",629,589,543,937,1130,784
"Os12g0633000",187,198,177,247,256,222
"Os12g0565100",77,121,111,80,93,100
"Os12g0142600",132,97,128,182,166,131
"Os12g0637700",173,119,192,97,157,159
"Os12g0605100",48,30,38,63,117,82
"Os12g0118000",37,34,36,25,37,48
"Os12g0210500",373,435,316,556,609,273
"Os12g0407900",64,69,106,99,119,133
"Os12g0197500",441,542,364,443,440,485
"Os12g0562700",84,46,32,57,42,44
"Os12g0628300",141,334,171,179,200,160
"Os12g0467300",1343,2815,1557,1000,778,565
"Os12g0517800",18,18,10,7,2,1
"Os12g0126000",75,92,34,62,43,56
"Os12g0438400",878,826,1062,1843,3079,3707
"Os12g0500800",1071,746,878,815,1006,986
"Os12g0567200",426,515,414,531,552,545
"Os12g0417000",1033,830,909,858,757,858
"Os12g0575200",117,84,80,77,65,50
"Os12g0580900",281,296,156,194,187,198
"Os12g0152750",147,114,131,153,72,71
"Os12g0278700",4686,4860,3773,4056,4786,5043
"Os12g0142900",1360,1324,1159,1523,1566,855
"Os12g0420400",10154,17170,17776,26713,44149,38654
"Os12g0265100",198,223,141,140,73,122
"Os12g0515400",2155,2599,1866,2403,1799,1733
"Os12g0129400",835,783,571,750,792,857
"Os12g0607400",2524,2763,3079,3768,5269,4752
"Os12g0178800",25,12,30,28,55,26
"Os12g0178100",1102,1048,771,955,854,848
"Os12g0405100",4577,4830,4869,5040,5536,5069
"Os12g0127900",220,168,164,218,254,260
"Os12g0169600",538,544,557,1316,1702,1985
"Os12g0460100",298,222,187,168,22,74
"Os12g0270900",34,16,42,38,62,57
"Os12g0556600",101,88,90,74,65,76
"Os12g0425800",1779,2656,2497,2493,3205,2527
"Os12g0257450",161,247,292,376,537,656
"Os12g0114400",143,123,169,154,147,118
"Os12g0234800",318,150,111,182,113,124
"Os12g0609200",328,510,280,387,308,303
"Os12g0270100",646,719,555,704,605,722
"Os12g0132900",52,48,25,49,90,69
"Os12g0242800",60,56,54,106,150,172
"Os12g0600400",1383,1479,1074,1110,994,969
"Os12g0604300",0,5,10,9,18,14
"Os12g0433700",63,17,42,56,22,51
"Os12g0580600",26,39,13,23,25,52
"Os12g0163400",2269,2520,2296,2096,2357,2389
"Os12g0448900",6104,5408,6392,1450,173,97
"Os12g0267500",48,32,41,28,45,68
"Os12g0437800",194,394,133,76,24,18
"Os12g0185900",191,187,179,294,289,217
"Os12g0636200",5047,4487,4168,4850,4722,4815
"Os12g0610600",3936,4643,2952,2932,2729,2629
"Os12g0113500",1370,1137,1187,1109,543,766
"Os12g0512700",313,226,165,420,333,425
"Os12g0155100",258,506,317,412,485,639
"Os12g0224500",622,569,487,659,564,467
"Os12g0131100",1312,1296,992,685,567,535
"Os12g0284850",650,832,514,615,614,575
"Os12g0571100",74,106,22,4,14,39
"Os12g0152500",19,16,26,27,21,17
"Os12g0583400",2768,2593,2841,3593,4316,4146
"Os12g0244500",436,440,404,387,412,356
"Os12g0182700",2192,1978,2079,2910,3846,3670
"Os12g0562232",155,179,196,206,210,196
"Os12g0267200",39,16,40,32,27,46
"Os12g0640600",17526,15470,11187,11949,11165,10572
"Os12g0634500",9,11,16,12,3,8
"Os12g0299150",295,244,298,363,346,359
"Os12g0209200",214,491,193,183,106,136
"Os12g0630700",1509,1304,1098,1317,1063,1078
"Os12g0416900",170,114,107,98,129,84
"Os12g0594000",39,20,30,16,40,42
"Os12g0584700",26,64,19,27,23,21
"Os12g0254601",564,443,664,691,864,806
"Os12g0592500",8,16,8,12,13,20
"Os12g0431300",0,25,12,14,38,22
"Os12g0607100",1542,1734,1272,1549,997,1218
"Os12g0115500",757,354,1479,1081,1522,2449
"Os12g0578500",1192,1209,1018,912,814,737
"Os12g0115050",55,31,70,53,26,26
"Os12g0124200",5834,6580,5857,6030,7119,6382
"Os12g0152100",64,35,49,135,123,300
"Os12g0424700",56,95,105,56,30,10
"Os12g0567000",98,84,113,82,223,151
"Os12g0574400",396,281,298,367,402,404
"Os12g0616400",431,437,507,536,768,874
"Os12g0179800",2489,3026,2341,2377,2313,2160
"Os12g0558400",12,6,18,26,24,36
"Os12g0169950",483,556,406,441,336,305
"Os12g0597650",84,80,69,46,28,28
"Os12g0515500",1068,1490,1210,1639,1198,1137
"Os12g0110200",15,19,5,7,8,13
"Os12g0256900",146,171,103,119,126,111
"Os12g0416300",3487,2739,2948,3102,3181,3304
"Os12g0197600",906,860,921,1230,1085,1204
"Os12g0458900",1018,1562,1592,2008,2624,2638
"Os12g0145566",841,1225,1022,1164,1125,726
"Os12g0621300",299,308,236,275,201,233
"Os12g0477050",175,140,108,138,131,102
"Os12g0517100",78,77,46,48,64,60
"Os12g0626400",232,172,229,392,433,409
"Os12g0265400",50,51,51,69,58,67
"Os12g0240900",228,13,37,5,0,0
"Os12g0204200",199,201,154,278,170,80
"Os12g0560900",7538,7764,7566,7417,8763,7067
"Os12g0225150",2293,2131,2220,2665,2467,2345
"Os12g0635700",15,48,32,14,20,23
"Os12g0620100",16,4,5,32,44,21
"Os12g0140600",466,467,475,443,470,479
"Os12g0148400",31,12,12,21,17,33
"Os12g0574900",1226,1156,1166,1274,1294,1124
"Os12g0570400",133,139,128,114,172,166
"Os12g0105800",1319,1323,903,888,572,557
"Os12g0130200",86,132,48,60,19,0
"Os12g0561000",2849,3914,3021,2437,2484,2072
"Os12g0509100",404,406,311,423,356,492
"Os12g0613700",861,965,696,512,485,474
"Os12g0131266",105,117,65,134,88,109
"Os12g0241100",623,749,567,662,773,636
"Os12g0197400",4601,4434,4425,4473,5210,4628
"Os12g0297400",2580,2685,2442,2510,2601,2312
"Os12g0605800",266,280,223,278,353,287
"Os12g0569300",200,112,119,119,107,68
"Os12g0472500",12,7,22,12,10,12
"Os12g0572500",46,26,14,57,70,103
"Os12g0111700",36,55,52,47,28,26
"Os12g0140300",204,173,163,127,189,171
"Os12g0615800",2127,2232,2037,1941,2666,2370
"Os12g0443600",1264,1529,1055,1177,902,804
"Os12g0562900",1362,1424,992,1337,1281,987
"Os12g0287300",2262,2335,1575,1883,1732,1606
"Os12g0613500",1558,1332,1092,1305,1266,1375
"Os12g0621100",516,437,459,459,353,360
"Os12g0289833",0,2,0,12,13,12
"Os12g0170100",1832,1531,1457,1673,1045,1368
"Os12g0277400",3875,3443,2763,2930,2402,2707
"Os12g0489200",2286,2246,1741,1856,1625,1576
"Os12g0291033",194,131,136,125,167,137
"Os12g0183375",180,217,169,234,232,236
"Os12g0155300",584,655,481,707,548,674
"Os12g0560500",219,203,126,189,167,174
"Os12g0641100",6113,5071,5584,5956,6513,6065
"Os12g0555400",211,286,285,474,902,964
"Os12g0281600",232,317,202,232,190,130
"Os12g0267900",228,180,268,935,1416,1573
"Os12g0270200",1007,951,935,1029,1074,1004
"Os12g0173400",732,871,673,910,918,811
"Os12g0118700",189,196,144,239,145,115
"Os12g0633700",53,19,31,13,21,3
"Os12g0238000",67,69,22,23,20,43
"Os12g0292900",4041,3134,5004,5041,7160,6540
"Os12g0615500",1263,1278,1040,1084,980,1066
"Os12g0485000",1346,1176,1292,1539,1649,1605
"Os12g0238900",31,20,13,14,4,17
"Os12g0237900",249,103,161,187,211,212
"Os12g0556900",10,12,16,14,44,34
"Os12g0291400",1547,1678,1591,1735,2036,1984
"Os12g0450500",1501,1568,1199,1653,1447,1369
"Os12g0527700",508,701,471,550,618,255
"Os12g0407200",15,12,11,18,12,24
"Os12g0610250",104,72,71,118,108,95
"Os12g0601000",10,16,13,8,12,12
"Os12g0152800",413,318,308,399,272,357
"Os12g0632700",3237,3830,2494,2650,2299,2068
"Os12g0634700",60,98,62,44,57,31
"Os12g0618300",777,819,796,699,978,893
"Os12g0536200",2078,1795,1810,2134,2298,2250
"Os12g0136200",1076,1079,1039,1024,917,1011
"Os12g0288400",3835,4417,3347,3152,3001,3152
"Os12g0279100",570,518,543,748,640,678
"Os12g0119800",64,43,67,81,72,65
"Os12g0520200",110,60,142,152,181,171
"Os12g0639000",17,25,11,16,15,16
"Os12g0140000",27,34,22,59,27,31
"Os12g0540100",13,4,6,8,24,50
"Os12g0123700",395,505,481,412,313,227
"Os12g0502800",2107,2007,1715,2116,2129,1801
"Os12g0575000",2837,3065,3873,4804,7450,7235
"Os12g0131200",61,73,65,61,5,13
"Os12g0244800",58,46,29,75,46,28
"Os12g0636800",2117,2449,1844,2043,2061,1957
"Os12g0159000",1607,2662,2263,1990,2384,2048
"Os12g0127100",21,48,44,31,39,39
"Os12g0138166",12,11,7,4,22,5
"Os12g0641400",3545,3233,2937,3765,4719,4338
"Os12g0593000",4399,4900,4147,4030,4295,4211
"Os12g0162800",59,71,40,48,60,38
"Os12g0154000",2017,2032,1624,1796,1670,1873
"Os12g0104700",675,825,689,686,870,806
"Os12g0160300",58,69,41,45,120,66
"Os12g0143800",174,282,61,277,619,493
"Os12g0258200",2162,2177,1595,1673,1413,1520
"Os12g0169000",1086,1341,789,781,584,537
"Os12g0233600",686,787,640,636,774,723
"Os12g0438000",370,546,490,825,877,655
"Os12g0569500",6759,6018,9327,8079,6537,8757
"Os12g0160900",1085,863,917,887,879,1036
"Os12g0418900",352,318,338,409,488,397
"Os12g0548200",8830,8645,7659,7244,8756,8593
"Os12g0484700",512,514,562,496,628,488
"Os12g0470000",191,227,270,285,348,312
"Os12g0182200",368,212,376,470,376,473
"Os12g0501700",29,25,22,24,50,30
"Os12g0603700",13,4,18,34,8,10
"Os12g0540800",1478,1514,1264,1295,1260,1305
"Os12g0552300",540,355,362,403,331,439
"Os12g0262100",17,10,24,38,21,14
"Os12g0166000",3712,3584,3009,3133,3464,3420
"Os12g0514100",1102,1312,945,1025,1013,1004
"Os12g0630800",31,54,21,12,4,0
"Os12g0225100",532,538,469,532,404,488
"Os12g0589100",4168,4391,3666,3598,3713,3616
"Os12g0145500",1038,888,704,837,829,757
"Os12g0153200",465,365,247,404,130,161
"Os12g0405300",123,153,103,193,182,163
"Os12g0569700",1263,733,1715,698,582,775
"Os12g0640900",28,25,25,36,39,58
"Os12g0489800",5,12,12,17,12,22
"Os12g0591101",24,30,15,21,17,8
"Os12g0604600",20,9,20,18,20,31
"Os12g0511600",32,37,28,61,34,30
"Os12g0443700",6325,6347,4935,5004,4898,4796
"Os12g0154400",30,38,44,42,31,47
"Os12g0596800",846,612,564,668,583,636
"Os12g0545600",124,127,104,111,80,128
"Os12g0189900",293,270,301,298,336,415
"Os12g0583700",151,210,129,49,60,29
"Os12g0597300",2140,2364,1913,2108,2534,2512
"Os12g0577800",2239,2694,1939,2017,1514,1535
"Os12g0165000",4111,3928,3304,3424,3436,3263
"Os12g0506500",25,22,12,14,14,3
"Os12g0409600",1088,1138,1106,1044,1202,1233
"Os12g0605300",1172,1222,950,1045,1072,1082
"Os12g0609500",456,406,343,341,379,397
"Os12g0225200",550,432,368,625,608,867
"Os12g0265600",50,31,25,67,43,55
"Os12g0113700",10,4,16,11,9,2
"Os12g0144200",16,12,24,38,137,148
"Os12g0273900",104,88,84,91,133,155
"Os12g0283900",1937,2160,2081,1968,2322,2104
"Os12g0277500",1258,1316,930,1543,1159,1257
"Os12g0628500",6892,6485,4788,5063,4603,4530
"Os12g0141400",181,123,102,143,83,144
"Os12g0129000",708,743,578,760,699,846
"Os12g0620000",552,516,611,804,826,719
"Os12g0133201",71,102,33,46,57,67
"Os12g0595000",2635,2582,2256,2015,1986,1966
"Os12g0515800",10305,18589,8695,18073,22148,18130
"Os12g0482500",91,56,58,42,28,81
"Os12g0587200",515,807,728,840,947,1015
"Os12g0256600",425,409,461,481,413,394
"Os12g0172400",127,125,173,159,164,113
"Os12g0485800",674,751,583,765,665,721
"Os12g0290200",218,253,253,377,764,714
"Os12g0527800",2067,1844,1629,1728,1922,2012
"Os12g0578800",22,22,3,18,10,16
"Os12g0145900",22,31,24,32,64,31
"Os12g0456100",218,168,167,144,299,315
"Os12g0254700",137,150,145,192,248,152
"Os12g0170300",107,91,83,141,158,155
"Os12g0137500",3617,3496,2660,2626,2627,2356
"Os12g0608600",4136,4321,3617,4042,4367,3872
"Os12g0198500",349,366,299,333,341,334
"Os12g0547500",28,25,16,4,4,2
"Os12g0622850",97,93,105,119,152,116
"Os12g0192300",4,4,6,12,11,14
"Os12g0244000",52,52,74,65,60,73
"Os12g0194600",280,353,298,348,312,304
"Os12g0168700",8917,7712,7949,8453,7472,7430
"Os12g0168000",3196,2975,2935,3097,2911,2887
"Os12g0235200",584,541,746,788,754,717
"Os12g0533500",637,594,544,477,482,539
"Os12g0174800",427,387,395,382,425,333
"Os12g0406000",1312,1039,1081,2580,2907,2895
"Os12g0135000",11,18,16,19,25,19
"Os12g0178000",27,15,28,14,24,8
"Os12g0567700",7128,9261,8142,9392,10424,9708
"Os12g0114200",2408,2412,2003,1837,1713,1846
"Os12g0419700",51,44,40,58,43,33
"Os12g0527301",120,180,182,389,457,455
"Os12g0549700",213,270,329,457,715,708
"Os12g0442700",15,16,8,34,28,38
"Os12g0203100",953,793,723,882,833,879
"Os12g0106000",13380,10850,6699,3592,2646,1505
"Os12g0234000",399,358,346,458,358,419
"Os12g0636000",558,802,643,626,705,687
"Os12g0181533",14,15,7,24,9,23
"Os12g0573900",459,338,397,513,464,511
"Os12g0129300",19,27,20,12,35,26
"Os12g0576700",1361,1429,1910,1546,2305,1543
"Os12g0128200",53,75,42,43,58,66
"Os12g0518000",165,145,133,114,111,125
"Os12g0267064",301,240,276,336,325,323
"Os12g0116000",167,151,174,211,193,267
"Os12g0139400",391,823,491,1950,316,262
"Os12g0257000",4503,4543,3412,3485,3452,3599
"Os12g0174000",1534,1530,1467,1580,1441,1443
"Os12g0620400",13862,13779,13518,18364,20073,19360
"Os12g0615700",60,63,59,63,76,52
"Os12g0428200",129,95,74,104,71,97
"Os12g0498650",172,216,172,373,306,288
"Os12g0613300",1816,1802,1721,2014,1978,1813
"Os12g0135100",54,50,63,35,112,114
"Os12g0209901",766,633,582,436,307,270
"Os12g0570000",665,890,647,657,809,706
"Os12g0536000",604,633,526,645,580,650
"Os12g0285100",17368,15346,22634,23894,30950,28269
"Os12g0257400",12,9,10,20,10,19
"Os12g0137200",2089,1499,1874,2489,3006,3091
"Os12g0625200",27,15,30,33,20,75
"Os12g0507000",3427,2357,2429,2757,3014,2829
"Os12g0250900",638,595,637,795,1064,1131
"Os12g0560400",396,540,450,638,627,588
"Os12g0571900",881,864,750,816,934,888
"Os12g0193200",2230,1992,1800,2284,1955,1849
"Os12g0573000",216,168,231,224,229,179
"Os12g0635400",466,536,334,245,110,81
"Os12g0502200",2977,3238,2395,2551,2450,2525
"Os12g0171250",257,219,140,109,125,110
"Os12g0125400",719,612,540,645,594,565
"Os12g0562400",734,1044,569,750,472,349
"Os12g0503200",1003,1031,940,1127,1159,1086
"Os12g0106600",625,539,650,656,637,675
"Os12g0288801",96,96,92,151,131,148
"Os12g0129350",55,54,33,56,40,40
"Os12g0207200",73,70,42,86,85,65
"Os12g0154600",402,399,307,325,292,290
"Os12g0191150",2055,1528,1747,2262,1830,2157
"Os12g0516000",3187,8114,3361,7023,4549,1824
"Os12g0583300",92,85,150,229,590,1018
"Os12g0465700",1088,1007,1167,1065,1441,1277
"Os12g0120200",352,336,388,405,383,470
"Os12g0508266",43,40,30,40,55,66
"Os12g0553600",1536,1404,1532,1712,2318,2335
"Os12g0556200",9452,13171,9828,7665,6377,4983
"Os12g0554400",4228,4048,3555,3592,3278,3309
"Os12g0638600",1372,1459,1291,1389,1398,1423
"Os12g0123500",640,741,555,598,878,816
"Os12g0154700",35,30,36,30,26,6
"Os12g0425500",470,628,522,558,516,472
"Os12g0623800",203,237,220,245,193,262
"Os12g0443800",209,172,178,190,184,216
"Os12g0116800",34,510,1066,471,26,368
"Os12g0512100",154,127,134,247,225,156
"Os12g0577200",26,14,22,10,14,16
"Os12g0257500",748,1079,753,975,1202,1098
"Os12g0124500",138,150,155,110,108,68
"Os12g0568700",38,16,33,13,63,64
"Os12g0557800",306,313,314,348,368,338
"Os12g0623500",24841,25828,24433,22882,29282,25400
"Os12g0500700",345,360,284,320,358,283
"Os12g0638300",441,251,270,555,604,1031
"Os12g0140200",31,61,34,77,59,64
"Os12g0172150",52,57,60,67,70,19
"Os12g0161700",221,229,135,198,255,238
"Os12g0624800",164,188,167,169,170,171
"Os12g0161500",67,43,18,43,8,22
"Os12g0267800",4,5,11,22,33,31
"Os12g0134200",981,971,626,663,627,615
"Os12g0511500",148,205,168,196,214,183
"Os12g0141600",957,928,695,988,871,716
"Os12g0442800",277,158,107,113,82,136
"Os12g0239300",1119,1975,1318,1160,958,936
"Os12g0238100",1689,1830,1480,1360,1249,1240
"Os12g0459300",3482,3093,4218,5157,7259,6650
"Os12g0567100",12,21,11,7,16,15
"Os12g0405700",1061,1265,930,978,710,829
"Os12g0161100",68,67,56,62,64,79
"Os12g0220866",94,115,118,77,27,8
"Os12g0189300",348,235,137,146,10,135
"Os12g0532500",156,235,258,209,221,234
"Os12g0126200",115,158,111,111,105,63
"Os12g0106550",408,261,260,332,346,443
"Os12g0151500",470,627,857,857,1145,811
"Os12g0205500",297,282,250,311,225,248
"Os12g0149300",20,36,12,14,42,25
"Os12g0109700",60,25,28,20,15,7
"Os12g0235800",4549,4512,3343,3138,2418,2433
"Os12g0101000",335,312,324,345,405,451
"Os12g0198000",627,959,630,595,601,569
"Os12g0174200",12,12,20,14,4,30
"Os12g0595500",8,19,7,21,30,24
"Os12g0110000",3226,2919,2260,2672,2525,2474
"Os12g0563400",1355,1290,1335,1217,1477,1415
"Os12g0555600",16,28,32,22,17,18
"Os12g0279600",160,197,97,143,154,204
"Os12g0512800",26,32,34,52,16,16
"Os12g0527500",18,47,10,14,34,30
"Os12g0299300",8554,9578,8837,9342,12477,10796
"Os12g0583500",2774,2675,2968,3043,4582,4493
"Os12g0236225",7,0,20,36,1,54
"Os12g0228800",17,28,27,47,62,30
"Os12g0198200",406,460,422,447,554,548
"Os12g0420300",24,55,30,39,55,33
"Os12g0480100",956,683,872,1414,1577,1240
"Os12g0280801",385,404,284,761,803,1229
"Os12g0485500",1504,1410,1291,1318,1293,1277
"Os12g0506800",135,180,104,126,98,172
"Os12g0110100",231,242,139,166,149,150
"Os12g0501900",53,64,79,75,133,124
"Os12g0204100",78,83,84,133,103,69
"Os12g0133700",139,100,126,140,161,157
"Os12g0124100",173,150,166,262,259,399
"Os12g0158700",319,350,295,269,409,362
"Os12g0586400",605,644,513,678,645,506
"Os12g0472300",12,15,16,12,2,2
"Os12g0586300",105,174,131,194,153,236
"Os12g0139500",142,163,110,155,176,170
"Os12g0182900",684,739,677,931,962,1157
"Os12g0176800",1407,1383,1217,1284,1263,1249
"Os12g0163300",826,961,851,885,798,950
"Os12g0468300",926,755,858,1095,1638,1211
"Os12g0283300",198,166,136,281,405,359
"Os12g0236100",149,137,165,294,128,403
"Os12g0263000",1077,1292,906,816,1173,994
"Os12g0541200",96,112,54,84,96,73
"Os12g0511300",486,526,353,472,285,327
"Os12g0562600",329,373,294,372,424,423
"Os12g0493900",67,88,189,161,280,192
"Os12g0403800",1282,1297,1119,1152,1079,1103
"Os12g0578000",154,217,195,186,195,197
"Os12g0152900",512,569,376,383,377,235
"Os12g0496900",338,372,362,317,394,335
"Os12g0277000",1686,2131,1543,1347,1561,1091
"Os12g0194800",479,374,368,494,502,473
"Os12g0266200",64,139,73,68,139,153
"Os12g0545900",276,357,305,240,200,207
"Os12g0416500",1373,1253,1122,1502,1330,1563
"Os12g0117400",190,261,212,263,366,248
"Os12g0566800",953,1067,795,797,1089,782
"Os12g0145200",28,59,32,38,32,28
"Os12g0614851",4,37,15,12,3,2
"Os12g0109200",150,164,224,235,243,199
"Os12g0143900",129,108,96,74,51,93
"Os12g0548100",99,39,39,60,56,38
"Os12g0233400",880,945,732,839,694,783
"Os12g0404400",205,282,178,204,169,150
"Os12g0222300",2974,6814,3589,3889,4919,2297
"Os12g0132200",1163,862,746,741,716,794
"Os12g0414900",111,80,50,65,71,79
"Os12g0285500",1107,1152,1016,917,969,967
"Os12g0181600",66,46,81,73,86,103
"Os12g0498500",2077,1676,2480,3207,3980,3843
"Os12g0178200",346,309,285,376,347,320
"Os12g0210450",30,28,19,9,16,15
"Os12g0641300",23,12,7,26,6,7
"Os12g0611200",3266,3227,2530,2620,2770,2534
"Os12g0121400",609,547,455,510,291,313
"Os12g0450300",145,332,231,223,228,98
"Os12g0540200",681,669,532,536,429,555
"Os12g0167900",6445,6025,5051,5574,4742,4560
"Os12g0611100",2810,3236,2130,2615,3200,2349
"Os12g0283800",4614,4080,3818,3926,3989,3571
"Os12g0137100",594,748,600,661,572,800
"Os12g0639800",888,1349,728,598,351,279
"Os12g0298600",1442,1363,1451,1382,1768,1643
"Os12g0152700",13149,14227,10525,9926,9041,7854
"Os12g0550600",2257,1846,3450,2884,4151,4052
"Os12g0580700",175,166,119,205,190,193
"Os12g0540900",2113,2227,1839,2148,1997,1657
"Os12g0233300",2538,2367,2697,2994,4160,3605
"Os12g0611300",91,115,148,125,179,172
"Os12g0175400",114,189,86,64,19,8
"Os12g0188566",43,64,41,48,39,42
"Os12g0114000",64,69,48,34,21,46
"Os12g0441600",215,360,304,354,392,592
"Os12g0114100",6917,10186,7108,7943,7906,8781
"Os12g0556300",553,803,776,475,310,307
"Os12g0116100",125,284,352,168,202,296
"Os12g0448400",163,275,225,237,328,316
"Os12g0456200",253,263,246,287,268,306
"Os12g0564600",736,632,524,533,493,465
"Os12g0613850",373,371,360,249,335,324
"Os12g0143100",1070,1155,890,1252,1435,1305
"Os12g0122100",127,133,82,80,85,96
"Os12g0534100",478,387,420,540,563,443
"Os12g0194100",639,865,582,582,654,488
"Os12g0197700",1681,1421,1571,2193,2587,2517
"Os12g0511400",272,193,215,225,250,252
"Os12g0290800",26,13,17,26,3,21
"Os12g0113600",28,31,104,79,33,13
"Os12g0443000",550,689,671,257,83,55
"Os12g0539750",196,418,286,337,382,387
"Os12g0254825",84,98,78,91,89,82
"Os12g0170800",1663,2520,1091,1311,886,491
"Os12g0596300",48,44,38,119,143,229
"Os12g0136500",5629,4323,4626,7284,7029,6468
"Os12g0633200",141,132,126,133,133,123
"Os12g0516300",3679,3127,3603,3693,4321,4022
"Os12g0106801",424,512,482,478,804,687
"Os12g0116600",1351,1594,1854,1195,623,1094
"Os12g0281300",216,282,182,223,229,224
"Os12g0446500",2834,2465,2445,2362,2273,2275
"Os12g0176700",1125,1146,1184,1248,1678,1389
"Os12g0183200",112,59,37,34,18,19
"Os12g0289600",8,4,15,4,18,26
"Os12g0482700",681,1004,781,1062,1076,933
"Os12g0507200",7124,9100,8170,7808,8733,8652
"Os12g0194700",265,339,251,305,235,207
"Os12g0565300",201,98,110,108,79,75
"Os12g0502500",1822,1930,1459,1563,1628,1454
"Os12g0133400",175,226,130,157,96,82
"Os12g0165900",684,564,695,1033,1072,1117
"Os12g0610950",329,320,324,461,447,540
"Os12g0516900",12,14,2,4,18,8
"Os12g0128800",147,162,103,155,191,210
"Os12g0226700",528,537,355,357,127,76
"Os12g0618800",4457,4273,4275,4126,6514,5930
"Os12g0621700",22,18,19,9,21,14
"Os12g0160500",86,72,119,134,194,262
"Os12g0468500",127,357,214,167,181,84
"Os12g0292400",11735,7515,20028,21388,25047,24109
"Os12g0256000",129,172,134,131,240,286
"Os12g0236500",1811,1837,1396,1662,1653,1467
"Os12g0254400",1639,1538,1753,2009,2576,2466
"Os12g0563500",1514,1515,1325,1311,1340,1137
"Os12g0138050",1394,1751,1199,648,355,237
"Os12g0621025",80,52,71,70,56,90
"Os12g0529800",151,129,144,320,284,318
"Os12g0143300",400,453,485,544,617,573
"Os12g0605200",11,5,4,12,4,10
"Os12g0112000",25,38,28,34,8,27
"Os12g0616200",2551,2795,2365,2377,2488,2609
"Os12g0539751",1832,1511,1798,2219,2700,2387
"Os12g0264800",12,2,14,6,15,23
"Os12g0606900",1434,1361,1153,1042,1473,1374
"Os12g0498400",259,313,213,281,242,165
"Os12g0156400",1462,1726,1342,1333,1729,1854
"Os12g0574700",192,262,231,244,236,186
"Os12g0187500",297,261,166,301,288,272
"Os12g0637300",246,181,237,334,282,582
"Os12g0173300",14,24,57,17,36,65
"Os12g0502000",961,1036,739,765,682,665
"Os12g0600550",91,69,51,73,44,53
"Os12g0293100",847,670,785,815,849,797
"Os12g0538300",1024,996,781,1016,1139,1113
"Os12g0490000",249,238,227,269,268,256
"Os12g0576900",316,325,202,281,259,483
"Os12g0497400",57,75,46,69,75,75
"Os12g0182300",123,148,127,110,69,104
"Os12g0128600",101,109,68,101,70,74
"Os12g0477700",626,528,469,533,583,547
"Os12g0609050",15,2,11,10,9,8
"Os12g0566250",1243,1189,1091,1011,1001,1035
"Os12g0485400",3277,2998,2825,2584,2763,2807
"Os12g0105975",76,81,63,80,75,85
"Os12g0594300",2193,2170,1879,2139,2022,2061
"Os12g0291100",25621,26499,31539,39558,37050,38337
"Os12g0538800",28,15,10,17,18,9
"Os12g0151000",8,10,8,15,17,0
"Os12g0509900",548,495,592,703,646,634
"Os12g0507600",71,145,94,97,112,127
"Os12g0638900",2570,2595,2166,2218,1770,1881
"Os12g0563000",19,6,16,3,13,17
"Os12g0640700",13,3,11,10,0,10
"Os12g0261250",113,64,103,177,225,228
"Os12g0507300",3917,3423,3086,2291,2258,1853
"Os12g0584200",1821,2124,2272,2970,5254,4489
"Os12g0230100",36302,29605,25951,29132,29955,28981
"Os12g0117600",3,6,20,112,49,58
"Os12g0571700",24,26,22,30,7,14
"Os12g0290600",1597,1705,1364,1538,1442,1504
"Os12g0581300",34,60,58,60,84,67
"Os12g0244200",578,719,522,572,690,558
"Os12g0507500",308,188,271,391,408,409
"Os12g0119000",46,59,38,84,61,37
"Os12g0560600",665,892,706,772,864,830
"Os12g0489400",325,335,319,469,428,391
"Os12g0203000",1105,947,955,1000,982,907
"Os12g0510200",743,791,523,493,602,597
"Os12g0554100",242,96,76,60,86,91
"Os12g0442900",273,373,246,217,230,200
"Os12g0407300",305,310,280,371,336,330
"Os12g0211400",13,6,3,9,10,10
"Os12g0127400",20,12,7,21,3,14
"Os12g0184167",32,16,34,32,12,22
"Os12g0581900",9,27,24,20,25,17
"Os12g0417100",296,298,305,396,581,543
"Os12g0406100",956,1060,721,749,704,642
"Os12g0174700",472,1071,764,528,263,183
"Os12g0487500",105,148,76,42,34,115
"Os12g0169800",1917,2084,1580,1714,1599,1267
"Os12g0566600",19,26,24,44,48,54
"Os12g0129700",1087,1608,1051,1232,1264,1022
"Os12g0592200",220,164,146,256,197,208
"Os12g0508300",1788,2350,1648,1975,1685,1743
"Os12g0164300",1643,1337,1310,1717,2148,1881
"Os12g0604800",1587,1394,1174,1307,1227,1189
"Os12g0566300",3044,3057,2197,2555,2038,2057
"Os12g0553800",6,10,10,18,16,24
"Os12g0617400",53,18,20,23,30,35
"Os12g0526600",14,20,20,25,32,31
"Os12g0115900",69,77,61,81,71,70
"Os12g0105700",880,1242,752,817,659,533
"Os12g0486900",49,55,45,32,31,14
"Os12g0123900",3711,3456,2586,2847,2671,2751
"Os12g0106100",157,74,83,76,79,87
"Os12g0170400",67,83,49,59,37,49
"Os12g0199200",279,290,217,245,209,268
"Os12g0547600",17224,19208,13680,8668,8470,6959
"Os12g0210601",11,19,11,6,1,0
"Os12g0638400",386,380,378,485,377,409
"Os12g0566900",1847,1864,1645,1822,2225,1848
"Os12g0606100",117,67,111,86,100,115
"Os12g0210400",15844,18338,14862,13455,15825,13720
"Os12g0581800",38,34,28,36,35,24
"Os12g0225300",751,719,582,722,670,623
"Os12g0409800",32,16,127,84,244,197
"Os12g0571200",1051,1132,714,758,580,544
"Os12g0578700",20,11,16,35,20,20
"Os12g0203900",299,399,324,426,321,429
"Os12g0283400",30,14,24,6,2,2
"Os12g0209700",1874,1776,1711,1581,1832,1080
"Os12g0472366",13,30,30,16,11,11
"Os12g0224000",305,309,248,283,232,206
"Os12g0208950",99,125,103,134,249,188
"Os12g0279000",1870,1729,1356,1629,1322,1412
"Os12g0131300",78,89,67,84,75,72
"Os12g0592900",266,248,223,163,224,133
"Os12g0233100",72,76,89,63,118,88
"Os12g0639500",1078,1357,777,512,110,106
"Os12g0479900",2478,2202,1981,1928,2051,1762
"Os12g0158800",597,617,592,568,589,551
"Os12g0123300",68,76,42,86,54,51
"Os12g0111600",110,118,128,137,204,169
"Os12g0163600",184,190,151,180,188,203
"Os12g0610300",20,31,73,50,206,158
"Os12g0555200",14000,31682,14571,11368,2560,1475
"Os12g0637100",1323,2181,1679,1903,2255,2491
"Os12g0497300",18,20,14,16,2,10
"Os12g0566400",725,955,687,731,835,731
"Os12g0561200",3393,3644,2905,2742,2594,2627
"Os12g0446900",9,26,12,18,6,16
"Os12g0239200",1028,890,690,770,683,601
"Os12g0105500",584,700,505,606,536,462
"Os12g0535400",2643,2002,2101,2221,1974,2348
"Os12g0428600",15175,14510,11771,12522,11042,11444
"Os12g0628400",10,16,2,10,11,18
"Os12g0613000",1149,1115,993,969,834,955
"Os12g0597200",1399,1398,1223,1364,1562,1654
"Os12g0173366",29,26,19,15,17,27
"Os12g0203200",20,33,10,22,10,10
"Os12g0552700",3577,3587,2980,3100,3261,2967
"Os12g0271600",659,734,556,572,419,433
"Os12g0405400",941,777,962,1321,1170,1212
"Os12g0102200",579,771,531,597,549,542
"Os12g0242100",18,16,16,6,34,50
"Os12g0615200",71,39,45,45,18,21
"Os12g0528000",132,217,117,104,74,60
"Os12g0271700",1332,1219,1186,1335,1463,1430
"Os12g0568800",1263,1340,1079,1143,1112,922
"Os12g0149800",1142,1106,1146,1110,1254,1224
"Os12g0162500",1165,1369,1221,1406,1959,1952
"Os12g0228900",549,425,382,458,503,764
"Os12g0139300",126,63,194,223,450,402
"Os12g0511900",401,479,395,495,547,346
"Os12g0102500",1990,1954,1825,2417,2511,2336
"Os12g0146400",65,56,45,84,62,79
"Os12g0548300",1302,1393,1050,1252,855,719
"Os12g0466200",2641,3450,3573,3408,6419,5531
"Os12g0611900",49,41,32,55,54,75
"Os12g0597000",539,548,393,420,424,537
"Os12g0640800",1551,1454,1345,1412,1521,1427
"Os12g0554500",859,1031,794,645,593,632
"Os12g0242500",57,52,45,80,70,112
"Os12g0125300",42,19,30,12,8,10
"Os12g0117100",71,50,16,31,23,27
"Os12g0553200",2259,2322,2075,1825,2168,2032
"Os12g0468600",2534,2597,2325,2366,2600,2197
"Os12g0580500",420,431,288,314,247,296
"Os12g0528400",1621,1488,1210,1340,1342,1348
"Os12g0594900",41,37,17,51,13,81
"Os12g0565166",787,725,601,544,648,436
"Os12g0207500",10,5,7,11,11,15
"Os12g0182800",337,437,274,374,345,259
"Os12g0105600",3959,5781,3691,2680,1486,958
"Os12g0478900",9,21,19,27,28,18
"Os12g0233200",143,144,175,152,172,182
"Os12g0534400",37,66,65,81,92,102
"Os12g0172500",4805,5081,4088,3824,3707,3584
"Os12g0163200",299,212,186,315,184,202
"Os12g0108600",27,24,5,38,9,11
"Os12g0136300",43,26,22,9,32,32
"Os12g0140266",73,66,90,113,100,95
"Os12g0626150",8,10,4,7,12,24
"Os12g0250700",14,20,22,8,28,2
"Os12g0438900",825,1289,717,883,808,821
"Os12g0631800",963,1011,899,898,875,850
"Os12g0191901",88,110,100,199,267,216
"Os12g0541000",544,685,543,569,381,434
"Os12g0204550",4,0,13,14,15,30
"Os12g0166700",88,124,146,104,114,104
"Os12g0612300",1052,1048,1077,1017,854,825
"Os12g0192500",1220,1149,802,890,799,767
"Os12g0123800",638,605,303,349,103,156
"Os12g0547100",623,590,761,717,1505,1287
"Os12g0102600",343,407,423,530,617,680
"Os12g0563600",320,201,256,447,432,537
"Os12g0570700",4543,1419,964,334,464,567
"Os12g0129650",8,16,16,7,20,8
"Os12g0591600",22,15,13,24,50,38
"Os12g0544600",179,101,160,194,191,213
"Os12g0191601",179,204,59,72,28,63
"Os12g0431100",4264,13494,4772,3878,2485,2192
"Os12g0434801",190,300,244,339,496,521
"Os12g0202850",325,240,272,322,277,269
"Os12g0155200",28,10,14,18,15,17
"Os12g0538100",562,563,466,405,457,478
"Os12g0580300",361,403,344,315,412,416
"Os12g0506400",1297,1369,1069,764,785,720
"Os12g0287800",29,26,20,55,68,41
"Os12g0288900",130,144,120,158,133,153
"Os12g0503000",1494,1633,1713,1872,2163,2045
"Os12g0222900",449,593,402,724,613,370
"Os12g0181200",8,15,15,23,26,24
"Os12g0484600",1910,2931,1642,1646,1811,1291
"Os12g0127650",49,45,16,20,28,8
"Os12g0186600",158,120,100,91,51,68
"Os12g0168100",25,13,39,9,4,1
"Os12g0637200",78,53,99,182,223,353
"Os12g0555300",943,2076,946,1036,187,139
"Os12g0567500",36,52,20,16,24,27
"Os12g0170700",2098,2126,1785,2009,2061,1954
"Os12g0145400",244,518,228,375,329,444
"Os12g0629700",102,261,130,113,28,13
"Os12g0194266",335,490,293,472,332,303
"Os12g0157200",2583,2487,1966,2191,2672,2646
"Os12g0171900",349,416,373,672,665,436
"Os12g0256400",313,253,223,198,185,228
"Os12g0143200",215,262,276,269,247,370
"Os12g0158600",463,698,379,283,91,118
"Os12g0112401",4,6,18,10,7,11
"Os12g0108200",855,991,811,727,523,630
"Os12g0502400",249,276,161,250,188,179
"Os12g0169100",231,291,159,140,60,75
"Os12g0174100",3321,3379,3023,2673,2123,2434
"Os12g0295600",30,40,16,18,10,18
"Os12g0533600",169,147,133,146,143,179
"Os12g0485300",304,298,325,303,521,456
"Os12g0632800",4449,6902,4754,4086,3704,2390
"Os12g0286600",1012,998,915,924,980,977
"Os12g0190200",1913,1535,1592,2245,2168,2057
"Os12g0101800",5747,4722,4308,4902,6084,4308
"Os12g0612500",164,172,163,163,142,218
"Os12g0212400",57,110,83,56,61,28
"Os12g0554000",701,714,679,685,697,766
"Os12g0489100",2289,1848,1485,1661,1304,1342
"Os12g0594950",61,64,51,67,64,72
"Os12g0112600",1543,1431,1280,1245,1290,1420
"Os12g0635500",1327,2205,1296,1322,1431,1462
"Os12g0556500",3593,5633,3334,2945,2438,1816
"Os12g0594200",311,229,265,295,214,277
"Os12g0516200",3124,6120,2580,5633,7127,7466
"Os12g0273300",125,165,112,150,131,156
"Os12g0631100",492,477,346,377,324,298
"Os12g0264650",7,3,20,15,13,21
"Os12g0535300",1110,1244,994,1068,1271,1124
"Os12g0255200",816,848,719,652,678,617
"Os12g0639600",5586,7593,5060,4347,3381,1966
"Os12g0128450",36,43,12,28,15,10
"Os12g0284250",32,30,34,40,77,70
"Os12g0215950",2844,4724,3471,2602,2425,1027
"Os12g0560300",846,1296,854,904,569,700
"Os12g0115300",41,47,93,122,240,272
"Os12g0407100",203,270,194,269,277,360
"Os12g0605500",138,162,191,189,145,162
"Os12g0124300",115,51,104,121,104,123
"Os12g0626100",653,801,603,722,661,770
"Os12g0407500",3573,3577,2660,3153,3265,2938
"Os12g0198400",596,583,647,670,757,657
"Os12g0156000",60,157,111,111,127,105
"Os12g0193100",1426,1275,1054,1310,1475,1400
"Os12g0633600",44,19,16,30,2,10
"Os12g0405200",1941,1813,1703,1888,1993,2069
"Os12g0562100",4533,4599,5073,5461,6192,5111
"Os12g0604700",96,60,44,25,12,20
"Os12g0428000",682,565,863,536,977,756
"Os12g0623900",8580,11572,7986,6878,3888,2813
"Os12g0134000",651,725,556,640,527,485
"Os12g0608500",34,19,17,26,12,8
"Os12g0131400",163,205,176,141,96,59
"Os12g0133050",174,181,99,97,56,78
"Os12g0511000",540,654,587,596,532,531
"Os12g0622500",40,28,32,26,24,23
"Os12g0151900",42,53,44,29,56,39
"Os12g0130900",90,162,135,110,156,108
"Os12g0105962",256,205,157,200,181,146
"Os12g0125200",6,18,18,16,16,24
"Os12g0180800",380,82,161,196,265,616
"Os12g0160100",12,4,8,12,33,36
"Os12g0263600",56,35,64,59,111,220
"Os12g0210300",4252,4508,3167,3532,3180,2746
"Os12g0586000",10199,10640,9800,8578,7484,7669
"Os12g0148500",594,630,775,892,1562,1005
"Os12g0108100",120,122,117,130,155,120
"Os12g0235600",244,229,215,368,410,370
"Os12g0137300",3669,3922,3150,3299,3259,2984
"Os12g0149900",4061,6237,3942,3194,1912,1912
"Os12g0160400",2594,2469,1960,2285,2055,1919
"Os12g0624000",4014,5424,3605,3414,2034,1971
"Os12g0541700",18,2,14,46,50,26
"Os12g0618600",21,35,29,42,39,63
"Os12g0121100",36,35,34,52,38,54
"Os12g0180400",2013,2087,2008,1931,2503,1700
"Os12g0608633",7,25,20,13,3,0
"Os12g0555100",465,1267,653,452,52,0
"Os12g0541600",439,625,376,349,310,263
"Os12g0498800",547,538,383,413,335,339
"Os12g0638100",77,64,68,124,122,88
"Os12g0123100",1354,1312,1194,1479,1346,1334
"Os12g0515600",4204,3939,3564,3258,3217,2836
"Os12g0104300",1038,1211,972,1276,1120,980
"Os12g0159600",280,396,468,686,861,895
"Os12g0108500",285,259,250,236,176,227
"Os12g0407250",15,12,27,19,14,20
"Os12g0168900",5400,6849,4607,5069,4631,4500
"Os12g0477400",1548,2165,1823,1918,2031,1539
"Os12g0410150",76,75,48,79,73,97
"Os12g0603800",58,66,28,26,8,10
"Os12g0230600",280,81,75,85,98,88
"Os12g0617000",75,109,110,90,143,126
"Os12g0256300",3432,3307,2876,2541,2753,2873
"Os12g0483700",288,371,393,500,496,650
"Os12g0163500",88,69,52,78,64,105
"Os12g0430900",6,13,30,24,42,30
"Os12g0236400",567,398,291,285,88,103
"Os12g0163800",4765,4148,4182,4093,5447,5551
"Os12g0176500",1401,1379,1211,1263,1342,1539
"Os12g0611000",771,986,737,752,892,863
"Os12g0559100",14,16,15,13,30,33
"Os12g0164800",4627,4323,4595,3837,4965,4997
"Os12g0175900",377,401,373,432,409,386
"Os12g0566100",327,285,289,276,255,236
"Os12g0110300",1184,1253,1196,998,1049,1094
"Os12g0517200",963,1129,916,985,935,1027
"Os12g0133100",218,139,99,145,99,184
"Os12g0425600",120,73,71,71,80,53
"Os12g0619000",232,214,222,299,303,394
"Os12g0476200",399,642,575,595,965,412
"Os12g0621000",25,18,19,22,28,26
"Os12g0429950",52,48,41,38,31,29
"Os12g0299700",1314,1216,1046,957,922,596
"Os12g0116700",405,1440,1742,780,171,263
"Os12g0139600",620,603,467,593,485,565
"Os12g0124400",560,759,556,667,524,482
"Os12g0566000",9,2,21,18,24,33
"Os12g0480200",37,22,58,14,29,21
"Os12g0556400",379,427,298,375,297,401
"Os12g0171700",361,379,288,319,264,236
"Os12g0207300",798,728,537,579,404,455
"Os12g0510000",142,105,96,169,186,140
"Os12g0616500",183,144,67,76,42,32
"Os12g0113001",19,19,15,27,13,13
"Os12g0145700",2865,2822,1768,1759,1046,1443
"Os12g0145100",98,65,57,58,61,55
"Os12g0162100",1858,1973,1268,1453,888,820
"Os12g0298950",422,388,368,399,466,565
"Os12g0112300",553,573,410,415,323,294
"Os12g0131701",753,608,706,992,1182,1063
"Os12g0118850",23,10,16,12,9,4
"Os12g0628100",168,126,177,260,223,187
"Os12g0563200",2745,2418,1986,2682,2470,2504
"Os12g0479400",5984,6137,4712,4530,4367,4052
"Os12g0152200",9,12,13,26,36,58
"Os12g0641500",4207,3150,3128,3739,3543,3786
"Os12g0572300",9,14,19,9,22,35
"Os12g0446700",1000,1009,764,741,802,777
"Os12g0433500",251,226,225,239,272,257
"Os12g0287200",1058,1281,1205,1196,1294,1242
"Os12g0607000",4374,5334,3494,3784,4914,4469
"Os12g0199100",27,48,49,24,40,57
"Os12g0636400",794,1509,486,419,215,185
"Os12g0294100",1032,967,846,902,890,1051
"Os12g0429900",33,28,20,24,74,47
"Os12g0159500",18,16,14,34,10,34
"Os12g0107500",269,438,295,379,372,381
"Os12g0518200",419,397,483,272,94,80
"Os12g0478200",581,375,200,179,86,160
"Os12g0555500",56942,111639,49518,39810,9542,4913
"Os12g0566200",667,702,623,728,638,667
"Os12g0534000",2967,2861,2312,2060,1637,1823
"Os12g0150200",394,389,531,106,56,10
"Os12g0170600",1545,1689,1445,1361,1235,1128
"Os12g0266000",945,905,914,974,769,684
"Os12g0438600",4601,4461,3727,4043,6496,5790
"Os12g0597600",2154,2109,1960,2202,2696,2351
"Os12g0614900",35,33,20,42,33,30
"Os12g0615600",85,59,45,40,63,44
"Os12g0175500",1616,1694,1226,1832,1524,1559
"Os12g0581700",4184,3970,3656,4421,4979,4604
"Os12g0628600",18712,39337,33166,24452,8719,13180
"Os12g0638800",97,47,90,162,128,119
"Os12g0233800",3678,3635,3419,3027,3180,3429
"Os12g0480000",880,849,897,909,888,697
"Os12g0596000",256,288,213,220,241,151
"Os12g0471100",273,800,510,221,79,2
"Os12g0582800",1753,1300,1511,1298,1572,1528
"Os12g0125500",282,309,240,323,260,351
"Os12g0616000",23,26,34,22,47,28
"Os12g0529400",407,397,267,446,387,429
"Os12g0240000",38,37,28,34,25,30
"Os12g0567300",443,614,404,379,555,285
"Os12g0609800",2001,1641,1527,1624,1435,1574
"Os12g0443500",1267,1795,1283,905,796,451
"Os12g0264500",14311,12471,10937,11795,10446,10266
"Os12g0508200",232,231,180,166,245,149
"Os12g0148600",196,150,121,243,148,204
"Os12g0441700",2001,1981,1673,1796,1955,1867
"Os12g0578400",266,241,386,234,375,310
"Os12g0616600",478,499,474,631,713,776
"Os12g0638700",1212,880,1045,1451,1595,1750
"Os12g0104800",2344,2824,2074,2070,1869,1933
"Os12g0573200",5816,6380,5472,4501,4696,4352
"Os12g0433133",1014,1032,774,939,874,928
"Os12g0576100",198,255,148,181,334,133
"Os12g0154800",13,10,8,22,10,10
"Os12g0290100",1091,1055,965,1041,1145,1192
"Os12g0102400",3035,2801,2497,3037,2743,2622
"Os12g0594201",777,722,680,777,1121,918
"Os12g0508100",304,257,203,278,213,178
"Os12g0147500",1735,1779,1675,1622,1693,1755
"Os12g0104400",20,26,24,4,22,33
"Os12g0210200",1537,1573,1060,1198,911,1090
"Os12g0486800",17,21,14,6,8,0
"Os12g0624300",39,55,47,21,9,2
"Os12g0597400",334,255,217,300,408,482
"Os12g0590400",930,978,779,1063,1384,1143
"Os12g0210800",824,562,648,727,672,617
"Os12g0606600",109,139,90,149,85,95
"Os12g0564400",1480,1419,1683,2376,2685,2522
"Os12g0555000",33976,65658,33320,28784,6276,2945
"Os12g0488900",166,114,62,174,16,110
"Os12g0616800",225,225,320,288,350,249
"Os12g0596900",482,499,464,634,748,800
"Os12g0439201",112,121,93,62,77,110
"Os12g0190100",312,294,309,298,287,311
"Os12g0514000",914,1372,864,946,1092,712
"Os12g0615300",1443,2201,1364,1048,764,507
"Os12g0103300",255,387,311,201,211,232
"Os12g0556100",39,39,34,27,31,27
"Os12g0613200",2592,2321,2411,2293,2603,2414
"Os12g0420200",19401,19026,27828,39666,50829,49686
"Os12g0626300",706,679,495,693,655,584
"Os12g0600200",415,501,388,346,479,381
"Os12g0115950",17,26,30,36,41,44
"Os12g0144000",906,896,762,897,996,931
"Os12g0162400",129,120,110,123,129,101
"Os12g0434400",781,1086,471,399,131,57
"Os12g0231100",18,12,17,15,11,12
"Os12g0162900",229,197,182,176,102,157
"Os12g0199000",178,109,208,560,509,889
"Os12g0596600",17,52,45,55,66,54
"Os12g0138900",2995,2297,2018,1742,1544,1568
"Os12g0538900",2686,2881,2150,2077,1992,1859
"Os12g0528801",20,11,6,26,26,47
"Os12g0180100",65,75,63,59,52,77
"Os12g0622900",340,385,248,247,250,200
"Os12g0638200",15,13,35,50,30,27
"Os12g0577100",1283,1298,979,1203,1013,960
"Os12g0498300",153,184,161,196,230,251
"Os12g0168400",2646,2565,2226,2142,1865,1946
"Os12g0135900",228,269,215,202,201,229
"Os12g0552400",565,510,476,690,673,778
"Os12g0421000",157,170,139,209,269,240
"Os12g0559934",13,9,29,28,17,42
"Os12g0623600",679,409,472,469,778,755
"Os12g0102350",266,485,366,434,647,676
"Os12g0456400",1025,983,962,859,872,837
"Os12g0189400",2939,2336,2835,3207,5958,7834
"Os12g0615900",434,363,375,364,359,373
"Os12g0621900",1388,1411,982,1150,783,922
"Os12g0510500",88,63,94,112,135,106
"Os12g0410200",101,157,207,148,232,231
"Os12g0171801",179,187,225,209,175,148
"Os12g0209800",1455,1766,1327,1018,867,511
"Os12g0618400",1148,1130,1057,1357,1144,1229
"Os12g0289800",467,426,383,499,467,579
"Os12g0106900",2804,3159,2472,2923,3191,3023
"Os12g0557400",138,144,85,93,80,62
"Os12g0209100",741,745,554,609,479,796
"Os12g0488800",579,528,410,469,356,497
"Os12g0189700",1575,1889,1846,1917,3073,2870
"Os12g0527900",310,333,305,310,447,363
"Os12g0552800",1943,3476,1494,1400,312,134
"Os12g0159700",27,38,14,28,35,17
"Os12g0576300",2823,2134,2792,2920,3893,4386
"Os12g0267700",122,104,120,148,168,177
"Os12g0454800",52,38,34,30,21,39
"Os12g0581600",913,951,944,534,580,485
"Os12g0180900",188,119,195,333,295,485
"Os12g0239000",374,313,377,274,292,322
"Os12g0156100",39,91,86,98,101,74
"Os12g0133000",144,130,145,174,180,221
"Os12g0597500",5382,5446,4205,4218,3558,3443
"Os12g0507350",583,459,386,314,307,293
"Os12g0175700",4561,4382,3426,3199,3175,3228
"Os12g0166500",1897,1482,1320,1335,1260,1206
"Os12g0639700",794,1076,865,914,961,958
"Os12g0222650",485,391,503,553,863,456
"Os12g0154900",22,20,12,10,8,6
"Os12g0197100",39,21,9,28,25,22
"Os12g0534700",847,847,745,705,763,747
"Os12g0409000",2939,3070,2379,3263,3384,3617
"Os12g0477600",788,977,722,712,807,681
"Os12g0288600",1203,961,840,1119,1097,1049
"Os12g0578600",34,16,16,26,38,8
"Os12g0502100",367,459,347,391,373,433
"Os12g0263800",10161,8291,9886,12530,12809,14047
"Os12g0612100",7315,7887,7382,8088,8568,7992
"Os12g0551900",248,169,194,234,202,198
"Os12g0548800",1091,960,896,1076,1198,1302
"Os12g0204600",65,41,56,31,42,28
"Os12g0206800",13,18,23,30,35,17
"Os12g0582600",16,32,14,18,20,24
"Os12g0574800",999,1102,1137,1274,1236,1265
"Os12g0210000",42,36,27,26,26,4
"Os12g0576600",154,84,106,127,259,156
"Os12g0206700",324,331,388,391,503,557
"Os12g0109000",23,14,17,32,29,12
"Os12g0181900",262,180,196,119,126,138
"Os12g0236700",1542,1225,1200,1329,1179,1187
"Os12g0109750",8,16,16,17,9,6
"Os12g0490100",166,184,176,179,184,128
"Os12g0177800",16,14,12,13,5,28
"Os12g0274700",1625,1238,3315,3692,5192,4551
"Os12g0579000",4247,3633,3150,3826,3525,3558
"Os12g0168200",233,229,209,214,159,204
"Os12g0637800",116,246,189,139,176,72
"Os12g0617800",6198,5045,5769,7533,8874,9374
"Os12g0121000",118,155,147,101,101,70
"Os12g0447000",32,36,24,33,22,35
"Os12g0149100",59,69,53,49,73,110
"Os12g0622200",111,109,78,123,106,158
"Os12g0408800",507,477,451,582,517,584
"Os12g0133900",242,213,205,238,163,276
"Os12g0514600",1067,1300,1162,1297,1652,1587
"Os12g0275400",338,433,445,450,620,520
"Os12g0634000",499,697,418,326,191,174
"Os12g0624900",146,176,138,181,141,128
"Os12g0530000",136,163,117,247,313,292
"Os12g0260500",52,69,36,14,22,14
"Os12g0514400",529,598,480,478,514,465
"Os12g0119600",37,59,53,58,57,62
"Os12g0409700",14,2,17,4,7,13
"Os12g0293000",187,179,161,203,103,184
"Os12g0117300",151,143,141,129,102,116
"Os12g0123200",668,738,642,586,679,519
"Os12g0258700",1096,1145,960,231,34,6
"Os12g0529200",357,374,347,336,416,316
"Os12g0433066",18,42,50,9,16,10
"Os12g0621500",18,16,20,16,12,24
"Os12g0490050",379,480,360,295,240,216
"Os12g0588900",1300,1119,1083,1235,1026,1204
"Os12g0568100",92,145,158,231,300,168
"Os12g0122000",259,392,248,347,310,314
"Os12g0169400",1335,1231,1209,1752,1564,1502
"Os12g0438300",448,676,359,695,633,627
"Os12g0568750",253,180,178,164,216,196
"Os12g0610200",533,512,486,684,768,969
"Os12g0147200",36,12,24,58,130,113
"Os12g0270300",1805,1954,1597,1798,1643,1456
"Os12g0290150",3257,3119,2514,2337,2299,2383
"Os12g0552500",164,117,127,134,140,123
"Os12g0583000",286,295,320,386,318,308
"Os12g0177500",2873,3000,2356,2917,3174,3320
"Os12g0132300",4,10,11,13,6,7
"Os12g0516800",41,45,65,25,29,28
"Os12g0100100",45,38,56,37,23,54
"Os12g0502700",983,915,906,798,832,870
"Os12g0631600",768,1705,868,829,540,437
"Os12g0235300",1207,1105,1282,1518,1521,1489
"Os12g0481100",2500,2075,1779,1941,1797,1879
"Os12g0110400",511,508,505,698,711,597
"Os12g0278800",4642,6390,4209,3590,3130,2816
"ENSRNA049447404",8,7,7,19,18,17
"ENSRNA049468709",29,10,31,33,31,18
"ENSRNA049466338",25,36,22,23,66,45
"ENSRNA049466235",22,17,16,17,28,24
"ENSRNA049466206",6,7,10,13,22,24
"ENSRNA049466168",12,2,4,11,10,13
"ENSRNA049467888",84,60,78,145,113,155
"Os10g0500350",39,25,30,49,35,62
"Os10g0534700",117,192,109,179,108,112
"Os10g0567900",42,14,38,36,62,51
"Os10g0410600",272,289,243,246,269,268
"Os10g0372100",41,40,46,35,47,42
"Os10g0456400",1120,1071,1035,1012,1089,1091
"Os10g0181600",132,146,116,167,117,189
"Os10g0560200",54,48,26,28,32,26
"Os10g0357700",420,319,506,680,721,670
"Os10g0409400",8640,3464,6535,6098,987,104
"Os10g0503600",70,50,134,150,219,139
"Os10g0339400",4302,3228,3566,3340,3231,3089
"Os10g0406800",1976,1911,1566,1822,1661,1653
"Os10g0159800",734,1001,465,669,778,767
"Os10g0438000",236,231,276,292,285,301
"Os10g0425400",46,65,47,96,134,53
"Os10g0135650",22,25,22,36,12,8
"Os10g0162834",152,128,95,117,171,150
"Os10g0578200",166,160,182,192,185,134
"Os10g0550200",592,623,568,650,767,705
"Os10g0574800",2232,2148,1924,2277,1961,1981
"Os10g0136400",58,27,28,75,91,288
"Os10g0539350",83,58,37,49,7,28
"Os10g0511400",3423,3083,2689,2826,2914,2565
"Os10g0479500",49,64,45,46,91,118
"Os10g0578000",2440,3025,2018,1963,2155,1878
"Os10g0548900",44,39,25,61,44,34
"Os10g0518300",3938,5548,3722,3519,3044,2873
"Os10g0572500",2433,1773,1369,1552,1243,1535
"Os10g0576600",1598,1183,1918,3805,4646,1222
"Os10g0537100",11,18,27,15,18,28
"Os10g0408700",9610,7404,8993,10420,11861,11539
"Os10g0213100",1009,905,1073,1208,1638,1872
"Os10g0463600",15,16,14,14,4,8
"Os10g0130600",370,374,286,226,198,135
"Os10g0320400",4453,5336,3959,4417,4501,4015
"Os10g0456500",79,85,62,92,64,58
"Os10g0527800",2722,2230,914,1391,814,774
"Os10g0493900",152,105,88,99,104,110
"Os10g0410700",184,198,196,215,259,261
"Os10g0564300",1107,1663,1209,1474,1785,1624
"Os10g0489100",734,838,736,725,670,709
"Os10g0580001",102,137,107,206,140,91
"Os10g0529400",22,22,14,22,13,7
"Os10g0492101",383,426,368,532,536,461
"Os10g0363100",1030,961,937,997,1167,1210
"Os10g0522601",45,76,96,40,100,122
"Os10g0578050",404,386,398,457,502,432
"Os10g0462300",80,94,105,105,178,184
"Os10g0442900",4435,4818,3493,2654,2049,1581
"Os10g0466800",72,104,81,143,229,222
"Os10g0518900",945,1232,880,1086,925,833
"Os10g0467600",2994,2825,2312,2498,2396,2539
"Os10g0372800",560,201,423,391,394,431
"Os10g0518100",1974,1929,1561,1683,2005,2085
"Os10g0515900",17,19,41,30,1,2
"Os10g0533000",1241,1221,1088,1150,1349,1460
"Os10g0195175",162,93,138,137,89,167
"Os10g0364900",369,321,228,243,304,353
"Os10g0523700",13398,18215,14809,12833,17812,12901
"Os10g0158700",121,90,102,239,447,375
"Os10g0513200",48,43,59,74,105,157
"Os10g0559650",1848,1642,1427,1583,1516,1647
"Os10g0501500",1905,2536,1912,2044,1329,917
"Os10g0178800",12,9,12,17,0,2
"Os10g0496900",996,921,726,1621,1646,1648
"Os10g0341700",1178,842,851,1145,1172,1292
"Os10g0141500",12,55,30,56,63,48
"Os10g0559500",237,308,158,141,69,55
"Os10g0473950",106,195,120,115,222,168
"Os10g0363650",37,38,24,34,25,26
"Os10g0396400",5556,4839,4585,5310,5966,5124
"Os10g0565150",3574,3263,3729,4634,7575,9520
"Os10g0163250",474,491,543,454,696,789
"Os10g0390600",20,4,14,10,4,16
"Os10g0468500",1158,863,916,519,251,273
"Os10g0569000",1280,1238,1076,1199,1278,1425
"Os10g0476700",837,875,650,918,785,856
"Os10g0161550",11,20,11,22,18,32
"Os10g0462800",5511,4619,3817,4743,4583,4102
"Os10g0511800",271,131,188,164,189,171
"Os10g0495400",229,209,208,217,160,202
"Os10g0568200",48,51,62,63,66,35
"Os10g0545100",1343,1468,1259,1660,1412,1452
"Os10g0156300",41,70,65,67,40,60
"Os10g0109300",135,8,412,64,121,18
"Os10g0578800",14147,11061,13547,21667,25850,24245
"Os10g0206650",13,3,16,20,24,5
"Os10g0537600",1742,1954,1506,1341,1454,1295
"Os10g0546200",1488,1429,1359,1692,2147,2017
"Os10g0579600",2579,2816,2514,2604,2523,2142
"Os10g0162100",93,67,51,91,130,155
"Os10g0554100",121,130,92,112,93,118
"Os10g0543500",2993,7599,2840,3134,1111,268
"Os10g0578900",868,1045,868,831,946,789
"Os10g0565600",2540,2384,2024,2055,2219,2331
"Os10g0523100",1077,1305,1117,1214,1017,1036
"Os10g0390100",836,742,598,685,685,707
"Os10g0567200",17,28,8,12,5,17
"Os10g0369000",2771,2629,2222,2556,1994,1927
"Os10g0124700",76,70,64,81,55,51
"Os10g0498700",7319,8257,6334,6203,6655,5759
"Os10g0515400",11,29,28,31,8,23
"Os10g0485500",531,658,501,500,355,397
"Os10g0442700",226,205,186,159,148,123
"Os10g0512500",2671,2348,2578,3736,4599,4402
"Os10g0527601",16,22,18,18,18,18
"Os10g0559450",18,36,21,9,14,9
"Os10g0496600",80,116,97,142,234,212
"Os10g0554900",6,4,14,12,12,8
"Os10g0419400",1320,808,588,250,412,217
"Os10g0391300",24,38,32,59,49,34
"Os10g0522500",606,454,529,710,816,887
"Os10g0392500",1735,1685,1620,1472,1623,1605
"Os10g0388500",887,903,728,795,887,706
"Os10g0462500",483,452,454,436,395,384
"Os10g0548700",535,560,439,522,526,652
"Os10g0155800",394,359,406,432,437,540
"Os10g0432200",1710,1420,1557,1825,2160,1177
"Os10g0390500",4696,4191,2890,3140,1743,1798
"Os10g0539400",257,356,242,330,345,369
"Os10g0567300",1182,1106,1043,1166,1169,1143
"Os10g0508500",191,246,176,193,227,239
"Os10g0427700",15,6,21,7,12,24
"Os10g0568000",96,142,84,119,133,129
"Os10g0569400",10416,15596,8913,13896,12878,14202
"Os10g0343100",2394,2042,1869,1919,1689,1819
"Os10g0482066",63,33,85,39,203,200
"Os10g0418300",495,919,931,993,1233,1535
"Os10g0316400",1568,1484,1365,1266,1434,1355
"Os10g0573100",3034,3906,2616,2857,2737,2427
"Os10g0447950",11,4,15,5,16,6
"Os10g0462600",1227,1353,1323,1465,1920,1695
"Os10g0569500",356,624,344,307,330,168
"Os10g0132300",613,1078,989,1077,842,674
"Os10g0447900",1251,781,1084,1179,1502,1325
"Os10g0541200",1327,1397,1566,1594,1985,1426
"Os10g0513900",156,224,94,133,54,74
"Os10g0556500",16,20,13,9,20,16
"Os10g0562700",62,27,74,99,96,95
"Os10g0507500",362,382,390,440,576,608
"Os10g0540900",730,670,488,559,633,684
"Os10g0198300",8,8,24,20,46,41
"Os10g0457600",5619,5743,4801,3276,2371,2182
"Os10g0488100",1184,1495,1183,1339,1359,1518
"Os10g0536150",10,7,8,30,3,11
"Os10g0507600",1472,1618,1138,1237,1317,1210
"Os10g0417600",28709,26964,28375,26944,34623,30384
"Os10g0110800",20,2,19,28,26,49
"Os10g0561400",8170,8425,7977,8789,12961,11499
"Os10g0550775",55,63,37,116,160,99
"Os10g0564200",32,24,37,27,36,29
"Os10g0168900",347,263,316,577,618,654
"Os10g0561500",35,44,28,29,38,42
"Os10g0400100",4959,5728,4008,4392,3782,2982
"Os10g0425700",18,12,9,16,15,7
"Os10g0472400",70,103,38,144,116,134
"Os10g0541000",1361,2120,1460,1997,2618,1857
"Os10g0552400",1298,1282,599,905,405,479
"Os10g0188400",370,402,385,265,262,235
"Os10g0445400",470,592,477,495,671,823
"Os10g0377000",4,4,2,12,40,18
"Os10g0185200",706,1106,1084,1126,1797,1278
"Os10g0466700",2385,3678,2793,3385,3859,3193
"Os10g0160000",5985,5302,4574,4706,4251,4114
"Os10g0544900",771,788,605,646,414,427
"Os10g0447600",2962,2745,2292,2332,2045,2293
"Os10g0558700",4461,4767,3370,2274,1520,1236
"Os10g0563500",116,91,166,170,177,154
"Os10g0462200",120,261,149,180,377,281
"Os10g0485600",72,56,70,92,90,125
"Os10g0479001",1038,1046,680,901,798,723
"Os10g0490100",246,628,265,254,285,235
"Os10g0486300",21,11,21,27,63,46
"Os10g0534400",26,20,39,32,50,18
"Os10g0580900",2555,3016,2661,1551,883,719
"Os10g0442100",472,344,405,647,611,762
"Os10g0444400",152,119,150,182,205,278
"Os10g0195250",2,5,14,71,12,83
"Os10g0368100",136,156,132,219,356,343
"Os10g0184200",337,463,318,342,217,289
"Os10g0111325",210,298,262,261,367,382
"Os10g0493850",137,94,88,129,150,202
"Os10g0405600",2440,2601,1896,1735,1268,990
"Os10g0569200",5764,5127,3740,4450,3424,4115
"Os10g0548000",1204,1173,1910,2474,2990,2641
"Os10g0198100",57,73,79,99,74,68
"Os10g0542900",792,688,327,960,167,667
"Os10g0579200",122,92,55,70,20,44
"Os10g0422200",34,36,36,22,34,8
"Os10g0106550",50,42,31,62,74,59
"Os10g0335200",212,283,142,130,200,183
"Os10g0563000",3181,3766,3098,3056,2931,2688
"Os10g0177200",822,762,695,705,747,721
"Os10g0556200",5147,6521,5429,6126,7388,5459
"Os10g0136100",564,675,467,478,470,410
"Os10g0118800",22,39,19,26,6,16
"Os10g0498000",33,11,8,18,21,9
"Os10g0339532",12,26,2,10,8,14
"Os10g0430800",1386,1397,940,1000,1039,1013
"Os10g0580550",39,45,50,32,23,27
"Os10g0135600",1507,1307,955,811,718,754
"Os10g0510700",100,74,86,114,108,160
"Os10g0444100",16,8,4,14,9,12
"Os10g0574750",287,241,226,110,114,126
"Os10g0154700",100,169,71,118,152,198
"Os10g0510400",1265,999,1213,915,1221,1077
"Os10g0188300",171,176,125,173,152,135
"Os10g0147900",1249,1538,1408,1211,1506,1486
"Os10g0530900",25,29,13,31,14,20
"Os10g0141900",208,280,201,189,216,209
"Os10g0562100",1672,2054,1546,2237,2053,2395
"Os10g0479200",55,39,35,65,87,59
"Os10g0116400",45,14,129,111,149,113
"Os10g0498300",217,250,376,401,742,2802
"Os10g0103700",2160,2398,2933,3193,4553,4660
"Os10g0113900",3411,4632,3319,3638,3550,2834
"Os10g0494500",955,1123,942,1047,1173,1082
"Os10g0131800",436,492,340,483,431,359
"Os10g0134500",571,597,335,309,228,124
"Os10g0206000",333,194,277,316,366,362
"Os10g0371200",200,257,226,168,179,196
"Os10g0142100",2436,2058,1942,2181,2544,2633
"Os10g0208600",62,77,51,57,55,35
"Os10g0494800",1799,1509,1427,1732,1705,1800
"Os10g0119100",44,29,26,36,22,26
"Os10g0508100",465,440,416,486,451,556
"Os10g0487600",353,376,346,318,398,332
"Os10g0457000",1437,1437,1351,1780,1925,1834
"Os10g0180600",18,12,17,16,21,10
"Os10g0577800",25518,26216,21958,21568,20008,18882
"Os10g0412600",564,523,560,743,993,1120
"Os10g0321700",1919,2101,1649,1817,1751,1601
"Os10g0163300",201,82,130,227,149,134
"Os10g0378100",1500,1566,1354,2399,3983,2731
"Os10g0127000",111,94,89,118,70,103
"Os10g0562200",14,55,30,40,82,130
"Os10g0498800",363,387,278,353,270,334
"Os10g0573400",213,277,223,376,461,508
"Os10g0564150",6,26,31,33,40,48
"Os10g0521700",1895,1740,1616,1871,2266,1891
"Os10g0519600",258,260,190,315,311,278
"Os10g0511900",1675,1876,1594,1614,1730,1645
"Os10g0163100",785,715,557,753,525,572
"Os10g0370100",840,953,694,890,958,893
"Os10g0555900",25,14,29,2,2,7
"Os10g0173000",95,18,18,94,17,20
"Os10g0503700",2409,2011,2194,1950,2404,2074
"Os10g0364600",632,664,592,780,922,773
"Os10g0394400",204,211,181,206,256,291
"Os10g0509100",11736,14016,12791,11416,12527,9575
"Os10g0475000",68,42,66,130,149,142
"Os10g0102900",71,47,18,176,55,22
"Os10g0181333",46,29,43,39,61,45
"Os10g0124100",282,212,243,331,251,311
"Os10g0538950",29,44,14,5,4,14
"Os10g0567500",402,420,332,405,393,402
"Os10g0504200",328,332,253,189,99,102
"Os10g0506000",29,86,36,58,54,57
"Os10g0500500",1707,1802,1410,1608,1875,1681
"Os10g0362700",22,41,14,51,92,48
"Os10g0136150",98,103,114,146,96,127
"Os10g0551100",329,454,409,462,411,517
"Os10g0569300",511,336,409,499,533,573
"Os10g0531400",160,237,113,263,246,241
"Os10g0124500",378,491,379,444,715,580
"Os10g0151800",3864,4152,3872,4568,4952,4825
"Os10g0178500",1339,1963,1804,1303,2440,1822
"Os10g0148800",628,634,430,484,456,462
"Os10g0478400",304,333,288,313,321,345
"Os10g0571600",1421,2260,1561,1673,837,578
"Os10g0492300",6705,4922,8266,10126,13244,10963
"Os10g0562000",150,197,122,134,211,142
"Os10g0519400",4,17,12,19,24,19
"Os10g0363500",123,206,206,171,143,109
"Os10g0560900",339,387,349,372,441,386
"Os10g0202900",16,10,6,14,19,15
"Os10g0361000",3556,6295,4344,3376,200,8
"Os10g0512800",76,62,100,79,74,76
"Os10g0407100",156,188,133,178,179,192
"Os10g0552900",964,797,714,798,774,744
"Os10g0338500",150,139,150,235,328,256
"Os10g0476400",2771,3859,2643,2865,2503,2242
"Os10g0344500",513,520,343,517,489,536
"Os10g0134700",12,10,8,2,10,5
"Os10g0358700",328,279,264,336,393,367
"Os10g0494950",485,414,420,502,459,486
"Os10g0488850",27,17,28,22,27,22
"Os10g0560400",18,17,17,42,97,38
"Os10g0568100",9,16,20,3,9,27
"Os10g0415800",919,657,597,968,1050,1063
"Os10g0103800",382,300,314,471,485,511
"Os10g0456950",4,10,6,18,15,13
"Os10g0521100",81,63,57,42,13,42
"Os10g0133000",21,22,16,16,11,7
"Os10g0141700",354,337,309,393,292,298
"Os10g0212100",444,395,363,579,524,574
"Os10g0459900",70,128,76,119,140,150
"Os10g0161700",177,270,262,230,313,307
"Os10g0465800",3080,4025,3038,3731,3552,3474
"Os10g0464400",4349,4045,3879,4608,4727,4769
"Os10g0523000",11,19,24,13,27,20
"Os10g0442600",3439,4237,2859,2900,2900,2866
"Os10g0565300",3497,2648,2869,2987,2951,2924
"Os10g0210500",953,1311,838,1002,1246,1079
"Os10g0140700",70,110,79,138,51,65
"Os10g0470100",113,104,103,90,134,207
"Os10g0471350",4591,3973,3769,3996,3953,3895
"Os10g0544600",102,79,101,161,326,216
"Os10g0409900",4147,4110,3566,3696,4413,4025
"Os10g0545800",201,216,211,239,166,179
"Os10g0359500",2666,2638,2049,1748,1886,1763
"Os10g0377300",4,2,8,12,52,27
"Os10g0571200",2899,2623,3169,3290,3261,3369
"Os10g0410100",185,212,193,295,225,206
"Os10g0550100",332,225,224,324,306,275
"Os10g0488400",154,394,251,156,144,75
"Os10g0128502",20,27,18,29,13,32
"Os10g0158000",316,377,458,615,799,748
"Os10g0495300",5325,5867,4398,4738,4737,4453
"Os10g0101000",21,27,20,25,16,10
"Os10g0516900",56,50,84,86,106,121
"Os10g0397400",869,639,799,1133,1116,1123
"Os10g0416100",1507,2675,1924,1981,2099,1607
"Os10g0327800",124,145,94,129,120,76
"Os10g0390701",703,830,456,525,578,509
"Os10g0422300",357,358,225,286,232,201
"Os10g0497600",98,116,79,121,144,155
"Os10g0481400",414,616,425,477,489,509
"Os10g0467000",54,90,44,89,82,108
"Os10g0489900",187,159,123,69,39,82
"Os10g0545200",533,669,842,1437,1857,1837
"Os10g0499800",21,32,33,9,26,20
"Os10g0370500",2201,1943,2017,1739,1807,1412
"Os10g0502500",2028,3082,2209,2065,2007,1797
"Os10g0564900",3065,2969,2895,2805,3174,2963
"Os10g0370000",1283,1476,1250,1686,1755,1718
"Os10g0475900",113,72,97,114,110,84
"Os10g0580800",51,41,41,45,19,36
"Os10g0518800",3482,3105,3126,3060,3426,3314
"Os10g0460900",2044,1644,1551,2013,2333,2150
"Os10g0418100",265,305,245,99,74,56
"Os10g0497300",137,156,105,197,184,139
"Os10g0406900",39,16,18,51,54,30
"Os10g0489000",107,41,41,56,123,139
"Os10g0122000",955,1702,1060,1236,1068,664
"Os10g0499200",10,16,4,14,4,0
"Os10g0560000",428,576,427,575,385,314
"Os10g0551600",502,602,485,433,631,713
"Os10g0508600",788,1043,869,783,811,630
"Os10g0498600",4676,4412,4109,4840,5187,4915
"Os10g0524400",2302,2699,1704,1798,1133,1156
"Os10g0182000",12139,10942,9686,10940,10670,10088
"Os10g0388200",1237,1073,1058,868,1257,1288
"Os10g0120300",144,144,98,99,93,118
"Os10g0431000",5013,4213,3965,3939,4649,4698
"Os10g0412050",1007,798,572,678,554,513
"Os10g0140200",5968,7184,5200,5748,5783,4845
"Os10g0161400",48,20,18,32,32,26
"Os10g0556900",1678,1545,1790,1987,2110,1956
"Os10g0414700",66,42,41,63,34,43
"Os10g0389000",3714,3223,2256,2545,2257,2305
"Os10g0188900",1192,1296,1148,1261,1357,1339
"Os10g0412000",5038,5525,4294,4385,3925,3647
"Os10g0380800",11,10,23,4,0,0
"Os10g0521600",3134,3456,3113,3248,3650,3376
"Os10g0150600",17,4,4,20,18,8
"Os10g0503500",9283,10115,9060,9743,10070,11998
"Os10g0403700",838,887,1065,1210,1487,1517
"Os10g0420900",26,28,16,19,24,13
"Os10g0532300",709,554,484,900,909,778
"Os10g0458700",1576,1607,1464,1535,1669,1709
"Os10g0415100",22,16,0,15,20,8
"Os10g0440100",36,47,29,37,34,30
"Os10g0130800",148,73,157,205,268,130
"Os10g0565100",1906,2291,1723,1768,1853,1627
"Os10g0555100",1252,1411,1433,857,1001,792
"Os10g0493800",636,757,657,701,757,888
"Os10g0428500",57,86,48,70,110,108
"Os10g0155500",1267,1628,1148,1289,1059,794
"Os10g0418900",118,252,305,151,26,9
"Os10g0442800",367,442,323,308,190,153
"Os10g0415200",134,89,178,300,322,350
"Os10g0327000",257,398,157,266,177,120
"Os10g0509200",1635,1589,1579,1881,2294,2084
"Os10g0388900",88,78,63,69,67,124
"Os10g0473200",4,4,15,15,28,12
"Os10g0162300",49,45,22,35,30,38
"Os10g0471300",2770,3442,2598,2851,3373,3264
"Os10g0459300",29,14,69,82,76,50
"Os10g0529800",3249,3479,3476,4259,3565,3067
"Os10g0509600",17,6,7,8,11,13
"Os10g0389500",567,486,486,315,429,405
"Os10g0502400",746,535,619,467,586,470
"Os10g0166300",680,745,973,917,1693,1545
"Os10g0574500",18,10,20,2,6,8
"Os10g0132500",84,103,144,127,129,143
"Os10g0566700",543,429,394,525,482,489
"Os10g0412100",4983,5212,4203,4285,4369,3904
"Os10g0378400",2250,2061,1774,2064,2291,2226
"Os10g0545300",990,1070,931,1037,911,983
"Os10g0518200",1798,2245,1681,1821,2021,1814
"Os10g0323000",325,283,347,412,477,492
"Os10g0497466",26,22,26,4,17,15
"Os10g0553300",279,278,242,150,55,44
"Os10g0368902",141,108,103,113,121,125
"Os10g0481500",58,132,119,43,35,37
"Os10g0401000",16,16,8,4,22,8
"Os10g0561100",16,12,6,34,21,10
"Os10g0566900",221,168,188,257,208,253
"Os10g0474900",55,60,67,73,108,88
"Os10g0400200",316,323,269,268,286,329
"Os10g0134250",664,771,495,453,208,197
"Os10g0151366",31,44,42,24,23,11
"Os10g0535800",1509,2038,1170,1011,334,345
"Os10g0530500",783,472,1075,1782,3085,3453
"Os10g0497500",193,264,273,244,286,338
"Os10g0438300",11,12,16,19,23,16
"Os10g0135100",34,53,18,49,20,24
"Os10g0573700",764,537,1136,2082,2740,2722
"Os10g0474100",278,308,316,400,566,481
"Os10g0392400",2811,3010,3162,1725,1534,1210
"Os10g0554200",709,614,1987,1667,6157,6601
"Os10g0387000",1200,1248,1128,1050,1053,1019
"Os10g0500650",9,23,7,17,19,9
"Os10g0317900",42,43,48,50,33,54
"Os10g0545700",2473,3424,2724,3147,3486,3203
"Os10g0493300",369,330,320,427,457,498
"Os10g0540100",98,62,84,112,129,113
"Os10g0539600",656,364,404,512,346,465
"Os10g0452800",1625,1455,1288,1469,1335,1275
"Os10g0483500",45,144,32,54,28,44
"Os10g0368200",72,53,46,65,63,79
"Os10g0119200",157,75,50,91,46,43
"Os10g0477600",0,0,10,12,28,41
"Os10g0578500",161,182,170,131,197,137
"Os10g0502000",1960,1681,2193,3020,4173,3728
"Os10g0527400",294,293,105,349,17,229
"Os10g0501300",396,389,326,443,445,440
"Os10g0135200",925,882,717,846,859,803
"Os10g0504900",16,5,12,9,0,26
"Os10g0376900",79,52,142,105,176,19
"Os10g0580300",2474,2640,2468,2666,2925,2901
"Os10g0539700",720,749,856,1203,1071,1376
"Os10g0178101",217,171,176,202,248,249
"Os10g0516300",40,18,17,20,21,23
"Os10g0178200",34,66,26,22,41,34
"Os10g0112600",678,588,639,796,803,807
"Os10g0437000",1003,1092,1155,1634,1989,2298
"Os10g0559050",66,59,46,27,28,28
"Os10g0490800",24,14,32,14,10,6
"Os10g0340800",772,1083,1165,1364,2264,2028
"Os10g0419100",633,883,622,549,464,429
"Os10g0118900",1908,2121,1471,2092,1660,1508
"Os10g0535900",85,97,67,139,107,83
"Os10g0575950",495,595,532,441,506,403
"Os10g0506200",1259,1643,806,798,635,791
"Os10g0559200",81,53,52,67,81,65
"Os10g0419500",3046,2418,1931,2194,1895,1996
"Os10g0160700",53,93,83,86,125,118
"Os10g0493100",87,121,94,117,108,134
"Os10g0503250",1788,4023,2985,2200,1084,1200
"Os10g0479700",280,393,321,250,198,136
"Os10g0330400",2333,2542,2259,3298,4862,4076
"Os10g0204100",2137,2261,1914,2372,2196,2327
"Os10g0147250",61,61,43,55,72,52
"Os10g0111800",221,361,280,207,355,220
"Os10g0465700",327,96,131,190,377,486
"Os10g0441800",679,796,671,752,715,663
"Os10g0516150",15,6,25,34,9,24
"Os10g0109600",931,927,886,284,279,48
"Os10g0154500",27,36,30,62,69,79
"Os10g0126000",342,291,269,277,339,337
"Os10g0377800",5133,4833,4492,5499,5727,5470
"Os10g0517500",13615,13957,11911,3370,2330,1734
"Os10g0443200",389,446,330,453,398,452
"Os10g0477100",645,644,522,632,653,695
"Os10g0457700",2194,1811,1655,1833,1857,1847
"Os10g0204300",3061,2140,2928,3145,2549,3263
"Os10g0126500",147,98,102,100,152,110
"Os10g0436800",303,266,251,341,296,334
"Os10g0389150",84,37,37,87,107,134
"Os10g0433700",263,222,226,177,232,241
"Os10g0578600",81,64,94,66,18,31
"Os10g0483000",3040,3329,2633,3254,3238,3493
"Os10g0375600",12696,12592,11215,10805,12750,13346
"Os10g0400250",113,115,92,108,122,100
"Os10g0421500",115,122,138,207,166,167
"Os10g0500400",67,51,69,66,68,62
"Os10g0427900",37,29,84,71,100,103
"Os10g0180000",686,962,676,724,452,553
"Os10g0528100",1756,2608,1426,1126,927,690
"Os10g0464800",21,14,14,4,24,29
"Os10g0420800",30,62,23,44,36,21
"Os10g0578300",204,209,164,160,188,183
"Os10g0167300",13998,15008,10626,9861,7678,7864
"Os10g0573000",3379,3196,3057,4531,4505,4586
"Os10g0478300",151,252,183,80,32,18
"Os10g0375700",377,332,344,426,398,398
"Os10g0167700",571,500,643,892,1128,1033
"Os10g0154000",3829,4132,3590,4414,5002,4408
"Os10g0439600",2317,2209,1983,1939,2307,2286
"Os10g0575600",17,10,53,18,26,28
"Os10g0507800",1269,1136,930,1154,986,1061
"Os10g0446400",206,195,177,134,204,238
"Os10g0501000",481,663,480,432,550,464
"Os10g0396666",835,593,594,852,921,949
"Os10g0556100",28,16,16,22,8,16
"Os10g0548850",142,119,36,82,38,65
"Os10g0207400",545,866,736,738,1247,1222
"Os10g0369500",54,36,60,49,26,37
"Os10g0341800",47,83,52,75,68,91
"Os10g0488800",10277,8707,8438,8131,10275,10516
"Os10g0499500",146,85,75,75,66,52
"Os10g0189600",1217,1461,1127,789,551,525
"Os10g0498500",275,284,292,264,279,235
"Os10g0414500",618,497,513,679,883,761
"Os10g0558725",91,89,60,47,24,31
"Os10g0536600",33,9,8,18,24,39
"Os10g0413700",56,54,71,102,123,150
"Os10g0447400",7,15,10,7,24,28
"Os10g0512700",540,577,492,568,646,613
"Os10g0536000",735,958,527,541,364,446
"Os10g0494000",906,1007,988,1137,1440,1547
"Os10g0435400",66,82,39,80,103,78
"Os10g0530400",4889,6519,5086,5356,8426,7211
"Os10g0503100",154,187,143,243,233,281
"Os10g0130500",6089,5347,6540,9224,11456,9786
"Os10g0417800",1237,1625,1135,1359,1560,1962
"Os10g0393800",27,13,15,13,12,3
"Os10g0348900",244,134,469,353,690,715
"Os10g0194300",2,10,9,24,24,20
"Os10g0381800",168,194,160,124,133,152
"Os10g0498200",745,768,787,1212,1607,1374
"Os10g0101200",3371,4791,3220,4153,3862,2767
"Os10g0546900",65,151,83,144,143,200
"Os10g0462100",322,433,401,336,419,518
"Os10g0331600",55,115,100,67,186,137
"Os10g0111300",146,149,126,156,164,177
"Os10g0411700",4641,5107,3669,4031,2945,2708
"Os10g0553800",694,400,401,501,398,577
"Os10g0559400",223,296,176,210,163,137
"Os10g0444700",992,1406,1116,1197,1281,1338
"Os10g0520400",109,153,105,101,130,137
"Os10g0132700",438,393,431,416,478,539
"Os10g0382400",1263,957,1051,1328,1384,1394
"Os10g0491801",60,102,34,23,26,8
"Os10g0206500",96,125,182,255,299,278
"Os10g0393100",2133,2748,2399,2201,2372,2150
"Os10g0575000",299,260,266,172,150,139
"Os10g0437200",2571,2386,1908,2506,2349,2278
"Os10g0415400",355,351,361,361,476,406
"Os10g0432300",415,393,381,397,406,343
"Os10g0129100",90,76,88,64,77,45
"Os10g0163310",90,44,69,61,54,78
"Os10g0135400",371,409,319,363,401,354
"Os10g0484400",147,124,98,109,149,111
"Os10g0166600",2006,1700,2339,3617,4763,3890
"Os10g0513300",970,945,949,903,1047,974
"Os10g0579300",1270,1432,984,1230,956,1080
"Os10g0491100",445,417,510,651,641,413
"Os10g0188100",2437,2314,1893,2210,2220,2388
"Os10g0485300",11002,8968,8473,10034,11553,10933
"Os10g0516600",22,16,47,37,34,58
"Os10g0516100",3267,2182,4397,6267,7805,8442
"Os10g0135500",299,357,289,267,336,308
"Os10g0486000",1631,1594,1178,1174,1163,1209
"Os10g0377400",276,328,205,245,176,178
"Os10g0516800",2847,2615,2240,2322,2317,2325
"Os10g0418000",3,14,20,20,17,17
"Os10g0543400",17,10,17,37,40,63
"Os10g0397200",4028,4935,3753,4409,4860,4862
"Os10g0370400",481,696,504,617,628,445
"Os10g0563300",83,80,59,80,66,56
"Os10g0510000",11,10,5,5,9,12
"Os10g0558900",165,178,106,131,67,51
"Os10g0567100",21,42,28,15,7,9
"Os10g0167600",1884,1779,1844,1747,1959,1827
"Os10g0366400",609,568,563,534,498,469
"Os10g0125600",21,20,12,17,27,26
"Os10g0170000",202,152,141,453,236,149
"Os10g0318000",628,584,558,620,585,527
"Os10g0343050",15,20,19,20,31,14
"Os10g0577700",1277,1256,1193,1784,1940,1919
"Os10g0150200",26,18,8,22,22,22
"Os10g0145100",253,325,254,375,389,437
"Os10g0333000",118,120,122,94,145,138
"Os10g0427300",63,54,46,55,42,43
"Os10g0532800",1233,1190,1084,1242,1520,1426
"Os10g0339600",3807,3489,2882,3496,3352,3104
"Os10g0554300",30,36,76,58,118,89
"Os10g0487500",101,128,100,79,65,66
"Os10g0167250",12,14,12,11,12,4
"Os10g0480500",2185,2678,1943,1741,1358,1251
"Os10g0554050",482,442,362,353,414,405
"Os10g0126600",121,104,86,112,137,120
"Os10g0148400",2,0,10,24,60,90
"Os10g0510300",271,330,280,326,314,333
"Os10g0188275",608,649,551,586,677,609
"Os10g0345701",32,27,20,21,33,33
"Os10g0535600",110,133,102,65,48,51
"Os10g0410900",98,89,70,77,108,122
"Os10g0542200",1299,1437,1140,1140,1135,1165
"Os10g0440500",1163,1001,752,616,373,494
"Os10g0125300",126,113,64,116,73,70
"Os10g0558750",302,318,208,191,134,135
"Os10g0340301",30,10,8,4,2,12
"Os10g0548300",221,296,193,223,226,232
"Os10g0520700",519,483,507,432,516,466
"Os10g0142500",98,87,96,141,128,145
"Os10g0449400",59,42,58,54,92,134
"Os10g0580700",726,741,744,851,922,900
"Os10g0422000",794,731,551,591,340,400
"Os10g0533200",1174,2240,1273,1727,1608,1905
"Os10g0213800",1826,1910,2905,1927,3054,2627
"Os10g0516551",299,255,430,359,833,641
"Os10g0487400",457,612,483,544,480,446
"Os10g0446600",2083,1600,2061,2092,2045,2162
"Os10g0547900",976,880,828,927,1104,1035
"Os10g0190900",937,776,774,788,770,707
"Os10g0104500",645,518,434,412,438,468
"Os10g0515200",75,65,50,62,59,59
"Os10g0486900",95,85,55,47,62,87
"Os10g0411800",1905,2528,2095,2745,2530,2254
"Os10g0503200",1220,1102,1128,1491,1749,1828
"Os10g0510500",433,636,393,404,281,194
"Os10g0552700",6,4,42,44,80,82
"Os10g0363700",20,22,12,20,14,19
"Os10g0564100",500,625,560,554,756,605
"Os10g0213700",1630,1811,1982,3085,4088,3875
"Os10g0561600",16,19,14,24,13,15
"Os10g0536500",8598,8605,11574,14235,23112,22060
"Os10g0520100",87,210,205,97,46,22
"Os10g0346200",1203,1326,1079,929,1020,1164
"Os10g0430700",115,197,146,120,116,156
"Os10g0400800",1892,1890,1568,1643,1476,1423
"Os10g0540000",20,22,14,13,21,25
"Os10g0469900",1753,1736,1871,1846,3075,2447
"Os10g0425900",8,12,6,22,17,22
"Os10g0471400",1210,1166,862,847,907,924
"Os10g0430900",1156,1197,1064,1226,1112,1086
"Os10g0406600",1535,2189,1501,1741,1749,1600
"Os10g0565401",46,26,28,38,17,22
"Os10g0407200",11,14,36,13,18,8
"Os10g0104900",25,40,16,14,8,10
"Os10g0395500",770,780,699,925,802,788
"Os10g0497800",1250,1395,1062,998,913,832
"Os10g0506900",4844,4836,6371,6925,9815,8822
"Os10g0154600",970,802,718,936,711,773
"Os10g0572000",150,112,139,94,124,96
"Os10g0436900",20,39,72,110,122,96
"Os10g0446200",922,751,859,772,785,742
"Os10g0457980",12,14,13,28,17,34
"Os10g0344900",54,44,4,24,4,12
"Os10g0371000",112,167,138,201,238,311
"Os10g0566200",432,485,545,795,1247,996
"Os10g0567400",2768,2685,2174,3005,3080,3054
"Os10g0567600",68,59,72,72,75,112
"Os10g0572900",112,114,86,70,57,70
"Os10g0365900",3,2,9,12,15,10
"Os10g0495900",247,568,369,322,217,235
"Os10g0369600",339,334,273,330,242,204
"Os10g0485100",1393,1258,1168,1053,1105,1225
"Os10g0124400",366,478,285,277,317,273
"Os10g0180800",37783,15976,25751,26884,54176,42553
"Os10g0360800",45,43,40,48,8,8
"Os10g0364700",152,112,95,217,130,208
"Os10g0137300",320,865,634,355,50,10
"Os10g0144700",7,10,2,0,20,84
"Os10g0116900",644,692,528,500,398,515
"Os10g0532100",713,510,445,576,568,604
"Os10g0548800",821,850,562,796,766,870
"Os10g0571100",576,620,626,590,574,642
"Os10g0132901",150,157,121,118,79,67
"Os10g0538200",1146,3521,2585,1588,1002,581
"Os10g0412800",693,819,833,840,836,684
"Os10g0533600",3178,3921,2604,2563,2390,2286
"Os10g0214400",1295,1186,1031,979,978,1015
"Os10g0487900",684,708,667,595,601,569
"Os10g0478200",15497,16317,11579,13772,11587,14148
"Os10g0396300",245,218,194,191,315,218
"Os10g0581000",1697,1649,1647,1665,1640,1707
"Os10g0102400",813,950,887,936,966,917
"Os10g0520900",44,50,38,74,71,57
"Os10g0564000",94,62,89,65,69,98
"Os10g0438700",117,151,96,105,139,151
"Os10g0406350",176,234,195,234,339,356
"Os10g0497432",73,54,58,76,101,84
"Os10g0317300",1011,1128,980,1388,1860,1847
"Os10g0460000",302,306,252,337,389,481
"Os10g0391500",2916,2392,2969,3397,3661,3779
"Os10g0473400",153,121,136,168,210,294
"Os10g0400900",3024,3109,2221,2417,2136,1983
"Os10g0111700",66,109,89,41,59,26
"Os10g0476100",12,6,6,20,9,24
"Os10g0450400",124,219,168,142,177,162
"Os10g0485000",2774,2425,2330,2545,2803,2402
"Os10g0508400",2052,1916,1721,1610,1713,1591
"Os10g0497000",3173,2720,2614,2446,2764,2699
"Os10g0500600",4137,4374,3417,3577,3510,3277
"Os10g0357850",124,98,94,148,143,150
"Os10g0116200",127,105,101,139,203,291
"Os10g0431900",915,1361,1008,842,852,1036
"Os10g0183000",323,277,246,266,385,259
"Os10g0135700",21,37,19,30,17,19
"Os10g0478600",926,1078,893,1022,893,938
"Os10g0465950",47,26,23,62,22,28
"Os10g0343200",870,931,726,809,835,952
"Os10g0422075",1542,993,838,961,583,602
"Os10g0534100",967,958,1023,1077,1314,1142
"Os10g0557800",215,165,169,215,122,129
"Os10g0123200",23,20,12,4,22,16
"Os10g0476300",62,42,60,57,16,29
"Os10g0503800",1171,479,2962,3325,7734,8031
"Os10g0541700",40,21,33,62,39,38
"Os10g0462900",660,455,337,463,254,348
"Os10g0478500",31,28,46,42,50,28
"Os10g0572400",1678,1878,1209,1409,1288,1303
"Os10g0466200",387,376,311,386,248,336
"Os10g0456800",2508,2471,2544,1935,4392,3367
"Os10g0511600",2946,3798,2624,2599,2479,1971
"Os10g0165400",759,899,1053,1013,1764,1633
"Os10g0437100",2621,2936,1940,2255,2289,1646
"Os10g0389300",164,103,17,50,14,25
"Os10g0450800",88,60,60,32,87,20
"Os10g0570200",1746,4389,1592,1387,933,851
"Os10g0550066",57,40,29,35,14,27
"Os10g0525400",284,109,231,282,325,435
"Os10g0116300",24,24,9,27,27,28
"Os10g0491900",894,958,769,820,950,931
"Os10g0521900",185,354,255,155,117,121
"Os10g0522000",277,336,314,385,393,301
"Os10g0551401",91,144,61,123,125,114
"Os10g0524600",6,2,76,8,26,57
"Os10g0177400",56,79,50,45,40,38
"Os10g0394700",195,232,198,407,399,301
"Os10g0162400",84,112,91,131,62,70
"Os10g0450900",18171,22557,16061,11816,4032,4171
"Os10g0343951",34,56,32,25,8,8
"Os10g0471000",20,13,4,15,17,22
"Os10g0104700",41,66,44,38,18,28
"Os10g0548400",58,99,79,141,163,118
"Os10g0562600",6,12,6,13,29,12
"Os10g0346600",7375,7287,5981,6435,5673,5952
"Os10g0112850",260,290,206,137,112,78
"Os10g0553900",839,696,768,783,781,797
"Os10g0575200",3959,3814,3282,3425,3574,3707
"Os10g0558600",162,156,137,178,168,180
"Os10g0522200",10,19,13,22,18,15
"Os10g0521400",8,43,34,17,17,8
"Os10g0512400",2751,3932,2206,1420,377,173
"Os10g0492800",1625,1642,1316,1398,1691,1721
"Os10g0139700",662,1053,444,399,94,92
"Os10g0536100",5350,6661,6850,7467,8889,6743
"Os10g0364800",89,77,75,76,47,77
"Os10g0170300",459,411,419,401,408,400
"Os10g0422566",73,33,33,56,60,52
"Os10g0484900",388,434,332,445,454,414
"Os10g0564800",2935,3212,2300,2288,2246,2072
"Os10g0394100",5903,4788,5637,7070,8736,8853
"Os10g0485800",656,907,555,338,193,123
"Os10g0524100",2271,2317,2151,2570,3535,3336
"Os10g0519700",24,13,22,14,7,5
"Os10g0537300",3126,3125,2475,2680,2550,2702
"Os10g0575700",1352,1859,1570,1762,2268,2472
"Os10g0478000",15,0,12,8,17,10
"Os10g0486100",93,61,64,65,57,94
"Os10g0320100",52,41,63,36,9,10
"Os10g0570001",46,66,21,104,76,112
"Os10g0206800",909,940,775,883,932,883
"Os10g0561900",1954,2282,1724,1998,2817,2633
"Os10g0471700",572,712,679,718,856,846
"Os10g0191000",45,27,45,46,42,21
"Os10g0422401",86,71,51,56,38,84
"Os10g0147200",216,215,248,105,45,10
"Os10g0150700",26,20,3,16,13,8
"Os10g0534600",41,72,59,42,34,32
"Os10g0521000",293,203,186,148,49,50
"Os10g0575800",864,836,791,999,960,841
"Os10g0478100",20,6,0,14,6,10
"Os10g0100300",4323,4514,6928,9051,12912,12119
"Os10g0205500",37,26,21,36,52,46
"Os10g0445900",493,1007,596,512,414,352
"Os10g0131200",1768,2496,1911,1368,1267,841
"Os10g0137000",156,234,211,226,146,161
"Os10g0457500",935,946,767,1032,1056,942
"Os10g0135250",79,97,58,58,48,56
"Os10g0493600",2264,1887,2534,3959,6723,6123
"Os10g0378300",369,302,279,307,354,335
"Os10g0413500",2556,2959,2251,2320,2359,2415
"Os10g0561800",811,1572,939,1112,912,822
"Os10g0456200",2186,2150,1764,2074,1869,1687
"Os10g0161100",188,197,184,327,340,372
"Os10g0479800",1581,2021,1715,1343,1293,1502
"Os10g0461100",1559,966,1223,1655,1324,1403
"Os10g0565500",176,263,221,291,230,187
"Os10g0540200",21,10,39,27,65,77
"Os10g0546300",4245,3801,3142,3180,3449,3223
"Os10g0128600",75,53,95,78,113,99
"Os10g0101100",381,418,285,293,234,240
"Os10g0559700",3458,2566,2333,3000,2548,3114
"Os10g0560500",298,240,187,322,358,271
"Os10g0374700",33,24,25,56,47,42
"Os10g0445500",709,944,803,721,638,686
"Os10g0132800",215,147,256,221,183,253
"Os10g0145200",113,107,79,87,123,98
"Os10g0563200",3099,2617,2182,2153,2146,2418
"Os10g0542800",3137,3076,2652,2308,2336,2443
"Os10g0447100",3246,3418,2717,4041,4714,4235
"Os10g0146901",159,152,175,102,23,25
"Os10g0577900",1954,1546,1926,2135,2766,2383
"Os10g0376200",770,854,698,946,936,1019
"Os10g0573800",324,341,228,176,82,122
"Os10g0416000",37,44,40,19,41,41
"Os10g0496000",34,38,12,10,0,4
"Os10g0470700",11452,18628,10360,9076,7406,5206
"Os10g0135833",90,120,139,152,209,215
"Os10g0438100",101,134,91,143,128,90
"Os10g0544500",4064,3789,3308,3703,4282,3927
"Os10g0522700",29,38,40,34,33,42
"Os10g0579500",194,248,174,264,238,245
"Os10g0205300",447,539,461,426,388,383
"Os10g0330000",1593,1677,2255,2616,4668,2797
"Os10g0162832",904,832,677,732,705,779
"Os10g0184300",1512,1459,1023,1103,1020,1031
"Os10g0564500",2609,2846,2137,2548,2967,2107
"Os10g0558850",741,1081,657,632,788,530
"Os10g0195100",1011,806,804,930,764,777
"Os10g0482900",659,957,744,610,610,587
"Os10g0100700",3048,4246,4321,7337,10903,8881
"Os10g0360900",43,51,38,26,38,35
"Os10g0540050",68,84,79,112,146,173
"Os10g0495000",4108,4291,3817,4178,4221,4109
"Os10g0556700",5522,4487,4213,4983,3978,4298
"Os10g0209700",367,271,321,940,1190,1854
"Os10g0509000",1677,1210,1772,2148,2466,2408
"Os10g0370800",1647,1613,1438,1491,1935,1748
"Os10g0524700",137,117,158,56,109,51
"Os10g0382600",459,412,453,464,458,570
"Os10g0572300",7532,8475,6194,4917,6625,5779
"Os10g0142600",2887,3674,2107,1936,1515,1381
"Os10g0517400",951,765,959,1627,1604,1521
"Os10g0439800",40,36,14,14,2,0
"Os10g0550300",13,10,10,7,4,10
"Os10g0551200",99,96,67,94,97,142
"Os10g0514400",125,156,130,319,296,197
"Os10g0520600",1221,1397,1047,1133,1041,1105
"Os10g0534900",3024,4875,3562,4091,6930,6836
"Os10g0161800",1786,1275,1700,1448,2046,3019
"Os10g0107600",55,36,45,46,48,34
"Os10g0416800",261,38,21,118,18,79
"Os10g0413101",196,289,311,279,307,404
"Os10g0167500",547,563,390,545,472,415
"Os10g0327300",45,57,35,24,31,25
"Os10g0419600",816,1364,801,1001,985,835
"Os10g0343000",160,150,185,204,212,246
"Os10g0343900",1242,1034,1126,1403,1546,1685
"Os10g0188000",34,58,87,76,56,70
"Os10g0495600",2304,2106,1780,2095,2015,1948
"Os10g0188250",32,79,76,106,131,112
"Os10g0541800",183,203,148,318,310,311
"Os10g0572100",505,483,570,600,760,662
"Os10g0577500",290,482,424,451,402,439
"Os10g0553600",104,125,143,163,264,209
"Os10g0183500",154,151,126,153,124,170
"Os10g0344000",637,632,268,305,96,178
"Os10g0203000",1224,1381,1181,1437,1977,1468
"Os10g0205802",1037,978,1265,1570,2028,1895
"Os10g0330300",1036,997,874,847,1009,869
"Os10g0483900",242,427,361,367,333,392
"Os10g0576900",343,448,338,344,227,181
"Os10g0419300",403,253,301,309,291,306
"Os10g0181200",277,272,311,408,450,436
"Os10g0577600",2268,2013,1969,1122,649,821
"Os10g0563550",50,62,41,55,54,71
"Os10g0391400",20,22,37,8,6,0
"Os10g0492000",5185,3956,3979,4342,4157,4148
"Os10g0555200",357,245,328,515,684,630
"Os10g0506800",853,676,668,816,657,713
"Os10g0486600",1619,1979,1411,1838,1890,1911
"Os10g0415600",10808,8999,7831,8657,8946,8692
"Os10g0521300",396,471,387,421,355,378
"Os10g0113000",94,71,56,49,12,18
"Os10g0483100",383,432,365,402,344,399
"Os10g0560450",90,68,66,57,74,62
"Os10g0508700",1027,410,2558,1990,7989,6411
"Os10g0187500",635,844,818,783,964,1034
"Os10g0357800",498,360,544,731,933,1071
"Os10g0197000",352,390,399,545,561,605
"Os10g0371100",10,14,10,19,9,20
"Os10g0122600",38,34,32,68,54,57
"Os10g0395200",2570,2985,3076,3839,4874,4269
"Os10g0484700",990,1167,915,1145,1582,1465
"Os10g0497100",923,850,861,913,1031,1247
"Os10g0443800",8,2,2,22,30,68
"Os10g0479100",114,100,92,173,117,86
"Os10g0469600",3010,3101,2771,1715,1306,1005
"Os10g0329900",10,15,18,4,10,2
"Os10g0337600",108,86,97,76,60,87
"Os10g0430600",73,62,67,120,125,120
"Os10g0517800",31,25,41,18,27,53
"Os10g0194200",163,145,105,100,64,76
"Os10g0427100",172,183,126,170,109,158
"Os10g0434300",18,47,18,36,64,45
"Os10g0358600",2,12,6,15,6,19
"Os10g0501200",110,96,81,120,89,137
"Os10g0139500",49,35,30,56,54,70
"Os10g0569800",150,110,99,157,224,179
"Os10g0529500",542,721,253,310,65,201
"Os10g0550000",1018,848,583,623,434,516
"Os10g0416500",6249,13979,7087,4988,2572,1132
"Os10g0477800",1719,1559,1313,1434,1809,1500
"Os10g0482000",683,561,786,904,1594,1431
"Os10g0466300",5377,4905,4330,4829,4420,4363
"Os10g0326800",58,56,44,36,54,27
"Os10g0566400",101,136,107,63,74,28
"Os10g0562500",5,12,14,6,22,30
"Os10g0442400",146,361,135,282,521,389
"Os10g0190800",423,433,392,433,428,480
"Os10g0499400",488,523,634,378,541,503
"Os10g0413600",34,38,40,32,20,28
"Os10g0539500",1748,2355,2064,2574,2778,2569
"Os10g0537800",3019,7034,4631,3892,1617,1010
"Os10g0394000",218,245,148,105,30,30
"Os10g0391100",1982,2202,1818,2090,2125,2176
"Os10g0479900",801,797,664,789,808,905
"Os10g0481000",777,818,500,585,504,639
"Os10g0363300",12166,10568,8566,7651,5703,4968
"Os10g0490900",30,44,24,18,6,12
"Os10g0446100",220,278,267,277,305,299
"Os10g0464500",40,40,9,13,23,49
"Os10g0522900",2905,2881,2772,3105,3050,3022
"Os10g0563800",150,157,79,141,117,62
"Os10g0489650",424,402,457,412,828,1018
"Os10g0185100",1915,2007,2051,2288,2784,2576
"Os10g0154566",58,25,31,45,27,30
"Os10g0579100",474,425,813,998,1460,1002
"Os10g0464000",54,78,37,32,10,35
"Os10g0388701",38,25,44,56,59,59
"Os10g0163220",47,27,74,47,80,79
"Os10g0466000",2477,2712,1941,2035,2066,2124
"Os10g0155400",152,87,76,122,97,131
"Os10g0567800",12,7,15,15,10,25
"Os10g0214300",72,70,60,60,52,53
"Os10g0411750",249,167,185,209,228,252
"Os10g0124900",13,49,65,58,74,57
"Os10g0477000",2756,2213,2090,2534,2968,2952
"Os10g0463800",8136,7204,5836,5319,5129,4844
"Os10g0495200",196,186,177,165,144,138
"Os10g0428200",2020,1944,1876,1941,2021,1835
"Os10g0476000",775,1005,747,746,739,703
"Os10g0127700",2224,2134,2014,2117,2486,2225
"Os10g0176700",188,151,150,302,355,363
"Os10g0492900",1157,606,608,805,1012,1489
"Os10g0566300",1486,2133,1486,2318,3337,3042
"Os10g0528300",1052,608,317,604,117,649
"Os10g0578950",291,120,339,501,882,781
"Os10g0546600",1344,1086,1090,2129,2158,2062
"Os10g0203600",437,385,340,383,451,449
"Os10g0539650",15,5,2,24,13,4
"Os10g0136200",223,280,201,219,251,296
"Os10g0181100",22,10,26,104,132,95
"Os10g0114300",1472,2314,1492,1581,1170,598
"Os10g0550500",18,19,20,23,60,45
"Os10g0127900",317,180,212,235,244,215
"Os10g0147300",1770,1901,1977,2594,3382,3261
"Os10g0187454",142,186,206,169,266,258
"Os10g0133600",7,10,6,18,18,2
"Os10g0405300",1189,747,885,794,1350,1513
"Os10g0169800",1533,1475,1271,1207,1445,1516
"Os10g0527900",72,33,28,28,10,30
"Os10g0576000",1415,2010,1445,1720,1744,1657
"Os10g0141600",90,88,73,62,85,47
"Os10g0160600",44,24,62,53,64,93
"Os10g0575900",70,47,222,105,175,112
"Os10g0497900",442,557,457,456,452,390
"Os10g0124000",214,248,234,237,215,200
"Os10g0115600",13316,11903,13590,14180,16002,14521
"Os10g0442000",172,243,119,163,130,81
"Os10g0550900",3873,5134,3089,2146,1736,814
"Os10g0549500",27,26,19,16,10,12
"Os10g0534500",452,441,407,462,356,405
"Os10g0562900",892,1667,1294,1197,795,799
"Os10g0362300",4912,3916,3559,5160,5082,5227
"Os10g0474800",11,9,9,21,7,18
"Os10g0370700",883,534,1017,1347,1233,1263
"Os10g0198600",3566,2837,3347,3636,5259,5013
"Os10g0183900",1738,1783,1522,1431,1761,1932
"Os10g0502900",1259,1636,1290,1202,1332,1261
"Os10g0557900",843,1006,861,1223,1943,1695
"Os10g0525000",3135,2265,3019,3325,4730,4311
"Os10g0573900",1632,1663,1382,1701,1942,1934
"Os10g0516200",49,56,79,90,75,71
"Os10g0445600",1613,1963,1658,2246,2911,2755
"Os10g0569600",1297,2344,1426,895,858,626
"Os10g0548200",3675,3136,3652,4325,5284,4741
"Os10g0465900",138,141,113,162,127,147
"Os10g0436850",14,19,14,16,4,18
"Os10g0189100",2102,1616,2056,3615,4610,5152
"Os10g0365800",1893,2230,2356,2906,3761,3458
"Os10g0499600",401,384,424,629,832,888
"Os10g0415900",333,353,337,304,263,284
"Os10g0532150",660,650,628,631,665,661
"Os10g0516701",2,11,12,16,13,41
"Os10g0324600",402,501,401,476,481,542
"Os10g0382300",1423,1370,1095,1045,1138,956
"Os10g0200000",59,36,26,38,44,34
"Os10g0509401",36,39,20,34,149,266
"Os10g0563600",6754,7474,5917,5767,5930,5648
"Os10g0525500",251,106,140,170,132,193
"Os10g0350500",2631,2543,2338,2056,2074,2135
"Os10g0523201",12,24,17,28,2,10
"Os10g0360600",541,841,711,811,958,996
"Os10g0580400",2151,3886,3096,4215,3054,3177
"Os10g0430200",427,405,346,519,301,459
"Os10g0507000",898,1631,968,977,752,559
"Os10g0522800",12,15,15,22,25,12
"Os10g0574700",787,887,801,476,346,496
"Os10g0491000",2152,2959,1252,2268,1210,1549
"Os10g0184250",323,282,214,237,288,245
"Os10g0465000",523,440,442,445,524,591
"Os10g0139600",20,19,20,27,50,49
"Os10g0504600",79,72,49,60,53,53
"Os10g0119300",1489,986,1213,1086,1194,1054
"Os10g0396100",121,124,94,97,111,101
"Os10g0484300",187,177,160,202,219,233
"Os10g0444500",1,8,10,10,6,19
"Os10g0469700",6707,7999,6019,5041,4340,4167
"Os10g0491450",518,991,529,397,188,124
"Os10g0324900",408,373,243,431,533,514
"Os10g0539900",212,219,180,328,262,229
"Os10g0464100",4268,4026,3443,3237,3065,3192
"Os10g0190000",3383,3852,2943,2890,3243,2989
"Os10g0489200",2054,1924,1687,1755,1690,1446
"Os10g0456900",1166,1109,1037,1059,1020,1035
"Os10g0476600",4493,3751,3372,3497,3540,3263
"Os10g0389100",57,22,25,19,23,34
"Os10g0369750",1244,1118,891,1072,889,861
"Os10g0170200",4125,5605,4357,4914,4796,4436
"Os10g0405100",1280,1049,1551,1248,1638,1568
"Os10g0114400",12,15,6,10,6,2
"Os10g0112100",70,126,54,49,26,26
"Os10g0477200",268,209,258,395,314,275
"Os10g0516400",6,6,1,18,26,14
"Os10g0502600",747,835,669,799,881,1014
"Os10g0406200",1068,1260,1242,1428,1716,1433
"Os10g0577100",85,46,47,49,64,66
"Os10g0516500",1219,662,1381,1135,1926,1554
"Os10g0190500",105,121,71,131,121,176
"Os10g0500700",3878,3994,3222,3376,3428,3697
"Os10g0563400",776,817,705,797,855,812
"Os10g0577000",905,1047,599,688,677,706
"Os10g0503300",484,1006,842,694,292,308
"Os10g0491400",1840,2864,1729,1146,485,315
"Os10g0501401",50,19,45,27,39,25
"Os10g0397800",283,382,297,395,417,472
"Os10g0536400",8367,15710,9500,8115,5422,4596
"Os10g0467200",1625,1711,1542,1681,2176,1999
"Os10g0514901",52,120,68,79,112,69
"Os10g0405500",21,22,19,9,12,18
"Os10g0208500",744,648,837,691,895,1642
"Os10g0547000",30,46,8,31,16,28
"Os10g0478900",522,812,541,660,784,790
"Os10g0395000",460,701,489,528,755,558
"Os10g0419200",19,25,22,31,34,15
"Os10g0502300",107,64,68,80,132,94
"Os10g0113100",171,207,205,233,143,180
"Os10g0329300",813,1012,759,891,1000,975
"Os10g0544950",154,130,97,56,56,49
"Os10g0339290",114,111,69,90,81,69
"Os10g0391200",320,338,266,334,357,386
"Os10g0423000",5254,5636,4788,5360,5896,5004
"Os10g0559900",108,140,123,153,120,136
"Os10g0482700",132,126,88,144,115,202
"Os10g0318900",89,97,130,97,75,117
"Os10g0441900",219,331,248,191,99,80
"Os10g0481450",559,611,554,545,786,764
"Os10g0500300",294,335,287,202,246,346
"Os10g0530750",98,136,147,261,527,531
"Os10g0116000",681,470,503,552,698,579
"Os10g0205200",1065,1537,1199,1293,1540,1514
"Os10g0337700",50,67,50,38,45,48
"Os10g0565000",2650,3207,2896,2870,3185,2688
"Os10g0476900",574,517,535,763,762,718
"Os10g0148000",5,11,11,13,11,4
"Os10g0577200",926,1429,1149,1126,1368,1281
"Os10g0495500",984,801,684,721,547,646
"Os10g0467900",21,16,16,7,14,6
"Os10g0198333",1483,1110,1467,1647,1897,2140
"Os10g0470900",1426,919,1288,1834,979,1374
"Os10g0461400",2,14,3,12,37,8
"Os10g0181700",95,73,58,72,65,72
"Os10g0176550",9,18,5,18,8,13
"Os10g0489800",399,457,364,328,378,367
"Os10g0495416",277,268,361,353,458,362
"Os10g0540300",2758,2770,2805,3445,3641,3376
"Os10g0204400",415,224,260,382,280,403
"Os10g0568900",1395,1157,844,696,613,872
"Os10g0100500",1038,1258,899,915,915,946
"Os10g0455900",3210,2951,2540,2244,2305,2277
"Os10g0565200",65,11,31,46,16,38
"Os10g0155300",245,387,315,260,282,354
"Os10g0540550",20,29,33,40,36,36
"Os10g0415300",258,172,124,138,121,151
"Os10g0341101",50,59,34,72,98,93
"Os10g0322300",201,220,224,475,487,493
"Os10g0136950",12,5,8,13,25,14
"Os10g0571300",174,200,154,132,88,86
"Os10g0492400",16,7,4,5,15,23
"Os10g0563700",355,391,317,254,251,292
"Os10g0446800",1652,1458,1663,1732,1452,1591
"Os10g0124150",316,253,276,283,216,226
"Os10g0409566",289,138,226,227,300,329
"Os10g0522400",1142,1193,1106,1739,1872,1742
"Os10g0420000",586,527,367,449,429,394
"Os10g0567000",1355,1501,1169,1276,827,896
"Os10g0580200",201,182,147,139,134,131
"Os10g0363600",5323,7673,6040,5301,7826,6786
"Os10g0437600",1973,1772,1871,2239,2890,2665
"Os10g0128400",165,238,98,142,80,127
"Os10g0131100",172,92,97,117,201,208
"Os10g0561300",1446,2163,1315,1669,1944,1408
"Os10g0392700",1669,1580,1292,1562,1388,1407
"Os10g0114500",67,13,4,115,3,12
"Os10g0117000",42,6,16,24,24,14
"Os10g0506100",70,37,55,77,107,94
"Os10g0479600",460,477,419,411,406,406
"Os10g0163040",1029,995,853,563,667,651
"Os10g0407000",1043,1140,1006,1029,1215,880
"Os10g0406400",405,334,331,412,369,338
"Os10g0126700",32,38,28,32,32,36
"Os10g0112700",60,96,79,52,32,25
"Os10g0421800",1426,1147,1340,1854,1788,1819
"Os10g0105400",8640,7969,7101,7897,8639,8290
"Os10g0533900",1491,1537,1342,1580,2159,1906
"Os10g0480200",148,147,95,129,100,145
"Os10g0487300",281,357,200,300,252,317
"Os10g0345100",2908,1940,1549,1514,1134,1489
"Os10g0580500",85,88,85,40,31,55
"Os10g0508900",8,0,12,13,88,74
"Os10g0540250",50,20,69,72,77,48
"Os10g0350800",204,121,182,235,268,230
"Os10g0475100",12,10,28,27,12,26
"Os10g0389200",1671,1186,963,959,962,1140
"Os10g0439924",62,99,26,17,2,3
"Os10g0172600",2850,3293,3331,4527,4713,4701
"Os10g0492200",542,921,581,684,631,657
"Os10g0456600",330,330,358,275,488,318
"Os10g0456000",12,13,6,20,16,15
"Os10g0524300",1046,1306,909,764,737,676
"Os10g0368400",156,184,136,101,101,103
"ENSRNA049476493",46,90,10,1,17,80
"ENSRNA049476430",103,102,52,63,107,48
"Os09g0508300",938,950,765,803,967,784
"Os09g0427100",25,32,34,47,49,44
"Os09g0465800",136,97,90,114,122,86
"Os09g0494200",145,165,149,122,92,101
"Os09g0347900",540,480,469,405,358,472
"Os09g0482100",20864,21412,19908,24871,25515,22934
"Os09g0569700",37,56,43,22,16,21
"Os09g0306800",43,51,34,41,29,46
"Os09g0474800",1330,1489,998,1253,1097,1188
"Os09g0423400",34,30,32,53,43,48
"Os09g0494800",24,22,24,13,14,7
"Os09g0499600",1189,1007,943,948,695,782
"Os09g0380200",796,754,630,747,791,833
"Os09g0453100",3118,3319,3965,4534,4029,3983
"Os09g0494300",2058,2231,1634,1749,1541,1482
"Os09g0503700",216,168,137,178,165,117
"Os09g0526800",769,776,774,746,928,990
"Os09g0279400",305,278,232,412,454,489
"Os09g0423700",579,472,488,450,558,562
"Os09g0327550",596,509,415,540,476,434
"Os09g0444900",71,34,18,42,6,33
"Os09g0492700",1546,2002,2217,847,624,507
"Os09g0268000",133,130,98,124,92,52
"Os09g0528100",271,301,208,200,286,224
"Os09g0314300",1109,1015,918,1089,992,937
"Os09g0511500",1122,1299,1000,1079,1163,1189
"Os09g0548066",33,23,30,33,13,11
"Os09g0501600",14,15,20,26,32,19
"Os09g0569300",209,240,175,320,427,410
"Os09g0529300",42,20,20,38,15,14
"Os09g0321900",262,295,213,190,189,146
"Os09g0535900",306,417,501,337,579,705
"Os09g0533100",3651,3906,2962,3087,3393,3079
"Os09g0392100",1917,2038,1787,1981,1958,1860
"Os09g0490200",2553,1964,1828,1656,1769,2243
"Os09g0510200",350,363,254,282,224,270
"Os09g0467300",536,463,315,273,87,105
"Os09g0340400",10047,8528,10369,11052,11722,11373
"Os09g0491820",1568,1295,1441,3138,4331,4849
"Os09g0412900",92,118,94,108,121,131
"Os09g0565400",1436,1731,1127,1291,1128,1057
"Os09g0351700",50,0,102,6,32,53
"Os09g0343400",39,16,47,45,54,27
"Os09g0135700",2938,3645,2771,2348,2921,2474
"Os09g0561500",164,298,284,114,75,34
"Os09g0544900",2692,2919,2124,2147,1789,1633
"Os09g0304400",37,169,42,40,7,12
"Os09g0284400",305,325,180,279,210,230
"Os09g0453500",2655,3200,2364,2712,2780,3055
"Os09g0420900",374,209,276,405,583,466
"Os09g0549425",30,11,33,20,15,18
"Os09g0281800",6,4,14,9,10,23
"Os09g0287500",853,730,887,1117,1462,1618
"Os09g0566600",32,3,0,16,20,23
"Os09g0441400",5505,9201,7232,5263,4381,3190
"Os09g0380450",204,108,122,106,108,103
"Os09g0416800",1729,2189,2175,2424,2751,2115
"Os09g0563300",1060,846,696,965,710,817
"Os09g0407300",178,108,167,111,172,163
"Os09g0570500",1559,1835,1463,1590,1620,1524
"Os09g0493500",595,531,439,466,367,466
"Os09g0500600",679,783,564,620,770,582
"Os09g0515500",942,914,815,1074,991,1074
"Os09g0242600",170,253,144,191,341,341
"Os09g0423200",89,70,118,132,177,135
"Os09g0473600",228,161,153,181,189,146
"Os09g0425900",12006,15706,12250,12589,12463,11010
"Os09g0506900",1126,974,949,1038,1268,1162
"Os09g0549600",7,14,13,28,12,4
"Os09g0380000",4586,4129,3752,3297,2979,3001
"Os09g0126600",32,44,33,56,52,66
"Os09g0415800",402,497,308,317,365,296
"Os09g0439200",214,123,240,151,135,82
"Os09g0462100",14,17,8,22,17,12
"Os09g0515200",3159,3603,2210,2747,2512,2543
"Os09g0390400",1398,1619,1535,1959,2263,2002
"Os09g0526200",730,822,686,1184,1421,1402
"Os09g0251800",2233,2936,2334,2105,1831,1545
"Os09g0554000",104,96,85,65,42,76
"Os09g0529325",111,94,119,137,177,197
"Os09g0133250",23,20,29,25,6,18
"Os09g0442300",15397,14309,10251,12209,12513,13923
"Os09g0266100",176,91,144,93,120,128
"Os09g0297400",811,800,731,686,611,690
"Os09g0313600",21,44,36,37,28,20
"Os09g0408000",1742,2246,1813,1808,1975,2080
"Os09g0538700",6,15,8,16,11,14
"Os09g0309900",1666,1936,1826,2637,3146,3199
"Os09g0529350",252,221,281,269,325,270
"Os09g0414600",572,632,736,1052,1220,1116
"Os09g0453700",1193,943,1050,1396,1941,1803
"Os09g0416600",656,971,917,739,1046,950
"Os09g0452300",795,857,1022,1054,2101,1774
"Os09g0566100",2482,2527,2116,2278,1949,2156
"Os09g0429300",39,31,37,37,62,31
"Os09g0482680",1343,923,953,1301,1260,1052
"Os09g0570300",1376,1784,1035,1181,964,968
"Os09g0108600",125,149,138,173,124,131
"Os09g0508000",95,86,123,214,329,267
"Os09g0369400",412,410,528,787,1391,1360
"Os09g0342000",71,170,76,75,80,85
"Os09g0319701",5441,8346,8283,7433,12535,10876
"Os09g0505700",3102,3329,2338,2484,1932,2008
"Os09g0453400",4041,4901,3520,3316,2874,2674
"Os09g0548300",688,709,549,611,693,591
"Os09g0413300",182,159,131,160,166,152
"Os09g0278900",181,168,130,128,105,107
"Os09g0513900",77,123,102,117,144,115
"Os09g0346400",6918,6991,5978,6300,6695,6832
"Os09g0407200",489,620,499,366,583,412
"Os09g0453800",4835,5215,4011,5130,5480,5283
"Os09g0558100",287,295,183,256,181,223
"Os09g0327800",421,391,266,388,350,460
"Os09g0421600",26,24,26,22,11,6
"Os09g0347800",150,157,130,195,174,179
"Os09g0432300",146,246,155,273,172,107
"Os09g0281300",325,351,299,395,337,342
"Os09g0563901",86,60,68,117,143,128
"Os09g0397400",201,217,156,158,115,132
"Os09g0375900",175,106,114,132,103,86
"Os09g0478300",101,42,38,59,75,254
"Os09g0356200",4,10,11,12,20,10
"Os09g0439600",681,814,564,665,899,759
"Os09g0109500",984,1005,750,919,864,793
"Os09g0361100",26,51,19,28,19,30
"Os09g0394500",1899,1519,1739,1804,2027,2291
"Os09g0298100",136,138,74,103,25,40
"Os09g0132600",1671,1860,1515,1909,2029,2112
"Os09g0541600",141,177,134,147,162,151
"Os09g0250400",4,10,10,6,8,14
"Os09g0338400",3987,4341,3502,4391,5156,4712
"Os09g0567900",182,215,156,195,190,138
"Os09g0456200",1161,936,839,966,1023,1105
"Os09g0315700",13,9,3,12,10,0
"Os09g0401900",46,28,32,26,16,16
"Os09g0466100",13,9,30,21,22,45
"Os09g0121050",3351,2841,2270,2596,2464,2460
"Os09g0130500",76,58,62,58,81,49
"Os09g0322100",21,19,12,5,4,4
"Os09g0479900",49,92,55,38,90,21
"Os09g0555300",100,88,117,157,189,186
"Os09g0464400",1163,1351,1052,1101,1246,1274
"Os09g0535300",1294,1354,1148,983,1105,1116
"Os09g0437900",401,333,315,387,369,383
"Os09g0241200",12,38,18,33,20,40
"Os09g0127800",933,1035,800,659,712,758
"Os09g0422000",3942,6453,5473,4912,8782,8259
"Os09g0464000",16,19,4,17,8,2
"Os09g0458500",6,2,3,28,22,11
"Os09g0459800",524,537,487,412,289,288
"Os09g0438700",5773,5444,4228,4289,4603,4367
"Os09g0531900",507,327,301,322,225,248
"Os09g0401100",25,7,20,18,14,4
"Os09g0557500",42,14,13,53,20,70
"Os09g0376400",4,0,4,10,12,54
"Os09g0294000",1451,1033,798,1416,625,1055
"Os09g0528800",1859,1809,1598,1705,1582,1389
"Os09g0401200",1424,1171,1086,1160,1062,1030
"Os09g0550000",1495,1479,1288,1242,1087,1145
"Os09g0134900",865,882,769,1030,945,1031
"Os09g0485800",20,16,32,22,27,49
"Os09g0128750",149,78,336,336,366,423
"Os09g0517700",1450,1617,1116,1111,1170,1026
"Os09g0268100",297,440,226,249,238,354
"Os09g0394900",909,834,644,907,707,822
"Os09g0456800",92,127,71,66,21,10
"Os09g0460700",530,1071,367,732,565,753
"Os09g0544800",69,69,86,135,116,146
"Os09g0446000",179,205,116,235,213,230
"Os09g0361700",887,878,547,829,735,848
"Os09g0246700",61,49,59,44,70,66
"Os09g0237900",594,625,647,867,1073,1108
"Os09g0547300",2448,2293,2088,2258,2469,2619
"Os09g0294300",21,25,16,16,14,18
"Os09g0481700",7378,6593,7751,7355,11704,8638
"Os09g0421133",15,15,23,16,29,21
"Os09g0482740",3317,3303,2693,2186,2102,1901
"Os09g0502950",112,126,113,61,118,128
"Os09g0134400",2606,2336,2556,3505,4108,3853
"Os09g0299400",189,208,147,248,261,254
"Os09g0500100",24,15,5,26,23,20
"Os09g0327600",232,208,106,169,158,119
"Os09g0258600",7216,8977,7395,8767,8301,7817
"Os09g0515100",4822,4617,4031,4115,4378,4179
"Os09g0547500",2150,3230,2758,1547,1507,1262
"Os09g0448900",751,650,746,714,870,862
"Os09g0551000",525,625,529,281,54,19
"Os09g0466900",1303,1365,1264,1484,1806,1772
"Os09g0555200",458,371,320,417,394,377
"Os09g0422600",1691,1610,1401,1258,1389,1270
"Os09g0402100",1237,1765,1357,1683,1859,1819
"Os09g0489200",1021,847,968,970,1141,1195
"Os09g0279100",1951,2068,1556,1607,1423,1371
"Os09g0518800",114,103,87,101,97,94
"Os09g0570400",8027,6707,8317,11034,12525,12774
"Os09g0424200",20,40,45,10,14,22
"Os09g0514500",26,44,36,46,30,22
"Os09g0484200",484,265,220,140,82,66
"Os09g0438000",367,555,298,360,216,223
"Os09g0563200",3094,2626,2211,3010,2939,2899
"Os09g0449800",85,47,68,98,116,59
"Os09g0541700",1136,1409,1045,1073,1206,1013
"Os09g0474051",211,203,190,250,288,283
"Os09g0370200",317,364,270,330,222,299
"Os09g0560300",858,1054,878,908,1005,844
"Os09g0460500",156,110,231,674,933,1506
"Os09g0434500",33226,42481,34912,33731,31573,14137
"Os09g0444700",446,442,412,430,669,537
"Os09g0551300",2504,2147,1744,1998,1729,1779
"Os09g0516900",1547,1629,1134,1312,895,846
"Os09g0487500",503,768,575,603,540,483
"Os09g0417400",105,124,120,129,227,249
"Os09g0471800",609,711,447,581,514,703
"Os09g0515800",2689,2136,1814,2143,2254,2212
"Os09g0460100",100,67,122,96,182,132
"Os09g0506000",97,119,107,64,59,48
"Os09g0439500",1454,1555,2017,3367,5204,5301
"Os09g0546400",115,143,105,72,106,70
"Os09g0478400",520,564,442,420,497,417
"Os09g0495200",76,155,90,95,99,83
"Os09g0514900",1481,1346,1141,1316,1167,1167
"Os09g0516300",2747,2405,2633,2826,3220,3124
"Os09g0517200",718,1003,706,531,118,215
"Os09g0555150",60,84,48,31,24,8
"Os09g0250150",244,227,242,233,205,204
"Os09g0320201",106,185,87,92,136,121
"Os09g0392700",249,279,303,246,401,384
"Os09g0471500",1655,2173,1441,2298,2381,3798
"Os09g0563800",2119,1592,2010,2480,3155,3085
"Os09g0520000",712,654,737,1005,1087,1155
"Os09g0313550",132,225,143,144,62,63
"Os09g0509350",29,9,13,19,11,10
"Os09g0476000",1044,1193,1002,1560,1175,1042
"Os09g0527900",469,467,313,438,553,564
"Os09g0544000",94,159,119,132,58,18
"Os09g0565200",226,238,208,324,328,368
"Os09g0512800",522,540,428,526,600,550
"Os09g0386200",1692,2001,1653,1978,2162,2570
"Os09g0379900",2173,2708,2076,1987,1145,971
"Os09g0534800",2498,2558,2041,2435,2441,2279
"Os09g0525600",1778,1672,1616,1791,1938,2034
"Os09g0130700",185,293,121,214,278,257
"Os09g0343600",76,44,108,45,82,38
"Os09g0116400",2534,2029,2012,2063,1875,1787
"Os09g0567400",1635,1456,1125,1434,1192,1238
"Os09g0252000",739,622,602,659,663,761
"Os09g0482860",54,50,54,126,151,108
"Os09g0129600",135,243,174,122,10,33
"Os09g0104200",192,146,153,182,215,209
"Os09g0400500",98,153,132,119,156,118
"Os09g0407900",2187,2087,1966,1984,2092,2255
"Os09g0491788",272,149,166,270,223,192
"Os09g0514200",47,28,47,33,44,29
"Os09g0306650",423,547,551,581,808,791
"Os09g0306500",20,14,18,24,3,22
"Os09g0447300",194,318,151,165,59,20
"Os09g0521900",465,336,425,375,558,542
"Os09g0570850",53,82,45,43,37,17
"Os09g0522200",149,73,274,149,824,418
"Os09g0419100",3609,2224,2540,3814,3702,4414
"Os09g0508951",134,157,144,177,123,138
"Os09g0544300",3791,3193,3523,3838,4236,4081
"Os09g0525700",34,20,37,44,80,63
"Os09g0328600",22,18,37,6,50,30
"Os09g0471200",213,249,195,178,87,24
"Os09g0107900",112,41,75,131,164,190
"Os09g0449500",15,16,16,25,20,0
"Os09g0558000",1657,1491,1284,1698,1665,1717
"Os09g0334500",3981,4853,4056,4086,3348,3006
"Os09g0431900",32,28,52,34,85,40
"Os09g0541100",37,50,67,47,22,24
"Os09g0504800",405,383,369,433,486,401
"Os09g0382400",539,456,403,721,597,645
"Os09g0510000",416,875,696,678,828,720
"Os09g0124566",349,373,418,473,504,476
"Os09g0474100",127,99,116,138,87,84
"Os09g0517900",36,64,75,41,52,61
"Os09g0344700",89,88,47,57,90,102
"Os09g0467400",1298,1227,1173,1187,1309,1191
"Os09g0491772",125,98,60,83,38,79
"Os09g0327200",146,85,113,89,115,117
"Os09g0346500",56,199,85,90,54,127
"Os09g0515300",503,556,454,547,668,560
"Os09g0281750",98,122,94,102,104,95
"Os09g0361200",22,21,37,16,6,12
"Os09g0558300",916,915,850,955,876,926
"Os09g0130901",156,135,202,296,312,345
"Os09g0306700",3625,4277,3485,3627,4241,3738
"Os09g0397100",166,147,140,190,154,210
"Os09g0116600",712,639,905,698,1203,1031
"Os09g0541900",1375,1366,1197,1234,1222,1130
"Os09g0525900",1375,1337,1443,1406,1948,1722
"Os09g0446800",5588,4914,5779,7898,10029,10091
"Os09g0365300",686,953,624,807,784,1089
"Os09g0434200",3669,3641,3043,3740,3635,3766
"Os09g0491852",9274,8802,7563,8883,8325,8578
"Os09g0103700",1992,2297,2029,2286,2422,2429
"Os09g0468700",19,22,13,24,26,15
"Os09g0553800",369,300,306,290,272,368
"Os09g0345600",25,34,28,11,10,4
"Os09g0522000",124,154,206,170,214,178
"Os09g0402300",164,161,201,461,283,164
"Os09g0339000",952,1444,934,1122,1570,1683
"Os09g0357400",296,456,239,219,149,116
"Os09g0556000",777,993,687,642,631,661
"Os09g0293900",188,146,147,163,106,153
"Os09g0553600",3603,3806,3103,3407,2714,2420
"Os09g0474300",4735,3591,3066,3521,3855,3729
"Os09g0529400",405,509,550,505,726,768
"Os09g0411700",4198,4958,3903,4592,5354,5266
"Os09g0463300",47,50,89,156,173,217
"Os09g0520300",10,13,18,34,30,20
"Os09g0532700",680,475,616,821,951,980
"Os09g0130300",558,541,490,520,521,428
"Os09g0449650",48,22,37,16,79,65
"Os09g0517000",440,285,675,768,1265,1231
"Os09g0454600",1376,1614,913,835,480,369
"Os09g0248900",12,12,14,11,1,2
"Os09g0346900",387,467,393,392,423,428
"Os09g0298400",526,463,446,455,463,429
"Os09g0439100",97,105,114,96,131,115
"Os09g0376700",4,6,10,18,4,17
"Os09g0520200",1868,1721,1339,1555,1289,1336
"Os09g0279050",16,23,12,12,14,24
"Os09g0553700",28,32,35,64,53,64
"Os09g0509500",1184,1094,608,518,401,369
"Os09g0507400",1201,1194,1052,1484,1654,1676
"Os09g0328066",300,246,207,254,336,256
"Os09g0565700",148,193,118,121,81,85
"Os09g0337500",18,8,9,32,18,7
"Os09g0447500",29,34,22,26,17,9
"Os09g0505200",137,118,97,139,115,163
"Os09g0364000",663,602,552,629,663,621
"Os09g0530750",20,28,12,19,20,5
"Os09g0539100",4989,5525,4450,4287,3052,3173
"Os09g0533900",116,108,134,155,117,118
"Os09g0568400",51,40,45,52,30,41
"Os09g0560600",544,491,356,539,468,475
"Os09g0325300",773,670,810,775,857,1010
"Os09g0457100",41,26,50,90,102,83
"Os09g0277800",30,17,19,26,32,30
"Os09g0560700",302,357,314,577,670,607
"Os09g0529700",1072,1371,1067,952,1486,1268
"Os09g0505800",347,410,317,435,503,491
"Os09g0410300",4793,3450,3721,3658,3686,3668
"Os09g0381100",2049,2083,1754,2152,2385,2174
"Os09g0571100",53,86,44,24,22,0
"Os09g0539901",101,137,152,157,170,213
"Os09g0123300",3531,3844,2579,2464,1970,1953
"Os09g0478600",40,25,52,38,62,59
"Os09g0557900",148,157,136,114,146,112
"Os09g0471400",1331,1506,933,1559,1312,1537
"Os09g0394600",253,252,159,209,166,115
"Os09g0428000",464,602,451,437,393,329
"Os09g0272500",736,717,679,700,627,683
"Os09g0261300",1198,1085,760,905,841,909
"Os09g0433600",10,16,28,20,28,10
"Os09g0498800",32,25,32,22,20,8
"Os09g0536400",116,90,113,139,273,272
"Os09g0541300",14,8,6,12,12,24
"Os09g0451500",1400,1695,1092,887,607,679
"Os09g0502500",976,988,479,299,303,250
"Os09g0462550",26,16,29,18,14,25
"Os09g0434900",170,240,92,100,131,112
"Os09g0491676",947,1127,885,1095,1173,1115
"Os09g0363800",1045,1034,891,968,959,916
"Os09g0362500",1909,1386,1306,1802,1802,1761
"Os09g0120800",954,928,926,1276,1436,1276
"Os09g0400400",232,187,140,77,89,6
"Os09g0555400",185,129,161,152,195,143
"Os09g0268700",14,56,20,26,8,10
"Os09g0131000",370,349,376,426,562,571
"Os09g0530500",941,757,703,859,794,864
"Os09g0465600",4437,5684,4498,4646,3179,2771
"Os09g0426800",75,62,136,140,183,234
"Os09g0279000",2748,2643,2457,2208,2586,2496
"Os09g0469400",954,1092,1014,1444,1525,1324
"Os09g0491652",31,41,45,20,45,65
"Os09g0363600",1278,1595,1292,1263,1537,1330
"Os09g0283600",48,50,21,6,24,11
"Os09g0361500",1120,797,798,1396,1679,1573
"Os09g0475800",40,31,80,145,111,175
"Os09g0315200",619,579,713,1014,1239,1189
"Os09g0412200",1408,1576,1187,1091,1035,980
"Os09g0439400",2048,2182,1714,1614,1357,1239
"Os09g0326900",76,76,59,47,53,62
"Os09g0498700",697,895,712,678,672,548
"Os09g0560400",610,720,497,561,530,473
"Os09g0557700",968,1140,944,764,631,563
"Os09g0410700",82,62,71,119,181,266
"Os09g0326800",2879,2751,2227,2737,2350,2252
"Os09g0240350",30,20,26,35,41,27
"Os09g0325220",32,33,26,30,14,19
"Os09g0363100",417,362,317,411,434,418
"Os09g0545250",22,21,25,20,17,25
"Os09g0530600",960,1021,894,1085,981,1114
"Os09g0461700",28,39,38,48,56,60
"Os09g0538200",817,887,801,933,894,933
"Os09g0473883",11,3,8,7,12,20
"Os09g0265800",13,16,12,8,13,36
"Os09g0451800",640,712,601,535,658,619
"Os09g0369000",13233,17507,14464,16348,15726,14019
"Os09g0511700",10364,10239,7750,8815,6388,5343
"Os09g0534600",86,63,60,74,96,107
"Os09g0386500",2013,2139,2141,2454,3116,2983
"Os09g0419500",36,44,48,48,22,26
"Os09g0423600",1843,1652,1660,2093,2199,2379
"Os09g0482800",72,13,23,52,2,10
"Os09g0464066",676,578,507,347,426,257
"Os09g0559500",11,46,33,19,34,38
"Os09g0287300",275,230,274,348,364,365
"Os09g0309200",200,272,168,141,110,129
"Os09g0541000",445,390,896,1765,1721,1243
"Os09g0558450",17,17,14,7,15,6
"Os09g0296800",707,690,573,741,722,785
"Os09g0424701",37,42,32,40,51,55
"Os09g0249900",635,497,615,552,815,1076
"Os09g0507800",6961,7740,6120,6571,5601,5715
"Os09g0513000",273,308,231,243,260,213
"Os09g0553100",6953,7602,7585,5646,9061,8068
"Os09g0537600",343,458,263,311,150,188
"Os09g0360900",899,656,733,737,789,852
"Os09g0428600",94,80,74,80,45,54
"Os09g0551400",342,437,218,153,27,6
"Os09g0109800",5646,5335,4304,5481,4746,4996
"Os09g0463232",22,23,23,58,41,67
"Os09g0462200",233,364,334,326,361,396
"Os09g0352400",1958,1699,1565,1714,1661,1725
"Os09g0567700",2176,2025,1781,1986,1688,1916
"Os09g0333500",43,48,50,68,32,43
"Os09g0468900",1879,2199,1956,1759,1895,1749
"Os09g0516700",79,67,67,103,125,125
"Os09g0420700",339,321,171,400,209,338
"Os09g0513200",19,24,22,60,72,54
"Os09g0534000",433,419,410,468,492,505
"Os09g0493000",70,28,14,50,0,37
"Os09g0251400",323,351,275,329,312,372
"Os09g0529900",81,52,61,76,76,66
"Os09g0100800",16,33,8,41,23,49
"Os09g0561600",79,37,66,32,11,4
"Os09g0565450",229,157,158,181,151,210
"Os09g0243000",3,8,5,12,16,12
"Os09g0514400",3184,3826,3555,4046,4582,3757
"Os09g0373000",1756,2359,1683,1935,1749,1504
"Os09g0246500",8,15,4,7,20,33
"Os09g0553200",3084,2325,1942,3091,3339,3590
"Os09g0397200",61,83,39,95,96,65
"Os09g0341600",188,270,398,149,34,12
"Os09g0486500",341,457,429,414,865,389
"Os09g0328332",75,44,44,25,44,43
"Os09g0569450",139,192,137,170,168,107
"Os09g0386400",560,414,396,430,392,344
"Os09g0322500",157,197,126,259,399,276
"Os09g0478500",1178,1370,1254,1191,1299,984
"Os09g0299200",4684,4526,4430,4639,5385,4995
"Os09g0513600",1159,1191,916,1191,893,906
"Os09g0314333",1296,1482,1120,1324,1190,1121
"Os09g0513100",3220,2750,2561,2201,2377,2090
"Os09g0417500",132,147,136,163,177,147
"Os09g0442900",132,168,154,162,171,143
"Os09g0281900",2591,2382,2320,2615,2964,2764
"Os09g0542200",4467,5819,4882,5003,5815,5084
"Os09g0444200",2327,2350,2211,3133,3293,3401
"Os09g0266950",10,4,4,18,16,31
"Os09g0475400",2567,2695,2443,2194,1719,1710
"Os09g0543100",1564,1440,1201,1302,1298,1370
"Os09g0249600",1982,1764,1468,1682,1564,1505
"Os09g0507100",36,40,29,53,67,21
"Os09g0560150",125,96,105,217,204,197
"Os09g0125900",15,5,8,7,12,21
"Os09g0521500",1517,1556,1181,1248,1427,1404
"Os09g0569780",32,47,31,40,10,35
"Os09g0271000",9,11,15,13,20,15
"Os09g0135400",1427,1440,1161,1467,1346,1321
"Os09g0413000",582,841,602,759,625,820
"Os09g0375000",169,214,156,133,67,50
"Os09g0391800",30,20,24,43,55,66
"Os09g0133800",2311,1922,1712,1916,1698,1531
"Os09g0442100",38,46,37,18,8,4
"Os09g0536000",235,183,159,270,172,226
"Os09g0266000",1427,1969,1838,2096,3089,2374
"Os09g0268800",48,80,95,108,116,34
"Os09g0407800",150,103,146,126,180,150
"Os09g0296900",959,1010,936,889,839,788
"Os09g0304800",11579,25602,12187,12654,11772,8306
"Os09g0508500",64,38,68,48,51,41
"Os09g0347700",318,370,267,314,238,250
"Os09g0571500",889,769,712,895,821,862
"Os09g0516600",3432,3182,3289,3540,4072,4624
"Os09g0497600",6632,7751,6452,7011,8746,8344
"Os09g0252700",459,359,326,450,284,329
"Os09g0325000",13,12,12,9,11,12
"Os09g0558200",602,618,482,478,377,291
"Os09g0514550",20,37,16,8,15,11
"Os09g0363900",104,37,67,81,58,68
"Os09g0429200",84,35,68,69,60,102
"Os09g0128600",2598,2231,2400,2657,2572,2581
"Os09g0280500",348,359,240,265,168,111
"Os09g0452900",1496,1698,1126,777,548,578
"Os09g0370500",1629,2635,1440,1307,1052,829
"Os09g0477900",1444,1036,1143,1844,1634,1804
"Os09g0407950",2150,1793,1588,1495,1462,1612
"Os09g0317700",146,162,123,156,121,79
"Os09g0530900",90,97,77,101,109,136
"Os09g0440300",13713,11293,9262,9407,8145,9262
"Os09g0403300",16,20,32,189,430,743
"Os09g0511600",5985,4284,2557,3672,1585,2857
"Os09g0120900",6,14,14,28,4,13
"Os09g0426000",382,313,263,244,239,202
"Os09g0394100",803,792,785,765,771,688
"Os09g0471550",224,424,151,404,348,420
"Os09g0502900",308,258,180,298,293,352
"Os09g0261400",345,220,258,238,300,273
"Os09g0293601",49,88,43,54,51,83
"Os09g0298700",983,951,808,879,696,715
"Os09g0397300",2436,2426,2640,2151,3174,2561
"Os09g0551900",1296,1000,1017,1397,1539,1573
"Os09g0498600",1423,1552,1347,1233,1625,1399
"Os09g0420300",38,101,60,18,44,36
"Os09g0371700",713,858,541,579,736,761
"Os09g0511000",1812,1975,1660,1950,2183,2304
"Os09g0572900",105,156,73,97,87,117
"Os09g0515400",1282,1151,1231,1528,1598,1576
"Os09g0297000",1816,1936,1369,1251,887,876
"Os09g0365900",47,71,67,29,8,15
"Os09g0465200",155,113,133,247,251,240
"Os09g0512200",304,199,302,329,334,427
"Os09g0569800",424,489,297,263,181,203
"Os09g0347500",235,258,207,195,168,176
"Os09g0362800",4989,3519,4325,6174,7270,8131
"Os09g0464033",233,188,232,172,140,100
"Os09g0489800",14,66,57,64,58,34
"Os09g0381300",176,174,131,228,200,160
"Os09g0566400",162,134,95,154,120,116
"Os09g0332600",1416,834,873,1124,1287,1397
"Os09g0436500",7144,6250,6425,7117,5637,6806
"Os09g0427300",754,826,925,1180,1293,1564
"Os09g0282701",12,19,15,4,27,14
"Os09g0121000",371,411,316,365,373,383
"Os09g0449400",22,26,42,77,74,68
"Os09g0361333",18,16,14,23,12,25
"Os09g0480300",89,74,82,123,108,119
"Os09g0446200",607,683,537,750,646,636
"Os09g0252800",6247,5858,4673,4969,4654,4706
"Os09g0249750",13,18,18,13,5,11
"Os09g0487600",361,254,193,273,219,246
"Os09g0103600",1333,1582,1403,1614,1787,1735
"Os09g0514600",428,485,402,406,475,506
"Os09g0570900",639,846,671,436,463,354
"Os09g0559800",528,668,395,477,317,344
"Os09g0568900",1124,1327,962,912,1074,1011
"Os09g0539500",251,312,185,255,187,203
"Os09g0408550",26,11,16,19,24,24
"Os09g0485900",11305,13547,10791,12389,10598,11355
"Os09g0341500",55,134,177,71,34,26
"Os09g0449600",1809,1568,1775,1948,2378,2258
"Os09g0479100",28,26,38,28,68,27
"Os09g0498000",644,449,521,615,543,588
"Os09g0483600",9,18,8,18,16,12
"Os09g0442400",452,355,138,539,14,255
"Os09g0483400",127,111,79,65,5,63
"Os09g0382500",1538,1493,1023,801,710,680
"Os09g0392400",8017,8036,7842,8781,9051,9171
"Os09g0440700",686,988,744,714,855,861
"Os09g0573200",7203,8502,7120,7870,7514,7123
"Os09g0491822",333,387,236,180,305,231
"Os09g0533400",41637,50468,48052,37716,43344,39763
"Os09g0467100",1421,1343,1131,1106,1041,1075
"Os09g0499201",13,10,9,11,2,2
"Os09g0449700",130,83,90,63,70,164
"Os09g0502200",113,115,111,108,144,136
"Os09g0420100",65,84,111,81,109,105
"Os09g0396900",103,181,90,5,2,0
"Os09g0454200",870,914,903,946,1059,1083
"Os09g0353200",1983,2470,2285,1919,1516,529
"Os09g0347550",1334,1370,1130,1027,983,959
"Os09g0423902",39,44,27,22,15,22
"Os09g0560450",246,213,197,182,227,161
"Os09g0376350",128,124,80,125,113,124
"Os09g0565500",862,761,684,764,723,692
"Os09g0439700",475,509,403,500,500,528
"Os09g0482700",59,58,36,53,38,82
"Os09g0483500",24,17,20,8,4,6
"Os09g0364400",163,191,116,38,48,46
"Os09g0310800",1060,1092,1028,1135,1295,1383
"Os09g0531100",2043,1617,1915,2344,2366,2342
"Os09g0545300",5491,5602,3736,3477,5266,4076
"Os09g0267600",1840,1697,1181,1281,1184,1127
"Os09g0248300",3628,3983,3369,3484,4452,4053
"Os09g0544400",250,145,155,230,233,206
"Os09g0281700",964,1019,711,720,667,577
"Os09g0531800",56,30,46,32,74,71
"Os09g0431600",2466,2064,2422,3180,3565,3410
"Os09g0534200",2561,2633,2173,2472,2266,2335
"Os09g0247700",7876,8177,7175,7627,6740,7376
"Os09g0541500",330,419,273,295,220,231
"Os09g0120100",1426,1481,1238,1241,1147,1156
"Os09g0538600",1289,1418,1001,906,868,745
"Os09g0484900",48,47,51,45,65,113
"Os09g0530250",177,140,187,201,286,252
"Os09g0299000",3563,4575,3362,4711,5483,4703
"Os09g0394300",594,1002,694,902,746,674
"Os09g0272000",430,120,41,71,17,56
"Os09g0514700",466,582,388,439,405,446
"Os09g0487700",609,614,511,654,578,604
"Os09g0363200",9,2,15,21,15,11
"Os09g0555700",1451,2034,1708,2109,2548,1879
"Os09g0321500",1402,1788,1827,1983,2927,2868
"Os09g0128400",1277,1315,1169,539,764,683
"Os09g0548083",23,15,14,20,6,10
"Os09g0323100",39,42,37,39,49,56
"Os09g0428750",10,22,10,41,63,35
"Os09g0103500",441,404,388,363,437,378
"Os09g0510700",686,605,586,614,709,763
"Os09g0526600",49,111,69,51,51,46
"Os09g0319800",2349,1535,1129,206,208,10
"Os09g0540600",49,66,55,20,48,42
"Os09g0554300",11709,10386,9664,9083,10249,8182
"Os09g0467200",22187,37880,22478,23182,19637,18564
"Os09g0423500",6,10,8,15,19,21
"Os09g0562700",331,345,252,247,273,191
"Os09g0397800",26,16,24,19,26,22
"Os09g0402001",21,21,7,16,0,2
"Os09g0441900",4,3,14,11,15,12
"Os09g0513500",113,71,159,149,185,142
"Os09g0542000",1677,1724,1532,1627,1504,1730
"Os09g0104300",855,897,708,860,832,950
"Os09g0491596",51,29,11,12,12,36
"Os09g0344900",231,281,271,447,389,331
"Os09g0129301",67,92,93,101,99,131
"Os09g0540800",26,34,22,35,63,79
"Os09g0565600",318,247,236,271,229,252
"Os09g0520700",11331,10277,9481,10341,9693,9245
"Os09g0465500",239,296,250,249,249,269
"Os09g0403967",669,1212,1007,1191,2054,1803
"Os09g0399800",98,164,75,33,25,0
"Os09g0556500",3226,2599,2759,4020,4288,4358
"Os09g0325140",22,4,19,43,34,38
"Os09g0452800",37,41,33,50,48,99
"Os09g0482000",28,35,27,61,55,79
"Os09g0442800",461,444,355,335,338,327
"Os09g0134500",2687,2426,2230,2856,2715,2543
"Os09g0244900",547,685,594,723,710,755
"Os09g0400300",41,39,30,36,27,29
"Os09g0436300",968,894,723,860,816,845
"Os09g0250700",1784,946,749,962,640,922
"Os09g0315800",1055,1005,1005,795,1302,1045
"Os09g0406900",210,212,196,186,217,208
"Os09g0440200",1255,1125,870,955,894,984
"Os09g0412300",245,383,272,206,115,169
"Os09g0568266",700,763,540,718,464,509
"Os09g0535000",8466,6495,8350,7878,7376,7549
"Os09g0103200",1083,797,805,815,786,900
"Os09g0504400",3864,3993,3403,3658,3389,3422
"Os09g0532000",2190,2307,1978,903,258,266
"Os09g0376900",1393,1401,1125,1319,1199,1103
"Os09g0463700",351,448,385,433,527,569
"Os09g0524800",58,69,64,52,61,62
"Os09g0103150",175,123,149,227,202,193
"Os09g0270700",185,181,97,101,138,122
"Os09g0248200",4049,4153,3850,4264,4362,4433
"Os09g0246200",1936,1618,1410,1656,1359,1460
"Os09g0116900",61,32,76,169,247,217
"Os09g0421500",2662,2800,2667,2405,3590,3139
"Os09g0560850",6,17,3,13,15,12
"Os09g0268300",177,167,132,150,156,143
"Os09g0380400",1488,1519,1041,1292,1222,1153
"Os09g0363700",676,607,389,629,554,673
"Os09g0460000",1021,1163,949,878,751,748
"Os09g0133600",7915,6769,4930,3854,2712,2572
"Os09g0572100",9,6,12,28,12,29
"Os09g0309100",631,607,529,519,559,732
"Os09g0487100",486,546,563,541,679,821
"Os09g0338500",24,58,64,48,70,71
"Os09g0538400",284,505,352,297,351,314
"Os09g0526700",525,481,602,997,1479,1824
"Os09g0549500",64,63,70,44,95,117
"Os09g0322300",10,20,20,32,14,36
"Os09g0431200",1324,1119,822,880,852,1021
"Os09g0346600",448,507,406,340,313,202
"Os09g0530300",1124,1504,997,994,1100,874
"Os09g0481200",6523,5784,8313,9814,16182,16985
"Os09g0481100",23,8,13,15,5,6
"Os09g0106700",632,973,641,1015,683,893
"Os09g0439050",284,301,323,356,467,465
"Os09g0482400",80,192,154,162,132,557
"Os09g0550400",5,7,16,10,8,13
"Os09g0491692",551,580,481,495,554,508
"Os09g0555800",4,26,29,15,0,3
"Os09g0545400",180,238,170,166,208,195
"Os09g0473966",107,110,92,127,82,83
"Os09g0542800",194,183,234,243,192,233
"Os09g0315100",2044,2313,1150,1226,1014,1195
"Os09g0569200",525,524,446,633,590,693
"Os09g0481800",690,650,831,1035,1415,1453
"Os09g0261100",83,112,79,131,119,107
"Os09g0526000",39,30,24,29,24,19
"Os09g0557600",165,137,130,114,51,72
"Os09g0560000",22,8,8,13,16,11
"Os09g0448100",477,615,509,551,552,577
"Os09g0570000",1033,1357,842,952,771,812
"Os09g0394700",801,811,573,513,365,333
"Os09g0110400",1073,1378,1146,1362,1172,1217
"Os09g0469900",585,621,458,569,496,438
"Os09g0493800",997,1242,836,782,583,649
"Os09g0536200",182,281,242,177,222,126
"Os09g0403000",45,98,64,40,49,65
"Os09g0543900",10,14,79,0,0,0
"Os09g0376800",2698,2336,1776,1533,1847,1472
"Os09g0570100",149,225,120,131,71,123
"Os09g0334800",128,90,128,115,138,108
"Os09g0504900",522,478,417,464,408,431
"Os09g0477700",29,24,40,26,20,27
"Os09g0280600",394,423,331,328,275,367
"Os09g0322000",336,401,233,193,140,113
"Os09g0565300",170,151,146,147,93,91
"Os09g0522800",34,48,41,29,46,42
"Os09g0460250",26,24,26,16,4,22
"Os09g0443500",393,392,423,412,536,488
"Os09g0476100",1469,1596,1544,1532,1998,1930
"Os09g0314200",3107,4032,2643,2620,2579,2431
"Os09g0293500",34,34,32,26,14,30
"Os09g0482640",131,212,87,129,169,182
"Os09g0299300",1,2,0,14,20,15
"Os09g0542900",146,195,210,103,40,12
"Os09g0423300",1327,1231,1483,1758,2107,1893
"Os09g0488800",44,52,39,59,36,39
"Os09g0392000",124,177,112,110,94,127
"Os09g0114500",504,329,654,721,1204,1163
"Os09g0572700",3308,5561,3867,2855,1183,785
"Os09g0572200",108,141,104,124,105,144
"Os09g0518700",2057,1970,1660,1874,1401,1327
"Os09g0113000",493,635,465,464,535,582
"Os09g0475500",1785,2107,1123,1001,523,421
"Os09g0296700",254,259,236,283,206,244
"Os09g0557400",896,1255,810,1046,1080,1183
"Os09g0564450",21,18,17,19,27,14
"Os09g0533650",24,21,10,27,17,16
"Os09g0573000",297,243,252,265,333,285
"Os09g0383400",798,652,585,674,711,640
"Os09g0126250",14,2,7,21,23,16
"Os09g0470900",1834,1847,1393,1546,1303,1316
"Os09g0318600",204,190,161,241,194,135
"Os09g0299500",1184,1107,979,978,945,1061
"Os09g0505100",932,824,739,849,910,1085
"Os09g0133000",151,162,166,175,227,220
"Os09g0518600",67,76,45,75,56,53
"Os09g0376300",318,272,155,370,342,505
"Os09g0512900",2033,2424,1705,1860,2198,1672
"Os09g0553900",7523,7596,8486,13387,18753,18089
"Os09g0112100",3115,2811,3029,3488,3289,3066
"Os09g0135501",514,535,436,327,345,323
"Os09g0308900",1228,1488,1287,1252,1393,1117
"Os09g0397900",33,25,9,28,16,16
"Os09g0111100",12,4,32,18,19,20
"Os09g0400000",20,35,25,32,41,38
"Os09g0508900",7069,6265,6911,7728,9442,9651
"Os09g0433800",142,97,243,466,944,774
"Os09g0309700",1130,971,768,918,650,976
"Os09g0480600",404,647,373,254,225,254
"Os09g0274900",929,2115,1197,980,970,604
"Os09g0372800",965,1187,1062,1023,1255,1071
"Os09g0361300",159,171,130,138,160,153
"Os09g0411600",71,109,85,87,87,53
"Os09g0363500",3349,3813,2686,2277,2084,1599
"Os09g0478100",4631,4568,3140,2823,1850,994
"Os09g0484300",1975,2141,1514,1664,1360,1455
"Os09g0408600",2409,2943,2773,3119,3804,3802
"Os09g0567366",13159,12948,12810,14195,16419,15555
"Os09g0323000",1113,1349,703,554,447,350
"Os09g0530000",1542,1084,925,1521,1798,1824
"Os09g0516800",131,188,186,255,284,353
"Os09g0525300",1775,2092,1575,1563,2056,2338
"Os09g0241700",4879,4532,4437,4806,4533,4355
"Os09g0572000",107,159,154,79,101,52
"Os09g0431500",1583,1908,1596,1641,1826,1940
"Os09g0556400",2792,2421,1763,2070,1910,1751
"Os09g0545100",14,15,15,10,35,40
"Os09g0480700",195,186,193,191,253,283
"Os09g0475700",366,245,255,434,426,377
"Os09g0372900",745,865,832,834,1086,1037
"Os09g0322200",541,609,425,524,441,437
"Os09g0279500",4046,2873,3153,5363,6002,5306
"Os09g0554200",13,6,28,20,13,10
"Os09g0558900",311,227,180,209,126,133
"Os09g0271100",3391,4019,2482,2158,1508,1365
"Os09g0367700",60,4,4,197,0,235
"Os09g0421700",78,77,30,24,22,20
"Os09g0445500",14,4,11,18,19,26
"Os09g0568000",1628,1729,1506,1591,1599,1464
"Os09g0551201",44,33,14,8,2,6
"Os09g0514100",142,145,114,151,88,128
"Os09g0497900",68,149,96,76,103,56
"Os09g0240200",1054,1211,1047,1054,1999,1332
"Os09g0385300",2190,1934,1977,2175,2227,2068
"Os09g0364500",217,251,197,153,151,218
"Os09g0570600",810,812,720,875,1151,1086
"Os09g0297100",3526,3983,2677,2891,2733,2675
"Os09g0135800",91,44,58,99,76,42
"Os09g0453000",691,1041,733,790,1002,899
"Os09g0466400",63,30,76,183,233,243
"Os09g0327300",818,884,698,593,607,412
"Os09g0537200",114,136,104,64,94,37
"Os09g0458400",642,710,658,1076,1119,1078
"Os09g0491708",1755,1506,1055,1122,751,1051
"Os09g0436700",5355,4521,4078,4167,3777,3692
"Os09g0527600",32,9,23,28,39,50
"Os09g0420600",488,409,347,481,438,477
"Os09g0478000",73,37,38,63,51,82
"Os09g0272600",221,84,49,67,79,33
"Os09g0413700",2330,2777,1720,2094,1404,1439
"Os09g0380050",1139,1233,1011,886,900,776
"Os09g0393200",793,727,718,702,1083,1013
"Os09g0290900",1086,727,1157,1574,1579,1584
"Os09g0344800",3453,3951,2696,3160,1918,1970
"Os09g0557800",5351,5833,5191,4428,3934,3659
"Os09g0415700",7,17,14,19,18,22
"Os09g0470000",204,241,246,310,332,242
"Os09g0549450",118,100,161,211,311,399
"Os09g0314400",611,654,504,458,567,477
"Os09g0459450",44,36,68,49,90,104
"Os09g0429600",828,780,773,935,879,1045
"Os09g0455000",12,28,14,15,21,14
"Os09g0468300",349,518,373,253,151,122
"Os09g0501850",1343,1504,990,838,588,559
"Os09g0522100",12,11,17,15,12,11
"Os09g0532900",157,259,192,184,202,230
"Os09g0266600",24,48,20,29,35,25
"Os09g0436900",24,28,15,23,10,3
"Os09g0428300",119,155,84,159,90,77
"Os09g0313500",2309,2854,2238,2132,1923,1888
"Os09g0509100",36,38,27,52,32,15
"Os09g0253000",2948,2802,2320,2661,2643,2874
"Os09g0429350",62,63,75,102,141,112
"Os09g0346700",1610,1550,1360,1477,1621,1545
"Os09g0552800",18,12,4,13,0,0
"Os09g0571400",420,526,332,431,409,473
"Os09g0428900",1038,1228,1017,993,887,951
"Os09g0115500",7728,8651,6972,6519,5227,5520
"Os09g0570200",657,592,466,560,460,486
"Os09g0530700",1733,1939,1770,2089,2053,2239
"Os09g0359800",1047,961,827,1040,910,796
"Os09g0514300",179,164,132,155,122,158
"Os09g0521400",670,558,493,379,344,284
"Os09g0470500",1628,2039,1285,1526,975,827
"Os09g0533600",191,204,115,256,188,166
"Os09g0365000",606,629,386,516,385,399
"Os09g0327400",1424,1277,1069,1155,1452,1494
"Os09g0454100",1150,1052,1070,1216,969,1035
"Os09g0119100",1086,1224,1019,1298,1448,1374
"Os09g0332700",1905,1231,1252,1606,1942,1964
"Os09g0344500",271,56,38,28,108,16
"Os09g0493700",2753,2974,2475,1847,1932,1996
"Os09g0497700",161,170,204,222,160,193
"Os09g0471300",238,229,174,315,263,350
"Os09g0540500",476,655,491,534,573,586
"Os09g0101100",1114,1209,950,1184,1411,1310
"Os09g0454900",137,126,95,89,57,24
"Os09g0444500",18,32,14,20,12,18
"Os09g0573100",1028,1158,941,965,1111,949
"Os09g0337300",913,489,860,488,622,617
"Os09g0521800",34,37,20,26,30,16
"Os09g0385700",28,24,26,16,12,15
"Os09g0520550",97,87,48,113,131,178
"Os09g0498500",80,76,80,19,10,38
"Os09g0460300",39,33,48,78,96,226
"Os09g0432900",38,32,38,42,59,80
"Os09g0567300",4985,5099,3602,4408,3693,3872
"Os09g0562600",231,240,128,129,106,58
"Os09g0488000",85,72,46,46,94,98
"Os09g0127300",1479,1740,1556,730,546,91
"Os09g0560800",1445,1159,1368,2354,3107,2707
"Os09g0372700",596,574,492,476,532,424
"Os09g0503100",54,51,46,79,72,52
"Os09g0519200",626,1071,921,1528,2187,2172
"Os09g0525200",694,610,597,651,650,631
"Os09g0556700",4,0,8,18,31,32
"Os09g0436600",729,701,510,668,553,551
"Os09g0417600",1832,5622,4393,3093,1543,2210
"Os09g0315000",1489,1629,1461,1817,2367,2113
"Os09g0421100",77,76,57,73,130,70
"Os09g0447000",96,138,173,158,221,145
"Os09g0382300",327,240,163,403,393,349
"Os09g0413500",1783,2080,1441,1582,1268,1434
"Os09g0551600",5789,6307,6306,9244,7453,8759
"Os09g0539000",29,4,16,24,4,24
"Os09g0482900",22,16,16,34,54,22
"Os09g0345700",667,595,556,608,608,600
"Os09g0549400",89,97,103,120,143,126
"Os09g0431300",7,25,12,10,2,0
"Os09g0527500",14,2,6,18,67,70
"Os09g0246900",43,49,49,45,40,37
"Os09g0429400",16,13,5,13,12,7
"Os09g0450200",1027,1160,1029,1274,1265,1450
"Os09g0255000",348,462,376,515,506,463
"Os09g0372400",875,985,726,730,852,847
"Os09g0471100",1264,2175,1684,2556,4522,4101
"Os09g0108450",21,9,22,21,7,4
"Os09g0343200",9225,5935,9249,7988,15179,14816
"Os09g0418000",424,324,386,589,1082,1041
"Os09g0322800",81,85,59,68,52,51
"Os09g0123500",30,58,37,54,44,51
"Os09g0549700",45,42,53,78,63,37
"Os09g0433000",24,10,16,8,2,8
"Os09g0387150",734,666,684,847,689,589
"Os09g0416500",500,532,677,699,818,934
"Os09g0547900",25,7,15,6,29,28
"Os09g0455500",183,219,268,347,476,459
"Os09g0363400",12,2,15,9,15,15
"Os09g0566550",1311,1134,980,1265,1257,1263
"Os09g0111800",2193,2449,1918,2599,2423,2513
"Os09g0481400",111,122,116,156,175,151
"Os09g0513700",696,855,685,813,833,939
"Os09g0430701",33,19,43,59,65,26
"Os09g0413100",914,844,914,869,1071,976
"Os09g0249700",7283,7293,5725,6199,5978,5588
"Os09g0284200",1939,1840,1540,1771,1792,1698
"Os09g0322400",122,147,99,165,204,136
"Os09g0371000",1600,2080,1387,1206,1470,1214
"Os09g0284300",354,351,267,310,399,459
"Os09g0325700",316,167,143,153,94,102
"Os09g0436200",71,87,32,86,55,60
"Os09g0306632",25,14,13,22,10,2
"Os09g0483300",39,28,6,6,6,13
"Os09g0397700",578,1067,724,671,972,690
"Os09g0539200",147,113,111,103,89,52
"Os09g0520600",736,945,588,693,420,389
"Os09g0135100",112,123,111,138,142,129
"Os09g0123100",1672,1675,1397,1695,1452,1379
"Os09g0451700",639,657,526,588,703,757
"Os09g0548400",223,175,166,204,202,160
"Os09g0350900",53,59,53,149,97,87
"Os09g0325100",55,79,62,115,85,93
"Os09g0336600",462,547,399,536,389,492
"Os09g0371300",50,106,47,44,28,13
"Os09g0510900",361,370,336,497,657,701
"Os09g0572400",730,834,491,475,421,299
"Os09g0112400",89,88,139,102,86,78
"Os09g0473300",884,855,823,854,975,919
"Os09g0258500",1384,1452,1224,1148,1423,1315
"Os09g0306566",32,17,20,20,13,21
"Os09g0491740",7476,6872,4746,4238,4254,3493
"Os09g0133700",785,762,722,640,759,625
"Os09g0428500",391,450,473,316,456,512
"Os09g0327100",34,19,35,38,29,37
"Os09g0237600",1096,1112,882,996,701,752
"Os09g0382200",370,258,220,352,337,298
"Os09g0493600",1538,1343,1194,1720,1881,1758
"Os09g0553300",1221,1201,1114,956,1068,907
"Os09g0446700",12,27,45,29,11,8
"Os09g0471900",146,188,126,148,186,156
"Os09g0365100",1200,1709,1598,1622,1857,1826
"Os09g0412700",76,106,75,119,174,206
"Os09g0245500",851,769,567,732,698,604
"Os09g0115600",1027,1085,988,978,942,1148
"Os09g0347300",107,116,116,82,118,161
"Os09g0485600",5,6,9,30,16,10
"Os09g0396300",1102,1336,983,908,1011,1042
"Os09g0442600",3720,3428,3637,2175,2574,1652
"Os09g0438400",2123,1796,1587,1513,1616,1391
"Os09g0328800",385,518,472,412,511,362
"Os09g0307800",894,773,715,654,702,754
"Os09g0513800",1040,1020,853,884,917,930
"Os09g0542100",4616,4314,4156,3458,3170,3731
"Os09g0526500",28,42,38,20,6,10
"Os09g0407050",118,100,104,115,96,89
"Os09g0280300",550,483,441,431,528,555
"Os09g0462301",59,58,58,38,58,43
"Os09g0325800",62,93,63,97,59,70
"Os09g0473350",92,132,108,119,159,181
"Os09g0529100",2202,2689,1998,2437,1947,2134
"Os09g0344650",89,104,112,98,136,139
"Os09g0555450",142,218,173,243,279,275
"Os09g0103800",39,17,34,27,34,54
"Os09g0286600",77,106,88,84,73,29
"Os09g0506800",242,202,237,271,302,336
"Os09g0484800",125,78,84,54,34,46
"Os09g0461900",359,429,384,395,388,351
"Os09g0571200",3062,6594,3919,3052,3101,1825
"Os09g0568800",2411,2786,2150,2427,2281,2374
"Os09g0503000",82,98,84,47,46,40
"Os09g0525400",961,1113,966,1260,1399,1413
"Os09g0296400",85,73,50,57,53,59
"Os09g0517600",14,22,4,40,10,21
"Os09g0567201",3,4,27,13,18,12
"Os09g0326850",1206,1434,1164,1145,1349,1186
"Os09g0268600",158,84,86,129,300,203
"Os09g0410400",1740,1187,1598,1830,2522,2354
"Os09g0367900",3072,2989,4313,6067,8910,6607
"Os09g0555500",223,201,354,355,396,414
"Os09g0517100",1158,1264,953,717,425,572
"Os09g0270900",867,1119,973,1027,1224,1419
"Os09g0309500",649,731,616,570,728,769
"Os09g0436800",1776,1551,1663,1965,2021,2040
"Os09g0278700",161,110,270,305,502,540
"Os09g0491756",1894,1330,1593,2021,2528,2933
"Os09g0131400",3886,3257,3664,4269,3061,3599
"Os09g0499000",1296,1137,1197,804,1105,863
"Os09g0495000",22,15,33,13,3,6
"Os09g0251500",28,11,23,18,14,15
"Os09g0450300",1592,1065,1219,572,532,575
"Os09g0518000",156,20,4,46,8,20
"Os09g0488700",232,302,237,262,246,238
"Os09g0532400",679,599,480,366,137,440
"Os09g0505300",1364,1338,1434,1727,2022,2009
"Os09g0560500",701,700,668,782,747,667
"Os09g0569400",1449,1292,1012,1180,1266,1020
"Os09g0519150",723,431,428,529,326,506
"Os09g0429000",37,29,20,54,63,44
"Os09g0532500",126,155,141,139,116,129
"Os09g0453900",464,539,490,679,819,742
"Os09g0293400",97,117,73,114,77,49
"Os09g0556200",1391,1370,1311,1234,1278,1235
"Os09g0480100",38,38,22,18,44,22
"Os09g0332100",46,57,51,81,127,104
"Os09g0248000",1877,1512,1948,2445,2890,2654
"Os09g0504700",2062,2699,1857,2007,1827,1623
"Os09g0413600",11689,13373,9081,9957,9676,8858
"Os09g0249400",55,41,35,98,65,69
"Os09g0279600",1207,1056,1115,1149,1231,1176
"Os09g0568100",216,177,130,317,283,371
"Os09g0375400",250,448,408,390,412,391
"Os09g0267500",351,281,334,262,322,384
"Os09g0527100",1285,1076,1301,1466,1738,1665
"Os09g0106200",386,423,388,475,392,382
"Os09g0564000",32,23,50,71,30,55
"Os09g0129500",1266,2761,1159,1026,553,672
"Os09g0133200",2550,3307,2164,2233,1799,1436
"Os09g0536700",1332,1107,1788,1277,1593,1310
"Os09g0520100",723,611,579,667,642,747
"Os09g0532800",261,183,203,261,206,225
"Os09g0497000",619,773,593,696,504,493
"Os09g0569151",16,19,7,25,19,33
"Os09g0521700",310,296,306,304,328,275
"Os09g0392666",3114,4676,4609,4698,6663,6268
"Os09g0436000",1001,687,814,1198,1364,1444
"Os09g0361032",99,140,155,124,170,176
"Os09g0468800",224,268,210,192,193,185
"Os09g0500200",430,559,468,454,475,497
"Os09g0272300",16,12,14,8,16,6
"Os09g0371200",45,81,44,41,52,55
"Os09g0533300",2322,3253,2301,2295,2485,2331
"Os09g0428266",109,107,92,134,115,152
"Os09g0567000",2083,2136,1981,2282,2221,2359
"Os09g0458900",869,1394,916,1434,2108,1960
"Os09g0408900",70,91,80,73,65,64
"Os09g0267300",102,85,58,78,102,83
"Os09g0420800",8091,8122,5554,8272,9161,10279
"Os09g0448200",6827,15858,10339,7519,3998,4729
"Os09g0457833",17,22,23,14,23,21
"Os09g0491644",677,831,606,623,841,881
"Os09g0505000",97,194,86,73,72,48
"Os09g0360400",1097,1187,1521,1743,2474,2529
"Os09g0124200",88,84,43,68,122,98
"Os09g0505600",2526,3275,2227,2714,2608,2413
"Os09g0426100",8,8,6,54,28,22
"Os09g0551800",49,42,40,51,58,26
"Os09g0436400",361,366,287,371,368,373
"Os09g0568200",56,52,34,43,36,49
"Os09g0473650",259,390,410,523,492,504
"Os09g0431100",542,1446,706,604,557,376
"Os09g0560200",70,61,71,90,186,152
"Os09g0528200",671,811,628,929,1463,1418
"Os09g0115900",1035,1060,1555,797,2718,2118
"Os09g0513400",435,402,536,652,614,527
"Os09g0559600",472,484,349,634,671,627
"Os09g0407600",400,282,268,400,417,454
"Os09g0456700",24,22,24,49,32,30
"Os09g0481300",2007,2258,2103,2029,2158,1840
"Os09g0494600",95,296,150,66,168,81
"Os09g0456900",51,38,31,46,41,42
"Os09g0545320",95,150,129,97,190,176
"Os09g0260900",15,10,6,12,7,4
"Os09g0255400",1832,2873,2225,1159,321,288
"Os09g0502800",67,91,75,87,103,127
"Os09g0259200",89,100,119,134,193,153
"Os09g0419600",46,92,71,31,14,7
"Os09g0281600",2672,2585,2425,2899,2804,2945
"Os09g0498100",236,249,154,287,239,239
"Os09g0540000",43,92,46,148,179,189
"Os09g0468150",67,91,53,46,82,41
"Os09g0411500",12,9,1,11,11,6
"Os09g0286400",3575,3812,2948,3065,2623,2629
"Os09g0539800",120,146,166,142,80,79
"Os09g0423800",168,234,141,186,167,181
"Os09g0455300",54,34,46,141,93,126
"Os09g0362900",841,796,728,597,763,610
"Os09g0546200",18,22,20,18,22,30
"Os09g0315050",504,654,305,258,244,314
"Os09g0344400",22,26,32,2,2,0
"Os09g0451000",53,40,61,133,86,70
"Os09g0416700",410,345,365,412,486,377
"Os09g0325366",18,27,14,38,28,8
"Os09g0509200",4152,5000,3274,3502,2670,2613
"Os09g0518500",10733,10698,8147,9187,8289,7794
"Os09g0109150",16,14,13,12,17,12
"Os09g0240500",3398,3634,2960,3391,3794,3808
"Os09g0129800",283,583,357,147,38,31
"Os09g0356000",97,108,66,125,208,164
"Os09g0115400",196,155,129,151,89,151
"Os09g0368850",37,24,11,39,19,44
"Os09g0502350",163,184,146,147,139,177
"Os09g0482600",239,252,212,350,367,451
"Os09g0437500",66571,80850,57349,49616,46189,36315
"Os09g0110300",244,165,64,288,29,205
"Os09g0524500",114,224,135,162,261,183
"Os09g0266400",1591,1580,1275,1447,1252,1347
"Os09g0540900",716,1021,630,545,575,593
"Os09g0509000",5738,6714,5479,6915,6253,6569
"Os09g0538800",114,116,77,147,216,174
"Os09g0375100",1348,1550,1284,1824,1598,1597
"Os09g0560100",416,289,335,600,541,563
"Os09g0401000",34,80,45,25,20,0
"Os09g0479500",50,30,62,40,64,77
"Os09g0455400",779,640,448,603,614,675
"Os09g0497400",2720,3454,2638,2847,2718,2688
"Os09g0434000",1531,1631,1263,1363,1476,1344
"Os09g0450700",1146,1209,1173,1525,1628,1616
"Os09g0555600",204,159,144,131,162,273
"Os09g0471150",11,14,7,11,12,23
"Os09g0345300",2485,1944,1990,1894,1601,1232
"Os09g0415400",517,890,610,728,958,1034
"Os09g0502000",144,105,101,133,78,87
"Os09g0563250",61,74,53,57,39,36
"Os09g0552300",313,276,208,220,254,312
"Os09g0528300",1644,2076,1581,1644,1642,1737
"Os09g0123200",1351,1316,1155,1164,1251,1141
"Os09g0469950",323,377,277,491,440,356
"Os09g0364900",731,906,711,814,785,637
"Os09g0110200",280,322,220,258,253,250
"Os09g0526300",143,146,109,191,221,242
"Os09g0537700",34,6,118,6,6,22
"Os09g0509700",36,10,22,32,65,62
"Os09g0324400",36,28,22,20,8,28
"Os09g0560900",3999,4230,3984,4202,4407,4217
"Os09g0472100",227,161,152,96,133,108
"Os09g0378300",2151,1860,1760,1775,1459,1563
"Os09g0469300",40,34,63,134,117,114
"Os09g0272900",112,146,118,106,141,160
"Os09g0359900",305,295,217,198,253,234
"Os09g0298200",76,67,40,57,83,66
"Os09g0479000",207,174,297,344,455,613
"Os09g0305300",77,103,45,151,78,140
"Os09g0129400",1233,1685,1321,1500,1580,1776
"Os09g0391501",564,638,674,773,942,839
"Os09g0252100",1092,1072,685,744,677,692
"Os09g0506450",892,768,978,910,1027,1144
"Os09g0284600",1910,1860,1665,1807,1769,1720
"Os09g0516200",1238,1243,973,1115,1309,1497
"Os09g0398200",144,131,118,148,143,183
"Os09g0386600",516,512,532,479,569,477
"Os09g0407700",635,543,444,613,589,654
"Os09g0412400",173,191,360,313,875,253
"Os09g0103400",43,36,16,28,23,12
"Os09g0535100",1029,1298,933,1278,1347,1302
"Os09g0464100",30,38,40,40,67,57
"Os09g0353400",126,168,116,70,18,15
"Os09g0563700",144,87,46,54,16,24
"Os09g0419200",94,384,212,310,229,259
"Os09g0413200",1364,1243,1438,1674,1806,1844
"Os09g0108400",362,427,391,333,335,371
"Os09g0267800",167,166,96,137,139,106
"Os09g0462400",93,62,93,55,33,65
"Os09g0130800",4682,3290,4717,6283,7275,6652
"Os09g0482720",928,907,685,783,779,761
"Os09g0503400",3578,3045,2883,3022,2501,2786
"Os09g0563950",13,34,24,32,51,56
"Os09g0287000",135,206,145,123,214,178
"Os09g0415050",47,8,15,38,5,20
"Os09g0242800",124,178,123,118,188,160
"Os09g0512700",709,686,561,586,619,619
"Os09g0401300",6040,7721,6184,6705,4929,3927
"Os09g0322600",189,201,167,229,283,273
"Os09g0401550",377,560,395,454,410,492
"Os09g0101800",998,886,850,1069,990,1064
"Os09g0458800",16,70,43,71,145,111
"Os09g0243200",6,14,7,18,48,45
"Os09g0258000",5388,6964,4831,4530,2572,2925
"Os09g0361400",82,68,73,48,49,38
"Os09g0306400",1396,1288,1027,1649,2066,2173
"Os09g0556300",118,170,116,120,116,135
"Os09g0425700",533,871,788,733,1216,1122
"Os09g0512950",263,206,211,284,225,160
"Os09g0434100",3520,3337,3070,3429,3376,3169
"Os09g0443400",40,36,36,44,54,24
"Os09g0379600",1060,584,384,483,425,363
"Os09g0542500",229,199,129,157,174,167
"Os09g0417800",1660,6971,5138,2598,1542,2628
"Os09g0414701",9,15,28,26,72,87
"Os09g0416200",141,171,102,152,160,157
"Os09g0473800",13,9,13,6,1,13
"Os09g0497100",56,40,26,81,51,32
"Os09g0487900",1861,1982,2080,2122,3559,2447
"Os09g0345000",433,408,392,563,505,459
"gene-orf165",13,6,9,10,12,8
"gene-atp9",7,7,10,10,7,13
"gene-cob",20,17,7,29,9,15
"EPlORYSAT000373811",71,65,65,72,139,143
"EPlORYSAT000373839",42,51,49,49,100,167
"EPlORYSAT000373849",15,27,33,23,37,119
"EPlORYSAT000373852",19,12,17,17,34,85
"EPlORYSAT000373869",1,6,8,16,19,16
"gene-psbA",70,80,58,51,76,75
"gene-ndhD",13,9,10,5,10,12
"gene-psaC",1036,973,1212,1426,1643,1353
"gene-atpA",210,123,168,268,234,246
"gene-atpI",12,12,8,18,8,24
"gene-rpoA",64,20,40,52,18,62
"gene-ndhF",11,13,17,31,28,49
"gene-ndhA",26,20,50,28,51,48
"gene-psbB",151,87,143,188,188,179
"gene-psbK",30,11,29,26,58,63
"gene-rps3",36,17,41,56,19,37
"gene-rps16",71,116,63,89,67,77
